median_gap,r_squared,flip_rate,leaveout_r_squared,median_buy_hold
45.739404049688616,0.4972502884285196,52.525252525252526,0.47124712867100227,45.25844238442147
48.74042493348636,0.49686173480942386,55.55555555555556,0.5032718111979136,41.28942801976625
50.553018321047574,0.4887421477383219,45.45454545454545,0.4785860847583353,50.522560771042805
45.77420959821663,0.508047674469667,56.56565656565657,0.49377580922975906,37.19043719992952
42.7290325787091,0.48054556284819017,60.60606060606061,0.4462259212299724,35.9150590928156
44.75689524040024,0.36498996271331763,58.58585858585859,0.3319722980617792,38.89706970456077
47.01047265484121,0.36536348163211974,58.58585858585859,0.3479700251141916,39.660676901029326
42.320039037617576,0.43724368421155035,57.57575757575758,0.4494974623686383,35.43231558138744
45.73414625945459,0.49073447883554144,48.484848484848484,0.4991823586325601,50.04067480753791
48.692043638045966,0.5237916140034966,48.484848484848484,0.48269366053019813,45.00219397626919
44.9459375310387,0.7213455085451329,53.535353535353536,0.7167743842735762,42.06032803957041
43.73950184266497,0.48363305575650584,62.62626262626262,0.45874471410579365,36.62971467422995
44.81861958843001,0.39130080144637935,60.60606060606061,0.43389235897198575,32.33929352242111
44.982431944156865,0.48428309155437455,57.57575757575758,0.5078549162661761,39.066454063318965
44.896832157166266,0.3902571124993278,54.54545454545455,0.369339361671698,41.440403287775986
43.25050631819876,0.5547807992289489,64.64646464646465,0.5446778552323635,38.27144106984448
45.53174588135296,0.5341773465984395,52.525252525252526,0.5673779247628605,41.18775777946375
40.62661067612652,0.5422563000957588,61.61616161616162,0.536333073431719,33.92100055091245
45.27932327822183,0.37083537846626835,53.535353535353536,0.388443246014601,44.40197532549399
43.88662846560179,0.48254399866643993,56.56565656565657,0.48037983837682297,36.78352404156426
46.10744187264299,0.31722205354879407,57.57575757575758,0.32421261011118285,38.4671991910978
45.88266208237738,0.2340815345984124,53.535353535353536,0.22699022406035263,48.5771330829112
42.30450297428761,0.5508183539463674,57.57575757575758,0.573807484012138,40.52937035000874
46.420324333177895,0.4506314591728374,54.54545454545455,0.4491026222949607,43.269347545385315
43.83874975304809,0.5365542460987277,58.58585858585859,0.5238357360023078,39.285105748498864
44.7264386512427,0.5735313973858989,48.484848484848484,0.5594670867773053,44.412800364531925
43.709828257033244,0.5404588509964487,49.494949494949495,0.5660097652879247,44.87436465274395
45.06951642272527,0.6259831722692416,54.54545454545455,0.6566896383352888,45.85525800097565
44.80712930690592,0.43678817136479764,59.5959595959596,0.4725688237320028,40.27746839055495
49.45449021473114,0.4079337855129115,45.45454545454545,0.4326070307539286,52.19713775037054
48.24618246337995,0.3302644561551842,46.464646464646464,0.32393050689126124,53.338729172602875
44.31582672803833,0.46305757338228104,60.60606060606061,0.46523298359511,33.00453348767345
45.65488858862612,0.2417506107264502,54.54545454545455,0.22624809878949426,39.40073697539004
47.05809552336141,0.5480648573752864,49.494949494949495,0.5719128438489495,51.57906663187046
44.83952241906935,0.5211695417969325,52.525252525252526,0.5098799430758454,44.27428191255751
40.31899502308235,0.3402054620795294,62.62626262626262,0.3232960405201446,33.46659345525849
42.86267561175596,0.6077656902028945,58.58585858585859,0.6125193854915039,35.147510341139125
47.85485340233002,0.5228195435126526,54.54545454545455,0.4985875130950461,41.43849681020333
48.91628697028828,0.4214592045276191,52.525252525252526,0.40873758711891195,41.34437713877092
43.1532585004817,0.5144449496152457,61.61616161616162,0.4860510612068947,39.18118845165171
44.840792460583486,0.2753973369037023,56.56565656565657,0.2796165235119892,41.538912991967216
44.571738004245375,0.42339473930912597,55.55555555555556,0.3463236326484217,48.42372102693542
41.5826890850985,0.40377667222998725,63.63636363636363,0.3800484688536544,32.43099765181236
46.334882224453786,0.37336702569988345,63.63636363636363,0.36768726022275267,36.84302007386291
40.887942356683084,0.5075014253587259,59.5959595959596,0.5148543547395312,34.38686113711298
42.9653222704104,0.41913549961601304,54.54545454545455,0.4454886594766009,40.056835854847385
46.5330645901546,0.403836328964301,48.484848484848484,0.41540776935349477,52.262221271387
46.25770301058413,0.36333168847162944,55.55555555555556,0.35066999191448955,41.09521215067642
42.06685845699484,0.49019994462532357,60.60606060606061,0.48273262719236454,34.65127440448767
44.19099777238986,0.5806742487946897,55.55555555555556,0.607032016926363,38.33261370235035
45.43087369860197,0.40707110177486494,57.57575757575758,0.44328393712235836,37.7530522236019
44.40124674803744,0.4527624298323365,50.505050505050505,0.46226378575795934,46.638683876877664
44.5159087365725,0.382783389832943,58.58585858585859,0.3572243052538384,39.64259155345751
41.852497249813815,0.3231743749958865,59.5959595959596,0.3056563754909224,36.299533596130715
41.5146360807549,0.5172377617059993,56.56565656565657,0.5416304552682284,41.279355829969575
44.68513521177657,0.6059267003784723,55.55555555555556,0.5934692429332823,41.6443751070745
43.62504305548215,0.6046817654514063,61.61616161616162,0.6067173680120901,39.42731765644076
42.66644005111358,0.5696183686823775,60.60606060606061,0.5639548593262679,37.570316491956014
43.273389343680215,0.5110265798719942,57.57575757575758,0.472640629942809,36.92854545623161
43.657391928900005,0.43725355084666984,60.60606060606061,0.45483677468785233,37.680307713668796
44.16959872795664,0.3629628642894005,66.66666666666667,0.36695426886370264,37.966655659846914
46.11585733394885,0.573359737962468,51.515151515151516,0.5633907003250016,43.481532236702414
41.32912360856212,0.5640973755030813,59.5959595959596,0.5371044409216172,31.388846157530704
43.92222474113012,0.5020523203539906,58.58585858585859,0.5035192930575682,41.60868635399078
44.511701417592555,0.6323601796943138,54.54545454545455,0.6507302797377781,41.04728654847196
48.66849584048427,0.35660405574303833,54.54545454545455,0.35226128217463804,40.02031651571867
46.57374212342545,0.27173558421838584,57.57575757575758,0.2745291515178392,37.451240172004965
47.568270035014216,0.4141689747288104,52.525252525252526,0.43499046261623475,44.09392374901968
43.71690506505483,0.46314804652847996,64.64646464646465,0.4409119166923233,38.96734119933596
47.14010289277522,0.4469313646599369,55.55555555555556,0.4789874576096167,47.30808823525094
46.90813829347535,0.6293366336478403,53.535353535353536,0.6272008281350907,48.128557945511055
42.2818916165339,0.49134066650148134,59.5959595959596,0.4700571284900289,34.98027451712269
43.580010826144914,0.5531969471568843,58.58585858585859,0.5682232058694399,35.4886363538415
41.68652057913972,0.41618093435645465,61.61616161616162,0.4372773280563881,33.03290875370395
42.772360712509496,0.4391877062383317,53.535353535353536,0.4129355046307013,42.286171575831766
45.95076947127785,0.5417617075121932,51.515151515151516,0.5093811538980653,44.94702549656393
44.70871464922964,0.4477502086703342,56.56565656565657,0.4344722180946513,42.56727402038851
46.11349999408921,0.3308992623370679,50.505050505050505,0.2989092802428449,49.75749268234697
43.469767590155186,0.6243113929564259,50.505050505050505,0.6285836708617103,46.42889129100185
48.32345253974649,0.49422553524007373,56.56565656565657,0.48956597000065194,39.963665892037724
46.508957842858,0.4744117433033137,53.535353535353536,0.4953675660106329,41.03836427402343
47.38299254788534,0.4393915363476735,59.5959595959596,0.44539417677383186,36.99535237240599
46.29004968635058,0.6480950640289687,52.525252525252526,0.6512216888309904,39.68509669641256
44.2916699439951,0.4388082529733137,56.56565656565657,0.463981619887159,33.12911205931908
46.15928978394119,0.5523922471447278,48.484848484848484,0.573887905743526,50.56970916588639
46.72475529455471,0.4847143728444412,53.535353535353536,0.4703478881392468,47.62403856852877
45.19791538309077,0.49067943803284575,50.505050505050505,0.5291980050319951,45.5072465629627
47.197289125359546,0.5147337562015353,53.535353535353536,0.513082211218457,39.610459350957484
40.30323880367778,0.38525008556022056,59.5959595959596,0.3291983553110388,43.89197242873087
44.476591493215025,0.45268052654363466,57.57575757575758,0.42490464901042757,40.711632937813015
44.590637113951715,0.49458537574005346,59.5959595959596,0.48884425953420885,35.566089798084064
45.09096128465826,0.6174537547454237,50.505050505050505,0.628474295929945,43.26239640313943
43.72973801532986,0.4280720365405398,52.525252525252526,0.401815793701902,41.06221031103661
44.490548856438664,0.6059267524407108,51.515151515151516,0.5998545159837467,48.51942758273531
41.446926440557796,0.4470762134010545,59.5959595959596,0.40879801328530196,39.659458489135304
45.06056250307389,0.5168512188517783,52.525252525252526,0.5178213404186501,45.095043547409944
46.049703731897864,0.5076906054121335,57.57575757575758,0.5329702695488499,40.27693411742472
42.422906356178316,0.6580567607188528,61.61616161616162,0.6938351304936402,34.03164377291801
42.89799378623728,0.5480019466634467,51.515151515151516,0.5680269098576785,49.01410020156638
45.95067238391901,0.5656958781214938,47.474747474747474,0.585774344669828,50.76375060413427
48.32233327195454,0.42451977558502796,52.525252525252526,0.4619146071348761,46.29962211415381
45.72285735786489,0.5922949019597804,55.55555555555556,0.5942831867591016,46.85183627917488
47.760497287201666,0.5609319403804744,51.515151515151516,0.6077255016850047,41.35686638817102
44.92061147556641,0.6153264081048289,51.515151515151516,0.5885469525977176,42.150070341113555
44.77780147597399,0.5304891570989732,55.55555555555556,0.5094068962856162,43.431803226876674
39.93602479691019,0.4842669157568624,53.535353535353536,0.46909123443319756,33.89675902252547
43.90133818427097,0.5323424069197238,62.62626262626262,0.5122171712627579,35.59272352188376
45.878699707330725,0.34200384540622,60.60606060606061,0.34719822369708453,37.497402303988345
42.80689348075404,0.5906868252705499,57.57575757575758,0.6019093579861552,40.2534015024206
49.88284287821415,0.5443548978805801,52.525252525252526,0.5186930382696953,47.41089953447801
43.10303594254001,0.5848522130634111,56.56565656565657,0.5810731152544895,45.85598519661283
43.86221147472285,0.5248519174080171,60.60606060606061,0.4830682441865711,42.91590633531677
45.19450501800771,0.3410060599779592,57.57575757575758,0.33741624681597815,43.69281251960948
47.25518913581828,0.5188413187440499,49.494949494949495,0.5088696839301083,44.09597452431395
49.449837927396814,0.4689547090708205,54.54545454545455,0.45271716771162274,42.53638599677978
44.648774505434915,0.4940994264447637,59.5959595959596,0.46897755677190966,44.28452915822045
44.425317181601855,0.4954925100643738,53.535353535353536,0.49421248743962265,43.66031060026907
43.809041107575766,0.5165439475797023,56.56565656565657,0.5336387952566597,42.21710410937851
48.52630706893384,0.4592335812389794,54.54545454545455,0.4591966239482972,42.928317572019225
44.72309208022507,0.5688338645714883,54.54545454545455,0.5800154634710484,40.91620038685968
44.25869337350693,0.40618877212113147,55.55555555555556,0.4263034080321554,40.60894823900134
42.59198034324767,0.4394522139664172,63.63636363636363,0.4331809117255081,36.10163987022279
46.50356241577093,0.5748034896005401,54.54545454545455,0.559032247788484,37.46881925897028
44.46625204020482,0.32698725962745845,58.58585858585859,0.3793051777979173,42.061923535517764
45.91415637765886,0.3567447856748952,56.56565656565657,0.3563367840310998,41.25769913597615
46.146859409969224,0.4840156337609035,58.58585858585859,0.48189078860183154,39.81832888103482
43.98882552869675,0.4906388103066759,59.5959595959596,0.48258923709951806,39.68284253204215
44.904935172542395,0.4550042718794084,60.60606060606061,0.4723957177713416,36.35092610684762
48.26854829668653,0.5139383704306733,44.44444444444444,0.49676651437127517,50.82489732879534
43.89627664367772,0.5727642988375454,52.525252525252526,0.5709516530675609,34.430425659630885
43.901913912517365,0.5606316193019023,52.525252525252526,0.5518242292078892,37.5491996417143
45.07558183649748,0.3523045749427959,60.60606060606061,0.36545900634520334,43.808675918472304
48.723804710886,0.46854165864773467,53.535353535353536,0.4384450269821375,39.16640619917151
47.3418745136319,0.5195509417737783,56.56565656565657,0.49721316102528024,44.84732490181615
47.07152937983331,0.48351714634729837,53.535353535353536,0.4834095317824664,47.55742936837206
46.47009295607582,0.441297187016258,57.57575757575758,0.4406251725015815,44.94649435596618
43.64924873863713,0.4931232760711438,52.525252525252526,0.490855546135338,37.50670689429363
44.03720096734837,0.43534969382242483,59.5959595959596,0.4183370154557373,34.24789200911089
42.753377779132805,0.4074059942165984,55.55555555555556,0.4185520214634564,41.2174718531084
46.834591432891884,0.4740244486048738,58.58585858585859,0.44555789934450307,42.52179554561035
44.179012359124194,0.5774362554163768,58.58585858585859,0.5790487422335022,48.66045244858923
45.5170026115625,0.35683774806770363,57.57575757575758,0.35521298988504135,42.13595828768768
42.88675257771711,0.45447027632588044,61.61616161616162,0.4558490830118377,35.92597852197812
45.043775499628836,0.5799226395024664,55.55555555555556,0.5503793789814794,44.239218586405556
45.58274999225343,0.3751038882988619,51.515151515151516,0.4265160092510949,45.28793003702036
44.977366431353346,0.5657767144199837,53.535353535353536,0.5588853252323434,40.601950657055674
45.75367669252355,0.5907522422701936,55.55555555555556,0.6136416650513483,41.374999586796605
45.34217443515796,0.5800867406894735,51.515151515151516,0.5694352283593888,42.500063075662254
45.60984299650599,0.49790819870993597,58.58585858585859,0.47473918006164273,39.714045722453584
46.19524393880072,0.4646515159562187,45.45454545454545,0.45908542628708293,47.785307863554905
44.65340158072861,0.33732858806052,54.54545454545455,0.3383437571347858,42.294850779023754
45.11109181840267,0.5917360710149597,62.62626262626262,0.5914831993678771,38.71350328224026
42.62495194336,0.43394913491237974,54.54545454545455,0.44776536109363685,38.226905146274895
42.02502109652117,0.3728563648569736,62.62626262626262,0.36087060355495926,29.32295461183503
45.298163167344974,0.3157012519323126,59.5959595959596,0.3564800886296142,39.60515972215577
44.63062893896163,0.4268159148000453,62.62626262626262,0.4186577046556179,36.66643033362882
43.9933282448307,0.5809095900009345,53.535353535353536,0.6050881923463154,44.22366239264617
47.23980256785726,0.5030691786835249,56.56565656565657,0.5399916826085198,44.72412063868727
46.325066822217465,0.4485241331814347,52.525252525252526,0.4610582845930796,50.533427698232856
44.30208609338992,0.5077519116118138,54.54545454545455,0.49995113190630847,38.859501293503484
44.27092957429801,0.4240418893077412,57.57575757575758,0.42574072511130545,35.592229396626294
44.01630612115881,0.4026664628615816,58.58585858585859,0.38890059437624325,37.36380976738916
45.703787495755144,0.40247514128821826,58.58585858585859,0.36795967998420875,36.22109115979546
45.71304223417037,0.3849765171638715,59.5959595959596,0.36083843082133304,34.8729210527031
48.63562184682095,0.5090406534560061,49.494949494949495,0.47661313703777375,49.62186307711085
46.4434474861349,0.5107138248062839,57.57575757575758,0.4958524420342221,38.34584490339748
48.05663727070547,0.41797473706190824,49.494949494949495,0.3930137007287674,46.28146108870619
47.3309466392003,0.4394345673511275,57.57575757575758,0.453754743036487,42.921202622151824
46.52542162887057,0.5184515371741145,54.54545454545455,0.4823246031350189,44.30814240350547
44.90597574282644,0.3237503861103135,51.515151515151516,0.3306234548347131,40.37768470980754
45.073519488095016,0.5540351596681525,57.57575757575758,0.5323538758937141,37.35907758347257
45.13042470977424,0.6372812481397588,55.55555555555556,0.6480294150551145,38.15469321718303
45.44826165613893,0.3170280748591203,60.60606060606061,0.30357902578231544,37.842487474904615
44.04232205964813,0.406041842292616,59.5959595959596,0.37437500890001985,37.782256382583455
44.76457694732938,0.4063797894670632,51.515151515151516,0.3775338191666253,39.70815647876709
46.66668509337304,0.47527571159767434,54.54545454545455,0.43428665226897034,43.68230602708565
45.0563364781378,0.5106560598741627,56.56565656565657,0.50851246654204,42.71260164125712
41.648789800327044,0.44974422296692274,54.54545454545455,0.42783032490037054,37.613024646406146
44.63445816131581,0.45784509148932284,46.464646464646464,0.45065900957867233,46.210262219416485
44.22934596248771,0.48592213948551066,53.535353535353536,0.4899878045754791,39.46854743123404
44.48518293850502,0.4728981249964138,55.55555555555556,0.5148778213916794,42.00668579654825
45.0571487992546,0.5552419953127035,60.60606060606061,0.5471831159402483,41.08269480939957
42.15821306644878,0.5272935924702667,58.58585858585859,0.5295614137845814,32.888428037749584
42.43426016724228,0.5192092047851472,61.61616161616162,0.4931919460485791,29.05026772240351
45.70259670892962,0.30459145522929,59.5959595959596,0.3098950791656776,39.99772699505952
44.13436678147728,0.5266079866349263,56.56565656565657,0.5603725880865456,38.22325155940989
48.041195687922524,0.5472899184571263,53.535353535353536,0.5598049103485305,39.56003222918494
53.46572465377321,0.5684846258344911,47.474747474747474,0.5724967841740716,49.7233832869298
46.037991168780955,0.27690364186907457,54.54545454545455,0.2614040595979509,42.01477580668509
46.624865224015664,0.3585659755623417,59.5959595959596,0.3511209669931332,38.25666848886027
47.82641258336389,0.493593986224232,59.5959595959596,0.5043338965268657,44.21980411421804
45.047249847802796,0.45560802460839767,59.5959595959596,0.4553994400222402,35.114320367012766
44.80169594736142,0.4561427762928152,59.5959595959596,0.4665286077035318,35.88980630770007
45.74262929873498,0.475852925782453,53.535353535353536,0.48744766453706334,45.629183927457426
45.51048745452826,0.5587723251070477,53.535353535353536,0.5501195446958268,46.24361301495288
43.92097354704178,0.429293261170812,60.60606060606061,0.43168602387634947,36.25806679866923
43.18881530223374,0.529476500478308,47.474747474747474,0.5160629936034488,43.72241101422214
43.33435811927089,0.469280961255354,52.525252525252526,0.46352754774000227,40.896594371122234
47.47298566313002,0.5032821178327711,48.484848484848484,0.539581241448067,41.53753355735677
44.66434328303991,0.46901876898304595,45.45454545454545,0.4634471245582966,43.64052075939411
45.999223901517006,0.42738082818241174,57.57575757575758,0.44010048246796896,39.44031587673469
48.702790893971816,0.31385740021929776,47.474747474747474,0.318357580246154,47.210064809871376
42.521082548243264,0.4074487981775654,63.63636363636363,0.3803142670207028,32.57453363687033
45.47056498938703,0.5481230735638074,54.54545454545455,0.5519253436369741,43.309209347578495
47.84849375431504,0.28088633449789957,55.55555555555556,0.2931291820760059,44.871231492724604
43.36827816607545,0.44330596166435543,52.525252525252526,0.41445221420349265,45.107111238379005
45.30322445426391,0.3653308396173732,58.58585858585859,0.3902278604682099,42.164274291318215
41.846943867450626,0.5733234251392239,56.56565656565657,0.5549869420663996,34.90722048271333
42.47780329421615,0.4738441845022733,54.54545454545455,0.4589612102682322,38.36280550195428
47.95298596005073,0.3115506257167622,55.55555555555556,0.29240589148344576,45.67262431537824
45.95942225851453,0.3919420112205003,58.58585858585859,0.3930747816362675,39.41007467876585
44.70587675491542,0.5459009099827654,54.54545454545455,0.5124417683277467,41.51634102414165
46.85940456825496,0.4586999950562758,48.484848484848484,0.45851808086464185,53.47237043535535
45.26087831171404,0.4135409617550484,55.55555555555556,0.4065001362692534,38.42199283420109
44.393339690090336,0.5396629314626833,56.56565656565657,0.5414862572183445,43.10385676504964
48.670538317924304,0.6152292498992484,50.505050505050505,0.6183817774230469,45.42761157094335
47.31693281865639,0.4465408523414932,52.525252525252526,0.4201521105805067,46.79101402352464
44.63161461462458,0.3642705235105169,55.55555555555556,0.34526973772755865,40.7379176152848
43.85104718219151,0.5767644818138825,55.55555555555556,0.5646721119769029,37.184749854340325
43.72769787703754,0.4622729663385601,58.58585858585859,0.4177878010861795,38.119437789270116
47.116027364478555,0.5463035948707393,60.60606060606061,0.5365064013535977,43.38811010179844
47.192902499353465,0.4960969535152481,59.5959595959596,0.48736116381537975,40.98579785537317
44.85504499775511,0.24474488482943335,53.535353535353536,0.28513372637619705,43.317064233018534
44.190850244254264,0.5801041633656701,54.54545454545455,0.5819047530810443,40.16431962920179
46.059009964513564,0.5409296865136148,61.61616161616162,0.5716244425504515,41.24026799417035
44.06466763988537,0.5249728677005083,55.55555555555556,0.5555096617869082,39.398249440749346
44.93442705684375,0.5002164171709642,63.63636363636363,0.47265706806959584,33.12188773770999
46.340269517198664,0.4008616885896965,57.57575757575758,0.4232226965171181,38.33346612757311
44.1114355276008,0.5045923277501018,59.5959595959596,0.48372402636645273,39.77906591495126
42.37260111092358,0.5571012186730859,59.5959595959596,0.5805874278300821,35.87015805787572
47.34395116068835,0.6113494143573166,54.54545454545455,0.5952145205398046,46.202297701160134
45.09693900017155,0.4683553708064252,55.55555555555556,0.4763108944981357,37.95233105952127
43.470945319136135,0.5607385556695967,48.484848484848484,0.5691379314655256,45.2591547499283
45.20053037451874,0.4850224798085844,54.54545454545455,0.43128387554394665,42.89281378785965
44.75735446120099,0.5038446765741631,60.60606060606061,0.4785260366903198,37.5919536821562
45.034715078327125,0.3350764552263268,62.62626262626262,0.3208626418866982,39.24175911671979
46.19859931796898,0.3717557125004385,52.525252525252526,0.41069735223982684,41.07392313097489
47.488389090954605,0.5157347787903678,47.474747474747474,0.5057284688556406,46.37038711529586
46.00201192695936,0.4084782224303145,51.515151515151516,0.3880996970117614,40.617217523505374
47.68098403165138,0.6602359513210604,47.474747474747474,0.6790364448614514,46.97221356655006
43.68582422780707,0.38768070513314457,58.58585858585859,0.37642417097030956,39.910952519340185
43.999405297456576,0.41881600668397356,53.535353535353536,0.40133689113637117,45.02002000978773
47.96145906241419,0.540245103081667,50.505050505050505,0.523474628347455,43.72656687218832
47.69700742282117,0.4777036028761299,55.55555555555556,0.4780482433539861,37.516862663733754
45.03393456408439,0.58219587297596,59.5959595959596,0.5491081481594593,39.52727039318034
46.357963123912974,0.5106611410478032,51.515151515151516,0.48084091594331047,44.24800037506884
44.2332159624341,0.45839769118811846,60.60606060606061,0.47568565747337355,32.439033278373074
42.52729426194929,0.5281781142604207,57.57575757575758,0.5192542247642024,37.86217277879076
46.62451288269709,0.49604811715027797,51.515151515151516,0.4693872560376954,41.632500696085685
43.84148363592202,0.5599235505427194,55.55555555555556,0.5046433628529059,38.402835492149514
40.898584783149694,0.5400401483634251,63.63636363636363,0.5327252833052609,35.49077835908285
45.58956251618693,0.39356851828610484,59.5959595959596,0.3757228152497736,37.95800556990867
47.358694805409094,0.6129823433051272,48.484848484848484,0.5937623689417116,51.930639091361286
44.260623215891634,0.4732652512942439,53.535353535353536,0.4753484177773185,41.006106256281846
41.45411834200412,0.6260009996919198,62.62626262626262,0.654835412044678,36.07730925423456
46.32001404614856,0.4394570348836968,47.474747474747474,0.3926814548884442,46.50719031227331
45.255940751571956,0.4508212130192747,64.64646464646465,0.4339710828500837,34.73936956624664
43.5773086190347,0.40745034039315997,56.56565656565657,0.39745593958019176,42.09515087353031
47.72134968249326,0.37041590087458987,56.56565656565657,0.3720362075780489,41.862930567978516
46.3005269214841,0.2650950624666609,56.56565656565657,0.2503851322867878,42.2851199579515
44.29350540679775,0.5965925489985,60.60606060606061,0.5994307490818147,38.60400479558985
46.67749086454735,0.6662009228036311,52.525252525252526,0.6553564383387235,45.58921846610573
46.99167479453541,0.5158619110713847,53.535353535353536,0.4954876385091681,46.22381303625565
44.541027105896156,0.588644984751791,55.55555555555556,0.5445626504876431,37.98276226978496
45.302457051133786,0.44357025652394133,58.58585858585859,0.453782578035403,35.30044835530437
45.04403479276991,0.5571191221586194,53.535353535353536,0.5610976310782547,43.70948868484277
47.96416254067831,0.5805134435640995,54.54545454545455,0.5965327900353808,47.31001901816838
43.60739293698235,0.38653856065490266,57.57575757575758,0.37099160648403007,33.48548497589727
43.92048109236582,0.6487715117694779,56.56565656565657,0.6629596360549571,44.833627600840046
42.76931086109682,0.46175807129520186,69.6969696969697,0.4866292006031355,32.421572175371914
46.14899233078624,0.3254915695856072,51.515151515151516,0.31094602480389233,47.84308354478386
44.858541243046666,0.4743699934390275,55.55555555555556,0.49218753400653603,41.60342190356155
45.93251853922842,0.5265190508231252,57.57575757575758,0.5550593920600018,38.437690057239315
48.556926512587104,0.5040179994564311,53.535353535353536,0.5220298717398097,43.53148696215043
46.262427639324464,0.4873489856401413,48.484848484848484,0.4895009187238121,48.093145626237344
43.57117316571848,0.37966265758126383,66.66666666666667,0.39739666451527433,39.34275571501027
42.35564001315287,0.28037841655993134,60.60606060606061,0.27694460368475904,38.026605201734974
43.314148291857855,0.4530504938059636,60.60606060606061,0.47924607089380455,35.92483225892684
45.639792840438275,0.49437420474591165,52.525252525252526,0.46423444240519807,42.40129763879557
42.31984541739998,0.6110824700813666,69.6969696969697,0.5909419001405485,33.70723365460335
46.41894356012091,0.4094473274785523,52.525252525252526,0.39268311787263144,42.933279014464155
46.13085229349703,0.36823352160810185,52.525252525252526,0.3406012760677013,43.78474860665165
44.4285079699084,0.4573339199874037,61.61616161616162,0.4888775420785618,36.72881423863104
44.648444493718564,0.5511033909575765,55.55555555555556,0.5282759247583438,40.99364279012199
44.856995896076924,0.5160163820797914,58.58585858585859,0.5222184272165475,37.962198915620824
44.85045889966885,0.4870736459170335,54.54545454545455,0.5025000412874028,35.89274909427858
48.02253310203734,0.5143712532893117,51.515151515151516,0.5312463043092723,41.6593882429394
45.984696597070574,0.5315093261359409,55.55555555555556,0.5299032298983388,41.000696851594284
46.2047334799618,0.528296088821044,53.535353535353536,0.5216466286499988,40.346216692898906
43.46075966602045,0.5147508207802276,57.57575757575758,0.4560673003430057,36.00292850190008
42.59256305222161,0.504302006528361,48.484848484848484,0.4961009864358936,39.930041704955734
44.22384586843451,0.4067546396186199,54.54545454545455,0.40181030501411696,41.22215073638309
44.95692834943633,0.44018390277676145,60.60606060606061,0.431854105745093,41.184235336479304
47.051016990967256,0.5224696150419827,48.484848484848484,0.5207272565920911,46.26480260705321
44.24192513651772,0.5487997801164275,65.65656565656566,0.5478914630662672,28.367659481014762
43.3004853404442,0.3895762119604147,57.57575757575758,0.40893074962362075,41.31548568097041
44.01173004688403,0.43570192610566993,63.63636363636363,0.4025786517552963,37.31825013165662
43.327320706375836,0.4799942813761724,52.525252525252526,0.45700740885489033,43.49573168610228
44.67685362314058,0.3866185770649071,62.62626262626262,0.4015368369101828,38.58182126672682
43.81915747459414,0.48306055052236496,55.55555555555556,0.48523301790447926,39.09920689753355
43.93821085533867,0.4416987038563325,56.56565656565657,0.4159809870230968,39.6095584422268
44.43192250641339,0.5075321513829509,51.515151515151516,0.48006479523526024,46.90632883144556
46.19393294846096,0.4140798553247196,52.525252525252526,0.4294927738881734,42.15666534198381
44.44592750204349,0.5267456715931185,51.515151515151516,0.5159761306214661,40.31299307474092
46.39079708566811,0.49597568962797367,51.515151515151516,0.4769127291748383,43.85333783457679
42.4580255308307,0.49448758032819706,56.56565656565657,0.47646860504649546,41.69907743820698
43.990178570755944,0.5044588424100551,65.65656565656566,0.46248559048849347,39.92520049156898
45.07189538405082,0.5215591749742028,50.505050505050505,0.5187815589478517,41.48190922473978
45.80982034315622,0.4036516634548415,57.57575757575758,0.41932235450785926,40.28157254827551
42.23193044278348,0.4573642620751103,57.57575757575758,0.4310358149261486,33.78467251708519
43.32295902198329,0.4296035840362583,56.56565656565657,0.42874621563906534,36.522430223199784
44.29441398334172,0.4204562508508548,56.56565656565657,0.414296408104633,38.88158189116018
46.318073569959274,0.6008946226786247,50.505050505050505,0.5990754639206628,47.87094667184413
44.4194359268163,0.3971912506859402,49.494949494949495,0.4291579357384817,44.43099038769831
47.49051436548082,0.42917759927219135,46.464646464646464,0.45346471610197336,48.968130886703
47.66570094460757,0.5551803702301694,59.5959595959596,0.5232241904767811,45.992560984303445
48.643807673178244,0.42800051732460664,54.54545454545455,0.4087905827987043,40.1236338467865
48.46216085820947,0.5782695300872023,50.505050505050505,0.6190499409297109,44.38599001993475
47.9043736140806,0.47762766779974275,51.515151515151516,0.48551156184629296,46.813536009841286
46.85531719348936,0.5763656839031898,53.535353535353536,0.5345232322284017,40.46915710893677
45.491603479281586,0.5367808362668551,55.55555555555556,0.538373294278903,45.4046435974369
42.29492296035734,0.4179901984430897,62.62626262626262,0.4198651922844334,36.07813935081112
45.47425220532326,0.5168995028065615,57.57575757575758,0.5512862437150663,41.298480267358606
45.24025824643281,0.4440158476827334,63.63636363636363,0.4337288734648028,33.44138569071426
42.655084903867426,0.4128466436900683,55.55555555555556,0.4278223451758262,35.061517571776534
47.019680219769015,0.31427932945624093,53.535353535353536,0.3017318467414334,41.91703744729216
46.25899563048744,0.6120979541251335,55.55555555555556,0.6152797347245772,41.32694420981436
45.90331472522753,0.48830181708908793,51.515151515151516,0.49335430342386055,46.150860392763036
45.92294561998009,0.3866068290758511,56.56565656565657,0.35728513571791654,43.90508893984306
44.20168752459247,0.330508557840152,57.57575757575758,0.320541848127317,32.84167226648664
44.91539794093913,0.38245256326534394,56.56565656565657,0.41521325909923346,37.06654825519915
46.366899977310084,0.6076116777148893,52.525252525252526,0.6197381188856244,46.89376411618442
45.23522365426589,0.513748558291402,57.57575757575758,0.5227903975617363,37.28570297083558
43.45975681074798,0.36400426070528014,53.535353535353536,0.37927731930013775,41.91844083120766
44.51065027403705,0.5171651301801267,54.54545454545455,0.508138037880094,40.97389488236918
45.250344233223586,0.5807657432782964,52.525252525252526,0.5478121045156619,44.66032428725255
48.223019505505405,0.234228022111857,52.525252525252526,0.26165288299871314,47.07067564176499
46.39214475570847,0.5120688858109623,50.505050505050505,0.5239247651174785,44.431121706924
43.392943285080634,0.4115744091964143,56.56565656565657,0.4450655991304785,37.23671345832851
44.18110854069005,0.3934495478367862,66.66666666666667,0.3975571667754936,31.31175671895743
45.36139764186663,0.5063158342890153,55.55555555555556,0.5378172661698851,37.30517858830002
44.42416404510654,0.46295621256245845,54.54545454545455,0.44884693187581615,41.386148501825716
44.036783381708474,0.5270735952288148,54.54545454545455,0.5554088259111472,39.06623384453744
44.87235020182253,0.4854052104008174,51.515151515151516,0.50102813239871,45.0148828723363
45.8863400987626,0.47725106611222834,57.57575757575758,0.4982792765613121,37.95887513890346
45.887722292219514,0.435217316578555,57.57575757575758,0.4655936838411894,37.82104795992327
42.75705950616873,0.5330854343854228,54.54545454545455,0.5296211290212502,36.65984950505698
43.78958687454082,0.44032783058560443,56.56565656565657,0.40498607779280016,39.22569091680948
46.173565655282964,0.5778678547491403,57.57575757575758,0.5855914417832848,42.08765848136806
46.46795024675886,0.4442832457522111,62.62626262626262,0.4522870073615586,36.0057903117742
44.27040431050177,0.5257977734581136,52.525252525252526,0.5096352232217412,41.06624559826477
44.30570319809485,0.37866039283991904,58.58585858585859,0.39460589038124416,35.73779725871604
43.84663648630025,0.27022988344271137,56.56565656565657,0.3070803407291355,40.91549982075979
46.22669894618784,0.5731378694726186,47.474747474747474,0.5721800612018042,47.13364805478031
45.55201477689936,0.5731488368394678,55.55555555555556,0.5951718514568568,38.14359169276642
44.8331116165386,0.489997524527662,54.54545454545455,0.5134016983215481,42.807490766858166
43.189934282219355,0.23420234113361327,61.61616161616162,0.24605453624790863,31.870562430945615
42.23488992908088,0.3910774314168992,57.57575757575758,0.4422635253506533,35.1107152459992
45.644458844444415,0.5607634194370907,49.494949494949495,0.5549102095495408,41.802665549045905
43.41551613106234,0.5012049879317914,51.515151515151516,0.5036411468965296,41.2941301118412
43.598088775903435,0.529218811034694,54.54545454545455,0.5292122729557895,45.50964720835924
45.63638056097853,0.43236266036532556,58.58585858585859,0.412362142554889,40.93901010116694
40.63344567896874,0.5809171625848075,64.64646464646465,0.5631559626310431,33.361499492472866
44.43726855177604,0.5015457530784266,46.464646464646464,0.49225949586547046,43.8574403627656
43.615824424917314,0.5317955023290771,53.535353535353536,0.5156579286776104,39.384242156734416
48.06802238609513,0.4549694197695858,52.525252525252526,0.45322215254885756,46.880387507423784
47.12420619240337,0.4622568533476963,52.525252525252526,0.43371088701192084,43.86049693948208
45.648228035544115,0.5792962897736482,52.525252525252526,0.5675850482786322,45.41205605688139
43.23532588310988,0.5054729111513058,61.61616161616162,0.5125595079587857,35.77279675837603
46.55140694141663,0.5620950765093119,52.525252525252526,0.5952982356571341,47.42422620709333
45.05503900502662,0.15507763561401422,57.57575757575758,0.15559229265730778,39.048052836074156
42.21862178300261,0.4630874264467246,56.56565656565657,0.46287249494447813,40.06510527419385
47.392633404720705,0.41556064937480586,53.535353535353536,0.44690561772273996,47.401645512069734
46.716701610490155,0.5128634452834291,56.56565656565657,0.5156060583858028,43.20928224589944
43.048336231075524,0.41759665897140064,59.5959595959596,0.40749677083016655,39.27493446134071
47.29829385594368,0.5520863620258887,57.57575757575758,0.5725445840237317,41.02747440769787
46.0230143426239,0.38985715458407544,57.57575757575758,0.38413965987124943,41.34588741167333
45.27384912421258,0.4803620746765699,55.55555555555556,0.4934861902998571,35.1677981687049
44.24776143022553,0.48118604469075554,57.57575757575758,0.47977428735375927,38.81932349357413
44.634346008113525,0.49061531362800437,54.54545454545455,0.49277483490720075,38.428557799839865
45.8926243397616,0.3490911407060344,59.5959595959596,0.37547931826793857,32.20381289652381
44.2290727489518,0.42420938702303823,54.54545454545455,0.40055720822513374,43.4931675336034
44.421540385211685,0.4347880403935127,57.57575757575758,0.446835348212837,36.702630211714734
43.52931287680213,0.49732221513171604,58.58585858585859,0.5059520816876364,39.09739552658906
49.31937126238506,0.43110672077223633,56.56565656565657,0.3923203118383678,45.51070937022062
42.725709328170424,0.4441660701739588,62.62626262626262,0.39569578464662236,34.6161426640603
46.571205544765725,0.3903540788626625,54.54545454545455,0.34897566077897213,39.92168161387715
43.132461978844624,0.5202966664997,64.64646464646465,0.5369013659695013,33.78799341082108
45.36734789963499,0.5486318416130929,54.54545454545455,0.5916392483694977,38.703156522805116
43.670662245123204,0.4784126495333887,58.58585858585859,0.4924709130208097,34.90456656997123
47.34824421477881,0.5542180573922035,54.54545454545455,0.5819515635484211,39.82493764215369
44.955563536269636,0.301102187619094,58.58585858585859,0.34171792830320313,39.32766564354202
44.286049099482995,0.45923946450170505,53.535353535353536,0.4742531702624264,42.55425927602576
44.47125588365542,0.49401986923266883,60.60606060606061,0.4524004558048137,39.55080053039326
44.6732262450172,0.49355704295391534,50.505050505050505,0.4663326408319861,43.24044075488982
47.44013790240822,0.3078441893393473,53.535353535353536,0.3056764977700678,42.05521857026508
46.252251370874454,0.4899194451665727,58.58585858585859,0.470590108102829,39.04781356397691
42.79183168881255,0.4366397233188637,62.62626262626262,0.3994965092236642,32.684854857361124
46.9418036519784,0.41553530872027467,50.505050505050505,0.39640793147722364,43.75795498448751
45.31146552193888,0.5147827034566821,56.56565656565657,0.5020559783817828,39.13066500094396
41.656617271379034,0.3896398656212814,60.60606060606061,0.38019968107413993,35.12120383821005
43.71303963584623,0.3664068836815383,59.5959595959596,0.37293507647006185,34.08203727918073
42.739932830358086,0.4342389947152867,54.54545454545455,0.47558611918216964,36.8805554516628
43.5387073219288,0.43956590214524116,60.60606060606061,0.45182165778246564,38.04564489072564
46.67500587510287,0.4457603326494335,55.55555555555556,0.43728447390981307,44.61112458986849
44.60020792112434,0.5106897714716895,52.525252525252526,0.5054342114675647,42.04130021246713
42.585194404792915,0.46321112079403914,58.58585858585859,0.4174532535250872,33.33190872089054
43.601381422137884,0.3541252377627204,60.60606060606061,0.32690909501326204,41.072081899807515
47.88771125404179,0.46628827587886335,53.535353535353536,0.4701736894532087,42.22017837180745
45.854006240238235,0.33888470519572766,51.515151515151516,0.3175376227618082,45.72029688857737
44.84243373977588,0.4494633431923739,53.535353535353536,0.4340741869623165,40.18891568081473
45.90681269287038,0.44766267360440826,53.535353535353536,0.481192890090701,42.05748418079296
44.23978972309962,0.4426439472081817,56.56565656565657,0.44724561399784024,39.91874384161041
47.57037264152466,0.46398696780615545,50.505050505050505,0.44908657634631133,53.50218448921773
42.32561595634322,0.2772826092053403,52.525252525252526,0.24578506101460795,41.35558966826884
43.64914323558874,0.5125385275957022,62.62626262626262,0.5446013678953063,35.0193023954986
46.16573085648065,0.5024034257599671,53.535353535353536,0.45121294794391786,41.914104567759324
47.318139480563815,0.3830571896797639,51.515151515151516,0.41496152743170656,46.05613236696517
44.496357202297276,0.6650911619966189,54.54545454545455,0.6582988712091059,39.55951894850305
44.824620836418475,0.5500365196616375,56.56565656565657,0.5581470719872685,43.25848688465754
45.95748751675478,0.4836325323990085,58.58585858585859,0.46848074949225493,37.082851215195724
44.16211253739214,0.5612719570276881,53.535353535353536,0.5879660617261675,42.679806635074556
42.30758039293809,0.4446101927828586,56.56565656565657,0.437783035180511,37.424143514931664
44.21332751949646,0.6082162724529081,61.61616161616162,0.5990091988649764,36.153545213364644
45.40256607169145,0.5029106267090728,53.535353535353536,0.48579375151201976,40.93253177288769
46.76605864971046,0.474977225079414,54.54545454545455,0.49658078788579685,40.27757913039955
46.5991353473024,0.5995586225650394,50.505050505050505,0.5827985933175559,42.59987800852678
45.31881227161945,0.5058796668436568,48.484848484848484,0.49406689765128065,51.02096778237393
43.636824928248885,0.4393787816540974,51.515151515151516,0.4493993551191565,48.0005132869918
48.043494780027004,0.4173184903312558,48.484848484848484,0.42725818502958257,44.62646245930897
44.495495416266664,0.5461744827348769,54.54545454545455,0.5493649709561078,39.32854233808527
42.87357541315392,0.20014491942574064,63.63636363636363,0.2242312320358264,33.27872750408818
45.21122360136859,0.3872995994068026,57.57575757575758,0.4378876981974117,43.08201125071558
45.310471451302114,0.553607466840158,52.525252525252526,0.5371047051870843,45.43966933128631
43.88892242918801,0.6108150380803954,62.62626262626262,0.5895885892318433,36.12742352035667
47.630329574147126,0.48467777861451455,52.525252525252526,0.45925491923566597,48.46816714626587
47.39892789351829,0.516117406457221,61.61616161616162,0.5266082505945129,40.526634660034965
46.85839120071085,0.4821402308479793,54.54545454545455,0.475965163270916,41.987664693664996
44.542775799931,0.5939026545552721,46.464646464646464,0.584166013311345,43.95262242509808
44.08841715144678,0.6254740660122764,55.55555555555556,0.6070640192818493,39.42936199087708
44.64083159463025,0.5212709186312581,57.57575757575758,0.5325680616468331,41.489364235208996
44.602105344846386,0.3336815706149263,52.525252525252526,0.32595704810107007,39.86076937929959
44.26918783075826,0.1910136733467166,61.61616161616162,0.2010146744291198,35.32130896769807
46.19336487034946,0.47716040776287005,55.55555555555556,0.4987533707518327,42.53393152405667
47.22081340186421,0.5081230594047144,50.505050505050505,0.4821722643027212,48.3202443456161
44.24015395584473,0.6444938999046417,49.494949494949495,0.6351026152562569,43.46430323337223
42.00295785970016,0.513275738917162,63.63636363636363,0.5168639091470416,34.65015349510991
48.024232093667884,0.5906074934251349,49.494949494949495,0.5651999009272355,51.13400128052727
45.669900407095774,0.5730155953562985,49.494949494949495,0.560550749759608,50.18838065974014
45.17188721366176,0.3622649602496344,57.57575757575758,0.36737302473660016,40.91508102065509
42.1127651252941,0.6071861033709398,54.54545454545455,0.619813291896854,40.55786898736346
44.01616154125237,0.3683415079710328,60.60606060606061,0.35986807009491195,36.00509050053573
47.71153354374809,0.5094399323841383,48.484848484848484,0.5107874218711697,45.50654421715983
46.97032076401245,0.59778323798739,52.525252525252526,0.6445936264523773,48.13091803921492
43.74910965330313,0.40967797751731805,58.58585858585859,0.4659025367608698,36.42698047460484
42.87817225434978,0.31609319111124135,60.60606060606061,0.3350172605959929,35.207915235124545
44.123863320580156,0.45436379919661185,61.61616161616162,0.4379295347925115,35.429367725614604
46.91360034555885,0.4582374852476473,45.45454545454545,0.45572054160794073,47.853458749045785
44.03447179637745,0.40945592344370796,57.57575757575758,0.3703580641269143,43.79011273374913
43.90441593123688,0.3738878522720419,60.60606060606061,0.38136027835542285,37.861055745498874
45.53858535946684,0.5587623695968045,58.58585858585859,0.5379605778607195,45.136171061103816
45.29922428891948,0.49059684205922327,56.56565656565657,0.4974157734594935,41.53333496672247
43.438643863555804,0.4680075133529059,53.535353535353536,0.4626103387161763,37.76441202456277
44.05438065088501,0.510617104610676,60.60606060606061,0.5073371416054446,39.77658408961202
46.49108635994197,0.37485695172307265,49.494949494949495,0.3723390190333702,42.95646179799715
47.40161108505072,0.5121430126051894,58.58585858585859,0.4897924512490358,39.202120885895766
49.396651320723215,0.48313949780251275,55.55555555555556,0.48963438660589875,44.75799102798521
46.65004407114777,0.1940352914397968,56.56565656565657,0.20298603273343574,39.77984756860098
44.768949605455965,0.6005912735693025,54.54545454545455,0.587346160375332,42.358875962790286
41.682247877130486,0.6074619555325449,61.61616161616162,0.6065997128767999,37.25342298679726
48.47264601586008,0.5055090952713979,58.58585858585859,0.5077320995288694,49.41720871281898
42.261027692194894,0.4283286529160799,59.5959595959596,0.4350902174245104,38.30421002198994
44.92595368207638,0.47801353937905067,52.525252525252526,0.5155665125094515,48.07372151595324
46.34507432883701,0.3698804346740904,52.525252525252526,0.4094119256828852,44.53997561508316
45.392541027556746,0.4902991161682805,48.484848484848484,0.5242598575375015,44.99307644546544
43.751956866525674,0.5207935920026538,57.57575757575758,0.5167114973036127,39.43089168925202
44.51377446111493,0.2948702887861402,53.535353535353536,0.304401219428319,41.73724659890783
46.041021732139285,0.4423531698882309,57.57575757575758,0.44012754821010414,38.7182127770199
44.60370343170413,0.6049329303441624,51.515151515151516,0.6059366895797411,41.427150235063735
44.55921597543151,0.5636015601089494,51.515151515151516,0.5596658579177317,44.240826310407996
43.872809779180244,0.5216610576494641,61.61616161616162,0.5838502233899914,37.50441265337858
47.91850325595804,0.5417083399588312,55.55555555555556,0.5527690045529949,37.83617082897506
44.95942836282316,0.4864357587310363,55.55555555555556,0.4750445982175143,38.682766764262034
42.24067085993591,0.6029073900041606,55.55555555555556,0.5998433366859539,42.0525502364272
50.8092101532279,0.4774536935016622,50.505050505050505,0.46322081292669093,47.75363936175816
41.587077138197785,0.48523138113508457,57.57575757575758,0.4918509554869199,38.55041739529239
42.54177887386517,0.6079699099691693,61.61616161616162,0.6167254249080221,38.017376043663354
46.29206386028265,0.4292409381247603,52.525252525252526,0.46349057042810426,42.27100419854122
45.61481568428574,0.5112675117527873,57.57575757575758,0.48202912431462763,41.94038317531712
45.00509891030777,0.5409513036586135,60.60606060606061,0.5248156374476947,39.670911549946844
42.68184816702719,0.43098465765265004,58.58585858585859,0.42740209023260844,38.727783067463626
47.083205265117556,0.4769775777041668,56.56565656565657,0.49516688591388536,43.28028856918931
44.49259943230241,0.547774999191449,58.58585858585859,0.5863811666999692,39.40672682124773
45.21013229505346,0.4937537373150904,54.54545454545455,0.482779211637102,45.65946187433192
45.41751619550256,0.47408291459463503,55.55555555555556,0.48114330624001567,45.40224452649739
47.344202305199005,0.44145633910137216,47.474747474747474,0.4196803136376904,39.676736889160715
43.338113751859595,0.49638633965130763,54.54545454545455,0.4956094179701397,35.289988136581684
45.791002411819306,0.40764137203253425,59.5959595959596,0.3824665616373637,38.68130445148952
48.36182330622226,0.5207626744144458,48.484848484848484,0.504352329750833,47.95082698198725
45.56516137957865,0.5562749326582781,52.525252525252526,0.5513532085159824,42.383974277902745
41.78930615545169,0.30760532206125657,67.67676767676768,0.32580676869769876,29.571081966777136
44.24539837283377,0.4768593955882331,61.61616161616162,0.4587753959682881,36.02706504996036
47.920553394545436,0.40414679856598446,56.56565656565657,0.4276641950491965,48.137987105762
45.036775679240115,0.5370847869092756,52.525252525252526,0.5629174890494524,39.354272109356494
47.68902212658642,0.6119445181443663,57.57575757575758,0.5667585623396,43.59124556767844
43.039748307075975,0.5370673472910251,58.58585858585859,0.5299718940167646,38.37943673156139
45.378022945876026,0.573560749255517,53.535353535353536,0.5459210153328886,40.63972509524065
47.48831627253709,0.47864438683281285,53.535353535353536,0.4763293629481299,44.53991715933301
48.83593121711536,0.45970403914665303,46.464646464646464,0.49518269370480206,53.05320960649391
43.831029215502085,0.49672317782770004,59.5959595959596,0.46792334071582475,41.92704159598284
45.766127786598545,0.49922544651518885,51.515151515151516,0.4776419836179755,43.22741486540933
45.68738079648642,0.5511311052360401,61.61616161616162,0.5250361410180304,40.437870698786796
46.47787049087474,0.461198564366633,56.56565656565657,0.461692729664291,42.068405261269845
46.61177402793625,0.547544249442664,57.57575757575758,0.5348060600145481,40.97894472755679
45.51664843744423,0.3331729781398659,54.54545454545455,0.33518205099542686,45.30746018585394
46.9331074534868,0.5582255503198541,43.43434343434343,0.5897075761410451,52.826601641908844
46.021009682596635,0.5012206301411739,57.57575757575758,0.542453566007124,43.71986165117639
45.21108733266963,0.4679037099965123,57.57575757575758,0.48250750891334715,36.746164918096305
45.31353555174697,0.5256490241888764,57.57575757575758,0.5261023019648589,40.73130507921312
44.86524269120642,0.5139780827698371,54.54545454545455,0.5162701851658315,44.08476029601345
47.3976872948561,0.3642190209339309,50.505050505050505,0.3589920094428537,47.64566728977064
47.32212263960434,0.5580051674359943,49.494949494949495,0.5146098053775515,50.102241590992506
43.81746200736705,0.4792189207907793,52.525252525252526,0.5131529766176544,44.134574432867254
48.396552061723305,0.5666190965864077,48.484848484848484,0.588452489847378,49.78460435154819
48.17795294315782,0.5110833275384545,53.535353535353536,0.49180807468022525,40.19301001539684
43.79692698910309,0.5230906269423556,60.60606060606061,0.5026796373451895,38.49192939435051
44.21479448941511,0.6411179183968087,53.535353535353536,0.6056060762688698,40.330431641113584
46.24256276617448,0.396325710159138,59.5959595959596,0.39238202249439247,39.89697014017752
48.772482812105864,0.444164080458443,50.505050505050505,0.4456533834796458,44.23808524671075
43.061662325575625,0.3689706068391734,59.5959595959596,0.3850628406746619,33.136337724107804
47.19696958774448,0.5310708964548638,50.505050505050505,0.5386033446978051,45.61725760111259
46.97172344246927,0.5445342816617262,56.56565656565657,0.5335247821308065,40.588833129308654
45.45991163044872,0.3352244340871665,49.494949494949495,0.34839606687680325,47.93277148338393
42.989073385930546,0.560572017589362,55.55555555555556,0.5377957592526548,37.78785087813223
44.040450644189,0.5851502881892834,59.5959595959596,0.5503462279155547,37.52827864851107
41.631144350481655,0.3960834498618875,59.5959595959596,0.39418161528460394,30.08687345916019
47.2756816865535,0.38849256638483265,59.5959595959596,0.4062899162427911,39.52719814160361
44.89424485610457,0.47241621982985627,56.56565656565657,0.45868029860995907,43.93388433333021
43.47543284848013,0.4703818088528563,61.61616161616162,0.48038061428197,37.59382763379284
41.45640957638177,0.5611782736370388,60.60606060606061,0.5330086344246336,35.96874043748386
46.13261739572447,0.39281875089190965,57.57575757575758,0.42640302350729253,43.21023719728909
44.183552484735664,0.47661067306020843,59.5959595959596,0.48501927944676504,38.61150904167654
43.0623353011245,0.39711170927261796,61.61616161616162,0.41228427011575386,33.14679727584004
44.95065072427813,0.43904209128970706,52.525252525252526,0.4354851662628415,42.127693317382175
44.65125455587795,0.6355538624292544,57.57575757575758,0.6247306186512676,38.53387409071583
43.38150938116515,0.47365911484607137,63.63636363636363,0.4513837368250637,35.18018202802071
45.160058869059384,0.5163359743373375,61.61616161616162,0.4954707723161059,41.45524399446714
43.49995180209862,0.4697743941170116,61.61616161616162,0.45875675297761365,34.58301241976898
47.47034137346545,0.35965328914863726,54.54545454545455,0.40564236313352786,40.56848964308762
45.71574052575254,0.3788124148235189,54.54545454545455,0.38350391419259955,47.656453284552526
46.88634143226464,0.5370012531921573,61.61616161616162,0.509339316744468,39.375026081027364
50.498764406245364,0.5180374117294642,41.41414141414141,0.5432672951446095,53.333958458543826
43.92423728102373,0.5130942852640318,63.63636363636363,0.5284800602086189,33.061377731514696
44.222434355853714,0.16568784243768286,58.58585858585859,0.1560513976345269,40.71073365772779
44.762016529752515,0.19989861682180732,50.505050505050505,0.21281444458992338,45.22000296308051
43.03781963202427,0.553026436574453,61.61616161616162,0.5452603073769883,34.455240698020816
42.39223616783053,0.42032638750602214,58.58585858585859,0.4289747991304146,37.370482360350366
44.82415679335745,0.4539879996041736,54.54545454545455,0.48005155276910294,44.23059829882672
44.13490122120359,0.3977584334833181,53.535353535353536,0.41905325332917276,41.911647860415904
45.43091219282351,0.3539498693070814,55.55555555555556,0.38991485512894974,42.579749449585044
46.438674205810095,0.47695132668766127,50.505050505050505,0.46345070047993897,44.437986186088985
46.91359878131007,0.47486001346221174,40.4040404040404,0.5069334845580478,50.7855090884068
45.99302560202604,0.5110528332466361,52.525252525252526,0.4888849438142363,45.34056004146658
47.03717702577763,0.5407152803239244,44.44444444444444,0.5386103282503414,45.60426072123247
42.38799146019878,0.5847929878537772,59.5959595959596,0.5674923376999039,37.278240354971246
43.83349801909194,0.571720631322296,56.56565656565657,0.5661769853287884,41.7942473125583
46.06249619441696,0.4850988677928336,54.54545454545455,0.506283861613499,41.78175406197364
45.443172649916534,0.48098404463754096,55.55555555555556,0.49269640936783343,42.89981045603728
45.47224387021546,0.5460554727438605,47.474747474747474,0.5372286817609038,45.81740589452528
48.236328321912744,0.5040360219814474,57.57575757575758,0.4912509518710453,41.78065335502297
45.436347722127614,0.42112818693014964,60.60606060606061,0.40991401286915763,40.277948497754835
46.26496642293041,0.4842879404367123,56.56565656565657,0.49750755226603105,39.87516599508436
46.398433853941555,0.5092551134529346,53.535353535353536,0.505084404318116,42.57985653837828
44.63831090469903,0.5070046023349593,53.535353535353536,0.5481377022802094,46.44945613740739
45.86498972613281,0.47349332903345664,54.54545454545455,0.4749715350114867,42.360102641047526
43.684770924920535,0.5768586188910632,54.54545454545455,0.5930393311676664,42.98765758262424
45.39337980556471,0.5402815387258778,48.484848484848484,0.5166205153088734,44.381799878367815
45.65175295666726,0.5638609609715396,54.54545454545455,0.5442323588743616,49.02553666194716
45.85708285714478,0.4091107775842151,51.515151515151516,0.4301080754821036,47.82785288741529
44.77984736853803,0.5035763084432618,63.63636363636363,0.46406763804915696,37.16970991317792
47.38506589288575,0.5091167561984771,58.58585858585859,0.5190098958114031,41.15815498273001
43.243530771955065,0.4328684662162803,52.525252525252526,0.441079941976791,36.023139301049746
45.08480502152159,0.46320145602143614,55.55555555555556,0.47425850484359733,41.388162714895756
45.397445536571865,0.46249343553471467,56.56565656565657,0.42700179519812287,41.18579958494759
47.657284077689255,0.43161961240579005,55.55555555555556,0.4262507380027023,48.034889125990965
42.86730008376133,0.5698545973641109,57.57575757575758,0.533719194026149,38.65085663652437
45.23592599980945,0.4733274674219383,61.61616161616162,0.4739364484371499,38.478399852907415
44.752529200779634,0.4566704806816658,58.58585858585859,0.4846769160826495,36.73743584281335
46.7123285435459,0.6242280357594794,55.55555555555556,0.5865001978573228,41.55999167921405
46.85591349881075,0.49305970012915923,55.55555555555556,0.47679621896504987,46.98445632967678
45.66309948844274,0.45454321930910546,54.54545454545455,0.490515434742847,42.21199049796811
46.63655410568035,0.4243741778351424,50.505050505050505,0.3896815262573633,42.32804358841764
45.17115526383485,0.4721102341711031,58.58585858585859,0.4835797726972402,41.18586977417278
46.099251702803144,0.5458496922700153,47.474747474747474,0.5479157616866013,47.15458479945487
45.37336302621298,0.4848883407520823,51.515151515151516,0.48788212105808904,46.48899669787403
46.43817113753907,0.311811817462914,58.58585858585859,0.3083231159839883,37.02537723495345
43.76992853348482,0.4777327371720108,60.60606060606061,0.44513543898108177,36.770828023295365
45.94130700495545,0.45312467644615195,58.58585858585859,0.48111042215626754,35.64048883285253
46.55953865434673,0.4877519316728042,53.535353535353536,0.47607198151609653,43.38750019565998
47.075270894796695,0.5203783729436571,51.515151515151516,0.567391867411459,43.507262287654136
46.45105163735401,0.5363072457250021,54.54545454545455,0.5343572712974818,44.283723304694476
45.24981376447025,0.4915388395590161,54.54545454545455,0.5168915039857069,38.781227644854695
44.29322043443127,0.5351518917047933,57.57575757575758,0.5276160248580581,46.83722324853497
46.269301676147414,0.5361784808893804,58.58585858585859,0.5389011039649356,38.92413772621717
47.412998348181,0.4710496360096389,57.57575757575758,0.437785230688142,43.188445964428546
45.48282483791676,0.5551010663415052,53.535353535353536,0.5439865059106084,47.256875756295024
46.27824882478942,0.6582229702815627,52.525252525252526,0.6235111713986099,39.502382884866336
45.53594891491943,0.24054971994156193,56.56565656565657,0.2483404265427689,42.03476224871168
45.34464069007469,0.5590748575060926,49.494949494949495,0.5977232501065948,49.688625994009605
48.91924132650267,0.41718926491362085,50.505050505050505,0.43550653668166817,47.414695457036316
45.230128942770605,0.28212374845915855,56.56565656565657,0.28161121099211384,43.22905543074338
44.48248334808784,0.441804505707625,60.60606060606061,0.41332139917883237,34.37759475201019
48.98873605597738,0.5305887861107215,51.515151515151516,0.5368150377141918,47.50698137809384
45.030350131799345,0.5246888348709178,58.58585858585859,0.505306670327228,41.4074130764233
43.000742441601325,0.41987548997399504,59.5959595959596,0.4222790812865448,36.99911322015805
46.60340524586897,0.2907635148664037,56.56565656565657,0.2992836221437921,47.808168141881005
46.59732569716834,0.43179172144669997,55.55555555555556,0.42886737076764614,37.82049526556204
42.627184382468485,0.3776401051378757,55.55555555555556,0.40429366240733877,34.61608481471761
46.21698942522179,0.4519239841129232,54.54545454545455,0.41367923577564814,43.688235964384624
45.34068073779205,0.4249973166279014,56.56565656565657,0.45095937932124,35.033792218285996
43.50564152263801,0.3759963643486015,55.55555555555556,0.37331350331200275,39.851857058465214
44.35737516993259,0.4684187239625177,56.56565656565657,0.4933639772112638,38.92786328408919
43.98517500103634,0.4963198710970794,71.71717171717172,0.5285245801852129,31.32588950491677
42.82234948494148,0.3769746322147185,46.464646464646464,0.35039623825782196,42.53708120367783
48.1373487076685,0.5123701221967389,56.56565656565657,0.5332564670769303,43.8300133488019
43.98918981760299,0.5034745150518263,50.505050505050505,0.5224130541536955,43.52643648513626
45.7505823275884,0.5064485961819271,46.464646464646464,0.4821867954388903,51.258658502739586
47.17607395254083,0.3969473060361246,53.535353535353536,0.3606166130038173,45.4711893683226
43.68649263949034,0.28336172152119643,63.63636363636363,0.30576486727036833,37.14848448927675
47.673760869368046,0.4963769081480963,57.57575757575758,0.48822660248531724,41.55290091783637
44.19228862591318,0.6416427690468439,55.55555555555556,0.6019424777545319,37.27620260550126
47.412564655081994,0.6611159867022911,46.464646464646464,0.6645354315437527,50.615264319152665
45.434299137347956,0.6469768259898775,55.55555555555556,0.6357284417754796,41.76615688870711
42.730462976541894,0.4189146410910676,59.5959595959596,0.388638426377632,41.32286282793505
48.65952860566293,0.43627287263209447,52.525252525252526,0.44326481109381677,40.267430627773514
44.29111325562995,0.4339612218670911,47.474747474747474,0.45710562266671284,43.43385493623677
48.9830859143346,0.35001252447735853,51.515151515151516,0.3824209955788175,45.64294215346463
46.301798971778915,0.6149601307690848,49.494949494949495,0.6064108642529699,44.59634766110418
45.06204648723228,0.549102797717282,57.57575757575758,0.5064310218919998,41.71381844412358
45.67932203471396,0.4057797634474941,52.525252525252526,0.3769916908510812,41.603257340301305
44.55857941056852,0.5296068446411355,56.56565656565657,0.5448848391009016,40.54908028776403
46.12280837389293,0.564955123190794,54.54545454545455,0.5215551006148429,40.83313681972485
43.8806041127294,0.5616368202968677,54.54545454545455,0.5804520376794684,42.87333383044714
45.8139619655462,0.46646210847201,54.54545454545455,0.49048129247948924,42.58209126951002
44.18987508036327,0.49577449007206065,55.55555555555556,0.5106055869632427,42.236121436841415
44.34815278063955,0.3386727759050544,46.464646464646464,0.34517591040012885,46.69936112778357
45.59526670228777,0.6515614473042546,52.525252525252526,0.6167304773382077,39.4200821848784
40.66007694385358,0.2293844748420958,60.60606060606061,0.22005086670947926,30.932811029137007
43.87929432064108,0.4254166631440983,64.64646464646465,0.4267128645330206,35.41723256889882
48.63567390688598,0.5348948078029047,52.525252525252526,0.556558684022072,38.386346556687265
45.8827107746915,0.40360942811256517,50.505050505050505,0.4184735968434192,47.174216135027415
45.354463226431484,0.47418200310465686,50.505050505050505,0.47326184027912943,42.395220516576295
40.12573342773196,0.5729068194241049,61.61616161616162,0.5453313220098344,34.734058730670306
44.70118131502521,0.39702896452490555,53.535353535353536,0.3977768082664511,39.84917474726688
45.60813506606187,0.594818968173549,50.505050505050505,0.5574748484120018,45.67638526341222
46.49672261062358,0.5154283951399409,52.525252525252526,0.5259166174652948,40.20537497165731
46.131843628074584,0.5371262331297664,58.58585858585859,0.5100502328289012,39.73973230929224
43.162482070136,0.5094903498214924,55.55555555555556,0.5187633421765696,37.56571129343178
46.2043556384506,0.46797576577362876,58.58585858585859,0.4689207349339808,40.03153425178314
43.1221860614164,0.6036879405537116,54.54545454545455,0.615047433676886,47.03004783979874
43.867686416495935,0.4024850875694702,54.54545454545455,0.38408787681842005,39.4083088876805
46.063559675109886,0.34908985020456273,59.5959595959596,0.3255038763190006,35.341127297488086
44.77842902571747,0.45351128672955554,56.56565656565657,0.4587141793653161,40.43160986358318
43.095990000491845,0.6030799848333186,57.57575757575758,0.6043894877334378,35.890763345664055
41.464582333187074,0.46036308308988283,60.60606060606061,0.4747119084376854,35.739440214304864
45.21497875839693,0.5380172553820963,50.505050505050505,0.5713696713469886,40.95522655103456
45.803326125070534,0.3100912747830248,63.63636363636363,0.2823098733403675,36.604598103776745
49.38398491531677,0.4559411564105903,50.505050505050505,0.46211351041343063,50.396699144935475
47.76147005801186,0.47517268319609085,48.484848484848484,0.5163369254379282,46.76500000639952
44.159878196218706,0.46312579253931285,54.54545454545455,0.4736762402545477,41.429771716789055
45.497044871852566,0.5697181155712178,54.54545454545455,0.6102084314375155,43.28976032458583
48.324008325756814,0.5997052544434742,54.54545454545455,0.5863898674718404,45.28500709230914
43.79839280280257,0.46897314556413217,50.505050505050505,0.45020948234626645,41.402081324271855
45.220865933717235,0.5905500508791739,55.55555555555556,0.5927260776597258,38.122467978611716
43.26259906831274,0.39768277953266584,57.57575757575758,0.43741932463669786,42.378881353550966
47.44198458348132,0.561630194217386,49.494949494949495,0.5716461136723267,49.00538098265541
43.65269798240992,0.3663076939720894,59.5959595959596,0.3723534239339641,36.01749800749825
44.44199301782806,0.47723005804984875,62.62626262626262,0.4868676849905126,33.03025614048247
44.339919882074,0.4993624423979598,60.60606060606061,0.4601437121296371,37.29501679279041
45.229500235135234,0.5177559225967624,57.57575757575758,0.5144083029796891,38.26750649389938
46.92951122740951,0.44884896466842494,52.525252525252526,0.40238553828841717,43.23171208303644
44.89852310316049,0.5472474748932732,52.525252525252526,0.5396226054557874,48.29630218398804
43.46262668073963,0.473476494224624,60.60606060606061,0.47296553280280906,37.663059703710374
45.829054159271806,0.47746551829138073,55.55555555555556,0.457859716968928,42.26835261080699
45.087021036670315,0.47036041377350446,53.535353535353536,0.4631332900934664,40.119956851967544
44.166102174006774,0.54430470642747,56.56565656565657,0.5563671570673006,38.49502714068378
46.65700743784442,0.5484589643263164,54.54545454545455,0.5598160348336303,45.24598718645984
48.76584343395906,0.43187772853755835,55.55555555555556,0.429983542794666,43.0164169657794
46.58886420542394,0.4331616329971655,53.535353535353536,0.4379814714508996,40.55300904031296
41.22838573928731,0.4542910142320278,56.56565656565657,0.47955988632959257,39.79422631711713
43.0902342456275,0.5005691678236983,61.61616161616162,0.5340236604903508,34.05495759991739
44.33660529425998,0.5347875516722866,53.535353535353536,0.509476467802638,40.03385444298628
44.24761121545275,0.34923967870509887,55.55555555555556,0.3340656634838407,39.83296134655801
45.2865841439134,0.4921322940541948,52.525252525252526,0.4818231987580154,40.390039168972834
49.783684788888216,0.40610032598156,46.464646464646464,0.4035247232405328,50.141264005104055
44.86496260531738,0.5141234934353827,50.505050505050505,0.5159490288478674,43.25579255100567
43.790719728312276,0.5156619845202076,53.535353535353536,0.5243858654185034,41.23493516274783
45.0955339433079,0.5093362759914017,56.56565656565657,0.5255213629856905,44.280575627417385
44.40875682279637,0.2813797914568502,58.58585858585859,0.29328808047258204,38.542700607289724
45.10775732331077,0.36370020292896854,61.61616161616162,0.37822010693562025,37.76131730982322
47.49491885634769,0.5011914502393806,51.515151515151516,0.47748504536196756,42.20517199894669
42.57928948883421,0.4829055251069708,59.5959595959596,0.5021666476007065,36.46656290739103
46.72138630544252,0.5651633390912172,47.474747474747474,0.5803305505627674,46.24732328794685
43.88373704151367,0.425634222920935,63.63636363636363,0.41306505855084996,34.12929792408836
44.58832994531174,0.48093702610004585,57.57575757575758,0.546078685098514,37.118817572724126
43.74179487597478,0.6028970426291211,46.464646464646464,0.5993582253121195,44.4267683502424
49.64438313606656,0.6678558042369693,48.484848484848484,0.6468522177680815,52.204546422462286
46.19783624740139,0.4685118291379551,52.525252525252526,0.46174980877718386,44.22369989855406
47.25559329992086,0.39069950813114285,55.55555555555556,0.3936843427262484,46.92786143871479
43.24248916074627,0.4202789367289622,60.60606060606061,0.4344588604940871,37.994362113276516
44.07090041679527,0.5017891693839835,63.63636363636363,0.5138878393522209,30.071456162355602
46.92897042078086,0.6554002972839796,55.55555555555556,0.6593693333237335,41.336120226489314
43.88087948781799,0.4299113101679263,61.61616161616162,0.48061195560343106,38.78756492022093
43.07353920736758,0.44925143840888637,61.61616161616162,0.44914267652008677,35.804937389721744
48.450851531762495,0.6252721762829576,48.484848484848484,0.6425794954858354,46.873156761349136
49.7085837993152,0.4226315252549404,55.55555555555556,0.3877809625528137,46.70202420039522
43.52201038554184,0.5467844331018546,53.535353535353536,0.5400242903895591,41.03129075587093
44.090350371083666,0.5899862586158121,59.5959595959596,0.5756571752079163,37.592082439418405
45.67540297725263,0.38769630661637533,52.525252525252526,0.39649113903034927,37.421051380992346
47.34298522349001,0.653369170443359,52.525252525252526,0.6603855621165333,44.20331708310972
45.700600812043966,0.5306854795845164,51.515151515151516,0.513859265580338,43.19834130754943
44.507085815584645,0.3590936860314061,56.56565656565657,0.40421169736474905,34.230114891062335
44.170773368460914,0.558752327906856,54.54545454545455,0.5461829043565976,35.28870839563747
44.94997337695787,0.5510474876939349,56.56565656565657,0.5522660728415911,42.1954641262471
42.72926375698858,0.5796174549468656,52.525252525252526,0.5707758250902695,44.32894421637077
47.560654746746,0.4548372368777013,52.525252525252526,0.47110955244766206,39.74171335597225
43.65301471984927,0.4108672393775403,50.505050505050505,0.41103988167155237,40.84413392145938
45.92708507948748,0.5133084565849123,49.494949494949495,0.5009182610923132,46.53505621164231
40.55498444548415,0.5540604664425186,69.6969696969697,0.5631098930799815,33.04707986826643
44.40638146550826,0.6042326316957679,56.56565656565657,0.6027492227129188,38.11162045458878
46.9334835750592,0.41424453929794436,53.535353535353536,0.3827840753668441,40.69279027995785
49.034687362520835,0.4880792263296321,51.515151515151516,0.5380984024639711,40.7098975715608
43.98734270481557,0.5154162205256232,66.66666666666667,0.5209077813159811,34.86009743522611
44.32875276494309,0.519530694440127,61.61616161616162,0.5243159651733271,35.02165886134878
49.87706849503777,0.4838172997008823,53.535353535353536,0.5119175533225244,42.837952031673375
43.11324515863922,0.545660625088168,54.54545454545455,0.5756239985531466,42.29670012648734
46.09695108874392,0.3987119303394031,52.525252525252526,0.39183910873954175,45.38656970789561
42.50903855705097,0.5145218510437622,53.535353535353536,0.5307033049223926,39.35507584714115
45.548429550879696,0.42427734576142173,50.505050505050505,0.429561407751759,43.612776486923124
44.13974905262692,0.44815357915250653,57.57575757575758,0.44408833053291497,40.72723858351668
46.77197526268584,0.5283361528305137,51.515151515151516,0.5534024492385174,48.101850262625234
44.51538783573853,0.5125644928523296,55.55555555555556,0.5437667933231578,39.70871452246845
42.04576095017269,0.6241196405382369,53.535353535353536,0.5816930323917416,37.925038154372245
44.94264512379067,0.3658395804352471,56.56565656565657,0.3492336030040506,45.65727794408656
45.55889923599459,0.5337781822090693,56.56565656565657,0.5439573626999343,41.938377562599086
43.62519985934652,0.27550917977849954,66.66666666666667,0.3201774958611533,35.98683399558795
44.54455836787603,0.37899360255864367,52.525252525252526,0.3677346637738249,44.42823290131241
44.10165986628278,0.3418559058117133,60.60606060606061,0.39866157583491924,39.05322297862266
45.100318950686436,0.656367885909729,51.515151515151516,0.6472514468613257,44.19333361156881
43.149986655601005,0.3898407538139337,53.535353535353536,0.3980915509721774,39.76725191955068
46.193243723143596,0.6377189653654343,57.57575757575758,0.6428836867955616,43.19633529277247
46.01802028446473,0.5734151163304222,49.494949494949495,0.5318648191315739,44.799821583233964
45.30436483336284,0.3003138734836923,59.5959595959596,0.2827871556742858,40.01980275393808
46.20578767737919,0.4767553603444813,56.56565656565657,0.49180721128906824,41.192981151100525
46.18435983854773,0.6309691000423432,44.44444444444444,0.5902641076242191,46.01535763347007
43.412162263642664,0.476404060563996,52.525252525252526,0.47265777324855907,39.23292821043749
44.11499338475507,0.4258085526849993,56.56565656565657,0.4451539875442547,39.986551833466244
41.86574019415189,0.5320781664474363,56.56565656565657,0.5335047847161463,32.28154761385831
45.42977704450557,0.4820605105456146,52.525252525252526,0.49071820430732727,44.66783889721524
45.019589207245126,0.5112576026866427,59.5959595959596,0.47121528012090264,39.01139072641953
45.07873954589729,0.586927940653462,55.55555555555556,0.6257200465410484,37.41484230731926
46.5408591580022,0.410502521264978,54.54545454545455,0.4019607675692952,43.08259430144999
43.760934574390035,0.2547326526241225,58.58585858585859,0.23431868632768316,35.24871820877191
45.66700929384072,0.4678781198760277,59.5959595959596,0.463160183487343,38.20167568357742
42.138461835476846,0.42232208694588624,60.60606060606061,0.3963130291479592,37.85252885734452
43.38586186347897,0.5574156587908627,55.55555555555556,0.5353694800227635,46.2067609292218
45.836626969765646,0.5048632964805739,55.55555555555556,0.4917927735258424,41.475042284905975
42.41890939910308,0.3289923782033114,60.60606060606061,0.33364601252564285,34.45834920584083
45.15776826232434,0.41981468245422016,53.535353535353536,0.4355008467356196,41.288785426244345
45.61868501496592,0.545564314024205,59.5959595959596,0.5100049431355389,39.016609837898095
43.299867836940734,0.2512027578196885,57.57575757575758,0.2527524980763467,33.669170098992886
47.78654408072922,0.5229098210015821,55.55555555555556,0.5073923180818475,39.67991738460237
47.96754160861914,0.5058999067391412,56.56565656565657,0.5363644202548037,46.82678700636325
47.457082982028396,0.5129701942936244,49.494949494949495,0.5096748964570575,45.86177282103054
46.11432000201402,0.5673523118050423,53.535353535353536,0.5530519411218431,37.38893103213232
44.82837995200617,0.28508412695778573,57.57575757575758,0.2693949844954324,39.25475870530939
47.40415302873863,0.31212445157976165,57.57575757575758,0.3260071378559176,39.57742269646862
44.91118780197398,0.5318004296759506,52.525252525252526,0.5849471259676853,39.165770855814166
46.32798312419748,0.6826265869153829,50.505050505050505,0.6736779601562171,43.33692107732527
43.65290227841827,0.5038559384675528,51.515151515151516,0.5220508976027126,45.68180144973881
46.625222238703444,0.47115578026900495,51.515151515151516,0.492625779420339,46.56728030317594
46.20300984201495,0.43838451128670664,62.62626262626262,0.47933876448868573,38.12246626278066
44.13854457750466,0.4231590308612184,56.56565656565657,0.41159089069750765,43.03734788823383
42.1290212115736,0.42341838591508807,53.535353535353536,0.4554155967225453,33.37989814697415
45.69697988584469,0.46195328641852773,57.57575757575758,0.4540600445331281,41.44179022582372
47.69455906724447,0.44693937613395107,44.44444444444444,0.44550593037553277,46.3553703747108
43.46733717374237,0.65481314830277,54.54545454545455,0.6490391224880657,41.65600937074174
41.16451647433561,0.49557788394911717,56.56565656565657,0.4860306263443088,29.925979360962707
42.60813914437095,0.3400818950922341,59.5959595959596,0.3711550332752711,35.08974439856476
45.074652812975046,0.5483752613740552,51.515151515151516,0.5655530018406651,44.185313678232
46.011799092067854,0.5017767059963769,49.494949494949495,0.4966008047704261,46.35355307608462
43.420657063018034,0.49529069706652507,57.57575757575758,0.5013408766409793,39.14478813515454
45.22612422359522,0.32983768678725855,53.535353535353536,0.3823471524437885,41.64907600379488
42.53578869285837,0.5925509427377614,57.57575757575758,0.6053908483245212,43.56644551966562
46.455518008580654,0.44173212668010964,57.57575757575758,0.4318583155302317,41.747357687456166
43.025839119449415,0.4481610621761364,53.535353535353536,0.4615547532346642,41.482993812211475
43.207214014800655,0.49881752152466585,54.54545454545455,0.4725494631249637,41.40443152264515
41.2695676268165,0.5901642003314047,59.5959595959596,0.5622002910813084,35.130981287177754
43.57584374815572,0.27943596434522044,51.515151515151516,0.2870599798431702,38.52531844015825
43.78404756472117,0.5256494360560351,58.58585858585859,0.49460926977830166,32.80661982072645
43.823620771681234,0.5146179324334903,58.58585858585859,0.5208228574412082,38.94159214072263
42.987739902922264,0.4638248057099509,54.54545454545455,0.4441039272633788,47.80679986393403
43.93486419243787,0.5086636605889965,51.515151515151516,0.493715617964981,41.90113744669992
45.86985391650976,0.6368085616394303,57.57575757575758,0.6284095678148636,37.795707653355
44.332525310215146,0.4542495583626366,53.535353535353536,0.45773601035527955,39.65071444675807
45.31593524419151,0.5608311810665301,53.535353535353536,0.5399640389405901,41.21374573623211
45.59026846276235,0.42929697110925746,54.54545454545455,0.3885712839875155,42.689794086374874
42.60295846123496,0.47134015184769906,66.66666666666667,0.46457800720863573,30.98073727350359
46.00711734802143,0.4816996308569861,57.57575757575758,0.4555604047310402,39.79989782134514
42.427847075539795,0.490194421187208,54.54545454545455,0.5060820807713426,41.04924540324348
43.09914365723131,0.5562671666765692,62.62626262626262,0.5671357663444134,37.33960907031984
44.72655563720955,0.3132110607062555,59.5959595959596,0.3105693547086219,40.659131449187825
44.305690013594045,0.4832509885674038,59.5959595959596,0.46384822679550264,35.60343724861783
44.594205360368555,0.39214948959884754,53.535353535353536,0.3958229628425709,44.095710030700694
44.513298736512155,0.5659863828559067,55.55555555555556,0.6209659437944288,42.78519696570269
46.68453615613848,0.6519506906270481,49.494949494949495,0.6854297379180236,44.208996048525684
44.50703497561228,0.5988134060026922,56.56565656565657,0.5778328867125875,39.8832209265102
45.367209673361295,0.47845961445257523,52.525252525252526,0.4448072621064305,45.13051925705875
42.83352093898684,0.47137233196317185,60.60606060606061,0.46119744650620487,38.53459419396523
46.815241886163975,0.5553963472556729,55.55555555555556,0.5294938219738603,44.22964973605288
41.85658824144958,0.3610047479108862,65.65656565656566,0.3747869538070372,37.19504086646073
44.663051653416034,0.36712250041338246,56.56565656565657,0.38057356503995754,41.01886386573796
46.25069482808535,0.4983325112480427,58.58585858585859,0.46071274827972775,38.21883023054726
44.2908002740259,0.6187164132464602,54.54545454545455,0.6737658651064303,38.061430083895445
43.34946109301811,0.5537034761087919,62.62626262626262,0.5555341964431817,35.65106159765457
44.51939900276567,0.5572672948977873,54.54545454545455,0.5396654816528214,35.950461089142124
44.10794015955606,0.5269314487969803,52.525252525252526,0.5370513649241653,42.564022471071894
49.465610797955314,0.5117052069504144,57.57575757575758,0.49606202888719775,40.25281731963075
44.95004098917337,0.44499461253587247,48.484848484848484,0.4589990499834161,44.50526984757089
45.32193145759658,0.46044085241085253,56.56565656565657,0.48127636684925856,39.800628571167486
43.946130474078515,0.38878592246740107,60.60606060606061,0.37649012987495345,38.22776204579383
41.58229800743267,0.4910142943522645,56.56565656565657,0.5172435184559065,37.70919291509318
44.17479800605162,0.6172917668298719,60.60606060606061,0.6084283662949266,40.16365429213358
46.594320408210145,0.46525767803395146,52.525252525252526,0.47054470782480495,42.07047312182459
48.27766662956419,0.4989705195332933,49.494949494949495,0.49354750490831156,47.05074063112529
46.52340401428734,0.497159117539813,67.67676767676768,0.45607594607847435,40.36909793588344
46.55473672356505,0.6011454129506133,57.57575757575758,0.5986400501779214,42.97491135144742
47.294136380111155,0.5542678577867011,56.56565656565657,0.5437424284921402,41.22571978927731
47.08464462341209,0.4536882253418518,57.57575757575758,0.46736304852975563,41.672764140190544
40.54016291034903,0.4167562166883785,63.63636363636363,0.4159859848838021,32.970749657343276
45.767706009696376,0.4692161523750955,56.56565656565657,0.43502153781532027,43.28973613299885
44.63987269993228,0.3830727790390497,48.484848484848484,0.39664757722848665,38.64319270742031
42.991476828991516,0.4173446269495765,56.56565656565657,0.3893892122325555,35.252714423209056
45.6947695908396,0.5312182592226233,48.484848484848484,0.513320836997262,44.28666074288052
45.434979893358964,0.3759695712160147,61.61616161616162,0.33149508865846955,34.92213926470347
46.99460506100457,0.5463727941550611,56.56565656565657,0.5443894107921667,45.85584544109038
43.628478532769186,0.47716273766942674,57.57575757575758,0.4493408272884468,39.923444071873334
47.54884215655518,0.43323233210351364,58.58585858585859,0.4093350829867355,41.63550296055363
45.1309181885687,0.5071500341707933,56.56565656565657,0.5085036327520731,42.26686602697305
46.5040395507623,0.5117307129629038,50.505050505050505,0.5353305858856743,53.049872505863036
45.13863024158138,0.47492242469655344,58.58585858585859,0.48405357436606766,42.756601308383765
43.30902547178142,0.41310306810861086,61.61616161616162,0.39645788093707046,33.34796875014907
46.770342240667105,0.40972862577754443,58.58585858585859,0.4188520801693393,39.82699757952282
43.22460814801321,0.4745302215760353,57.57575757575758,0.4913817656331594,38.04964162469211
45.9263448943518,0.4353786688482384,58.58585858585859,0.46463159860632786,39.57337654499493
48.05300269751385,0.4574006582005201,57.57575757575758,0.46110531781648123,42.10699737541073
46.3466902523503,0.486211994969572,52.525252525252526,0.45520608011698727,44.216825415610785
45.12700331201023,0.42555611390680426,62.62626262626262,0.39621991285359603,37.367245395913365
42.14424824287484,0.5394828075050675,63.63636363636363,0.4992277989458348,38.02654896509037
42.984179625773145,0.5108784545575991,57.57575757575758,0.5165679389432385,32.01121331964545
42.01380520097003,0.4273329047578771,69.6969696969697,0.42584244207510413,30.89432736671487
43.6798841571371,0.5983798094251387,63.63636363636363,0.6261581779566536,44.1955811569813
46.351456192613696,0.3957706480121369,53.535353535353536,0.3760320723791407,46.95893865939909
47.75910891560679,0.5386736738011763,58.58585858585859,0.5494579267726027,40.35371272075692
42.60392001164222,0.39809187202197127,63.63636363636363,0.4164736393748406,35.773837293885634
44.022231103737795,0.41083547229771755,56.56565656565657,0.4157901746046484,40.59364356466537
44.680137537706564,0.38663369273448744,51.515151515151516,0.35988242054500574,48.70573961682651
46.05278205202321,0.4395369159017185,50.505050505050505,0.48250794311799605,45.20035555074924
42.809444380885964,0.34591995535428965,63.63636363636363,0.3577885390499502,36.632490872145176
46.25771958412142,0.46283269010430284,52.525252525252526,0.43125950553402215,45.630692328246326
45.183866163455086,0.3664537304961236,47.474747474747474,0.3648131971623374,46.463656919685214
45.56385360323956,0.5436949537291281,53.535353535353536,0.5222009714238006,43.38187671363662
48.46578750307917,0.533253795632129,43.43434343434343,0.5242845183534416,49.333803207390915
45.70980600986492,0.47219795886171045,52.525252525252526,0.48995015695570465,41.03603624772872
48.01650605573868,0.35806365627083037,54.54545454545455,0.3462480516768348,41.825186403935
47.65313302998905,0.4657862088662139,49.494949494949495,0.44736454189355224,48.16046190230055
45.86646711490534,0.5322169150326032,53.535353535353536,0.5424591752849544,42.293635376052244
42.631680770590805,0.29228981469809623,54.54545454545455,0.2798682897273532,41.48641060757383
44.09138951353331,0.6814947308516774,57.57575757575758,0.6418556681530385,37.90279158505206
41.81839217385972,0.5020874274138329,57.57575757575758,0.468231314208319,34.87642432459697
44.00465838733738,0.5728770822426612,61.61616161616162,0.5553023664086271,34.18705561077937
47.67534143190696,0.5137022454307383,60.60606060606061,0.5011643314020107,40.32197171552583
44.90061625686551,0.630877075527722,46.464646464646464,0.6236236895322743,41.83777746870507
44.6801342739142,0.43324829789752883,52.525252525252526,0.4667747949118495,42.77005845774931
44.75975799380749,0.43907034583574744,49.494949494949495,0.4357452821103931,55.90815037898924
43.902178170913444,0.4742205694256221,57.57575757575758,0.4466712028500698,43.5741679906475
44.41323390271648,0.5996524319316084,51.515151515151516,0.5904988200583439,45.74772186806393
44.47725468412267,0.5205365095997125,62.62626262626262,0.512450499117692,35.18751481399271
47.93393123219948,0.616225343291875,46.464646464646464,0.6311821510260267,53.45392633918815
44.10570939266263,0.5448314100325773,56.56565656565657,0.5327994520271717,35.93006191239707
43.1406296459858,0.34392512465968905,56.56565656565657,0.34656383881039865,44.87252738384755
44.13786660727759,0.5293168183634982,62.62626262626262,0.5432775421521872,34.31218817303587
45.42473416923156,0.4927431558451846,52.525252525252526,0.4637953306950323,42.31160838721431
45.33270557047442,0.52501208920231,53.535353535353536,0.5092243939352527,43.14678766201767
44.20703011780469,0.5044972525496161,56.56565656565657,0.4946422426272544,40.5584915054235
47.78599363190398,0.27547099048811097,56.56565656565657,0.26444889707775887,44.049976782858934
43.26765748538832,0.43309589882292254,62.62626262626262,0.4422226777980197,36.735394225242345
43.81729875854408,0.4100349694114058,54.54545454545455,0.40076488048630776,44.54005946574262
45.62616563136347,0.3571030264704024,59.5959595959596,0.3691257999316957,39.229123840457206
41.80787496704558,0.4964351414395122,65.65656565656566,0.5276899385636953,32.08557933261269
43.30368188549354,0.49656897994952476,59.5959595959596,0.5049830642814039,35.01468942964105
44.8652831468874,0.34665322293910206,58.58585858585859,0.3415196583832596,34.95109522940185
44.72803821293798,0.39256899247404387,56.56565656565657,0.37588875731335725,39.861104236045875
44.04355579729583,0.44175333952665774,59.5959595959596,0.4403355038322154,33.147769169521624
43.901146740723405,0.532581539520458,54.54545454545455,0.5295129831295108,38.59093867497756
43.22581190995815,0.4093304990522141,55.55555555555556,0.43352970779581834,39.61640374551045
45.111428910541875,0.5749702432639896,49.494949494949495,0.5901606858827976,42.78970107438962
41.23612011366262,0.48164118215357743,51.515151515151516,0.4795092225597263,41.98113506486241
43.410098868044386,0.2965899465292725,58.58585858585859,0.2848709150140365,36.83020958400325
48.18510169101407,0.6373356360166611,53.535353535353536,0.6544158637488613,47.837359745745786
47.534096895123646,0.42853804081153957,49.494949494949495,0.43017698522430503,42.71179969697698
45.39573277226832,0.5277341290158135,58.58585858585859,0.5427227112244258,37.01914066681267
41.89225814353903,0.408244374749411,62.62626262626262,0.4234184225913614,28.866137926668657
46.88255232488985,0.5146825933249822,45.45454545454545,0.5115741952702102,48.15007190575271
46.576338661211615,0.5204257802539203,60.60606060606061,0.5173106024965457,33.116561172321425
46.69934233199767,0.5389366815597844,52.525252525252526,0.5095209449159415,47.0870207569668
47.29607811561879,0.6214294826865281,42.42424242424242,0.6136596658817717,50.039804036620424
42.96356582142605,0.3281554887498368,52.525252525252526,0.3435797293570798,43.89933639705779
47.4235034831054,0.37467804154529183,58.58585858585859,0.3554857044745525,41.70785461569577
43.5867831912993,0.4513325862187383,55.55555555555556,0.4625933458869391,44.58007338898238
42.12143488656154,0.5292791406634574,58.58585858585859,0.519992590949245,35.89745138826843
47.708027993787304,0.4882930244783257,48.484848484848484,0.4681946273170684,49.297066486186395
47.43395974005693,0.45881416920148543,53.535353535353536,0.4677962209313703,42.70924842260846
46.15403237770159,0.34541105582984055,45.45454545454545,0.29790720067434806,49.15974852141829
44.86662032482053,0.40182131484279493,55.55555555555556,0.4520018815762604,44.02311218755437
45.537014810145685,0.4647883061741638,53.535353535353536,0.5045807508024017,43.31643801853993
45.795035931320825,0.35097618357268723,52.525252525252526,0.3584568074057852,39.36426657807481
48.790022348514924,0.5796227254170843,48.484848484848484,0.5883891019897651,49.73792136877935
43.13099150814854,0.2470713666483796,58.58585858585859,0.2527342560353173,35.832820115065836
44.456295004076374,0.5018037319737068,50.505050505050505,0.5036701457482016,46.110540077203275
44.44890956184013,0.5507774590794874,56.56565656565657,0.5170766131837873,39.55353468657039
40.927939128324155,0.41338679336069306,61.61616161616162,0.4107795440586466,31.622349997090726
43.799050807643326,0.5053406474095987,49.494949494949495,0.526335441768623,45.42333066461768
45.56637121914186,0.565255614137711,57.57575757575758,0.5777553071813339,39.52869091138884
45.844004915521516,0.6126053723931737,53.535353535353536,0.5794400655855622,52.792268733249244
42.032512649384714,0.3597823071475429,60.60606060606061,0.3420599978226072,33.14742228456493
45.9418707885405,0.4370034531336989,53.535353535353536,0.43277934316085087,44.80748535499299
47.54454690721654,0.5274132837702775,51.515151515151516,0.5118619275304526,43.41177526488815
44.06584687115534,0.3740912597436943,58.58585858585859,0.3580094258944213,37.66839694251527
49.195739051029896,0.5111678233978697,52.525252525252526,0.5037319001609559,46.31951499920375
41.87437127544889,0.4149520022990709,62.62626262626262,0.4005747839977647,30.561334748530445
43.24997118269083,0.4727778407013894,52.525252525252526,0.4691297188993515,39.699136826793115
42.20887728977824,0.40926688901133745,54.54545454545455,0.41358403458593584,38.62585730113801
47.47538904972342,0.5195893273654393,55.55555555555556,0.5321059173484755,51.23391798259183
45.865520353343534,0.34576705203408964,64.64646464646465,0.35615052223592114,34.205582520331525
43.30283297602603,0.3869108205985947,64.64646464646465,0.3935476599149863,29.158072105803413
42.76053621979783,0.4577002852916514,55.55555555555556,0.4383081458542817,38.35769627545667
45.97758825498608,0.48667515510871784,57.57575757575758,0.48445007699183573,35.877346665320516
49.06676178251932,0.5266824246673981,50.505050505050505,0.5477789389844261,47.57930751496233
42.27377204222464,0.41256071052921883,61.61616161616162,0.4180960407471511,35.83924952986459
46.79364006535991,0.4747649993672086,55.55555555555556,0.4685140604278535,42.58414328087725
46.17659245953043,0.5103440280138986,52.525252525252526,0.4868506598269776,42.63343366041883
47.43607132468863,0.45239958909024347,56.56565656565657,0.45218823862737967,44.5394452385772
44.49739170843574,0.5461007425155462,60.60606060606061,0.54967073636241,38.430369319035606
42.73017284533479,0.4256813314800375,60.60606060606061,0.44459305322544873,35.03256848466159
46.25339604317931,0.3901264528291726,55.55555555555556,0.3903418012000728,38.66722829245741
42.23974276958966,0.5169429529078642,56.56565656565657,0.5006456802382868,44.61761713843957
47.64883601106129,0.45101155711381224,46.464646464646464,0.4612806979448032,43.68652532556085
46.761665416061604,0.5452529384965747,50.505050505050505,0.5729964897721269,46.7752694651977
42.449338869241515,0.3256419271587606,62.62626262626262,0.3939919418647818,35.58544937496115
45.06497991088205,0.5708443009304038,53.535353535353536,0.5624007783054049,41.54085598748107
46.87246436732819,0.44763651421696904,55.55555555555556,0.4515331576781101,46.22900659141793
47.54952286429752,0.4521539443268189,55.55555555555556,0.46379411978934404,46.850165912709315
45.46839393402983,0.4840013613495857,55.55555555555556,0.5049346951052692,39.50796283118698
46.809149178233646,0.5844799602342982,51.515151515151516,0.5852201891411595,44.54612158435154
43.15115543298471,0.35814651541996545,61.61616161616162,0.3666380564434325,34.31505069344427
44.15857934298655,0.28531950994131927,61.61616161616162,0.2662615152577189,36.94322975385085
48.051584493306756,0.5276904405325136,51.515151515151516,0.5160640922618774,43.69347275669631
43.7403297812313,0.6029910273519343,50.505050505050505,0.6034581415802759,49.868225218389405
46.2155105353939,0.490172527362969,55.55555555555556,0.5184181452802707,40.93928222930745
45.01756365197909,0.4286249700585155,56.56565656565657,0.45818499893159537,39.36117268764656
44.05830583316834,0.31975129309772654,47.474747474747474,0.33548740986351855,50.26688889902107
42.96400984197074,0.39106276163935827,53.535353535353536,0.41657776766264765,42.37201650411091
44.63122218401191,0.3068883048417532,59.5959595959596,0.3215937668306158,35.840341439131265
46.93494543456473,0.47237391628264047,53.535353535353536,0.4753020778016528,44.26477058671827
40.41038930653056,0.6436297972995304,58.58585858585859,0.6423868358414659,39.230076282890195
46.79707333090215,0.43725183591907013,53.535353535353536,0.48894121379016275,47.46786003705661
45.14973501252513,0.26607507271180764,61.61616161616162,0.27843834147939794,31.053641495097906
44.904634586205624,0.538064830930244,49.494949494949495,0.5834275651691752,47.104942587546425
45.357518828158064,0.5899060767174613,59.5959595959596,0.6392375163753083,37.10109306056146
45.773867930633,0.6100198145509181,52.525252525252526,0.6395949268454827,41.471797455843884
49.191510911800925,0.403768426206357,50.505050505050505,0.4517946810538318,46.78811057975834
43.151249707407445,0.4825503272615288,56.56565656565657,0.46193223576076714,38.36610055019625
42.033004880591626,0.45852341252607987,57.57575757575758,0.47459176002984105,38.24133869473361
44.44694563994862,0.30990069401503284,59.5959595959596,0.3198962178267579,30.94433399649965
45.402646226633145,0.49486002605033674,54.54545454545455,0.4609315021761681,39.711608066017966
46.561368372043944,0.37248335744734384,51.515151515151516,0.41131579575643407,38.33969649002926
42.33164292456576,0.4251059376838313,52.525252525252526,0.3861261250584538,45.557236988230464
45.49274524876476,0.31848975921111355,57.57575757575758,0.31486305870090825,36.04183377854577
45.47175761171691,0.39464473274560385,62.62626262626262,0.4029183673096627,38.36945724446545
46.688254287597,0.39087725532070094,49.494949494949495,0.38696561222238257,42.81471662219685
47.304027320823906,0.5271264471921082,51.515151515151516,0.5499592111899776,46.35344903039815
47.09807595716931,0.47098181624184576,46.464646464646464,0.4610488625822686,50.84161765709929
46.16894393280232,0.41266288889761116,54.54545454545455,0.4546646644358442,41.63214038041323
44.34308315233205,0.5596364725490925,57.57575757575758,0.49735555372015805,37.39945482335618
43.63501515037237,0.43647405957087393,58.58585858585859,0.4141348466562773,42.09544306645216
44.41919450604836,0.5111788403235111,54.54545454545455,0.4960778588084517,41.91583736340541
44.88104033572282,0.6256486656965281,57.57575757575758,0.6138651151029552,37.02676444839139
45.39276026776559,0.5373629556847774,57.57575757575758,0.5209771305556881,37.63514461847763
44.6092035322127,0.5547736541716172,54.54545454545455,0.5511845020319315,39.554398349819486
46.95394478888861,0.6164545860929338,56.56565656565657,0.587908320755537,44.55541837923267
46.422868106149075,0.3917956542552957,60.60606060606061,0.38138440712295996,34.272984668037296
45.27217476235141,0.512867343515214,55.55555555555556,0.4968459785534741,42.0440233872148
40.35015980391981,0.4761401084915199,65.65656565656566,0.46978541086689807,30.04259943353067
44.91699787297113,0.39082307354109347,51.515151515151516,0.40577076402816237,48.39993553652702
44.255231325139974,0.5540557226623632,59.5959595959596,0.5196284170438474,44.5018862296449
45.47219534718898,0.4325156811753079,54.54545454545455,0.4264829771117906,41.93920590304672
44.53665123091908,0.4970903626255375,57.57575757575758,0.49842491312794923,41.525919788084394
46.78048917831814,0.33579393911272337,63.63636363636363,0.32397161732101865,39.54322334390605
42.83679605207465,0.2883401023989832,58.58585858585859,0.2746349451113541,31.14335333821623
47.27085204601542,0.36312047468811715,47.474747474747474,0.416697330660873,46.984621066958375
46.22676404462078,0.4501039510111463,56.56565656565657,0.43869902221171253,39.12559783453639
45.12961910963542,0.551550955152841,47.474747474747474,0.5359402068521115,43.370350590525966
41.55024647216031,0.47579690348717074,61.61616161616162,0.44832353774230305,32.71918578786741
48.28576949272977,0.46895645351227555,56.56565656565657,0.5111021761550554,46.48976430627583
43.60884068460614,0.4100152644034031,60.60606060606061,0.36855344167876924,32.75453503277201
45.27752119473739,0.3935628151051551,53.535353535353536,0.42985207142883985,42.57091624279808
44.59199413853058,0.45877793564565095,50.505050505050505,0.44441524925753007,47.19912729233631
45.44075144760604,0.3466088194085686,52.525252525252526,0.3260313256175623,42.44329341998876
44.0403720949038,0.5803500587976618,50.505050505050505,0.5673798216469167,42.23428181153657
46.497477315863314,0.38827101719495627,56.56565656565657,0.3653446216449385,43.55042202426267
44.29399448663156,0.5344664301562706,59.5959595959596,0.5441313636592513,36.179156996630034
43.965773353868755,0.5348044719598525,57.57575757575758,0.5458471709282662,39.151801172163545
45.36400553554715,0.3780582039926502,53.535353535353536,0.3595349025943587,40.44065575313036
43.41945018723179,0.5750772611619543,61.61616161616162,0.5949903592305203,39.196443531462435
42.16250841451515,0.5222940461628764,58.58585858585859,0.5304413078120607,36.27380011890053
44.988033626166924,0.4505054786872936,53.535353535353536,0.44932571594066595,39.840722553896256
45.701011449459926,0.4514836731798211,55.55555555555556,0.47964379491474385,40.66997238155563
43.82277276475397,0.5421756149779923,52.525252525252526,0.5764529109835361,37.43512833645835
49.10158624971756,0.43842084208737886,52.525252525252526,0.4400695072253641,40.563372285789455
45.95603845864559,0.5875670469711076,58.58585858585859,0.6067611395798702,37.5428864371457
48.414227590958056,0.5368850527086642,53.535353535353536,0.5288423639595441,51.822405776434955
47.02857640131825,0.34703137726502975,54.54545454545455,0.3626361435137089,39.38993115985174
43.47866120642373,0.37195544663749636,60.60606060606061,0.364194208492968,34.03095655268675
48.88716135836805,0.5196027799994454,55.55555555555556,0.502157971996273,43.01566083465887
41.90406454397859,0.5426012063401725,63.63636363636363,0.5536966029702886,34.734069180697105
45.25584623943223,0.43063799972334527,50.505050505050505,0.4372957319728725,44.09170982343604
48.591575993921076,0.33100100491730233,59.5959595959596,0.3365907391476268,40.83741895861088
43.04083693754335,0.5214914013661518,61.61616161616162,0.5347903054638504,37.45925980132889
42.01066124509383,0.4621829049502876,56.56565656565657,0.41808493136012914,40.930686249372016
45.33018787230723,0.6055451262263396,45.45454545454545,0.5890442296085872,50.30475947022981
44.79875043712182,0.5337331813832729,53.535353535353536,0.5175085554264647,44.038684056044744
48.81204620401418,0.4658366713129485,47.474747474747474,0.4982042368664713,49.96809699371161
44.96246970940828,0.49319321251769077,54.54545454545455,0.4691649580364383,38.95883016805772
44.247693298526045,0.41983644878193327,59.5959595959596,0.4248811478235881,37.47621275676476
46.25760122497825,0.46309979887655717,51.515151515151516,0.4696400780159581,43.60579824871487
45.84337990167893,0.4852930312607241,53.535353535353536,0.48223545929002976,44.97098014902549
43.78547681532351,0.4309423401747272,51.515151515151516,0.436445028401781,37.07369317805029
47.76646074173907,0.5520871230645208,57.57575757575758,0.5520131937009585,41.58859407905624
44.35319245215954,0.5285563318352355,51.515151515151516,0.5386280363490878,36.307383998738715
45.71119503614962,0.5526004897149697,56.56565656565657,0.5388062522474166,39.95291476520882
45.37877306322879,0.5071856647058853,54.54545454545455,0.46493609944363445,39.169163137542554
45.227243504259064,0.5482284389638229,51.515151515151516,0.5595500132302719,48.35060416926837
45.696277041398226,0.5953226981271649,53.535353535353536,0.6121824219621679,49.88257512740959
43.68002745320082,0.41775535246912654,62.62626262626262,0.4026088946083707,39.86385692335919
43.771536920185284,0.59231557049235,53.535353535353536,0.5719581684554167,41.640456169386496
47.0180223845828,0.5639184313117903,43.43434343434343,0.5344652152997507,49.74253905583961
42.82568500646094,0.5552099360885,52.525252525252526,0.5238847684423762,45.93786961209334
47.26991984381623,0.4340444339732168,51.515151515151516,0.4131671735640243,43.32821672183196
45.36716541780251,0.4657282370436522,58.58585858585859,0.44338683392815603,40.84158124414401
49.155026231405955,0.37439517233832986,53.535353535353536,0.38189033563091546,47.306566711579556
42.24028996162008,0.5541518596311383,54.54545454545455,0.5855702841511445,42.302803299509726
44.26854370606061,0.30763956141452176,53.535353535353536,0.2916151549973869,40.22016274128299
45.361040499696394,0.47725257358455575,52.525252525252526,0.4490575802475586,45.59641615127079
43.362610101102476,0.48882318746439035,60.60606060606061,0.4677306620576598,36.553429999052334
48.000026377213054,0.5985128447572361,50.505050505050505,0.5869841316810496,46.6268307654375
47.782844736024934,0.48550296297887063,52.525252525252526,0.48459985399126404,50.90356170090149
46.205399815242274,0.6166091394137971,58.58585858585859,0.6082245033369128,33.97550728074798
42.74565708794415,0.5001330199874292,62.62626262626262,0.4830158653009079,37.27191465923782
46.922367063770906,0.4548625618794445,58.58585858585859,0.463007585368997,40.45664081165108
44.98171983960757,0.4053601276331843,48.484848484848484,0.446889780034355,43.075923282322925
44.28670834122581,0.45926913527471513,52.525252525252526,0.47325507493474395,37.696876409097825
46.16533567342446,0.4877188623981933,58.58585858585859,0.44518730459438804,36.18921765541596
45.03454372662878,0.5564674314796281,52.525252525252526,0.5467076395239339,43.01130757181546
47.96399225371055,0.46792544232854305,51.515151515151516,0.45810141955476624,44.477274279170274
48.73406902072052,0.4823594458771092,54.54545454545455,0.4779198395155779,39.86950908725335
45.04840862159434,0.3517729716989372,49.494949494949495,0.3405490124858235,43.937864761233534
43.66266291132839,0.389308101982742,54.54545454545455,0.3770938046688691,42.646849291920596
45.522985177985966,0.5767966178111029,58.58585858585859,0.5603735418290325,39.3876417766795
43.32107161801639,0.5898091966571377,57.57575757575758,0.6105978593304535,40.498310185733466
43.80450866475001,0.4592830894243016,55.55555555555556,0.4587654036937612,41.40731759627578
44.86198609282106,0.3667804277821297,54.54545454545455,0.3855412575559046,39.12180662389668
44.847681356384925,0.497961150242499,57.57575757575758,0.4903185572973112,39.43020557662344
45.08629315650858,0.5165235278847446,49.494949494949495,0.4749476725014655,49.717212728123684
45.00393126093402,0.5019062996105388,59.5959595959596,0.48591846051830634,37.90926018892975
45.04986623622901,0.43024536746790065,55.55555555555556,0.3961768311286874,37.90045726697957
51.23395923056374,0.34887022914852917,46.464646464646464,0.3256208413538201,50.730499190887656
44.64219868735193,0.3974454975587475,55.55555555555556,0.34675168594216577,41.54281142391585
44.287191863695774,0.5352923157701992,56.56565656565657,0.5633796199416921,39.948265794276196
45.781137666838404,0.5345497318908117,58.58585858585859,0.5221026716315817,41.13743185920988
42.64921345231826,0.3049539828587473,61.61616161616162,0.31020447489531366,40.01705565720768
44.83346493596041,0.4892630074199068,55.55555555555556,0.550157755869505,41.539253032498905
44.59268502584194,0.5519417298811243,64.64646464646465,0.559743219189013,37.775935934469665
47.78224652205534,0.5859354760093576,56.56565656565657,0.6062230286552124,41.07982435956807
42.3103321453173,0.4144603057056102,66.66666666666667,0.39946792501000317,30.799480134932743
47.666702458310596,0.43140329718743187,55.55555555555556,0.41651564721225043,46.408069482859005
47.61456668577658,0.5518605661000785,59.5959595959596,0.5074313514981745,43.41155345970791
43.83161149338386,0.47837845240525834,45.45454545454545,0.4854588260130064,45.139783919273555
42.93605809572204,0.46484092983382674,57.57575757575758,0.43613415660517674,40.560297125542235
43.922997815815535,0.5623864043694556,55.55555555555556,0.5144312263522339,38.3615979736845
45.56672281168513,0.42589666599847875,48.484848484848484,0.43237043487833626,44.44727091480789
46.73606619451187,0.5388898557058865,51.515151515151516,0.5319902347464969,41.82508029283238
45.10809071011186,0.4671464480377483,55.55555555555556,0.45220714273784923,39.43152387214046
46.42720956572879,0.5481264207500605,62.62626262626262,0.5289979763303355,37.69944531294933
48.53186758835177,0.5131002200715051,51.515151515151516,0.48740231602491213,41.5656923880384
46.22232430845823,0.3276244920486019,58.58585858585859,0.3138061314353151,37.156412294611684
47.97943163658247,0.5556791255625313,52.525252525252526,0.5371857009255301,44.46928319181352
42.84249459625285,0.4645461548100973,61.61616161616162,0.45515858095441686,35.98325020664266
45.289997974692895,0.47139115112146446,51.515151515151516,0.5060957400896019,43.97312565235971
43.55538887300215,0.47213899364895073,57.57575757575758,0.5073377083749486,40.458568885271085
46.41597571475118,0.4541075830864941,55.55555555555556,0.4572349567105084,43.03748879605849
43.57186391953145,0.5822484618113282,56.56565656565657,0.5445026460894292,34.62487011060518
45.03738843307076,0.5980172700332445,57.57575757575758,0.5848207588913084,39.629396777112014
43.64883700105494,0.6068276436495397,56.56565656565657,0.6043691377227776,39.744835327671524
46.2382266683919,0.5991935518826084,58.58585858585859,0.5864465318079348,44.987839090482964
46.293654139099985,0.32145866972146464,60.60606060606061,0.31347586600744304,40.54976049377119
43.28083237732028,0.5406961210150487,58.58585858585859,0.5374602744688373,38.1918500478851
46.92216545102612,0.2842611757345255,59.5959595959596,0.22291941610327648,41.97314119039446
46.75378954072724,0.432237460489174,51.515151515151516,0.44155049330629204,41.940208299409655
47.82301449678871,0.653615153097727,45.45454545454545,0.6335624125682726,56.136106439196375
47.03471089270448,0.47426953494335744,53.535353535353536,0.48462382586781605,44.42850480077225
45.182109451844866,0.5089240572192834,55.55555555555556,0.5389229636060013,39.17259454207762
44.44876425954969,0.45097472552225737,53.535353535353536,0.4639486462250161,41.709533076931436
46.28716130700592,0.4553908957159952,66.66666666666667,0.5123295335074944,34.11593223643599
43.54441490273019,0.35820806843116804,61.61616161616162,0.37200385978870754,38.98170604416962
45.90673086047718,0.41048220567337956,52.525252525252526,0.45631723604161456,41.14712436895267
41.64855296426394,0.2855704254370043,57.57575757575758,0.27724445340209214,34.17420613445057
46.20662211430822,0.48785259090579725,62.62626262626262,0.46501417582606297,34.088637009680255
49.737756133881604,0.3806829942309603,43.43434343434343,0.4073292001400639,51.4998424808891
48.002699037181564,0.503372374760615,56.56565656565657,0.4825129127811366,45.56526183247656
46.52810058078811,0.4829259892938538,55.55555555555556,0.4600256669457483,45.18317130287617
46.27617697464375,0.4183806824841053,53.535353535353536,0.4496707602557367,47.927302942421775
42.54873030240683,0.42003289640939256,57.57575757575758,0.39461826041690073,39.26360621225127
42.66915587832406,0.4803105097417134,64.64646464646465,0.4619496748375057,36.93889379663731
48.915121882955084,0.5288712129086102,46.464646464646464,0.5395978180907515,48.99719582000613
43.769062662751736,0.3773188416038449,59.5959595959596,0.3777235655374199,39.92314715452983
47.33418412633756,0.4756880342160462,55.55555555555556,0.4738833875602949,40.74683044720921
44.73783383699879,0.25272279990709545,53.535353535353536,0.2701637132357817,43.293426045942084
42.38332885648863,0.4835293550171327,59.5959595959596,0.47418623636488966,35.80136740673898
43.16603922316702,0.6126646018271232,57.57575757575758,0.5998560501237259,44.418304033250266
44.62398721159689,0.5128647066033676,56.56565656565657,0.4939260299237388,40.11701536951935
45.547794809286124,0.5004848130749685,54.54545454545455,0.5384322327367621,40.55372559570338
48.393718402723394,0.49133273555750523,51.515151515151516,0.4786549750613953,43.25220460725543
45.89096490226069,0.3676663857093829,57.57575757575758,0.35233465381945284,39.54656806098744
44.9752559459702,0.5097182382750396,57.57575757575758,0.5139278830679387,40.49045512500573
46.31722998123817,0.5331080492489053,55.55555555555556,0.5688209405134561,42.48640984083614
44.13932769034419,0.24808595045346293,48.484848484848484,0.25909825639204664,47.306369458367925
45.948304660001796,0.5509728741875767,54.54545454545455,0.569876038101331,41.21129215415562
42.87272664411831,0.44716961187442894,53.535353535353536,0.41281617991628816,37.67811944116719
44.70112090675962,0.4058460563797365,59.5959595959596,0.39648160684895895,32.99833048366565
45.629446275106964,0.385445981368173,63.63636363636363,0.41081492899946315,32.01364178326425
49.117683431941316,0.4454779105149166,45.45454545454545,0.45164875183170794,56.08781745384399
47.51718965907384,0.18721078438046246,53.535353535353536,0.22514192589734316,44.559683398552764
45.061905420304505,0.5456090067898531,52.525252525252526,0.534995884746699,44.07707634752638
46.875950390867295,0.5542811269545845,57.57575757575758,0.5921771104461182,41.60649597016754
44.4929639345587,0.4858367018297103,58.58585858585859,0.49849510433581945,40.239150925813696
44.45510646071088,0.46975690602904796,54.54545454545455,0.48278338810757404,39.828139355965206
48.66376460847979,0.31997749116779695,52.525252525252526,0.3118559168776486,44.889447992441724
46.18402952683718,0.332531130669782,59.5959595959596,0.3461157686344464,42.9376919713268
44.04238598119192,0.23135011308218323,62.62626262626262,0.2466786519831009,38.427124576771355
46.2608113916061,0.4687888656857837,45.45454545454545,0.458066832441721,43.300260614404195
44.7454927266026,0.589335777474032,56.56565656565657,0.61091985807191,36.814217751303204
45.05186239136771,0.2765271577066546,62.62626262626262,0.2763344448279865,40.760022460181865
46.28254052936237,0.5500888763841187,52.525252525252526,0.5195406147099451,38.37215172680963
45.11230199471681,0.4745699517227361,56.56565656565657,0.4892285272192963,41.85071118199832
45.84614766526555,0.45579153134730677,59.5959595959596,0.43874985218835394,40.54713872869746
50.43109003817236,0.5523207425460637,53.535353535353536,0.5512701040384089,41.736920553770275
43.699876502232456,0.4122165981089294,56.56565656565657,0.4224094793891041,44.23654784397477
45.964175910650425,0.3145995095556273,57.57575757575758,0.3549576839838454,44.19057247202953
43.925237526030614,0.38692048842993476,58.58585858585859,0.3888655386827883,37.74500034227628
46.04941723216223,0.5671867627097114,55.55555555555556,0.5909323672664046,42.21315439482611
40.79419106739406,0.5043864667769689,63.63636363636363,0.5295635947720965,33.89861073433469
45.064076000799716,0.34242808285536397,52.525252525252526,0.31653299128129186,40.30784908332152
42.298383538423636,0.5365984071681552,53.535353535353536,0.5188256510930649,38.20550094267199
45.52005660327797,0.40358996367114097,56.56565656565657,0.4376119828961771,41.56563034590639
46.03083231526583,0.4817262228274839,48.484848484848484,0.45689101082973826,46.657116682672296
45.71553344547408,0.5212615213995831,55.55555555555556,0.4930187897731051,36.867146410789495
47.12976775402644,0.5903240491236272,52.525252525252526,0.6070436029743844,44.438373071844595
45.20019333450951,0.459064397674257,54.54545454545455,0.4248789135197024,38.07951825943785
45.382997253033565,0.44594948103578447,60.60606060606061,0.40386642010072793,38.19798729812484
41.59079936613974,0.5849202082101348,65.65656565656566,0.5831328301759588,35.77901079411036
45.202978515639636,0.46318567557086654,56.56565656565657,0.4795508393145044,39.46576839852018
44.77534601739451,0.4542692043310397,57.57575757575758,0.48351045326811937,38.18886289338555
48.394525409909804,0.4929926534425293,47.474747474747474,0.4851639864341384,40.69258828524171
45.61019673204163,0.4435933827409624,51.515151515151516,0.4464040845740649,41.73636665221792
47.07161534905537,0.6089303409146142,48.484848484848484,0.6105333792832546,48.68148637602576
43.574156654237875,0.4756505320058536,53.535353535353536,0.5123957516888904,44.21806015632057
45.9690969194849,0.579254416465103,57.57575757575758,0.5956283141688694,43.12171310435529
45.564724591438456,0.4864294283988718,50.505050505050505,0.4803270044402992,41.880405218825636
44.18378666720408,0.4778813380045258,60.60606060606061,0.5216031598164695,37.120908057791155
42.21549944954032,0.46954240138061576,57.57575757575758,0.4655859089235689,39.745566955798694
47.9074633867576,0.4749596809834967,56.56565656565657,0.4539653889797145,41.49039365168663
44.377248527942626,0.5195135908692052,55.55555555555556,0.5067372530624243,35.44336021117856
43.043643709385925,0.3933224269822081,59.5959595959596,0.4215275352991995,38.43321339402994
49.32115505312292,0.3117040199032616,57.57575757575758,0.3585379704214855,45.39200466339241
47.39890801294302,0.4611006477452395,59.5959595959596,0.48345462455452304,39.18448158730865
45.99199654471482,0.3730166086625549,58.58585858585859,0.35466977271443123,40.542410500526756
46.075201100093764,0.5313357149231328,47.474747474747474,0.5016154506101269,46.68567212053332
43.813840994215525,0.42009469045208525,59.5959595959596,0.4515458359814979,48.41629635642961
45.258976726271136,0.5496294975455364,56.56565656565657,0.5123915101501568,39.86868627364488
44.63275898696119,0.41448016258711784,57.57575757575758,0.38819287502139466,38.217578868787825
47.93694073072834,0.41611377742280564,56.56565656565657,0.41888332199360034,44.49328491486615
48.33614396932319,0.41187689974368447,48.484848484848484,0.43589114836727727,43.35309226813537
47.16803833721085,0.512289884136421,57.57575757575758,0.49784174386511093,45.915239939580864
46.80231577905243,0.5644198491187112,57.57575757575758,0.5664327919580239,41.42683923376038
46.34534828857855,0.5101530582769758,55.55555555555556,0.4780827550122164,42.99287669529579
42.59247433744366,0.45751983951729036,55.55555555555556,0.43965397352071156,36.5129413456355
43.74086318798537,0.6229770641315657,57.57575757575758,0.6150660080848146,36.928621510969116
44.57886658424988,0.5668756273315967,56.56565656565657,0.5227282982062392,45.20216028744497
46.45548394957548,0.4734745468239554,61.61616161616162,0.48351865940441663,41.54445020366406
43.10668467749692,0.5974425208047239,59.5959595959596,0.6178582647056949,36.069539626373626
45.916762730917014,0.4431137244145734,58.58585858585859,0.4542451863872562,41.88215536070312
43.84761282228658,0.325171046487695,62.62626262626262,0.3142863448539799,41.319678076924895
44.62558396486228,0.5752827662545608,59.5959595959596,0.5270796667114241,37.04648745200796
43.061452071042396,0.23537485419872484,56.56565656565657,0.23725126484194725,37.92814698182034
41.35870766788916,0.40974375005092634,58.58585858585859,0.3742879793480619,34.22290927434317
46.22883833219107,0.4194521339158367,59.5959595959596,0.4777505205221797,40.001592727732024
47.759378148978996,0.5706830115790429,51.515151515151516,0.5420332784211717,46.60084392881711
44.91076008682835,0.36749911956572023,52.525252525252526,0.3403884432680303,47.3844867634218
44.387604152909965,0.4595011780453828,62.62626262626262,0.48994451820202556,40.83807267248349
46.52661793033075,0.4361507651883064,54.54545454545455,0.4157513573546189,37.53018421494196
45.84617410954755,0.4443025047906064,58.58585858585859,0.45477481516852714,40.24788393291168
46.111589752580116,0.4863722129306437,53.535353535353536,0.49475792882136393,41.29968507646491
43.48818158153445,0.5151925622018816,54.54545454545455,0.5624000497793686,38.66640930692788
49.164698167724474,0.2900217928763982,52.525252525252526,0.2647933452825122,44.776629057378955
42.18853549827952,0.47358852984336286,58.58585858585859,0.4722152220363145,37.66838393680645
45.598597417179306,0.5961174549258592,55.55555555555556,0.5804583893607052,43.06927483962346
47.6702999408516,0.5108308270864141,52.525252525252526,0.5236884671673263,40.611515962033984
47.61925937823812,0.47335583669529246,52.525252525252526,0.47147978378232047,46.31574591161112
45.15867193828059,0.47361847688121217,54.54545454545455,0.47332350940181356,45.251252542491
40.860028733628106,0.38653521043592975,62.62626262626262,0.4018260518996086,32.841875363937056
42.63159149828777,0.3355465321646155,57.57575757575758,0.3340360009121396,34.51045641542616
46.093530928682135,0.6006198901740043,49.494949494949495,0.6226757220282985,45.29164358725528
44.43200936093498,0.40059170662219745,50.505050505050505,0.41097377989076445,49.445975258453515
46.46051351212838,0.4580724683498989,58.58585858585859,0.45696617891051616,40.43724902278751
44.7349023254755,0.38270315570515356,54.54545454545455,0.3777890441557714,42.493118423221986
45.93762409002557,0.6150670886140828,56.56565656565657,0.6306129957456612,42.841443471941744
43.805636018973495,0.591467473841725,52.525252525252526,0.5898184381022755,44.6119681029828
41.90221294218483,0.38828759731166085,62.62626262626262,0.36684969621112495,32.98197742410729
45.02872763128121,0.5872404978520581,61.61616161616162,0.5669852083587894,38.3965227606321
46.08246384533042,0.5162804780652253,46.464646464646464,0.5258995485892899,48.58765914995755
43.904634785745976,0.25457266992213323,54.54545454545455,0.25094700514244705,45.45121859860235
45.667857090796616,0.3803088629752456,56.56565656565657,0.3664967878918314,42.593442922084044
47.550414495353365,0.2629843463190521,56.56565656565657,0.2494798074016974,41.81740319144953
44.60652140847006,0.5603807137734309,63.63636363636363,0.5439457696884726,35.95427519135419
44.130049554930416,0.584116668726129,54.54545454545455,0.547106611715573,37.815138936156266
41.97971515583323,0.3983487063523595,56.56565656565657,0.3916825720477862,37.64487216965653
43.076695998460245,0.40901314359202356,53.535353535353536,0.4202909231381543,38.0566945475139
48.81201035956486,0.5718488007628296,49.494949494949495,0.5816915713778346,48.32134236467998
47.61858613160144,0.43544120000135766,51.515151515151516,0.4520932565961129,44.58172563329561
43.51198000655215,0.5537370534154875,66.66666666666667,0.5586503966906142,34.63633017040395
40.189411990246235,0.46952263124077853,66.66666666666667,0.4918107385691146,31.601141162867584
43.5513709239606,0.37453059205609396,57.57575757575758,0.38816076992663684,33.77236111446014
47.086688791225775,0.4461181835837097,52.525252525252526,0.4618220229769856,46.14187399894598
45.631598915500945,0.39944963314906345,51.515151515151516,0.4099975322598892,45.33041328471352
43.85748599117759,0.5615352730746195,61.61616161616162,0.5739436727221416,36.06965107548279
43.89691724881024,0.45931638088634363,58.58585858585859,0.48525448630526946,42.08753346921914
49.69060121254749,0.4705018959181826,56.56565656565657,0.474994304324155,40.39820503883627
47.250869101417514,0.5578008974698059,43.43434343434343,0.5334879660939353,51.210885479249015
47.319118081866186,0.5499424515686995,51.515151515151516,0.5054216152686055,47.1133139145073
44.49583566876812,0.42465333731577026,58.58585858585859,0.45622924179795055,38.99952780232003
44.61806534807469,0.5544038407492848,47.474747474747474,0.539836336204353,37.406075411879236
47.97981814866132,0.6185877654271882,48.484848484848484,0.5872571774602235,50.59679042583814
46.36267917687263,0.6760473434168165,51.515151515151516,0.6524479679497948,45.299417596788594
41.3901338223177,0.5993547110257532,55.55555555555556,0.5637641062236168,41.58944823475852
44.570651012351846,0.3798708993411153,56.56565656565657,0.3599851009091187,42.199007637073564
41.42338142253592,0.5675032717215597,59.5959595959596,0.5733404228905967,41.272633152703996
48.93724215601306,0.4503529207902528,47.474747474747474,0.46215434805124234,54.65114589127844
42.82589130649893,0.691935057985198,58.58585858585859,0.7216067552691802,41.229667851258014
44.06038485373194,0.6342169413016219,59.5959595959596,0.6255762754887464,40.11607460858369
45.82026928573156,0.49080480555762607,56.56565656565657,0.5011267759861975,39.155559533285555
45.806459382691386,0.29597403630464847,55.55555555555556,0.32411179791121014,41.34750812526964
47.14560693817138,0.34075891348920306,52.525252525252526,0.2661103459315499,44.21598485321028
47.590563485998906,0.40356770269118636,47.474747474747474,0.4544392869919919,45.86022623914159
43.430239666676094,0.5054213041516395,55.55555555555556,0.509208761524831,40.67090935311437
45.7789003013681,0.4323779435654921,55.55555555555556,0.4080508715326381,36.39108709425874
48.192153618408604,0.36464980764192134,52.525252525252526,0.38036041107619545,42.67982894820577
44.796817106673956,0.38333154143379033,53.535353535353536,0.4018841298022384,37.6024858240181
47.20701655089199,0.569843092467494,50.505050505050505,0.5512841907608904,43.46919261630815
45.14911807972859,0.42864240766544015,58.58585858585859,0.4211345113950088,38.03861746325738
46.17529062974334,0.5174359894071493,58.58585858585859,0.5247391388862406,40.59910041271506
44.19039392362705,0.5380077254029756,48.484848484848484,0.49536681660372484,43.26124706614267
42.577615278967876,0.397978259369814,56.56565656565657,0.39588794840791064,35.50044370144501
44.549632583917045,0.5701493765287111,57.57575757575758,0.5661072173750223,36.3869483795539
46.23662981903771,0.5501456266505753,53.535353535353536,0.5714970356997227,42.48330309362976
47.79625939932279,0.44523558450671163,50.505050505050505,0.46311937421444693,43.987863720801016
43.3134097142746,0.510259382753941,60.60606060606061,0.5342207793997306,33.80548492336606
47.319593498296086,0.353225406078733,53.535353535353536,0.40405624280350827,44.847777807474046
44.2399766921136,0.45979181721598794,59.5959595959596,0.43195880776141415,40.89855924867067
43.019617839503624,0.46021434061214117,57.57575757575758,0.46644616154740837,34.64345565540792
43.6747445395975,0.47054188458940893,56.56565656565657,0.45440879747158547,42.71075456737263
45.79634415795962,0.5414922845437647,55.55555555555556,0.5797570243991902,38.98396310527716
45.705464696809,0.24297823033507537,60.60606060606061,0.25355834519962006,35.733803746189196
45.612759309634555,0.4588841194528348,52.525252525252526,0.43680984851152416,42.30933978072529
45.105026829721176,0.4507744368950286,56.56565656565657,0.44045735319420687,41.24226768286303
45.620903710902994,0.4230742120119252,56.56565656565657,0.44590119044150645,40.731510317236165
43.1553300660633,0.49985183334393835,62.62626262626262,0.5124689508594887,39.69664619976157
44.356304432530955,0.5669895203751891,51.515151515151516,0.5267501863553293,47.87821252984752
46.467504730734966,0.5887710361638719,57.57575757575758,0.5937810179170471,43.42798372026995
42.35170766587226,0.3931265459641763,59.5959595959596,0.40174642919184034,36.21464498757949
45.53814596035646,0.45500954159097007,54.54545454545455,0.47066060865634873,41.11938831895563
47.27204022848959,0.3615464849189104,52.525252525252526,0.35739124243011877,45.5650214210839
45.276540855346205,0.5232672366639106,63.63636363636363,0.5376816936686459,36.40705185980393
46.10730327990831,0.4027218071606372,56.56565656565657,0.4413856313929635,40.365436438698566
42.69153966663741,0.5307913570459183,54.54545454545455,0.5438514106951176,41.73417141402665
44.18212774380651,0.23546356418640324,51.515151515151516,0.22329384874210656,40.65826227029481
43.89892122345902,0.5282314857676842,57.57575757575758,0.5279956209900338,45.141912181448006
43.70286476194488,0.4896257905874246,54.54545454545455,0.5339362481362511,37.46143938713882
45.355034233976085,0.46549566358312866,53.535353535353536,0.4410584595877415,52.859872620672135
45.69931800344775,0.5685650238324177,59.5959595959596,0.5619649278442089,37.60887430634212
45.50387377666571,0.4504913449560205,59.5959595959596,0.4253926028602184,40.212802215838984
47.94917294291302,0.40652244035317464,48.484848484848484,0.4333230151777495,44.765491300859786
48.750389506718236,0.47785718711946323,48.484848484848484,0.49937010456841635,41.56431489883139
46.448762366155016,0.3087454942867687,49.494949494949495,0.33509517821959267,42.103516563078315
45.48840200041817,0.5520049009140008,54.54545454545455,0.5688377107417413,40.283372220920064
45.89639888179844,0.5445006610382789,57.57575757575758,0.5461635318874586,38.1813184094659
45.855314241312584,0.7079138039871657,55.55555555555556,0.7065576641370335,42.83250084748631
46.675346061424165,0.5048701203854693,51.515151515151516,0.5026138100833109,45.87533819720071
44.45323330066165,0.46824174165856525,57.57575757575758,0.47141169649730175,37.90075138982771
46.11663345300511,0.6443913744384342,47.474747474747474,0.6176395957183671,45.739174807529025
45.300991719760184,0.29050143847841003,50.505050505050505,0.28882766901453105,44.36934207511383
46.03484843758924,0.5059086776505217,48.484848484848484,0.4857358866023962,50.44187466874976
46.09659441994051,0.4969488620060861,49.494949494949495,0.47701185577636407,41.12945441492008
48.35255875628548,0.3913972286681182,53.535353535353536,0.36023986385190476,49.0487446930993
46.22670802551555,0.4732646006266673,55.55555555555556,0.44064278274276936,36.45590384665518
44.68669135108474,0.38752501840365705,54.54545454545455,0.4108166490201606,41.2551760571209
43.998388880577174,0.5809373491542926,58.58585858585859,0.5874174539223731,36.391477979342724
47.26029283798411,0.3809336082887267,46.464646464646464,0.39782394316397285,45.329796998911284
41.87031380880364,0.42043122270496436,53.535353535353536,0.4318139578392626,40.7916151289051
43.46198903707865,0.4813088376375806,59.5959595959596,0.43319722425651486,37.72243496834216
44.468023469914264,0.6489090048499025,56.56565656565657,0.6580811783857543,39.33162893461992
47.44143809480155,0.4599414555854705,51.515151515151516,0.4769330442083829,40.1750717032346
45.7091979215806,0.6214234231664686,62.62626262626262,0.6553104019020155,39.4833154232862
45.91901710120968,0.41512131177731426,54.54545454545455,0.38384094947176417,40.60513148141525
47.71727999640578,0.5502194104802359,51.515151515151516,0.5562263718545848,45.749859300720374
47.05392938981152,0.3703397506789504,54.54545454545455,0.3743122940182332,41.34665322562077
46.47436125906942,0.5284658565315838,50.505050505050505,0.5249867716933398,43.33211476196696
45.890338685364185,0.41262295497330337,61.61616161616162,0.42683629331623485,37.376098526194454
46.521727557293424,0.3328669427761767,48.484848484848484,0.3317920907934191,48.46949667511329
45.31534332776437,0.49916835915417623,54.54545454545455,0.4635716694915848,47.30051608796742
45.19893567588621,0.5522041163348923,52.525252525252526,0.5607022472015,43.82964873124748
42.202412130661756,0.34043442767005894,58.58585858585859,0.3600399620006718,38.3852755894722
46.81251505775443,0.5132847190074561,50.505050505050505,0.49936107013461417,45.49148979764397
43.47942004871763,0.46912806285510533,59.5959595959596,0.4541485738924087,35.41091924450108
43.97493862380689,0.6219178752054801,59.5959595959596,0.5761462571232995,41.529968695229
43.286120536945006,0.6321509347310553,60.60606060606061,0.6597226104067486,36.87261145006453
48.44200222429566,0.6866880478130668,50.505050505050505,0.6493422803944389,51.326733697765256
47.51278116138696,0.4836731663132867,54.54545454545455,0.4745879178488728,40.384774222225616
47.90749590092063,0.3936937952810128,49.494949494949495,0.4303910844364618,46.35243644480094
43.76097704789468,0.5611664059974468,57.57575757575758,0.5600511651952705,35.63867733265076
49.376258201918375,0.44004205461539925,42.42424242424242,0.44909240755713054,52.09887386040695
44.98297562683204,0.5623116085703519,51.515151515151516,0.5503257329333288,44.06139846914954
44.93901366336382,0.3076962203504692,55.55555555555556,0.31157221310118255,42.091539658697805
47.311041061496525,0.4288182090826682,55.55555555555556,0.4061760703904719,42.636168356402315
45.58758720651244,0.49619319323278843,54.54545454545455,0.5343361514717289,43.88988693993612
44.74812264371999,0.5511931565249784,54.54545454545455,0.533973651461958,39.649425460423494
43.33623186833784,0.4587687488499871,57.57575757575758,0.48044749817936483,35.05705984749192
48.49271635428718,0.3669223181457113,56.56565656565657,0.36930407263494613,44.12574442945474
46.481259965128295,0.5600395994260455,56.56565656565657,0.5465155614720324,38.82545964383686
47.01587304133129,0.5296760444176023,51.515151515151516,0.49996145350489674,40.95647019552455
48.26823638160187,0.5060276780584967,51.515151515151516,0.47191021081588713,48.23812666578233
40.92247161235514,0.38491715312237473,67.67676767676768,0.41181237345520016,28.955296719787672
45.89076136834169,0.4906469418788415,56.56565656565657,0.4622895777337285,42.38301974695491
44.120585377405,0.608049842595623,54.54545454545455,0.5900403675043628,41.01414665829839
48.10242695549436,0.45300266312766935,41.41414141414141,0.46848033821364676,51.29458632376569
42.833742777863584,0.6139859436389701,58.58585858585859,0.6200122618325116,35.57902009191021
42.443518325705476,0.6559799741386354,62.62626262626262,0.6577306582034513,39.64029294083098
44.04111908234791,0.5590461506176874,52.525252525252526,0.5647865770773532,38.22492139364546
46.658098488843144,0.5344063395903443,60.60606060606061,0.5316270202972585,40.63043573379268
48.948660058689256,0.4414430552420654,47.474747474747474,0.44795906553404163,48.38766827250139
45.53636676916572,0.4455459445055475,54.54545454545455,0.4656371483179196,36.66650519975347
43.646890262969016,0.479843397993875,56.56565656565657,0.44953971502737655,40.6065620163582
43.81889724500303,0.37383231864100264,52.525252525252526,0.3821881787754753,41.22005371594706
46.40632981458683,0.4797537714861778,50.505050505050505,0.5091552209070846,43.80905250691451
44.43357951244096,0.5013398680571055,58.58585858585859,0.46258866663412723,42.11954108043721
43.866785944053944,0.5708187930347892,57.57575757575758,0.5983105390529153,38.76736887174261
45.5846741489228,0.46807930493630734,51.515151515151516,0.498101841958146,41.45007984417774
47.20623654025202,0.5538028419702417,49.494949494949495,0.5054147679900836,48.68324822479748
45.86331845159657,0.43660741165448724,52.525252525252526,0.41668941153458716,44.726854737683986
44.16723988214102,0.43775702785288684,59.5959595959596,0.4635930845311895,36.02500481573925
44.26262616768457,0.6694145481296802,56.56565656565657,0.6685809449285207,44.181137298417504
45.80461113712184,0.5412345539920758,51.515151515151516,0.5345800151000468,48.04821841583862
41.14805713667163,0.5358706318660047,64.64646464646465,0.5452544461002968,32.515294152646824
45.86960032931246,0.6025557508158828,50.505050505050505,0.5914914355949902,45.98439418191871
43.637215367138026,0.47468943353990367,59.5959595959596,0.4596882642542909,33.476216980945296
47.45471534175517,0.5882771653723953,55.55555555555556,0.5897030730560117,46.0834094883453
46.841284476351234,0.583529737730724,51.515151515151516,0.6087405426317389,42.09159592815139
45.07101106005478,0.529487753278798,54.54545454545455,0.5406853212667524,48.128594854914496
45.387539049518885,0.43769437903285147,52.525252525252526,0.47227260941718074,42.60943264796748
42.35381641438802,0.551488044362307,55.55555555555556,0.5578314871555581,40.00297194501261
41.95961628503899,0.36434822923548327,59.5959595959596,0.36800363443641204,38.535191940452364
45.27595581411652,0.5256230869624863,53.535353535353536,0.5676925908069734,46.138839884764394
43.65385808690449,0.5563421376205062,56.56565656565657,0.5556728005690565,43.38438766590389
43.39307207814734,0.34991883177369554,52.525252525252526,0.3457392752178289,40.752991435634534
48.19253056159493,0.5264588797990142,59.5959595959596,0.5052818499782991,45.218439566805934
47.27141294935204,0.5936395068521548,56.56565656565657,0.5954673823810925,42.02332380767195
45.948244006957026,0.5898484663201085,56.56565656565657,0.530870761678494,42.01372552619789
45.25243141122674,0.5607207424414317,56.56565656565657,0.5826250253647749,38.42427440922136
44.834197277345254,0.5614846373506871,51.515151515151516,0.546763393380489,39.62773366545469
42.320682680147634,0.37655533398651375,64.64646464646465,0.38205569548924945,34.338410083008775
45.1512923237809,0.4675723390189189,55.55555555555556,0.4308820168763279,41.00993524381087
46.330998318989835,0.547854353514936,54.54545454545455,0.558041999047967,42.50792095149245
46.098779604844765,0.5420698011256946,47.474747474747474,0.5267041224326678,49.17053431549034
43.41077257324524,0.6252599877396889,56.56565656565657,0.6113863478331951,37.7717074257264
44.54872533814043,0.4210843193738947,57.57575757575758,0.39832568730192275,35.70285391789978
41.722922275216455,0.4170748332762887,60.60606060606061,0.3971675994360334,36.413929025483746
44.98176838904604,0.30706572017437794,49.494949494949495,0.2864507846515504,40.33979098031237
50.0351816145296,0.3850198290668547,47.474747474747474,0.4289012343830948,52.231552653073045
45.08612564513048,0.42857649775310247,54.54545454545455,0.4507614578008272,44.83295666156872
44.72430747163037,0.3879789399410477,64.64646464646465,0.4187909783352951,35.66389796073577
44.975384856217524,0.5294207497993455,59.5959595959596,0.5165341610504073,38.58417556041873
47.000781595479545,0.4271611908791485,50.505050505050505,0.4135671139800725,44.21765249996756
44.534369851610634,0.5398670388192692,56.56565656565657,0.4817506637314519,42.15488064503976
44.71602889572917,0.43919858725802907,57.57575757575758,0.48238920379022654,40.33789004071004
46.65898201846734,0.4886879111381358,55.55555555555556,0.5024500940441052,37.63762779869799
43.290369588196164,0.5848821367161199,53.535353535353536,0.5559512936600897,44.7667319103175
43.66318264948092,0.5604041443983393,60.60606060606061,0.5756471043728966,33.79790208975788
44.23927149780666,0.46952121624555365,55.55555555555556,0.4940309530869418,40.230247498469105
45.51613540269105,0.37469801375210965,53.535353535353536,0.34656633013949933,44.94600013587253
47.09587669784499,0.47687766496177186,55.55555555555556,0.4801968820136614,42.98024374972778
45.89522271277193,0.3877808593527706,54.54545454545455,0.4178781979716142,40.664170462515
45.12204356164422,0.6724199419150454,56.56565656565657,0.6417709105412677,40.090626032467135
45.43154061610291,0.5369585653723599,57.57575757575758,0.5515781526480452,39.7339609164183
46.70205076595288,0.3268309419506388,47.474747474747474,0.339887861769986,44.189868865926755
48.09921987395447,0.5516404118734313,53.535353535353536,0.558835145071592,48.329580137419995
44.30478524785203,0.40205481094785345,61.61616161616162,0.3921846443201318,37.47523419988879
42.71522840440601,0.587049322966017,56.56565656565657,0.6001632514956394,34.942559943438866
40.3577822335319,0.4375568230253619,58.58585858585859,0.41410419692739553,36.277925624933175
44.04259012173544,0.42824263518658723,51.515151515151516,0.45890766710409114,47.82595417746074
44.58523696257301,0.48578244050602126,51.515151515151516,0.44794025887109445,44.07368096570801
44.02438604102854,0.5143694769274182,54.54545454545455,0.5280690259069327,45.151212605653626
44.282890413200626,0.5425522166314791,54.54545454545455,0.514656670574752,42.73361402911715
43.86338821429886,0.35423938373603947,56.56565656565657,0.41311983273118413,38.347318390419446
45.894538629844604,0.6482784694919251,51.515151515151516,0.6002020223603742,40.70370266787646
44.63996493968334,0.5087925451090825,60.60606060606061,0.4998696018764639,33.589847545847995
42.83198702526616,0.363485763504915,51.515151515151516,0.3805273569103269,43.23847736177069
44.33285757650549,0.47724809518071687,48.484848484848484,0.4825760078655663,44.068382507703305
48.232356941040045,0.6191045494824154,55.55555555555556,0.6199379633765376,46.63671143143831
46.60190464405068,0.5210742628760207,56.56565656565657,0.5115306362657892,37.40261194469316
44.310681661080345,0.36207126122556743,56.56565656565657,0.34993678799979566,44.883505877295526
47.42953332320327,0.4670840899091925,53.535353535353536,0.4186375121190523,45.30052529676656
43.00904979106319,0.4759011512858483,57.57575757575758,0.49274968281419596,38.52915341864895
44.95153950032233,0.4537236994520887,60.60606060606061,0.4535899648782423,43.05101964077558
47.635539762207046,0.5901904911973384,54.54545454545455,0.6063382601142129,48.83996259894372
45.75346026885022,0.49945970033452647,56.56565656565657,0.5132235610664908,39.99022457939192
45.69541480210228,0.47744990435566015,58.58585858585859,0.4832749517841216,33.6660225931882
48.03677578365304,0.5604691749332074,43.43434343434343,0.5896289133356563,48.39893052070676
47.43780828813515,0.46867352525121886,58.58585858585859,0.4845605167912407,38.030624884606404
46.0266914655663,0.4256561186115225,54.54545454545455,0.44460445403509685,42.0740507824658
46.10054776110785,0.40803523245330675,57.57575757575758,0.394530034685704,39.377974962614125
41.79519716262951,0.18749337940962285,61.61616161616162,0.16684528049863823,38.83740491597123
48.041854164633,0.40325253596549837,50.505050505050505,0.410923766534254,47.76640825890337
45.72239398611868,0.4391004506748848,54.54545454545455,0.4412581896191935,41.52339361441677
43.20040781297115,0.5339834182995398,49.494949494949495,0.5208592805355834,45.92256491657623
45.06488341756052,0.39618217386864385,54.54545454545455,0.3751539576584524,38.474897009972665
46.91175334605964,0.5460760652577976,57.57575757575758,0.5537809399467689,43.414030716096576
46.760332741303465,0.6374161013098953,48.484848484848484,0.6585369526642243,48.27858199325581
46.15231648841019,0.5757255456823694,48.484848484848484,0.5610538273327426,44.52784659232223
44.20209968943885,0.4370648463644786,53.535353535353536,0.47275433239431897,40.05966574889839
42.82010026234533,0.35356820524211774,60.60606060606061,0.3965752600414627,30.817974908984237
41.85260226890458,0.41328390189289055,60.60606060606061,0.40796859431594734,35.32396858855409
45.580925946193986,0.49502390917958505,56.56565656565657,0.4873760722352667,39.792576537959064
44.56079436924505,0.4357881536558317,51.515151515151516,0.4155866797352087,44.22870578138145
43.870336271583724,0.4607839510317949,58.58585858585859,0.42296052130022055,32.12607488930135
45.945867814960884,0.3244565485557207,46.464646464646464,0.3127359833455515,47.720971469340355
47.01921069829723,0.46136924774205346,55.55555555555556,0.4768045037655819,41.935988373895874
42.66937488327439,0.4452027819039507,56.56565656565657,0.4455906987858975,40.20644252917916
42.544540622720625,0.4436339981905967,61.61616161616162,0.4310697638551598,29.210652371193845
45.28973957248017,0.5315857346531188,59.5959595959596,0.5381395464943497,40.158605805135394
48.06848252964204,0.2924654170017781,53.535353535353536,0.301199214011746,43.395016802640015
43.227251807493296,0.43258324761377853,54.54545454545455,0.4298188047365019,38.965581621150136
43.288998690805315,0.47862947001702316,53.535353535353536,0.46212483569013196,39.39733403327088
41.98610345586524,0.4797527986502945,63.63636363636363,0.4809769745340512,32.36704762751075
43.43914815497104,0.39861842646200685,58.58585858585859,0.3999906765059015,40.26187471154587
45.745785384619076,0.5093188013383554,52.525252525252526,0.49136922580554343,41.92587158664453
43.48533117762135,0.42260723699933633,61.61616161616162,0.4312169437169566,39.99728373318332
46.76400937669558,0.4225113500446944,55.55555555555556,0.42966262417972545,43.097673201125495
47.34212588511273,0.3255526895031724,58.58585858585859,0.3151891499143801,42.08631893399686
44.655048772078665,0.4940355970283501,62.62626262626262,0.5233076321031995,40.62666530504957
46.33619949057747,0.3232052049646441,55.55555555555556,0.3344930120990318,45.10786686071131
46.52963766197902,0.3280937799053276,57.57575757575758,0.38470399180781123,38.61251419376943
44.14806504905822,0.483261970011742,58.58585858585859,0.49562893514682815,38.01050704615281
44.71824567438838,0.4222668124291188,51.515151515151516,0.4099011924290782,43.443940067278966
43.74154176548623,0.5587860704916217,56.56565656565657,0.5010675003359468,33.57003609141742
48.972032659933575,0.43245191817237094,53.535353535353536,0.4318306997750293,40.47489876439898
47.797324501319,0.4506293072927754,46.464646464646464,0.43839275626131335,49.765648500706725
48.135224911707766,0.6573992117150333,56.56565656565657,0.6620158093944528,46.46199467240344
44.234104029203415,0.2217350993781675,53.535353535353536,0.1929744756149775,40.646196721107565
43.10884296723929,0.45616813083227226,59.5959595959596,0.44246171038605087,40.78717808644632
46.65968378357501,0.521879102358245,62.62626262626262,0.5232401666956294,33.685046960398715
45.48657703585774,0.4362728661797184,54.54545454545455,0.45323866808497115,38.88211745795802
44.65635945951123,0.36132264119583457,56.56565656565657,0.412915239626346,42.339067465474514
43.54539924998059,0.5195358819879801,61.61616161616162,0.5026830401992257,33.23261264917596
45.19129611404189,0.5773857159026627,53.535353535353536,0.5637630873203086,40.343854378380684
44.63246529496456,0.47696371174092334,55.55555555555556,0.4847775817904362,44.05733809523416
47.21257995687515,0.3795821271060358,56.56565656565657,0.38180566617909095,40.78917664695523
41.99501996891003,0.47531936876884817,56.56565656565657,0.4562654113577278,37.60015569982937
45.560844190020376,0.4436498683010591,55.55555555555556,0.4641383066715752,39.375058500774514
42.810428405924995,0.5739755449659887,60.60606060606061,0.5745604075222824,38.36245214107657
47.34612422466573,0.4536764049491512,54.54545454545455,0.4605349684474135,41.14118030462215
45.27562831531065,0.6141467949490642,53.535353535353536,0.5975443614743831,47.99759933615402
43.12797629659916,0.5605616138268129,54.54545454545455,0.5312577530123545,41.83712670681277
42.926607979622425,0.4866150249390747,55.55555555555556,0.46261452995901275,41.455657769773644
44.198703888459654,0.46776355784488466,60.60606060606061,0.44464726228047746,33.58662274330582
46.795898326031526,0.4241818817420058,54.54545454545455,0.42129599192785416,42.56290957715698
47.704205948518755,0.5309289394449352,51.515151515151516,0.5177574365591036,48.00002377986878
44.084429983736094,0.4828748373998625,56.56565656565657,0.49066312189763617,42.78672025534711
42.489866314395655,0.42623254446049985,60.60606060606061,0.44378798089520144,34.48102944195539
48.201391260421424,0.357517479577373,53.535353535353536,0.3575971391721433,44.158799146609894
46.411932084962196,0.2590590609651441,47.474747474747474,0.25406473768728743,47.40095547792167
49.82241105448906,0.3680091554934759,48.484848484848484,0.3962968039259176,48.445453620002745
45.94003205829933,0.449533485544071,52.525252525252526,0.479986493321911,46.22236981062011
41.76818154559434,0.3837047177530387,55.55555555555556,0.36755310521950213,37.222390583778676
42.08518850315567,0.5076206631258591,55.55555555555556,0.5603599741059095,38.50865422295586
43.30876479200981,0.2908039966656043,58.58585858585859,0.2642053909749278,33.091756806845815
42.92225529338008,0.35292529096419445,60.60606060606061,0.34759069997522596,39.4268998361637
44.85801775855131,0.4527982012495877,52.525252525252526,0.4287714722755831,43.99515110304135
44.52111375196455,0.4252098705145644,55.55555555555556,0.46168662231225854,41.246181955978244
49.37412369235466,0.34889106887238497,53.535353535353536,0.32067711267271204,45.00254403369064
44.310171636670944,0.584713827240033,53.535353535353536,0.6233252768618185,45.73600219005933
46.4448783254936,0.3817731942970547,51.515151515151516,0.3752044077054535,40.85182559430554
46.28641407224582,0.5838005006317768,56.56565656565657,0.5731668288007213,40.25352285920849
44.16652683934558,0.4023526510850538,53.535353535353536,0.41231502259916664,47.364549013796406
45.299812068045874,0.46816643465658747,58.58585858585859,0.5014293932763183,37.210112161595575
43.22340685647463,0.4176690896431299,54.54545454545455,0.409209349521908,38.967098192399476
44.530621667071316,0.5177697025267481,63.63636363636363,0.5147057192460293,35.98191637469896
45.4214607099596,0.2989930972438334,65.65656565656566,0.3162759776990134,35.95924795083951
44.53766230312577,0.6382275256594259,49.494949494949495,0.6144045871008559,47.19512379537245
47.55077063040072,0.24753052521624885,53.535353535353536,0.24607718575520987,39.255329760586875
45.82826259029912,0.5373546620310311,49.494949494949495,0.5185028900860682,47.49198062396791
44.035648281353645,0.4907334186901702,44.44444444444444,0.5147707753692634,45.20283101961342
45.13992333066395,0.6606587100961383,50.505050505050505,0.6632331433945957,39.051447271692695
45.144181184519915,0.3705760236686686,54.54545454545455,0.3621392738391124,44.363942541227175
40.53718122619866,0.6424411447503232,61.61616161616162,0.6207264911673444,38.45027993466148
47.444553511434265,0.43383498291097733,53.535353535353536,0.42516018684331525,42.61945602090547
46.55286926151698,0.6592395228248976,47.474747474747474,0.6540114928728396,48.11247514510375
45.34067293145654,0.4303830691406566,59.5959595959596,0.451617300294597,35.868214506223815
44.39487485693455,0.5228204561309651,51.515151515151516,0.5000227643144275,44.37736808700321
46.31685572718652,0.3556527602266194,55.55555555555556,0.3272811439890292,39.17382877852123
43.315640453427775,0.5634458965494584,55.55555555555556,0.5686679398449678,41.992852230306575
45.128281708137116,0.4747344102973048,59.5959595959596,0.42368502185883217,37.5970703149493
43.88088481487815,0.40715595753846545,56.56565656565657,0.4120068559068796,40.0079683640143
46.6229861545473,0.45596191747438974,48.484848484848484,0.4428130841246022,49.11292389888955
46.469988490594936,0.5234804468219306,53.535353535353536,0.5231202794206556,46.56596796506116
45.96994647563757,0.6373299594910249,55.55555555555556,0.6047088856826717,45.42683765252464
45.08482921871284,0.45644248850006874,59.5959595959596,0.48379814074516203,41.796507297662686
42.16638339135108,0.5659882330253938,59.5959595959596,0.5613605083142199,29.788109976224987
44.277199117184864,0.4965594248247712,48.484848484848484,0.4873232753182868,45.41934070555988
45.66477113957325,0.5222722606920459,57.57575757575758,0.48355730330189695,40.54042912088987
44.52033122200027,0.3945146513863078,54.54545454545455,0.41580317002578904,40.359651325293555
44.00345514194321,0.2840607670067352,54.54545454545455,0.2833661163829505,39.02396118016367
49.00400145015601,0.5097102648773555,55.55555555555556,0.5167996787514828,43.55876109318129
45.848347298120906,0.4540756946220187,56.56565656565657,0.4680628060885266,40.59581635057319
49.84743275219976,0.6029299844015188,47.474747474747474,0.5885252116055636,42.65562953553614
43.243635899869936,0.34309654579104865,49.494949494949495,0.3548391757758129,48.75727283594655
47.864869632144455,0.340218256982432,55.55555555555556,0.3387149048860264,46.88742783759028
47.046179893863126,0.5541552223940152,56.56565656565657,0.5845378068924432,44.416461912029305
42.89537916273146,0.5182513129573323,62.62626262626262,0.5192957283825461,37.077503203152375
46.268649500356716,0.5693302744216726,44.44444444444444,0.5654521786133113,45.22588862240418
47.3036099964365,0.5941401120049226,50.505050505050505,0.5947277006339258,48.15381427929886
51.91056657841956,0.4995512683537974,44.44444444444444,0.5051669458496557,50.26612445327079
43.85369613667582,0.4641053124182275,56.56565656565657,0.4672539712834587,40.506518284830406
46.93411510005713,0.451869246850507,50.505050505050505,0.4175133220791213,41.07170173694974
45.462352709555034,0.40171769200133356,59.5959595959596,0.4221945450552911,33.15862301946571
45.74804116568423,0.4287274009763101,53.535353535353536,0.44990491216674844,32.166173466601535
44.51936444903952,0.37701020927372675,55.55555555555556,0.38353655641482687,39.769769009293945
45.8508269093322,0.5236776846291913,55.55555555555556,0.47890221771755026,39.25597682254691
43.74687799619582,0.5322999684975802,57.57575757575758,0.531641963872983,38.4723744915815
45.510017512321966,0.5459116063311287,65.65656565656566,0.5404838047851237,35.341924400500815
43.30882094539304,0.47886929103266407,59.5959595959596,0.47546690590126284,35.18629702448577
46.297216082860885,0.495026112964952,56.56565656565657,0.503836495320862,38.56302503972282
42.73805436069233,0.36167441666474165,64.64646464646465,0.37196642658840917,31.287565938145413
47.486498039828525,0.40683517681269954,43.43434343434343,0.40688950149792213,47.75449499276636
41.37459231556107,0.5621483202365086,61.61616161616162,0.5780884031116368,37.12427405425891
45.687450279905974,0.35573518811560867,48.484848484848484,0.357016988206295,40.737301405764924
43.64432647626722,0.4621269061293627,60.60606060606061,0.46111949943925556,40.63696153649254
45.49788716606642,0.36268000497527286,60.60606060606061,0.37696696432440624,40.660880689848696
43.64803535692874,0.5682429599178231,59.5959595959596,0.6038960290050901,40.893903684823954
43.430381854161205,0.48165728444491107,54.54545454545455,0.48128034470572434,36.63208783111664
45.72391263681253,0.45564922228714944,62.62626262626262,0.46795967489782375,37.67444924520866
44.27193433039952,0.3892459364006853,63.63636363636363,0.42468546895993187,35.22603312825361
44.819955539253556,0.4014140209411581,55.55555555555556,0.4118993012347061,42.60805770573568
43.902685789452576,0.5536702252480235,45.45454545454545,0.56333702060223,46.367275696365695
43.47238929419157,0.5146864610914383,61.61616161616162,0.5163665127494044,35.381678420865306
42.991369939212156,0.4398866267120616,60.60606060606061,0.44759601532659765,33.750204667074456
46.808029684195354,0.42888626171572053,51.515151515151516,0.42784409459808115,47.788154862856544
46.09835231323732,0.2990974536779337,53.535353535353536,0.27236926573975906,44.702760772121785
47.249521915765534,0.471659180439543,57.57575757575758,0.46758843585836074,41.423184141593275
46.4109052751164,0.3539578198207066,50.505050505050505,0.35151807390896206,43.30212096853687
45.4116649573036,0.3758671241877697,58.58585858585859,0.35685075671886546,41.677872170894716
45.35898452658326,0.45820911606748604,51.515151515151516,0.4365141195701818,50.50498543968227
44.50402493445173,0.484731886534269,56.56565656565657,0.5039981230225862,42.12031072957987
47.57963665546284,0.3539311806734956,61.61616161616162,0.43549075912790025,38.24680166088743
44.18633981646231,0.4245058300063087,60.60606060606061,0.4378044405321494,34.50859292992019
47.04418533129736,0.4670020964012783,49.494949494949495,0.4528918036802069,46.15851179287738
45.7466564119627,0.5317879048585197,47.474747474747474,0.5293199041865682,48.3592004441802
44.17763254690901,0.4629721995975651,59.5959595959596,0.4764806213402203,37.29980835446129
44.915973848431975,0.45753342202126623,49.494949494949495,0.4823175768149103,42.25867590608179
47.44191511109119,0.3981297978455206,46.464646464646464,0.41863194586073726,48.550632400192775
45.69928575686325,0.5838116260655832,58.58585858585859,0.5666167114907747,42.81748635872533
47.26364151702569,0.47213676221578615,56.56565656565657,0.45967422244790446,41.179020378122914
45.80293267391152,0.5828690446100817,55.55555555555556,0.5781123540647541,42.42916097053311
45.90766539428448,0.45018479105972453,57.57575757575758,0.47652620447948013,39.36302698037333
44.13513455621156,0.4926740459528347,43.43434343434343,0.4972967693877436,43.63527488281098
42.79243425616121,0.4269812481320263,58.58585858585859,0.4409034985990238,33.965450850437406
44.81644522485364,0.4386900151050048,56.56565656565657,0.4253891875231973,37.62556891913549
45.261223745623234,0.4695602680479444,58.58585858585859,0.5052043860149165,37.79396178165209
45.15506112418336,0.5573350029463672,53.535353535353536,0.5255467977791493,40.8880978571418
45.13286028086492,0.5209109867907993,49.494949494949495,0.5070943494599714,51.48297082301876
43.44304803407575,0.43164740593147377,70.70707070707071,0.4000720607637833,33.278513365265525
43.25839076903708,0.44023632029437954,59.5959595959596,0.46105783107319587,38.32526822327837
44.17296868163224,0.4237768142779448,65.65656565656566,0.43276615067274127,32.52708728730362
46.320434698855664,0.41880722793518754,53.535353535353536,0.42351343905728156,43.40191006136316
44.85199730416346,0.5084072433957887,60.60606060606061,0.49870759861775193,37.28131037625688
44.774603775741674,0.27193789649276146,55.55555555555556,0.2763280098757829,42.892750118221514
43.81946303831234,0.2364123833767382,59.5959595959596,0.22940257257330532,33.37973444825517
48.08481963929776,0.5776177118089184,49.494949494949495,0.5695147761997768,44.12873469635683
46.45927320869817,0.43306409066332974,60.60606060606061,0.4152991048302286,35.638960509432515
43.980215667271885,0.3552018766476026,50.505050505050505,0.3683273106969953,42.53444705559022
47.60975836240502,0.6064115538970251,53.535353535353536,0.6131957660205645,46.75941117375246
46.23446218430769,0.4742306877858298,60.60606060606061,0.45167338233873155,37.88471368424211
45.58670153755637,0.5235876994294604,55.55555555555556,0.5776915212770304,42.46318400201592
47.68752364291503,0.3745219862082151,50.505050505050505,0.40355417001464045,43.24007511575134
42.93077189950568,0.47923134504510145,60.60606060606061,0.4903116742322271,38.135569251140524
44.32227081542095,0.5513797456714329,57.57575757575758,0.5424415588949077,35.96011088340383
46.0540826047225,0.5451374570869483,57.57575757575758,0.545643419157395,40.81433372881242
42.957974778839635,0.47656277702921135,60.60606060606061,0.49269841576592566,30.32187647923299
44.36425275076212,0.4443535536845342,54.54545454545455,0.47723116751171124,39.48274751948371
45.773057929761606,0.4862668572869937,57.57575757575758,0.4592268303710313,37.62722961379179
43.601026567768585,0.50527520554862,56.56565656565657,0.46528004028273484,37.942442942901565
48.01723614446358,0.43325136636716033,53.535353535353536,0.47097645848032244,48.2522363556565
42.3658385452894,0.4409208494658111,57.57575757575758,0.44276979393331195,38.89476661378075
45.704400754192264,0.4890762448938668,53.535353535353536,0.4830471787801649,39.53984067191358
45.358194506379235,0.5609903944866479,46.464646464646464,0.5461234542307596,44.4098560018428
47.833887080005866,0.4519361598138152,56.56565656565657,0.4491821771998895,36.59858392999351
47.78895372418851,0.5723861387044556,57.57575757575758,0.554305537407883,42.10465408211665
44.61905933941286,0.534701293144495,62.62626262626262,0.5013125654904074,35.528172703326376
44.51234802211989,0.46591620766336506,56.56565656565657,0.4699148059927921,41.17404741918882
43.929406730271566,0.5632790773931518,57.57575757575758,0.5104664804938117,36.599494341693386
43.32239915807543,0.4419231706977905,67.67676767676768,0.4397028258959803,38.64806636211584
47.96233719233038,0.4267979819983242,57.57575757575758,0.4205478161027173,46.00457359557595
44.44372331982236,0.2209167230101151,64.64646464646465,0.24443309146905845,40.391491444201975
43.105199470919466,0.23894060158095887,60.60606060606061,0.2651652330812271,40.67639724057028
43.449985434601565,0.4382446339393211,54.54545454545455,0.41480863957993963,40.62909063835045
47.4116874771329,0.4277779699175682,51.515151515151516,0.4419111205101638,42.78711414032736
47.64903189711179,0.2317717797684543,53.535353535353536,0.24609500967221376,41.90441462169139
45.21346776529715,0.3678819467415583,50.505050505050505,0.3538851710951927,43.66164023762031
45.9810433796386,0.5082548899053225,51.515151515151516,0.5243309127981349,44.742497627873675
43.71405356238445,0.5503425860128353,54.54545454545455,0.520896859309255,43.0237113016926
44.99768794305123,0.33317240928004865,54.54545454545455,0.32291849444453413,41.596498974714066
43.38731854536183,0.45335252490591793,47.474747474747474,0.436819915634297,44.55136914880546
44.90898052250636,0.3591619070569836,55.55555555555556,0.37650099855821095,35.18916363719895
45.51759206714194,0.5296529829711027,53.535353535353536,0.4856887935336127,41.451840500321666
47.263659270345215,0.49134406076537773,56.56565656565657,0.5307336923736308,44.10342619057253
44.97868644903584,0.5211772101342524,46.464646464646464,0.5444922732099754,42.093423241235215
41.1709906115393,0.41751762785817614,62.62626262626262,0.411553936066708,30.487003030797453
44.90774759574179,0.49124330712600917,55.55555555555556,0.4936043211374963,42.0959512547445
47.27983831387023,0.4611626693265827,56.56565656565657,0.4388377956367735,44.17967246555114
43.405448674900235,0.4561053542056054,54.54545454545455,0.4638278711177052,37.11951474471815
47.27746895433136,0.44169308919090666,53.535353535353536,0.47798712812766175,46.476240101229216
45.48862712992453,0.5792978637246867,54.54545454545455,0.5842735567635744,39.777448777967095
46.622120503706796,0.4782013695322398,51.515151515151516,0.4643646677291513,46.478418313706
45.26490191178454,0.5803715279551647,56.56565656565657,0.5666984475696566,39.26295119318981
48.48884192454016,0.49550255858649994,52.525252525252526,0.4861352434167342,43.627511694987575
44.51961834223807,0.5926541891730832,60.60606060606061,0.5802217637197544,38.99591627578904
43.299784876318256,0.3936920192300546,50.505050505050505,0.359593351229774,40.495293657530596
47.281583723187424,0.582999503408254,54.54545454545455,0.598579338710489,42.68500979937833
47.04387518427785,0.48405859480818714,50.505050505050505,0.47502949567433894,43.33391338033961
42.59683200146773,0.4644551613873146,59.5959595959596,0.4729621707689924,37.575957720433806
46.5022556922982,0.4148645127951035,50.505050505050505,0.4201835214818237,47.342812031027705
46.46769450654962,0.45773639730935756,55.55555555555556,0.4264989283448546,43.737053216545974
46.978048052165946,0.46684652746612865,55.55555555555556,0.45457214323710304,46.87166819516864
44.759068523191694,0.4861989817364455,52.525252525252526,0.48782916500839946,41.72277073454236
44.02965959933696,0.5031047364278362,53.535353535353536,0.4946273924168102,42.39265649127686
46.35472104487535,0.6122480236679713,57.57575757575758,0.5987516125901071,43.95184891623476
44.22284472114701,0.4933444304012672,59.5959595959596,0.47799368390794905,41.35204319445005
47.22363029881818,0.5331584650837451,56.56565656565657,0.5269878297836512,42.46956536916442
46.248264794819136,0.5151091823377845,54.54545454545455,0.49820222903716715,44.9795919217862
45.6627264903258,0.5239695843460422,51.515151515151516,0.5247597597184577,42.72727898030677
47.22563090226872,0.5852178719555341,58.58585858585859,0.5558631448488538,40.57758416823296
44.49504506191454,0.31725727324323705,57.57575757575758,0.33027827360533135,39.23755143557379
44.01458509741016,0.48677867605187897,57.57575757575758,0.4955482534332877,35.624490586418275
45.94147010580869,0.3791739870248545,58.58585858585859,0.38162457464617183,40.30890840299111
44.529240455888996,0.5057147376576911,55.55555555555556,0.49290396526885827,42.44399976490922
47.580745740641504,0.4635844123338476,50.505050505050505,0.45235464127062674,47.764837558412786
45.99240031161065,0.3362588571721161,57.57575757575758,0.31994735134106744,36.28808237810814
44.856201220792855,0.5416416121629332,56.56565656565657,0.5218338562188689,40.71699301035792
43.37823927699925,0.4187957247836549,58.58585858585859,0.4445479588449195,35.57263233099373
47.863065609208846,0.5312493709483649,51.515151515151516,0.5272117308228945,48.97908424818578
44.47593450977171,0.44280477964591103,63.63636363636363,0.43501240319825485,34.97046920838094
44.395461726644704,0.5615273063402998,49.494949494949495,0.5324687276922085,44.044418372625046
44.37314903781964,0.5287874532867962,55.55555555555556,0.48899720744755937,39.18375648180936
46.79815327565804,0.55551156309566,47.474747474747474,0.5299383586783919,46.735816070846404
45.010902105412974,0.5172317095836315,52.525252525252526,0.5106624243921654,39.52660148831362
45.09479159261588,0.41858773580860364,45.45454545454545,0.41655791382440377,46.68406771335687
45.848465362519875,0.4548128057336662,47.474747474747474,0.4165517100335334,49.02361786582598
44.575498347070095,0.43456629455863793,59.5959595959596,0.42272953414937386,37.889041205458796
48.60316607051427,0.4463705783260823,51.515151515151516,0.4189079398308152,48.21987889570265
46.451179129239165,0.5476129528167508,48.484848484848484,0.542588950441788,44.461921890947956
46.11891885576392,0.26319310134591545,52.525252525252526,0.2552989307360014,43.37955216967686
47.372810909651754,0.4332994389551955,48.484848484848484,0.40005649757016404,48.4630139175958
46.583050677053485,0.47412791442417224,52.525252525252526,0.4832132939104101,46.867547610122394
46.53060164045911,0.5194469123536811,52.525252525252526,0.5157331300197192,38.83707651686279
44.80552328949632,0.569849223009985,58.58585858585859,0.544600239804643,38.563081900371834
44.965036821376046,0.5429716345811861,57.57575757575758,0.5348919542502458,38.573928165593415
49.761785690726754,0.5587265513971706,46.464646464646464,0.5739020770685537,47.345654839411154
45.03241998966693,0.5412023614926542,61.61616161616162,0.5604538722306842,39.105026296512534
45.78913141851625,0.4811004220128495,53.535353535353536,0.5121094644160616,39.68852362783464
44.15543742091297,0.38814285791485426,57.57575757575758,0.3870747829111677,44.068276922761626
42.53488490810784,0.532544282728626,49.494949494949495,0.52599665782834,39.68475985654245
47.76856546133133,0.5222313255497151,56.56565656565657,0.4901890427818023,41.822975976363395
46.031874821981035,0.41000098932493334,56.56565656565657,0.43118741432012186,41.286144061894056
47.01753258764878,0.37741954043727155,57.57575757575758,0.3923922610250854,36.79629303586369
43.123978509445536,0.4940866578113168,59.5959595959596,0.4864768886180594,37.204145546528466
42.710463518873,0.6377707998408104,60.60606060606061,0.6431838909491563,34.80558581193169
43.649235109859006,0.2976837418048134,54.54545454545455,0.33213238435205605,42.17459672694621
44.890158052184795,0.31959178877078753,58.58585858585859,0.33814815316736035,35.925484541046295
47.02447769722118,0.49581004988898614,56.56565656565657,0.4915450341048523,36.03460850613482
43.898344473022746,0.6669118935232774,52.525252525252526,0.6660407521736902,42.24853544708858
47.00983524221751,0.32706934071550586,53.535353535353536,0.30407355581142137,40.627915262447914
44.6554060510139,0.42090694683905905,59.5959595959596,0.4464166254767722,38.53485204664846
42.3148340384373,0.45807139988538703,55.55555555555556,0.46481272187132616,37.485843501276975
45.68166967802145,0.5957172054382088,50.505050505050505,0.6134740705843951,41.59926066806221
49.45896953515562,0.4684490419403301,48.484848484848484,0.46069229749899687,48.250944572960485
44.16864638775453,0.5392838007302885,60.60606060606061,0.5045634985048599,37.25230317123265
45.15079687169449,0.5306257908727148,47.474747474747474,0.5343404922497139,45.33246811188882
46.942072334359665,0.5929699404551255,54.54545454545455,0.6196299134715851,46.455880987858535
47.82614097275504,0.44835283236473755,45.45454545454545,0.45159049078018154,53.11490838401174
43.76936682919408,0.51103194203748,58.58585858585859,0.5554810275363326,42.48215255539962
50.005755033673196,0.49976639661194844,46.464646464646464,0.5104846651596959,51.40041043404331
42.66511434477185,0.4599374877503054,55.55555555555556,0.44577922513045654,36.33969468563982
43.44441266537898,0.3699136800472398,52.525252525252526,0.38672523999599995,43.750734176379204
47.29693786148105,0.4533865461432337,57.57575757575758,0.4347599398894936,44.45585168873658
44.72378650456192,0.5221620849953209,56.56565656565657,0.5142050598915758,44.247541829627934
48.09562198934725,0.5804206079763246,53.535353535353536,0.5960720486244035,46.28536356107886
43.13909134575409,0.41967877836587,58.58585858585859,0.4497423587399578,34.898339156127435
47.37640824745326,0.5385740041563579,59.5959595959596,0.5628525675338818,41.89094528941786
41.75936615943595,0.4036412217110623,63.63636363636363,0.4160319221294584,35.44838171536826
47.951101356436546,0.3672769088337847,51.515151515151516,0.3778689996521124,51.70306674952489
45.20393912206563,0.3293444857303691,56.56565656565657,0.29325224309739906,38.66340565636113
47.776232507694516,0.6143091112489394,53.535353535353536,0.6043998137680854,47.732778520706745
45.6313395175846,0.5149630410616325,58.58585858585859,0.5265981058639642,38.52302344287226
43.56102027586468,0.5519581061125385,62.62626262626262,0.5199715602323747,40.35481907304559
47.36019192907606,0.18866855253069903,51.515151515151516,0.17442399184027635,46.85924888634887
43.70827156104385,0.6139291396303601,60.60606060606061,0.6077846512113749,35.85706155753468
44.794477448864164,0.5996320913665104,55.55555555555556,0.6038140765947185,41.69465818902693
45.06346095265512,0.4086813115492872,52.525252525252526,0.4269723034923921,43.54899308406384
46.706521537428,0.4039706537666866,57.57575757575758,0.4489525325971646,40.509268227676486
46.632190684914754,0.43077750212997323,51.515151515151516,0.47279885160996826,53.55886680107085
43.39746560475446,0.5480690160914182,59.5959595959596,0.5269735650544699,39.27448276499057
43.369607005937624,0.427893900345385,56.56565656565657,0.4376622881664992,42.46904048249633
46.99794468756997,0.5037371071929884,59.5959595959596,0.47373321678040325,44.508723348009774
45.84327749623953,0.4312965692116322,61.61616161616162,0.42750961461618386,37.91142981970444
46.62112561244483,0.4639386233267647,49.494949494949495,0.46703736617661973,46.241925293668594
47.274283881200944,0.47862759001992683,54.54545454545455,0.5190448763606033,43.62746845333725
44.361779875331486,0.46207608134194433,61.61616161616162,0.47126466705928305,39.46177984431476
44.310113401196624,0.4909542761697395,53.535353535353536,0.5350146213078077,38.49551791688721
44.067293583058074,0.511136155881355,50.505050505050505,0.5176455539332868,39.72133026058897
45.08693652493013,0.42626786899192504,56.56565656565657,0.4623818721666322,37.36793803119001
42.52536545526724,0.4900126719606942,53.535353535353536,0.5099777561271225,41.780921452175065
47.57764145362927,0.4363259547111943,51.515151515151516,0.47721602658657925,39.87010937109028
43.48883969022541,0.29614012085205466,49.494949494949495,0.2797420415927031,41.81252096601307
44.76686245835919,0.33515175592217117,57.57575757575758,0.2975496698305249,37.22828144683075
42.82993536338648,0.4994961590820465,57.57575757575758,0.5048812634450273,38.90391156999473
48.10627210563377,0.43349888846836226,52.525252525252526,0.4275224029853947,45.08990025008055
45.39634325159832,0.3211826341155679,44.44444444444444,0.3386451932952542,50.64468931674169
45.741932327371735,0.5289135239772291,54.54545454545455,0.5009368699285561,42.495111631214954
44.28164293838325,0.5859888465918859,58.58585858585859,0.6053484343530349,35.52590507975963
47.87239511488215,0.46738258170271474,43.43434343434343,0.4452673389464564,51.54231965808258
48.46717011943813,0.5168805531590239,47.474747474747474,0.5789681029621001,45.258987892304205
43.78874872553664,0.4806707433041185,55.55555555555556,0.488568434055628,37.910756992954276
46.226094014145104,0.48539789276289824,56.56565656565657,0.516595257511073,41.01057332325402
44.295941065209064,0.6237547434913968,57.57575757575758,0.6400585932144478,40.86635962148384
43.88849254463585,0.44162062266409396,58.58585858585859,0.4747665186089207,36.40506916477162
47.14386058689462,0.3943747475540803,54.54545454545455,0.3797312236374565,38.66754600776896
45.5534988053623,0.4236366282521886,59.5959595959596,0.4069608256348969,45.52503087141566
42.569550769829604,0.4827510128698894,64.64646464646465,0.480678023013136,37.089684568684135
43.75454905996576,0.4689971137604254,58.58585858585859,0.4367989484852438,35.475803041285616
44.0911735556716,0.47830232022698416,63.63636363636363,0.45425598181568483,35.98582940640753
43.2859513608612,0.4850845168265169,56.56565656565657,0.5360498093735606,43.12626327800053
41.93029089833732,0.5908610187575141,63.63636363636363,0.5702286548807199,32.298702875031736
43.254967003636004,0.431568281482692,61.61616161616162,0.43153461129539816,33.244031337565374
45.999801446495205,0.38591795119130434,48.484848484848484,0.3691782461433105,50.352379104862436
45.19565689461476,0.29311562809572045,57.57575757575758,0.3033504768113915,38.089284064690254
44.35274747023538,0.5854893262114143,56.56565656565657,0.5884371900098218,40.53523991128716
45.22201855449231,0.4671098965791928,52.525252525252526,0.45602199152107237,38.276881779917375
43.13546454182742,0.6188964337437382,55.55555555555556,0.5885521335530065,42.745341709259876
44.45605251386795,0.3986867528187069,55.55555555555556,0.45105682446516315,39.34126359331416
42.96409346293327,0.4800681605662186,60.60606060606061,0.4843698350374701,34.85657066625836
47.55946920715104,0.49170777934255083,56.56565656565657,0.4834013687405355,45.35279132701886
42.80187648761121,0.5407074845306128,55.55555555555556,0.5628693025890477,42.073317535192835
43.3898719880797,0.4660288202348023,49.494949494949495,0.47509586427300676,45.83968864685235
44.58012231076687,0.47432140801890044,56.56565656565657,0.4268816414195209,38.83994970331634
45.35358641699072,0.43274355087283345,58.58585858585859,0.45544369070688817,42.07190878351304
45.15627951602544,0.44165646742137055,59.5959595959596,0.40035552928381335,33.90676614315491
48.14890202911457,0.5625017387631157,50.505050505050505,0.5625627941027431,44.914985632827495
44.358402004508804,0.49993068097933724,53.535353535353536,0.49316592421595495,38.276037501914196
43.738820420353306,0.5053021346551017,55.55555555555556,0.5134764512651788,42.297132529607275
46.349502072848956,0.4711961919218617,58.58585858585859,0.44982215446575025,42.99186437011973
44.420740317227704,0.5575083409744221,52.525252525252526,0.588334236971074,44.67879938676431
46.982004371792385,0.559208429092443,56.56565656565657,0.5427774275140733,43.837291591286906
42.6928185530681,0.5226773899043573,55.55555555555556,0.5365340208073116,42.541998814283374
43.64326019357899,0.5266029726893897,51.515151515151516,0.5190688603876883,41.00692352862445
45.44892293438828,0.5567922312976972,56.56565656565657,0.5367440483076678,35.93064196963163
48.97828006974238,0.564768193078889,55.55555555555556,0.5624254139347502,45.40493830630561
49.143219483788904,0.5652776637296595,55.55555555555556,0.5841407264586735,46.68985889395931
45.13929082211023,0.5803359255540927,54.54545454545455,0.6009410012174632,40.64396938777175
44.42197627749016,0.44279469914077774,58.58585858585859,0.41006587585921594,37.77450905633264
49.951291458426475,0.47744490899698555,53.535353535353536,0.5127470309403619,52.692390787813736
43.84743038047311,0.503130062369185,64.64646464646465,0.46577822253713297,31.88200484002637
42.92695585276209,0.491199502008852,63.63636363636363,0.4445123146995189,28.874899214539028
43.95800062714128,0.7065650450314797,59.5959595959596,0.7266549720312789,36.15963827387449
44.45199626860018,0.335116545993564,62.62626262626262,0.29416172173550925,36.70988463439855
47.61359970244068,0.5166675196333174,61.61616161616162,0.5068896649677983,43.87859091033801
42.219935997756274,0.597875871872926,57.57575757575758,0.572339953924921,37.18823767095007
45.69932856870338,0.405871191150152,63.63636363636363,0.37940746986117824,39.663084658199296
43.630845436068235,0.5266698547554316,60.60606060606061,0.5147503535471556,43.6267314641763
44.93584880261257,0.5204111695673344,56.56565656565657,0.5240345093902198,41.35694501484555
45.654272272564825,0.370480663829415,53.535353535353536,0.35407711033211076,44.34067697536219
43.358038708599,0.376288001988764,61.61616161616162,0.3938198655420426,38.87830888788806
43.30032904342956,0.4671003348797259,50.505050505050505,0.47530892743920816,42.746724190385386
44.23350773284815,0.6786683405067351,57.57575757575758,0.6766627052637029,38.00306676028349
45.410755989063276,0.6213220803297053,51.515151515151516,0.5968299012859641,43.10832432284788
42.91129141416854,0.6412750020916409,61.61616161616162,0.6225375531666679,34.90485677225552
42.123944585603134,0.4828339132677736,55.55555555555556,0.475232036849773,39.044176802967165
45.709740373127126,0.4586686419668671,51.515151515151516,0.45731146638801023,46.032454401798816
44.03791066617661,0.3660497789648609,52.525252525252526,0.38847070062929645,39.966492972918985
41.94942151786245,0.4208064450434038,61.61616161616162,0.4031030808971128,32.65435916500488
42.90578508831629,0.5458299439813491,61.61616161616162,0.5750627981727574,37.066115213229665
45.31679945253519,0.47970251777529604,55.55555555555556,0.48301967442779625,40.8134816243209
43.748990317072376,0.4021744367616493,55.55555555555556,0.4440432145342236,41.1237078002705
45.230559540704185,0.4312117710921839,55.55555555555556,0.4719572101701863,38.573373020394655
44.278230374371134,0.45309732760988464,60.60606060606061,0.44754047397331376,33.49064674998674
46.43429469961512,0.47417975728263295,46.464646464646464,0.49642972695551624,52.85789277089774
45.013586639353576,0.46935396325619305,48.484848484848484,0.4887894973384104,40.501882966684846
46.37982037013738,0.39800707427324966,57.57575757575758,0.37052795368352387,42.223058196670316
45.7418583574577,0.4887814697630902,55.55555555555556,0.4654838426278275,43.663432372151
46.08667790855198,0.40395171852025036,58.58585858585859,0.3740079644565647,35.476844510394365
43.53724667550484,0.577242503013768,54.54545454545455,0.565809494116475,41.86493257905055
41.66350329554178,0.4653209913113554,67.67676767676768,0.46700377405824456,34.22269741916843
44.39492413754168,0.47865665966810456,59.5959595959596,0.5010213075595714,41.587541816982124
42.73114530159491,0.5117588484881371,63.63636363636363,0.5160024753428547,34.62749212688993
45.754242014016164,0.6119802394565337,51.515151515151516,0.6324207214320996,38.215084292262944
47.6508817894532,0.334085697270194,57.57575757575758,0.2928780006824724,42.81256936140798
44.37831575129891,0.39433420604790936,54.54545454545455,0.3917472318008226,37.43274900959754
42.398998754407394,0.3896088909260731,66.66666666666667,0.37583206123224666,35.07471638717876
44.12625577252614,0.5254673459915068,58.58585858585859,0.5198655840595267,41.58976163966064
45.18929078824807,0.3778399244408015,51.515151515151516,0.37198720490686943,45.00172809025877
44.989859190308,0.426349536432131,63.63636363636363,0.45381916079118834,35.133156910367845
45.973337522958566,0.47689266039435385,47.474747474747474,0.48044662541749017,51.772346908409574
45.76795933014077,0.5587847324380278,57.57575757575758,0.6115853441815085,40.349378066731575
41.988765326402074,0.5381206366075675,61.61616161616162,0.5521699212752473,31.924079729342793
44.838436210746714,0.3768783373547612,56.56565656565657,0.3637025121495633,36.20394630311279
44.55368703020268,0.4690091804413917,60.60606060606061,0.48331463839035627,35.27004838856638
44.664705820430804,0.44933433830910896,59.5959595959596,0.45239896470602425,41.34983669856791
45.57667887671148,0.4106701441141972,63.63636363636363,0.39467146655400487,42.736561376757585
44.7718907305524,0.5329191282356576,51.515151515151516,0.5452262055787418,44.18070818067197
47.595553980815744,0.5342616794211701,56.56565656565657,0.531710411752536,43.649484424693874
45.1902743710471,0.565239453991381,52.525252525252526,0.593294704319614,40.68681049474077
46.76527780991433,0.3591710561132625,59.5959595959596,0.35572891609835333,39.05046727994679
46.26687914409684,0.5894784974424091,51.515151515151516,0.6194656696734432,38.2924281781652
49.81440233189278,0.4277827137920782,48.484848484848484,0.4299859980476781,53.19367181936661
46.820827072542706,0.47439409000982324,54.54545454545455,0.5400309124702289,38.89386716369108
46.87265097354937,0.4600772307852462,46.464646464646464,0.5091181166791283,49.158894075697226
42.154082447916295,0.41933578695879303,57.57575757575758,0.43059086619688525,36.961069326860695
45.850014698958276,0.5171713905231639,52.525252525252526,0.49892037032269243,43.190614095350746
45.858474748136366,0.46211535781175517,49.494949494949495,0.44361232145883744,47.3845361452615
43.25991400895528,0.5742734940445682,55.55555555555556,0.5584898831250621,41.09962237795042
47.13941240429389,0.4970380434688457,55.55555555555556,0.48360931810774055,43.95240174877435
45.92133404915539,0.4578814319375699,58.58585858585859,0.4936950321864364,39.71948630900528
47.069112235045,0.4108342997145825,57.57575757575758,0.4606499658440042,46.63087229003331
45.87857998883883,0.5397830867034263,56.56565656565657,0.5496715130652945,43.04650505186758
46.95801660573275,0.4708076219185152,50.505050505050505,0.4707754298577098,48.30346728829071
46.55952253191781,0.6070054992958296,60.60606060606061,0.5782916126572213,40.30834840939461
47.44021771336966,0.37482931227792105,52.525252525252526,0.39961365993950126,43.16706444141381
41.66438572626176,0.46127176688055904,57.57575757575758,0.42632554123997446,35.377605517169016
44.85446315215288,0.4357493218835191,55.55555555555556,0.4468461392947014,38.633212936613305
43.646490794675216,0.4663419033548797,54.54545454545455,0.46327347320645706,43.00299874784561
45.70396103727836,0.3133958692954082,55.55555555555556,0.2842775391593704,43.27301848097969
49.45804191037706,0.4749827774598663,44.44444444444444,0.4597259450914464,52.892640041780496
42.93709260989949,0.43713623527377254,57.57575757575758,0.4081752645727469,37.24831742227337
45.58759600266392,0.4682458707288478,58.58585858585859,0.45939032631027954,42.30003111254543
44.676069764433635,0.5758131059186633,54.54545454545455,0.5726135015374002,40.23793136245981
46.7257563141568,0.38424081807464816,58.58585858585859,0.4086547296255153,39.28809477844537
45.6686567014426,0.4107775633745947,47.474747474747474,0.40681561036256575,48.177685309739005
41.86714046663248,0.4951946506252962,62.62626262626262,0.5187228052910313,35.54463909392322
45.2109343387952,0.39518728724143426,49.494949494949495,0.3859479938583046,44.87207440881491
45.60274569577837,0.49343858434557286,48.484848484848484,0.5099609860187432,50.53718327783281
42.27256011473964,0.4825484741167668,54.54545454545455,0.48969799130479297,45.471137952417905
42.59988817037066,0.5479834324889012,61.61616161616162,0.5191767029688918,35.188270684999125
42.495784143316605,0.26048699325220537,51.515151515151516,0.22848719683758245,40.217065868615954
44.29582497758597,0.5957807364703105,51.515151515151516,0.6001584943603047,42.276001077488615
45.85989451116062,0.4355716532691365,58.58585858585859,0.4593263065512597,39.184095537888155
46.4384484564885,0.46836697585186937,53.535353535353536,0.48902629786538887,44.34822123365538
44.24499327749009,0.3743773627510856,56.56565656565657,0.37761203254020836,40.467283319365066
46.27696007637774,0.5090915187163662,53.535353535353536,0.49692826641320664,44.081593334351844
47.040058404033466,0.2745640799123631,52.525252525252526,0.3028501911896905,38.3964022873555
46.584471620162525,0.42736828354622114,53.535353535353536,0.42092369723734135,44.71550767285339
46.23196220817418,0.4671708914570649,55.55555555555556,0.4502521039078664,40.351171247575394
43.93186414613718,0.5037578272853415,62.62626262626262,0.48999440971142827,35.5282359983792
48.27757017949585,0.47223657930430163,49.494949494949495,0.46209523324435964,50.63682459695749
43.64096618570714,0.48024811522351074,51.515151515151516,0.48150898978572565,35.609674794081904
42.31819393797822,0.41595375022441305,63.63636363636363,0.4084533440816386,40.16674062790424
45.97084319035376,0.6845735239833404,51.515151515151516,0.6553414280411092,48.63155309990881
43.23343389780481,0.5429949129983115,59.5959595959596,0.49896225368868086,34.22517520887038
51.47926836852895,0.4729923276268825,53.535353535353536,0.46528676055013407,47.54987358697627
45.01494151140775,0.23149274682001741,54.54545454545455,0.2264850335851064,46.65163207820762
47.81124617997394,0.3948081653883968,53.535353535353536,0.3413611033222137,47.923169078149265
44.569003775307245,0.5066038780039699,50.505050505050505,0.504596598706365,49.105315709105746
44.65098982879125,0.592068722725926,51.515151515151516,0.6210560769319294,43.58750186999705
42.171580768317504,0.4501406049417678,59.5959595959596,0.4692002156941326,33.73185835655892
45.504717279453686,0.6352379189341752,57.57575757575758,0.6430724103384677,40.70858659254417
47.9745811231699,0.6658087056174875,56.56565656565657,0.6530598057339979,46.07911072389494
44.90514240327369,0.4888532095992548,53.535353535353536,0.5312976403256711,44.525869130517506
47.570032936089966,0.5843562972981748,48.484848484848484,0.5755851572661946,48.55331177579878
45.86382894491807,0.4119465166810553,51.515151515151516,0.4482692653650745,44.8329322303553
45.44384579045353,0.5747251851383014,51.515151515151516,0.5845123116708641,46.85127550329899
45.0216792985726,0.4363754339126522,64.64646464646465,0.4105338428621088,40.73873432249786
48.16821433579768,0.5554541790838149,44.44444444444444,0.5270130091020978,48.67951692749906
46.04789647398568,0.29818931465194576,52.525252525252526,0.3180745459240104,41.570794179453685
44.68058434099802,0.4516244537415477,54.54545454545455,0.43968422916141203,45.71708726787662
42.965422938204846,0.4507824180191744,65.65656565656566,0.45875441059186806,31.121686543477068
45.285695276816405,0.3535976748205527,62.62626262626262,0.3327269539712361,45.129372366193095
41.3834900211768,0.4810842401476033,62.62626262626262,0.5024085224142874,36.60801970759555
47.68952869799223,0.44073314501736705,54.54545454545455,0.4387778243785724,48.72323151572078
45.542029620468625,0.44589335711542344,57.57575757575758,0.48889580619662976,37.565149733928635
44.96135190370929,0.3072868063539824,65.65656565656566,0.33054577327875445,32.890982083256695
45.149328174723635,0.49202667150123514,59.5959595959596,0.48004914182013525,40.15641845345104
40.923291920604086,0.5905685936760259,62.62626262626262,0.6083280164287612,36.49231878161574
47.87367454281173,0.44322068817002724,57.57575757575758,0.42120005225469737,42.749396852834074
43.72933788942118,0.6120826296145887,56.56565656565657,0.6287337428512396,43.484683145762126
47.45414019668903,0.24315979465505377,52.525252525252526,0.24453798092096368,40.972950411602895
46.831050383211625,0.36236274229665577,51.515151515151516,0.388196818150896,41.84789031787637
46.18262649718836,0.4644883127688306,54.54545454545455,0.46649556965541583,45.55229921835764
43.576295242345864,0.39770632649802995,59.5959595959596,0.34527753364844826,35.40930027818738
45.81387482815632,0.47011473132095716,57.57575757575758,0.436128644441775,40.451598951267734
44.26483908446039,0.4392003612043628,54.54545454545455,0.43476194046858163,47.75413359316707
46.93214415065251,0.38922144741464904,50.505050505050505,0.38836814544573606,45.648768297009276
47.31224964347016,0.6440034078352155,48.484848484848484,0.6334185805161245,47.645822952095784
44.66931997208056,0.5229924873854355,53.535353535353536,0.5637007263096678,37.544921205461335
45.73149747393388,0.4971278369891372,51.515151515151516,0.4850041102213085,44.12059462743984
44.04741758599797,0.4888090976482904,48.484848484848484,0.45339395900315493,48.30337473838657
44.05880572152401,0.5429501394172812,56.56565656565657,0.5465131773051612,40.064960900812686
43.49285619052132,0.4876275460568753,58.58585858585859,0.5168322639405549,39.11713548927962
43.7254347657519,0.5182009449466963,57.57575757575758,0.5077217295160372,37.549272672608055
43.75112625249823,0.40445298354194037,51.515151515151516,0.4181351593378084,38.946775433970075
46.33946816289903,0.5421184652945155,53.535353535353536,0.5191210603637467,43.655984540559345
43.832941826341234,0.4861595674784577,59.5959595959596,0.483909654528907,37.16365146903797
44.60712795952178,0.36191312475855886,51.515151515151516,0.385898359860107,37.935441097954104
46.43091860489557,0.30754151283170483,54.54545454545455,0.3042138704083934,41.173910779193854
45.08548951093967,0.32301318346300556,58.58585858585859,0.3428061263509591,37.55900484260795
45.57110641628066,0.4702375083351086,59.5959595959596,0.43332388668013155,34.901045047485546
48.05811665565025,0.3884021326056011,54.54545454545455,0.39824656330164054,45.38820857834332
43.32759231530356,0.5824680427785118,60.60606060606061,0.6117152107086901,40.13567117353636
47.25524705351649,0.4954046232956989,57.57575757575758,0.5143356770189573,43.46911684424983
45.72128955230066,0.5394749386016606,57.57575757575758,0.5541401681370333,39.55680928166154
45.63052900133844,0.40384979794170617,50.505050505050505,0.38377669835892714,39.29357990140041
44.97952026610342,0.5663371323998045,56.56565656565657,0.5387966544718799,41.928170733520595
46.24660585299546,0.5206586807732151,57.57575757575758,0.5350529566483724,42.425233015355815
46.789109770829405,0.5834128447420416,50.505050505050505,0.5812348552838382,40.42627219397297
45.13710579272365,0.42237871543907535,52.525252525252526,0.36932531436351024,44.757970212382126
43.11571423490492,0.5395677662448986,56.56565656565657,0.5372062260047452,36.3105162943586
46.717662969980324,0.17858592674837592,55.55555555555556,0.17114484289016163,41.20799889405764
42.39744216226926,0.5881292210090419,54.54545454545455,0.5773758433025464,39.035636501075864
41.481340939384246,0.2905276515360802,60.60606060606061,0.3157316616823884,31.124999196731217
46.78553271488034,0.4877195246282433,56.56565656565657,0.4923895478980185,44.07015673415853
46.27700485227829,0.3105310737211928,59.5959595959596,0.2895154723138268,42.1648641576511
43.68556928013376,0.4427496906757946,54.54545454545455,0.42560567927433035,40.29460353792737
43.242271602839665,0.28863367611084334,57.57575757575758,0.2810711134981376,37.69080585304021
43.09950633149108,0.46030749046101394,61.61616161616162,0.47175526741387364,35.79953513662532
49.623796126855034,0.5160125390505113,50.505050505050505,0.5019987461862012,47.696882236199926
46.57559379076079,0.6341455041020405,58.58585858585859,0.6059818707016533,40.40235905034668
43.433258820548694,0.5686801648384188,54.54545454545455,0.601366575519165,42.37200034185913
42.940754736933954,0.48653393467397277,53.535353535353536,0.46941149521848446,41.30856563543852
41.81466637503036,0.45922787851751135,61.61616161616162,0.4651327017690209,30.80201182171205
44.09320938659055,0.3244103463043275,53.535353535353536,0.2938160120797152,44.49880217651652
47.62963623243096,0.5444162373152266,53.535353535353536,0.5534337326059866,43.328807826163754
42.3249724784283,0.3211944610276204,51.515151515151516,0.3261227445973117,41.027069093916026
50.166019710755606,0.31296380530633283,47.474747474747474,0.347287249503487,51.47600394842211
44.242787770364345,0.444549869563174,55.55555555555556,0.4416737590270655,40.01006149300288
45.82013716943085,0.43380281657748765,52.525252525252526,0.45255619784945,46.52952279080922
43.983746764626154,0.5660768976547544,50.505050505050505,0.5465469711965318,41.92984724836961
48.48609697005022,0.5206251913525352,48.484848484848484,0.5152272188343483,50.23984006235149
47.532818064870796,0.42655495034246105,54.54545454545455,0.4347407652975971,46.160653834774166
45.82635283428878,0.4375995180352019,61.61616161616162,0.46322442729120294,39.006864376621486
43.74437727442396,0.2807201009035679,58.58585858585859,0.27088678708911473,37.71179440050831
44.37284065390003,0.44921793744217753,58.58585858585859,0.4491922942401808,36.0706287226364
47.72600807783631,0.4566091277326372,48.484848484848484,0.4554774776150897,48.5813398700625
44.524914376677756,0.401046580223821,60.60606060606061,0.41080043869748184,32.85189773394674
46.538846920049906,0.5702015688330568,55.55555555555556,0.616199862175471,44.35653040333414
47.08517489623743,0.38981637450688233,56.56565656565657,0.38280964155399433,38.99257047797098
47.558579839342045,0.593800783879504,53.535353535353536,0.5651939378862398,43.65654598677109
46.69329386734682,0.6294120933483429,56.56565656565657,0.5945093027242667,44.52402255204464
46.42982088454308,0.31549065298544243,62.62626262626262,0.29997323013713884,40.705765376791646
46.137846399260205,0.542572999549094,56.56565656565657,0.552250706023869,45.10714659633606
44.55380784795492,0.3051967021070392,58.58585858585859,0.3025774577901291,35.515001186862946
53.34213414904283,0.3716464326366753,50.505050505050505,0.32491767007859584,45.2614313770131
44.5697483074077,0.5033361936198524,55.55555555555556,0.5098465965041806,37.01306980737296
46.83497414319905,0.6737466830908685,55.55555555555556,0.6757136957737458,42.88884691844308
48.98350490216012,0.5302530234921451,50.505050505050505,0.5274180262769497,50.071189365550126
