moving_unscreened_5,moving_unscreened_10,moving_unscreened_21,moving_screened_5,moving_screened_10,moving_screened_21,circular_unscreened_5,circular_unscreened_10,circular_unscreened_21,circular_screened_5,circular_screened_10,circular_screened_21,stationary_unscreened_5,stationary_unscreened_10,stationary_unscreened_21,stationary_screened_5,stationary_screened_10,stationary_screened_21
4.545865563099877,4.084237248785879,1.0890799476752486,4.531634851503801,5.093571953178354,2.0464048188581856,3.3702447625555543,3.408273070655841,2.209670780199028,3.5951801319502286,5.0842409573522716,2.3813043547989463,2.8034234283787223,1.8814152283640961,5.057693766264988,3.182426877118148,2.740919366105619,6.139614001370392
3.008987627400132,1.3273687364589395,3.602503214965302,3.509499542031537,1.862845123771381,4.306821170286002,3.200545948606327,2.3791438367427244,5.759280266831519,3.6256225982552643,2.522000608250326,6.223782681216017,4.88717168040393,3.277503357248245,2.7250758421196664,5.252437548472115,3.7949202756078546,3.0274448463966803
3.8293881768027425,0.8519616014388787,2.9455677729328658,4.731577238026434,1.751371679114325,3.4580212170695286,3.6249499855973633,3.3696131509689935,2.531926294835348,5.452674498141201,3.919376483079136,3.6219071051284852,2.5052566235543012,5.1931999750441715,2.35597779812658,3.4781039806072624,5.353810411669641,2.859940693211595
5.377750673956039,3.8659093205003834,1.8890818223363397,6.929290447705587,4.384402250665886,2.1862807440756717,3.321303698154498,3.4832999459313205,2.964356784495681,4.148141333339779,3.9739099139737126,3.8505961271647116,3.367235030478619,1.6732312689480178,3.1216150411398376,3.6142605632996117,2.1083720272372752,3.3746412812392146
3.9936304180313056,3.8473484112440715,1.7654876765815923,4.29065940219189,3.828416262797332,2.568170844961761,3.0323430773462867,5.871148280517648,2.1216640731869316,3.2689183214948603,6.142115727595816,2.3674360448940988,1.1691552367881117,2.0492367567467724,1.5918019902996898,1.5420458530930916,2.4763389825416358,2.176266947446198
3.971262621653445,2.1383905354083925,2.060571447288766,4.161456813936308,2.598309558330888,2.8978192271964263,4.549265413003198,4.033932743697781,8.134592182327554,5.237321568307747,4.175923929667636,9.858855949509175,3.4181436426591585,2.608517473786734,2.815223853283552,4.127938070244987,3.6474510488047205,3.1133127397493263
3.568271623862285,3.502420108209068,2.078536111128895,4.061266489260212,3.6048743608651854,2.724904940424006,0.9438592722581666,3.3508801015066885,1.5213571724666992,2.0333986822138153,3.4901309267873155,2.090527774433239,3.2298034658649457,1.6777568933409104,1.0282837630121138,3.1106348251955027,2.647288448401917,1.6479276039445703
0.9772583676370948,3.476807942184624,3.1792732217500577,1.8880152831067991,3.9660529455743414,3.135714011869985,2.669235495126756,4.393704386716455,3.7344852789163236,3.442867580773838,5.54783286162698,3.668928908354431,4.135054439327246,5.451400227812197,7.215290942116077,4.3891300080669025,5.554611094722343,7.8539158929239585
1.4334716529356435,2.6726941838539036,2.8394451518390564,2.1033208787852677,3.631785937015029,3.494087437347953,3.2114592533559203,2.2727234183962457,7.117595994743422,3.4223369345528174,3.119724292615573,8.530798567574388,7.403480984394195,2.8202692389231094,4.297914097922426,9.621691236438577,2.8245571018892255,4.679848839793939
1.4149481375073236,6.58756293495819,4.532894906300856,1.8217746873495242,6.621531708423419,4.523242805231643,1.7890073450729864,6.824056938798434,3.824319296607649,2.03542737471832,6.821307643328764,4.707114060362879,2.1435261571264626,3.57479964870182,1.7435966395921683,2.8926838683830276,4.388249111392234,2.3592845319740676
2.854169006347849,6.348370973413481,3.665895480655187,4.767387210634632,6.608887571947593,4.198602280963389,3.3880688276883295,2.360530775652478,2.5640388307424815,4.942410818644382,2.8375372949659474,3.23906587066381,3.1176650232887595,2.2507813196772406,3.634700205252668,3.529050614495165,2.8258727649949194,4.070346998351991
2.182256152251033,2.63799976120734,3.0877613125844614,2.7654072675204313,2.6757253940763466,3.991356760336505,7.043900400713615,3.3123651901106475,4.172598233050008,7.292281290322033,3.4709981848849947,4.269655271217146,2.393816624292321,1.7912365437111313,1.8195139276399133,2.9105231816170973,2.570904393747697,2.415402871346171
6.9277393334656,2.7613740560830164,3.585435367462512,7.162156977055511,3.4315833534308764,5.258985764387378,6.843597461461557,2.0850013509861434,1.846167782458955,6.850958884898725,2.4774475586162,2.8315089150655255,5.463742992645464,2.4627476014695038,5.753496477914267,5.590053449861805,2.6944871347291515,5.754952604298574
4.93706436857031,1.5250441587111605,2.3104771673235307,6.392266244742671,1.9499073346668567,2.576600465786634,5.379440479212237,2.878692622416219,3.9965731971877028,6.600075396961916,3.0402695026402706,4.035565075448271,3.7559505283139356,3.5755541164749594,7.032021149234533,4.4039916733556925,4.070043983716064,8.418869767752083
2.324477433355629,3.5261049236329205,0.7217252567449348,2.807334113639255,3.6869389675243025,1.4520827752735928,2.2448029637534446,3.2030882824831837,1.5390669806946224,2.430170554342697,3.2536036618209203,1.905758243292537,2.257886399073881,1.864383906620423,4.563838837103788,2.6511728919608006,2.6354471862121054,4.762326680797318
2.7404014021133913,3.571726653076812,4.6426048949361345,3.545951391586127,4.1239944721216,5.0221676394384716,2.0454674352931783,3.411582875393476,5.081066305009295,2.5334412312116097,3.5018692796581963,5.165974462632528,7.233325881302596,3.3392581794117953,1.638819370904331,7.695489506841447,4.390607379166195,2.206894687131091
3.5804474856799215,2.1511951744687643,3.704452631355864,3.7572208217786254,2.5505641193259634,5.348441706775133,4.225119270560633,3.720961691269485,4.466577827593599,4.761543971777404,4.478449681904843,4.432908433488243,7.050815382443411,6.7454650251708665,2.6855248744052536,7.535876004680776,6.896770100488487,3.201646359164768
1.1096097257836666,2.6416167800876957,2.952681534655057,1.817144152417416,2.984462078689189,3.2582116976078423,1.494809807133925,3.3381947476263396,2.887988434411555,1.8208080031618206,3.844239651564553,2.9528064240203737,4.01881202545819,5.009499438838937,2.57570803021046,4.039558780147025,5.58979238009968,3.858368599666893
2.866628365995453,1.7037661225313587,3.4026857368110166,3.0684057756911667,2.4537007096838765,4.000827889368132,9.530751332413512,2.0059042164403036,4.4237062700880445,10.26246831337355,1.9445478862088659,4.645099308739632,4.70291312065689,7.223481138744853,1.83706551941675,4.805466990752741,7.297346465991579,2.8592192889978945
6.587571164984451,4.739753936761298,3.113598327235375,6.871325698472004,4.912859537487167,4.792078123821181,5.691517207173561,4.956562984517063,3.2550822413946325,5.832419749350165,5.640512921365306,3.8701986046586097,3.9302172418875356,2.164908755097705,1.2904035165712369,3.9338215650313697,2.64597613372007,1.5373942778975656
3.1607640097934104,2.3550185866182254,2.1536011985802843,3.3456455450864966,3.0166429077288752,2.9241516981917863,3.4214017638313856,2.6532865489493087,3.72697803689341,4.117081737980679,3.066498226809291,5.209257844996794,4.665585751199852,6.537665529900473,5.137693266630659,5.029645402000181,8.36714335639824,5.205444316469551
1.6313637470537812,3.231706177222666,5.342555558162806,1.704489655987401,3.221331867981647,5.373096585722826,1.7759595273168913,3.6052606451035074,3.1490435572488686,1.8812883678793633,4.423199798393917,3.4364051203191,4.007407403277923,2.0018202921768213,3.5013096179248073,4.439048238007127,1.9847499131175583,4.247600024083188
3.524338526855766,2.8775324379723997,3.3524620352919303,3.7662284924132763,3.3975886083402087,3.5216192452867823,3.462747324418677,4.428890658866865,3.446232367329072,3.537637537598552,5.9023486910327145,4.064970557087165,2.9268190953402526,2.372937388137216,3.203443763562526,4.2144865955288635,3.2740786925268,3.9640569681288733
2.101386438285119,3.8827416572240754,1.9220501210625363,2.3851922722899985,5.440320960194316,2.349861302969494,1.6088065549475188,2.805318397654826,2.6922080642447894,1.7819554769178472,4.872544751325476,2.6321373756178583,2.2382037499556646,2.875741441575921,1.298299648564582,2.741019305507449,3.6267606858327945,1.7326679943116592
1.3072337076837262,4.503719473578795,1.4842847013190659,1.7355988034784755,4.463116359561646,2.4318751405389314,1.1062982601289113,5.7646220719272465,2.745806793811074,1.4434498472776014,6.500112912281498,3.8687954426667908,1.7028810149860756,16.35908952063376,1.2005383508708252,2.1094202610975286,16.678965114297657,1.5012689191362958
3.198297302844435,4.138408913096498,1.9316781746927276,3.678347727212218,4.422718364585047,2.2745705965329015,3.335179265972287,3.495207568213607,1.5220387840049479,3.7734332167834572,4.279406370138571,1.7924630568686866,2.2078297762570003,3.179486240912023,4.13300719406259,3.271742270140292,3.1492134560361613,4.07538478619209
2.8700017697014997,3.0460227237503443,1.9108183574452082,3.3826791609555094,3.8206413842148748,2.213733390240496,1.6356551771406267,2.020001784315966,3.1877866234455383,1.993387370918497,2.5720061717973812,3.6700994636109185,2.883762394475128,3.8949323689326696,3.7410654448011997,3.203033322867051,3.910753252373589,4.072784530280924
1.240583091386643,2.262565920888026,1.3851040752953878,2.13065891232181,3.0049136726811683,1.9352225524406996,1.125682305080929,3.6022380480727576,1.914574606204648,1.7863834556052949,4.236634414518668,2.240209730723806,4.9751915186202655,2.5425533659202313,3.4688351012910816,5.869393455210263,3.014849330035816,3.523928939159289
3.2849655714015387,2.154635557121743,2.6922516764277384,3.4881872154249676,2.754516660035345,3.156287129671518,6.042158784988779,2.3139020719424126,1.9701413851235596,6.21613532909009,2.626615183118119,2.235406317767839,2.074216262124067,2.7263908647181734,1.9051847245738955,3.038299233042067,3.4871563528294063,2.6471650902469017
2.265133647138913,1.964054895834875,2.1699498152210093,3.0188971105761766,2.725416193212255,2.9256556428870404,2.4925014923363564,2.635402194098578,1.502359893553638,2.8982647465991356,3.790912327593895,1.7354874070422905,3.297618614545169,2.6710812052069093,4.052153707138632,3.9930989790654094,3.103266494263015,4.43415038027809
1.848418878450488,5.177843331290284,3.071292358371672,2.5940445949349806,5.388562814643919,3.3271036317851514,2.5437823715821697,5.182553801290265,2.14328679627358,3.537642109999496,5.820748285609278,2.9321946155778114,5.303001808846857,3.5132853224235765,1.3259794876237785,5.5922762300934865,3.7938697083898294,2.06038635321759
1.573010018070912,3.134633370006232,2.7078894252916608,2.048840058890396,3.47532012007199,3.2445033319356074,1.7813022385137696,2.984186456993741,4.1192936049201085,2.1223578423320477,2.964163385016872,4.5006738569151725,13.697667185683374,5.417633026937793,0.9112797315932917,14.915988517669524,6.00640061646839,1.5127475959306602
1.6768059091555056,2.5471366464129823,2.893844208728237,3.7689483370361097,3.299359668165248,3.755926955780542,2.285412946744932,2.978758049606415,7.604360415570741,3.825536164779936,3.6082714552988557,7.9900739266756595,2.3100286832721624,2.528085466466192,4.7019570793636625,3.035793109006909,2.960054002804906,4.6839092170000125
6.207665652252777,1.3501588596143477,3.900944841966515,6.7275173737063865,2.5401871453057674,4.096451620567578,2.490702107979903,1.8741824664045807,3.6191431230266975,3.24545919175939,2.4005036609744446,3.5945688079640985,12.302614787090663,2.595356809745456,4.253978048173395,12.915407357365357,3.522554730948321,4.2343906714156825
2.6300802527393996,2.7890638029334447,5.290313596964197,4.710701943208732,3.083095669944685,5.881392597108673,3.7031453995141104,4.318789790003054,3.8245713089258038,4.508304080335698,4.619119118544243,4.321888151444024,4.8389158394661544,2.2732442885717608,2.4444769853752057,6.712276891427611,2.976615322074259,2.746536303898174
3.3230533735431056,0.9238664836680016,5.753515597158238,4.7442624064492325,1.5948562685482464,5.749837170401552,3.192507075331297,1.5182615052341686,5.162672489416592,4.502098643225451,2.148455155251197,5.691895384720092,4.703391491748199,7.095231972563116,1.917090056098921,4.947165250166328,7.808057798817461,2.116535381241531
1.3332257848461606,1.0205198795064536,3.422703255403619,2.033613043013086,1.548604065241657,3.5495944755260376,2.600746407430434,1.770254763193066,2.566320169008173,3.1116052123633615,2.002293745020822,2.8853106893385516,8.624866439445189,3.352804364489514,2.6408188940093305,8.870766182068353,3.748643063064202,3.3250244736435555
4.2488542786681,3.580008635085945,2.1772231004367413,4.662300654114427,3.8563203931252663,2.5385328467097397,6.393111709882003,1.9133347817960449,3.3762560073377474,6.825790982762148,2.300334403322841,3.397349046632058,5.189564599347045,4.606018546226113,1.335824176993407,5.878338118389516,5.924941899033696,2.339226786462446
4.688758021628191,4.409909849921345,3.996259318851271,5.893337091867264,4.792047456626786,4.583714255832432,4.201383657719674,3.7538074630324734,3.728942116158239,4.925345802895801,4.019897085755334,4.432556262633743,3.761352626917065,5.342255245407162,6.80139250005583,4.179236908034139,5.406859246240376,7.536620535228954
4.721028033530245,4.363544718261247,1.6201553823408126,4.826725186313001,4.751303523173666,2.1602319285685105,6.675143117872869,4.34397937533314,3.008487701929473,6.913240863775664,4.49890183535249,3.4835326294685767,8.008671040482646,1.949237554526998,7.859530849766069,8.713628870262106,2.3944796103416834,8.812919934148978
9.452578989710805,3.1073052504514966,2.8469297387540773,10.051580820162833,3.1361160721654695,3.731793592050139,4.081718234886366,4.077909014969614,2.7597930868225045,4.602091209535283,4.497857035185699,3.4743330194298423,3.0936220083181514,7.758999489390149,2.5099800631234617,3.487469399418468,8.16368907859576,2.6428500120391343
1.7525600051621253,6.821474996815936,3.9198885712617786,2.126948577361021,7.526895000922733,4.446919018545092,4.541157128281152,4.609434996484409,5.277686208809372,4.86633459036319,5.1394548572553935,5.431754100414235,1.7278807769327325,2.7056733864340052,3.911411100866609,2.374444407821204,2.858240236011103,4.421271671853696
3.2792167365178986,1.2324732793649864,2.750970419938033,3.8088505308236718,2.468111641325864,3.3676046306900593,3.5935959502279857,0.7692224822936627,1.5503271246410715,3.796826387074315,1.316949495883657,2.1004599742654677,2.9217251551917394,8.324233548225191,2.168001904597387,3.4323495763520677,8.513855383288362,2.3639762129522577
5.910397162822084,1.4114047145584643,1.6465645522931909,8.121818300318834,1.7748968569094956,1.6177398387737156,4.611094149566639,1.2192901740249622,2.8461679745540156,6.267331877096906,1.8405077226327218,3.6319608513346693,7.082757410712288,3.1195317550779267,2.3445333827386783,7.585625305756692,3.659001864558357,2.984112826071729
4.085161166206808,1.8582053178260343,1.8090898084775693,4.82222531279051,2.3858627263531185,2.5465599367776597,5.327584821207559,1.436990620529646,3.5398292625672267,6.721969924164577,2.091605489889717,3.8352001066301304,2.72484474360899,1.089605115344408,1.1762634147668192,2.7441575569764725,1.8081618340811425,1.8020583978132647
1.210861844973738,2.465811375778422,2.1864690773185878,1.448587722685255,3.8923668030164253,3.0904642268201323,1.8343310795150225,2.5604980498444228,3.831389550118354,2.0489310003978174,3.1752553735743367,4.450176840507564,2.2862747134893477,2.8579151358651753,2.7047184050301647,2.456511864520808,3.472483557561807,3.1296449248755636
1.0201570903810213,2.5143583364629944,2.5689964028727053,1.7346360568722508,3.2445653713639473,2.887910116165675,3.9106082078118,3.7798633555002494,2.8054832258013884,5.343728637137283,4.434744952795807,3.3433061307516545,6.927126291081141,2.9267294678266693,4.152773602598162,7.16837792125454,3.509065569430773,4.972205129371657
2.2625040653931072,2.936305672789441,2.2145894364505536,3.0211661693519436,3.34001765647572,2.7565445255793026,1.6967794556515978,2.108974246679316,4.952373624888421,2.382986228874454,2.7102478947841915,5.313196517545213,4.568713481358195,2.6456428668098257,2.8151187434016713,5.431421822154175,2.6176502611667547,2.949340860611778
2.5094230137464595,2.14728442682613,2.491026421993317,3.44193620214486,2.7965794195722227,3.2438576715175946,1.6124800735983922,5.434209866894834,2.9582691218723878,2.127347566173897,5.473393805710423,4.199497844451411,3.763466200183638,1.651158880769758,5.140880727210227,4.272498395748475,2.078322740183687,5.321243866956091
3.1734252319270784,5.821545053984441,2.793050669717501,3.73013226271963,5.901182471339061,2.934701882678615,6.129385822937419,2.4185687837287557,2.161475233992832,6.182797412830735,3.3476931855353644,2.823067561880224,5.819128942003658,1.5652675601444144,4.8345267369225375,5.883199147004799,2.857267564982799,5.074988977918747
2.0118272580122154,0.966651090572803,2.054899331204487,2.0979496523706636,1.9335493156286798,2.381205879553378,2.732447293592815,1.3211262900530758,3.292314622485851,2.895689762401921,2.174127094571447,3.6212443035575173,3.6038267949270426,2.445087166540211,3.5960681825340526,4.546391023609377,2.811320054919257,3.742614701331222
4.2998292338301765,3.9633354953802886,2.917425003959993,5.426181332629632,4.596356551554312,3.6479783829716457,3.016542726725,3.0914405357049226,2.717341547293475,3.9349131976996214,4.15164155380068,2.7989181255493967,4.2082836400434935,5.1208613898687965,2.1040562955226134,4.9537890208906,5.242676728782724,2.561941650143514
2.957323340953426,2.882809698764803,3.7169669829658862,3.1473551938851934,3.3603093174635847,4.067971109854744,4.653540979545288,5.185479225606894,2.5698186905022933,4.8771561603454705,6.106653823384761,3.4865192333419843,1.555026875381147,7.5207585075608625,5.237360576723954,2.0135280005585083,7.596609747631034,6.121553926908381
1.753314941343691,3.851235002253656,2.0426666208097917,2.41808080269486,4.6122079862620105,2.4992526271445343,2.855492902818622,2.1685043824864927,2.8169532611950268,3.308515876281804,3.0868776698870857,3.3388737287452086,4.0438265838864735,3.6949983397378876,6.128892064500806,4.086614688533531,3.6097878927187472,6.784803788251864
4.70679911701952,3.36381341540045,2.974726440001094,5.38136203858423,3.281558612371312,3.541224414160438,6.835149677770136,3.4094964011657316,2.2326460081776407,8.09015897391415,3.431949271577452,2.4187182741303954,5.043945431106272,7.4343632713130825,2.598304757810374,6.079272955523639,7.626044932594305,3.209585579503108
2.7156366001346197,3.995968398473802,1.8434739803240332,3.714143279895023,4.205750206816625,2.5837915896357164,2.863579685482141,3.7738349293513314,2.009188355495647,3.4059283854590534,3.932300636451727,2.12977077915451,10.311139902723223,2.515316425563743,1.908690933930077,10.844833532485538,2.9740715979576793,2.678037792561176
5.064715473406835,4.208521174081272,1.8615774169053556,5.48144524699375,5.089104012948472,2.4654166232951633,5.541255552163743,4.750387825920805,1.8176117424136167,6.014730037168185,5.387997671626526,3.2978734789186452,2.6788331496408757,2.8619887915429727,2.885677087688556,2.967532485627498,3.401371164832096,3.882590348579863
5.37558939603147,1.5477662496689568,2.8038781220233195,5.396869832999053,2.9213990290571026,3.5020359410786353,4.049446272877812,1.5626595497692712,5.248563881866586,5.249355607061785,2.593451226392843,5.605394560723009,1.776655703421108,1.877084546335296,2.9874231150881205,2.2006701051195883,2.6612195320926944,3.516695164509718
1.302485616554715,3.137167068067609,2.354048269429369,2.0241761502332523,3.8695388855037143,3.474231064760979,2.28838044176083,1.7602636611202065,2.057954924427691,2.5519590779135664,2.0292457058766713,2.6061725143225205,2.8751223691133565,2.8272818711273344,2.981119623739464,2.936517857414814,4.039713349029295,3.6760839872884055
6.870562092866116,1.3951836626710046,2.629473304511592,7.030739399084004,2.3650683201329237,3.4646165462752867,5.6776250762541896,1.7605200669965237,3.8327045699201974,5.960209023368956,1.9672574160124126,3.858947303861789,2.554225586209425,2.194260423674146,3.308197656241224,3.194244080594647,2.633680471399267,4.967661079294066
6.955768398809064,2.387683322744374,1.5752071656314286,7.554087408183749,3.1082161086705287,2.5767490396470647,8.879972467841695,2.899644676391204,3.800612582009274,10.418126667907194,3.6227541181162715,4.043115988897338,2.739342385861479,3.9757389044074998,3.4417592216390824,3.399422491456436,4.412468818155143,3.9809776303643325
3.245331234542076,1.513284947500176,1.4346762469807093,3.2552637363568766,1.84019838605395,2.05110370466397,5.593434978964262,2.5678838737006395,2.2741798872333314,6.26403888490033,2.949783264051223,3.07371583244776,2.6892435056359045,3.054839027095974,1.6190104312523608,3.29482176594899,3.3719252394799724,2.172538958784059
3.2126920685390363,3.9192891486161194,6.646567601635971,3.829526422204041,4.171675762862522,7.614564883521412,5.768676852737881,5.951240331737812,6.192402231652404,6.416839742351585,7.216007947251223,6.386205898397815,2.6608109893713037,2.4120019442076592,2.205171513425173,4.182705865978249,3.4025652855337647,2.1750251417136774
2.046863606948067,5.393189611100637,2.235057145070889,4.178294644356178,5.636769362969788,2.9753225191492825,0.9279078956407957,8.0585005048823,4.276078646556363,2.0016628549472526,8.321864903826452,5.609833427751386,3.132841403463216,3.232916244254793,3.448213506225527,4.108712702860059,3.3966228960589824,4.036153054308077
2.493802852581852,2.2484999516237374,2.825273764771625,3.3286782821602943,2.5184385826507114,2.9773055297316593,1.9270783094436998,2.7249866319054434,3.5603518448504516,3.0754829540101682,3.287541557877425,3.4898609349802303,5.288547412541036,3.028967616223581,5.051046997916509,5.662137251950147,3.3726228418373077,5.772483728219626
3.026985711750537,1.313951207584987,0.9208435564698362,3.871548252429089,2.231861718418655,2.0978621196770786,1.7414930641707254,2.4836209997054524,2.379333101169463,2.087959627843896,2.765020479324407,2.4629847977844945,2.6754777998140047,15.580763939517796,2.0651782126543017,2.9517289990443243,18.39496643552555,2.7883647207061135
2.0034526149044263,2.0487994557774107,2.1044555383694408,2.852959735881595,2.6088521392764843,3.128239644204055,1.6878461272201344,3.345318250123759,5.971962117855483,2.1764500011507955,3.9867019039550557,6.440246051303453,3.3444537826043117,2.071946842502035,6.9886880512570295,3.9409566882744933,3.7579818683822532,8.520348092084799
2.7511531178837014,1.8557658790176597,2.7547078973103174,2.9275800791696356,2.343814960242141,3.6068114073431325,3.467157458570597,4.626350933659633,3.7462634526019505,4.352464484374224,4.944259825236021,4.844915939370951,8.94328473340613,4.263691564327851,2.88155513822058,9.775552238471839,4.275613420038297,3.172047989897242
4.38240495231216,2.807911249556405,4.540693167963911,5.011732533175256,3.1232592642148043,4.661499243585519,4.15950255198964,4.449670274234898,5.353148698784265,4.2632194025456345,4.467021119182386,5.526557096011318,2.387867538981268,1.3656392280452114,1.1307459616884497,2.7365989665193418,2.031661203674471,2.2740137672764407
4.740907280253029,4.876608470359438,1.1735942769990886,4.804967337894653,5.096737136792495,1.897336399125704,2.634425476586532,3.3168201021247863,0.7766418208278347,2.658600885543494,3.2784878393427537,1.8887824112820748,2.1213475563927044,2.7290312917061446,2.5761433462136414,2.454859333153859,3.220068208555843,3.1595076454980258
3.046390496072891,3.058601423729114,7.314792838768286,3.6562094351038072,3.727942546869203,7.679513082418708,3.209224033610667,3.757234603614854,7.570193427414115,4.158323398736606,4.512296286374169,7.83404626982402,1.4944777617077292,3.5621819281278353,5.963663058343046,2.099045059737275,4.206557543935674,7.520960164774781
3.0002777082028875,4.02138048959227,1.8216141804333916,3.9007060265981974,4.117358656491124,2.3210506534746957,2.799765265968335,3.3401755210371507,1.9696761189606997,3.206915378651369,3.540554054355726,2.475815056872859,4.42321806555355,2.0909029857163923,4.060215407692057,4.382600531942264,2.599590733986204,4.811425297149933
6.366850431660432,2.1977905809213394,5.317443479821454,7.988497946620066,2.435847125191511,6.786189905063508,1.8491283837263062,4.681782814949357,3.8443463273629135,2.6619510200978835,4.822475624000707,4.1697306797065785,3.1598987930057985,5.503924456601304,4.541842079251667,3.6244888649648592,5.639994609646543,5.6254616404349775
3.9911315836735626,2.5623175947028485,5.160436113652438,4.363826977402495,3.2998147771795696,5.2010597509135446,3.908625414387091,1.5757036317689794,12.049114948615117,4.275497428324322,2.8387034052408104,12.258668620963737,1.8317267949836566,0.9420588746173942,1.8399278576978613,3.5381226418077674,1.632216887742189,2.4184304249169823
2.8519699803969156,2.65240050194291,1.9700079752642234,3.5842589315913456,3.62360181492984,2.4681580635150087,3.486435946881974,2.9601547040103267,1.9931339598299618,4.076996740498768,3.3983624725192176,2.2750173984764643,2.8981691645373346,6.94853636169842,3.4936034876547657,3.354767311401728,7.74127055781283,3.7144799020199457
2.9117254615756476,2.5775752989276093,3.096582010269804,3.1722479525874263,4.500649404624133,3.301581634071498,2.980555445531448,2.362259289239986,4.009986436991553,3.113880882769149,3.0143366908807288,4.177466950986996,6.867216418817436,5.1158381443977206,6.219959341239727,7.284728001531814,5.195246067160907,6.465357632141246
6.5280740207024195,2.531925304017039,3.3592686052817244,6.866407747100508,2.673500623597509,5.232286549539002,10.25150721910667,3.6703070080939324,1.2472112696317565,11.392219996138994,4.611375952006011,2.803605983058304,2.765616800599103,0.9287399078243949,5.276540616956407,3.102428885897935,1.4988249142343844,5.354693156093742
2.560790254211888,1.9555058980067892,3.4586279702788034,3.5513924960173266,2.4458850972209434,3.785041566084536,1.792069397610745,2.4307539423800764,5.930264990633673,2.665986141251807,3.0610144138949433,6.037495419465738,1.2466063880942948,6.968296814891772,2.304081551458036,2.814187216726214,7.414077488818784,2.36389144776476
2.949661722812626,2.546334667021486,3.969718477570107,3.508953463086733,2.5053037128220677,4.1505681418487885,2.8285983864491477,4.01342730302902,1.684354673890172,3.7326734098347045,4.1260693746431665,3.2004357208032665,2.257155583772248,2.684959347971978,2.597476388954635,2.8414492551557644,3.3286796747667675,2.4965771806421566
6.248115485147764,1.5930504034457003,3.76964690108431,6.8332932109598135,2.037294585905774,4.099311315899489,2.715396688098452,2.784317034247393,2.488748532518329,3.5869590368980617,3.523036688443402,3.347222940468899,2.4105282450016907,4.3521920442784605,4.41965079114932,2.6242663062997726,4.802588061199559,5.097418940556684
3.082313922888359,2.5788810141566376,0.8039584477315889,3.2944471000328925,3.8485042238646145,1.2659312224289627,3.7927014862677466,4.8161677221030486,1.6884362323649946,3.9708385212105384,4.807456384495549,2.3210817884099924,1.7974066037383314,2.6126461312378715,7.324895455546891,2.303881317405045,4.16114202606094,7.330280457078199
4.774260775554665,4.583346766016082,2.5412713241580054,5.511191624368319,4.528837652125978,3.2114398463702423,1.937362117902074,4.423086549598007,3.3179745404627945,2.2883223956690144,4.527459666653577,3.847527676396539,3.5860820238521867,6.900992514550287,4.956142575387316,4.020304216728213,7.322209831726444,5.388798371529571
2.7090936550688633,2.7783168679389108,4.447788293255289,3.050823569670339,3.3935679339139653,4.729403113564499,8.37418684751805,2.902840998384277,2.324955645794288,10.011593745263854,3.4476607967958697,2.9353492503750274,4.1393224980494026,2.346700551471785,2.3624190279952066,5.005199735703325,2.8485185461911606,2.4864629807092298
2.299079662068183,2.5012633025754645,11.26407145459176,2.6937934996311355,3.3083824970610283,11.591365172544519,1.9376225856769116,4.188284255554486,14.422808881802078,2.44866946471716,5.323583436584036,15.416591469414834,2.377168318775314,1.9160967387204584,5.375421577248093,3.553352421113817,2.153566606669668,5.611351533841743
2.0018618962690495,3.6558673837246416,7.45438739102116,2.7447458908277733,3.6165923032754526,7.876955305696999,1.784726814650655,4.398546657561441,5.222404369829756,2.1679670270701377,4.360054745859003,5.539242689102949,2.767247105560768,1.0695152013397984,1.6340751212415765,3.2136953434437987,2.4201077473307784,2.194122453360617
1.9847701345149558,0.926700216719334,1.8180432926990604,2.08694802056076,1.5254015402510313,2.4478550127445526,3.546062296526261,2.381134611091988,4.103316485253762,3.5570358145730676,3.2186928023446266,5.239360568508961,3.861135979688375,1.0919604357112054,1.2856449797401068,4.4888291387351975,2.038486647883173,2.240882414401619
3.523593784641354,2.025120562297288,2.4548895461635416,4.744147823227422,2.5604844916759752,3.2798912875735367,3.9259089107187273,2.064779922135662,3.044112352069513,4.80611680814611,2.2275227274307463,3.9756269294093047,3.723635710529421,3.6300420967610343,2.364106512434709,4.233788992049439,3.676943605818543,2.7216012057658365
0.7233206942755445,2.8746395612589573,2.0588284345525723,1.7326233723702102,4.235328105994191,2.649971831364599,0.938328814543607,2.9578288303908344,3.9935992297025864,1.4028270862585004,4.189417726025695,3.931305602609529,1.9945600563814079,7.727208992501896,4.138179868273167,3.027397924165766,8.586704472018488,4.246339188225622
6.33058955024327,1.790071897413794,1.5944557161947845,6.5951123476410345,2.4658054939602727,2.483169045713722,4.199251675422303,1.5039589147639072,2.4364719510619235,4.171852916098927,2.451505682342512,3.2006001153428882,5.7565592408008825,1.198662572196124,8.670994320030658,5.805059463589802,2.1523747059197356,10.771168857905542
4.456977916012253,3.4741947402173317,2.069084994261085,5.56029977530006,5.205993987161759,3.5721667144252764,3.8043429869861356,4.662452428830652,2.1729801880684896,4.114568732860862,7.5214266084861965,2.8614960984698192,2.1856169142551685,1.0697478594977927,5.900877624329671,2.4379905938122364,1.7626758813432026,6.29109609955594
1.483480018772847,2.1571831261064633,7.098409634398415,2.7662184022390264,2.459319330247656,7.81761149662375,1.7701527115990667,4.11241759511373,10.895781965995317,2.4651361967878778,4.383833642739697,12.53112076813179,6.217264446417648,3.0559039418074088,4.705953210804867,6.2879008809807955,3.7527850766388697,4.6692238219815145
4.7851191045633295,2.76532337665588,2.7881298148064766,4.914476979981645,3.1294800471634523,3.268190010161678,4.491771830289951,3.3880439126198416,2.444024890844398,4.7125610646932055,4.544619916633414,3.0024248158322906,4.1807253717891015,4.509554468111401,3.0343669448941535,4.630775293038575,4.66301785571091,3.16212295462014
4.198365896024739,2.881662012180661,4.554358034325973,4.955602539327746,3.677770618093584,4.960760603024003,3.2433850055138134,4.691353986432192,3.8671666261626676,4.245255067515243,5.021852671812822,4.18853803844727,1.9701063560644552,6.828019344031934,0.9936351151218937,3.1095503439216383,7.067592817441106,2.0250434837656512
2.9076890614943816,4.011414195170558,1.2627789833635938,3.666416821240266,5.614149108447351,2.520071068691379,3.465492517626944,4.081143986691405,2.056868747534596,5.059160920149693,4.609576739001691,2.5567042610707325,1.8299094526390505,2.4164863954780036,1.9117052504955232,2.711106676567137,3.0964330751403097,2.300992725330515
4.647811297037913,3.9392700570848334,4.214154099025151,4.645849124401334,4.09967089781264,4.655413173271145,5.802217275967422,2.7758837061845756,5.325615855723113,6.6195935388983225,3.3029495870445036,5.838490772397831,2.1218962075165186,3.3771565299873956,1.688433390525291,2.311981982466666,3.710750836829815,2.814461314415776
0.22601897972967125,4.121858737055527,2.2002194378220863,1.3143545293973502,4.210763283676925,3.204992065597633,2.1441528091845248,4.343193634854614,1.977332877783022,2.7542589295497013,4.964422144643055,2.8649957656535694,4.786592689593146,3.082640236000422,2.8446493878731975,5.625328969068785,4.05798102357143,3.176118404677846
1.6765134010248557,3.188158624193325,2.689778879603068,2.1803116013798,3.985924903743118,3.0072594979826013,3.635224556675471,3.5161729115797087,2.7574228823941587,4.247578271591701,4.151847078676153,3.1610953083379885,4.338147796680495,2.326247360673442,1.7217141507570533,5.258909607920267,3.118748184493589,2.375402796735904
2.5600296513595873,2.1331300640895043,2.352795276490419,2.6389705710465785,3.25702027242598,3.0676156022827366,2.5842887397603382,6.719647907842424,2.1811013562145383,2.6528680675118728,6.971083793215655,2.948559689825543,4.170829834201434,3.94255471079928,6.931586269530169,5.065166137811958,5.73866712429377,7.020465172489727
3.7894459879659745,4.09466016145736,2.986424283118499,4.525339919237061,4.665555469804405,2.9146200324735907,3.678727040789493,3.963881586204556,3.054434001675531,4.8292440432153425,5.031851788679629,2.972163361408107,2.4780759123626535,3.828441689639388,1.6295433028136,2.714209910457624,4.532134819985808,2.1413662392149075
2.8776227701904094,1.4126530318705157,3.7984730127488904,3.065078753467008,1.7137760182941169,5.093565756112266,4.162774578550071,2.3765099444086855,2.7978147550911214,4.563317740565368,2.286544143773669,3.341388325105913,12.732664236385316,4.566235416025096,1.7214021371987385,12.778695400757037,4.736488514618337,2.5882499028150048
2.167893787564181,4.261739634464037,1.4773020411030948,2.3369865806483516,4.24919605546493,1.9506256723638025,2.7285598895477285,3.421074119832282,4.851053611768374,3.20001082855347,3.380128722031392,5.966369044236272,7.794095131121525,3.6814753149677704,1.5863003120092818,8.45920939449082,3.6912819824074723,2.1657016798188233
1.8456307739878115,2.982816397479016,3.185048100127006,2.8080291734310054,3.3289955887821447,4.206256548635635,2.6116502053183392,4.154336045835845,3.238489231672213,3.3716581259863934,5.058520533014358,3.920845916113572,2.9566506916611988,1.376960819875725,6.463555261267457,3.7245384983505807,2.849290992866668,6.576347539317093
3.831196851395762,2.871983770437838,2.426310163014838,4.702708676459155,3.0151449098128826,2.6084613845900058,2.5388526943872587,2.3211999565514736,3.067774247692437,3.006517307140473,2.6025805642687843,3.0447398928365716,2.7376396800414238,1.6726195656479719,4.231953242015161,3.4434739754109547,2.5352435411757446,4.498091117020349
1.5108652463143653,3.699497275872494,2.6423289444107327,2.320988858678334,3.7555084916055437,3.1463751857813236,3.117199530880751,3.324326012033869,2.8966641300679052,3.3490491770132493,3.5218456598734376,3.3708759285633434,3.7458317844176463,4.867714784563269,1.3998711218462028,4.62312005256653,4.978505762489694,1.8977182835699882
2.2201195612926643,2.5793180448769966,4.179771940169526,2.9377220569685374,2.9481006153017693,4.4020653050632275,1.184326112232344,5.917202498167484,2.7683291188310455,1.7670321198520584,6.495524079013533,3.0795552967913675,7.471381242842259,5.1799011486270725,5.095432007169373,7.8966968461523654,5.260658486120963,5.490500594812002
6.62661091619564,3.0703222603763627,2.015527593969429,8.661627702117425,3.3666028054014405,2.6489579421908793,3.585148267450535,4.350006103854675,2.3467327996618574,4.9082133379911355,4.448301177542172,2.605868426107873,4.103277834087743,2.866374664878355,2.052615867097538,5.485435153875316,3.4109229908348246,2.6070532603553502
2.247160492813721,4.6442500169221494,1.5253352378895395,2.77346331494917,5.181600539399113,1.9938747833296715,3.83573499099853,1.874162859349441,2.68049761652553,4.313972981195416,2.2159747374434224,2.877976746837842,5.27184354852056,2.6233050218857823,2.8896312977384806,5.819940701810751,2.9530918222545175,4.13278849320139
2.172790627987417,1.9522880053901213,1.9158052918285438,3.1539333616839325,2.511831815437626,3.1385906777415533,1.9889237064508303,2.2669922416608053,2.4967747963129536,2.7724952448826485,2.5694901764457083,3.8602576372933313,3.251870894540106,5.74885417333587,2.993386943684567,4.031810275959806,6.574164912666129,3.1882672194976314
3.867331288153356,1.7407476571203497,1.362245371828678,4.907613423070917,2.4091623433775284,2.229295988195796,2.5506031210218825,3.047285004132859,1.8616058124003876,3.425519235150918,3.6899374775537965,2.246037391330544,4.013088922122405,4.280830907833708,3.386190466078307,4.954872043181691,4.342983888354982,3.6961146688992152
2.5466053402030666,1.7796253215201323,2.4247503174020553,2.8764811841533384,2.0993526562895464,3.089256090866306,1.93091272239874,2.280950923604587,1.4550896677881051,2.489505021793864,2.935235558765461,1.817734009338452,1.717270567103524,2.977715888702204,2.850338136300549,2.034416145919883,3.3989507551408464,3.4426306785356227
2.147862055957007,0.7805581367878494,3.228461206739148,2.7052402720658457,2.085831273660756,3.4751757793293665,1.417457205745101,1.838652598113278,3.410273091182731,1.7362161407100847,2.5055878837839205,3.5713418430488226,2.5318882532543316,6.681008972562008,3.8836559600797464,3.1603338410130477,8.179757731106582,4.949035237848438
3.067537977432034,2.119026545498855,2.35196195174659,3.679227371929738,2.469410703053479,3.080882716030339,2.817371476190575,5.7583082769543585,2.8732687893486615,3.418299552053009,5.897833882437806,3.32478925176567,4.781591588220024,1.536405097000064,2.247478157507405,4.791600182296409,2.4254259076439704,3.542855316934959
3.4680021073053857,3.408772836974958,4.953186444556145,3.881449175799682,4.859083152409148,5.280991317211361,3.5405409048506096,2.3637115537172466,2.371173743199331,3.682231504128796,3.399465558646236,2.8223078665953536,3.1400997986190555,2.322577504979903,1.9404406960955616,3.0920110043006948,2.4456741389932826,2.6544106692929628
3.901950084830914,2.657462423329712,2.8996091348219406,3.909124528332224,2.9515989166635412,3.334709598656729,7.483467442595849,4.9600929845582264,6.291613037879476,8.679826646082297,5.797271797103368,6.727372798782288,2.7601472217255645,6.405871472196644,7.357547108162015,4.39385722397241,6.850420227717412,8.046438917888308
6.377672678183248,3.3919902993363458,2.947912029074459,7.308918929657028,3.9287024293092143,3.7992377575967176,2.713341440871342,5.8069032270067105,4.710920889203479,3.1232767467455753,6.658391769330674,4.751563735731257,4.4409587937477015,1.0535595809603526,2.3988037294055204,4.447646332511557,1.6087200239317272,2.639722577316826
1.029711019289092,2.3999256253540184,1.7627564731624756,1.7395413018857633,2.9307627026772165,2.5985908086659846,1.8581434203796443,2.8188717880557705,1.4491222203913188,2.2034340398409484,3.392147297686483,2.017299744706121,4.953431966249832,3.637356388160597,4.2604448834910285,5.5489147973258,4.249946662805614,4.973786542799549
4.180228444465569,3.8893067908879715,1.5552883836468332,4.380190441228238,4.41391366944277,1.9588461219689075,3.3080899216599136,5.552437347171909,2.837304818276047,3.4735542130900194,5.969476052487019,3.5047277796397176,2.7113489922765877,5.41827229020849,4.268682799454889,2.9302089644534486,5.631171173794201,4.339530945898619
2.8417575991060637,2.7947772399923303,1.0315765248876716,3.6790748280032717,3.2034022363288015,1.6704342626988666,2.9682472239458844,4.244496996631519,1.494592505839344,3.465213543636601,4.460947014325553,1.9107588374379907,3.09978677990874,4.585901071448024,1.0021116867417958,3.2062798698326604,4.60102551787189,2.076907958490952
2.196114232651207,2.3336661357965234,4.545427136857562,2.383870755335209,3.1245772727151087,5.073656537807344,1.9939069990321856,3.6543625537368096,10.093650313579207,2.2988800070132593,4.606625914738748,10.055494669812962,2.0747208267902493,9.840801734814521,3.206738181957391,2.2767612564061825,10.282238082516896,3.7030211015048855
2.831750359992917,1.928294563042821,2.537600726647212,3.9576977044099495,2.5401558016265615,2.8921222011064147,2.4969755700624354,4.046024657007032,3.463154080893571,4.2756110510107135,4.787779933713512,4.064564835384094,6.375495573170811,2.2222944568936343,2.3868654429862075,6.48928721905784,2.998998140320447,2.9221135734279633
6.517855599286482,2.9835315546101637,1.844343422292722,6.535292131260841,3.140430141775563,2.4542051324252907,5.263065861955938,4.9260009437864785,1.0002180767176656,5.474911431676091,5.085073103315526,1.8716715002747428,3.918077658908741,3.4785953705157433,1.1251519081720447,4.767897666165893,3.927881500719111,2.324402313160647
3.610901661532165,3.2868186531619132,1.780917668852006,3.684395215847639,3.3258889065878803,2.309526012708927,3.067236335532225,3.402635546008488,2.751873973426648,4.614000510958284,3.557490145582604,3.1732292534445916,3.367187283684052,3.5268833156623725,6.666599443446565,3.8868145148971234,3.86582857613924,6.736627625855702
4.91988499210085,2.6244782682013756,1.2185304034479194,5.532900036442609,3.04768937467343,2.480940372288529,5.6543454572824565,3.793972785977014,1.677562910941623,6.162419027722744,4.207416607414152,2.6790743961584758,4.7554549637227765,2.3585142143021725,1.3455330018821463,5.674821749221877,2.886918930827503,2.4300122020058574
3.428836990847457,3.3499700609112617,2.1285533186092205,4.030605065029766,4.119879417481654,2.332716303844269,3.8358318008526364,4.522350482547575,2.139097057422105,4.793892400997943,5.426178223080429,2.6162883794859435,2.246410080036596,3.1662085371099304,2.288791070327695,3.017628413805623,4.055709236085933,2.5927926724468513
0.724729940000727,2.481249805565742,1.4116009626431736,1.404340484167547,3.8154148469007714,1.9978512459823763,2.750591081500107,0.5203147700011821,2.2767164936095003,4.035368300177555,1.2048150190396356,3.6272398197404163,2.1219512651208934,2.2280362578669157,9.10700688657736,2.509482013561895,3.2173934414655654,10.406863558020111
5.099833439076044,5.4929210586847645,5.6078786109127465,5.270327379952214,5.486768976321454,5.915641004375416,3.2642658048441384,5.114963934079897,7.521411009399374,3.9597279955488687,5.1971927301653915,7.752759619658335,4.070564811938376,2.348821682729503,7.3421043578848995,4.5803730423699704,2.388341896548503,7.674355142730008
3.7349440251068415,7.390849852978248,1.579613084701334,4.042549383517167,8.21748039268993,2.7402121630924907,2.7879015175778954,10.287364120827975,1.8856694641208396,3.5451422527612193,10.523152331617675,2.4539298306250177,4.782510517279226,2.166713538050385,4.444699649502213,4.99850141501308,2.797424635488087,5.3919059957050575
2.87419969022986,3.2921101960653885,2.087936954307813,3.738759602756795,3.9195932544442273,3.628990572987087,2.6210202397808295,4.218857215742484,3.418928517536572,3.3377978566929256,5.185707392552448,3.4033194893591654,3.170582585571619,4.259999033539205,3.913416638156404,3.173953582241678,5.4584725814024,4.158882994827193
0.9508900320219651,2.7618588399257304,5.0347159997295465,1.8505533881400968,3.0792646515057385,4.988638866672882,2.6328891901394322,3.418931433026897,4.727011578689859,2.6134475662298216,3.810775094905763,4.848725013908758,3.0592317796221606,2.6967355228379843,1.2090201649651426,3.9674507921381266,3.8315387621307746,1.858150611113513
3.5319273122268564,4.107102168904711,1.4074675063846227,4.901185939069725,4.352212267543829,2.6118861124945494,1.554257736651053,2.025768462722325,2.2575215298321734,2.35196813430779,2.652064365052299,2.4463331108054174,3.381905887031789,4.484155395124671,1.4032752310463703,4.054408263742328,5.381549164140373,2.0038000050035407
2.815526361333368,1.3900270265622705,12.333929145192453,3.9289726849725097,1.9531607726998355,13.637279289659347,2.815186024679153,1.6250658890103151,6.392468967507802,3.6654154278691133,3.1094235760777926,7.550002260216317,2.4921896622275743,2.4495056375124404,1.411732908425129,2.7777190111031427,3.138962919161722,2.7039942414573845
7.791384725582028,1.3416349156108445,4.795444268029322,8.084482890558055,2.0353413559685327,4.956762396346987,5.7836611055487905,2.9256270099478554,5.247974111086347,6.067710390206571,3.6225661336067394,5.5300936530880325,2.625867030842464,2.2752206581324694,6.19848121693161,3.8424557690467545,2.526086038680129,6.674611156958409
1.944181276729906,3.546928479467664,1.7138940672157905,2.7704441963387834,4.684846010327957,2.59691176241403,1.509793761439766,1.8473331716966706,2.7915301603654683,2.1272454486689862,2.387077123785481,3.357849900687979,3.9107912417366113,2.169292629744301,4.367567277634919,4.601584803570592,2.297618060627838,5.770173860319508
4.757641763485825,2.1534544488727496,3.922983390337373,5.530625518802954,2.962611187470343,4.194114826723141,2.478692646770773,2.889693719130877,3.903803723945965,4.032050905947488,3.7302984521255156,4.868094882916593,2.618980038222029,4.394101119312777,4.38903328452291,3.7188991705144474,4.777663396651019,5.174584046944323
2.781851762777693,1.7545776618862114,1.2190038636426015,3.2713312956304623,2.1817944686725523,2.1287544670068685,4.724790701382791,2.068185304990254,2.803937126145805,4.7994164390391925,2.287332285729625,3.080628963494965,6.2526110893164875,1.6246571726167656,2.911343171271327,7.372974225523452,1.9935969443766934,3.505035198382292
2.1932440834893168,2.3140423218390684,1.4571358025334018,2.713764653896334,3.476650331473595,2.0954285698160224,5.843896368008463,1.5060412536070635,3.1620427264687163,6.034538760226447,2.1586033261357223,3.9348944281913716,7.16667585822356,2.9745477747561826,14.969994354869826,7.616869961517293,3.314761216170249,17.187327945145647
4.46676213535275,2.4831489963261926,1.6338178199114537,4.9196317725640935,3.6324279107208817,2.267216865017576,1.9817096801177083,2.5310800275408964,1.8453240674645357,1.9595542921852773,3.4500869164920354,2.594570912253571,5.630417384267516,3.054293441836564,4.234579587992952,5.769641245678414,3.326236076184377,6.126444351831632
6.109885175798287,2.9438967225598622,2.712132665663975,6.431580023570031,3.0799585621036143,3.180973494128239,3.9844954874897436,2.80232601318167,2.94945182961533,4.20349807118235,2.8987438508650434,3.3728727036636226,2.7963700870903105,3.7654862180461763,3.502805952480015,4.173934378529797,3.8093357871212548,5.158487232804631
3.0301975883310357,5.969796293914264,3.9821238917908413,3.765583793381024,6.268104879069611,4.522165075029881,4.668736810601133,5.715757397487896,2.0304915299463158,5.562991541639945,5.871486538890072,2.3030535622904664,8.056685016137633,2.5787033754859947,2.4530705802222945,9.746871650547543,3.4199318910692327,2.5091511034062446
1.7340176444214268,2.6792834561082377,2.359214766503218,2.3051933876427637,3.0139228216351257,2.3777298820782757,1.5295196909958657,2.1306568174117837,4.2461576262108895,2.5496076712461764,2.3553599762652784,4.358061877599658,4.265146631961109,2.2473827487843345,4.3113454509176465,4.237743297670708,2.895546664262594,5.052981784375162
1.543596034425286,4.093270536649289,2.268586161964659,1.9918719702982692,4.390760164677777,3.024009405766265,1.7914746252100517,3.1962064215644763,1.3337804905650763,2.64168502541867,3.4030337834104816,2.179821488127262,4.450303931568531,1.9488486989932559,2.8141620105594782,4.8619973357167945,2.146015273610915,3.360942591944743
3.774791595315856,3.194201752081163,2.0632512214668557,4.27941852166212,3.9858040342829617,2.6494249920024333,2.277913458869009,1.959734746147856,2.2032109914571065,4.056972995193471,2.6520422586948786,3.77356360440968,1.071130853430594,4.196546602020689,3.6530358514779318,2.0315332663524184,5.262516282808577,4.408422298139608
6.469531160987937,4.629032564903824,5.935059322324739,6.932000687397185,4.701397749061087,6.006945856530697,6.887003938332834,4.823936217733932,5.1141161026542195,7.868236345803676,5.074486841692462,5.9521709441761,5.500915018453452,2.754977670239251,2.1692556594254855,5.539662516673045,3.0139751527361653,2.691114920576504
3.628783294387637,3.185926483631245,2.5648438085368794,4.046277490239198,3.6195186738534115,2.8915279699373633,4.468971947086419,2.257827318989563,4.029456036636983,4.952310068327555,2.428579407618588,4.357714932876,3.503481307058384,1.7386058058804066,1.2033977625626404,4.669487935218926,2.00514190670956,2.3520342253766637
7.808808068353738,5.898563496627414,2.903232465089968,7.856615458495987,5.970358392756915,3.5947066984865583,8.826049789457368,6.955308665365549,2.596750789828215,8.93526807445192,7.5240041679733425,3.2420549389608158,3.4876155601810455,1.8952374345517915,4.220952439731117,3.4324736681746626,3.518382541352982,4.1875801599169025
1.9054893038793121,1.4333973927867811,4.917053713977967,3.3559418813139312,2.2516378166666646,6.356765985094583,1.1278703656444815,2.5041661685307695,14.447776529165582,2.0980873207127115,3.2352742352147987,15.17256909333783,2.3362931115588648,2.8103215959804833,2.592543364361858,2.5951322502790726,3.551499705751886,2.623115246799093
4.00602899990815,1.6158970918816598,2.081295227661704,4.166463717520363,1.7972156499118075,2.3565432970092157,2.419467467869229,2.738166104449362,1.920230392241268,3.0211390212329743,3.281995960080422,2.988893199859103,2.276866923925102,3.5507310796294473,3.722097949549931,2.284143886247079,4.191871135490325,3.9368331333294657
1.7992864910348558,4.725594527990207,1.6262369662834852,3.1531831393637857,4.85523460352563,2.472425981475998,2.785351665023709,6.397398233318377,3.0407097813788293,4.184203356469962,6.639653041718766,3.530085274357082,2.300399070044355,2.4166014528738415,2.4721825905191777,2.3780020931978805,3.2223508605100184,2.9645761171440674
3.6894307972517577,4.5236245607466685,2.7220105271185937,3.9525899387798216,4.644418267073476,2.681633974345647,2.4431815013574774,3.981996754651602,2.153756900706908,2.6731321549541835,4.064617348540178,3.0942706252624426,2.8378478766181465,3.156802940023817,9.46849890771735,3.164632833607581,4.693487261670342,9.881527451351186
6.734404547789835,2.725438416935008,3.8974647909717572,7.654518580149301,3.2304883512543903,4.323584695716844,3.199382242265462,3.8367495738906823,5.393295449467626,4.650610746491123,4.281073661402912,5.349000009803466,5.383406772364995,7.3343995679998555,2.0508927191182598,5.824694920676266,7.81401955768551,2.909341071232341
2.3256860077961385,2.2866122576357215,5.435296471419644,2.8902249991852162,4.047378286155987,6.580193351490622,6.869929384342699,2.720130746850241,6.217534027996651,6.910638874943958,3.5946556290793104,7.098455119936192,1.0349814707792089,3.845889167566168,3.627740048751749,1.5759170145988945,4.079407845930145,4.778818743502204
3.446474101231002,4.975904545322885,7.909709716364074,5.081491888104521,5.584898612191513,8.11373953289091,4.604455089265679,3.6907289298357293,4.210090051407309,5.317664940229401,3.9246261895181216,5.693399208083111,2.305129910801314,2.607238163458665,2.1988384336072193,2.5898338925149105,3.8913628209031006,3.0902612363070756
2.4553983640010992,4.143719826952953,2.8986662810380963,2.918893718605197,5.116164122123561,2.8887950629488777,1.840536411913684,1.7587545982456403,4.129955909382856,2.4749110511250314,2.400021988677512,4.129476304341365,1.3673764898300167,9.441511110171591,4.787171524704215,1.9902860605087485,10.007635600770135,5.948045045167096
6.100174769723975,2.044219331053024,1.5151032323567502,8.139285210905015,2.6711313579400744,2.4683393188373595,5.477236538237918,3.1311773751779626,1.3261214454944894,6.605202379151332,3.8748887775806597,2.451030945320608,4.0375290495184055,4.75540673619331,1.829828607477716,4.867202724604447,6.36970269151879,3.0064675668684444
8.605556779041965,3.3875337709370745,2.61513361502132,9.180932054345842,4.1862292592483845,3.2647939942643815,4.055831548350784,1.415455166494914,2.736682236153883,4.029305190130853,1.6588798512559615,3.5430243335216214,2.9961016688228055,2.78008780937631,1.2832848082073112,3.5161792148807542,2.953954637462845,2.0792307170653315
6.205490378683584,4.111058842265097,3.997840648398566,6.618134760407898,4.215266982191126,3.863205337976848,6.6014250331149285,3.737216493095688,2.994278679673617,7.839311745058136,4.587621692663543,3.4501397979764192,2.744367343228932,1.9594264288266516,3.556258690108912,3.095426892958956,2.3969328473082916,4.076738217885904
3.538537632925694,2.701414365023416,2.254081534726578,4.142112262487873,3.7256527775855552,2.629303742170596,4.474135153092493,3.114086034850639,2.799478885895684,5.626517499811811,3.6173789327214436,3.157373166476901,3.478014296311611,4.6150616107191516,2.3558038470942817,3.469822722368537,5.043882711271957,2.6788102335906308
3.057042074079506,2.0098116552303478,2.145828488518171,3.0489806781863975,2.6217851427045358,2.6431860372005174,3.7935585393221873,5.3350747482016345,2.4032352788924976,3.8385106295335665,5.307482143069876,3.1964682092254972,6.708699817889228,2.9343043916846114,3.959774040352323,7.268612929054199,3.606462054951962,4.624687482991344
4.376144760620241,3.6037863561648815,1.9350905046802678,5.875499665480786,3.8302956716406986,2.6973923504140904,2.223968501106235,5.262915462290183,4.695546443131466,3.1195703898791978,5.65809851879833,5.034491112226625,3.9152995022239314,1.8837824727435768,3.1853853876911096,4.0922150154612424,2.310016529459,3.8851570669524595
2.977198009722394,3.2825096761120074,4.73436799461243,3.598088111389024,3.584106895628771,5.082452254595681,1.2760925065457012,3.2109857493537404,3.5748522186097222,1.5790080450161499,3.968310478163891,4.328842483266791,1.9003136773120852,1.4652131079335111,4.534102335361558,1.8387462396611953,1.8748120623033675,4.691094640857738
4.287084813100403,2.8040080446038824,4.598004385205252,4.64573515227972,3.2259936319807587,4.734748695874962,2.229084047309011,3.9778158057688904,2.896803664552574,3.0138655819387075,3.926957496229923,3.1746589766997353,3.77245790642919,1.9896317049765342,2.0358751117698763,4.138681819581498,2.6087686776946453,2.443405129770501
3.0913648514773313,2.202983886732229,3.387633235341043,3.393484823811143,3.2785818640137765,3.875118451877454,3.7186700016880323,3.4432545520765117,2.57190914662223,3.9086145446877287,3.668975252529744,3.7899258197284587,1.8263277019226198,2.3312345319083305,4.544919334826846,2.052883267078432,2.8497055522265105,4.504368453753557
2.997748062550223,0.6381240902884907,1.7280311164507,3.533691841662555,1.5134204116827856,2.518281099569792,2.375953084285987,2.4792232737614848,1.883453451719307,3.06487469882585,2.517977176745846,3.1230315094450645,2.0307167853495343,4.001439165035896,1.679262721056393,2.4066969970284755,4.356631175164063,2.2354780225785906
4.639031121419817,5.4621342956565275,1.6714804614843222,5.432138152908414,5.782884305064084,2.3324677801301994,4.678833662722746,4.913866144854919,4.334946526316495,5.0919518776349495,5.059108729415331,5.152828072641441,3.3447492542920827,1.85711992625204,3.974699043891621,3.5015054770374934,2.70577657754334,4.626913444296092
1.6505960211444899,2.0736651013960246,3.388461093020044,2.7772164283978857,2.900688233607012,3.7424586141013,3.7719712186614363,1.9181516264830984,3.5343125147593843,5.528365137391764,2.6761041309474356,4.93787754541899,3.9177179095820613,5.4736005593325325,3.888683403119632,4.815147030323552,6.789467076128854,4.262880667661888
4.88762843639375,3.773362655761068,8.66655035391809,5.295555025996121,4.51868828653417,8.883109086039005,4.5615177414946455,4.062331843513253,5.328608570925818,5.042219818478781,4.46596000851578,6.335606907120852,5.126888550276256,4.4068890909108225,3.571902850701346,5.539958350129203,4.735018383132846,3.91574225575782
2.206736488533806,4.89617701574107,1.3913168086385566,2.615503170570198,5.311099640596757,1.8796856207982044,3.6823946152890015,5.7885496652705415,2.993427201952128,3.7792386563124363,6.208713117956368,3.740682216112193,1.3663391087918242,2.3301190704217083,1.4209145039140916,1.678269596417974,2.7713135304142584,1.8291120499401081
2.081076807546132,1.2610931636728966,2.033225902239806,2.5160646380624496,2.241841545668717,2.3424034550040727,2.622992647713172,0.7018353803107954,1.675105577954468,3.7078013473882803,1.4666695861161159,2.0218955920354715,3.574797280225624,3.3760133912633705,4.355243691360036,4.180961456713958,3.8170180390260646,4.528591282022613
3.534132673835006,1.988710723968213,1.0657719124631468,4.329443674781796,2.4193589586443167,1.4705467236442493,4.6770475732004835,2.29770749478362,2.5852231086520123,5.038440672659383,2.4076152459890854,3.312706632054261,3.929491890074794,4.153897864328117,2.2633432355016483,4.703433800633832,4.549918931827027,2.5477847219805096
2.24000245634158,3.2247255430792734,1.0330404621361142,3.1826509863351773,3.376782295585774,1.70483737923029,1.652560981257607,2.7369179526021505,1.5029360028244092,2.100329132150721,3.584068628873943,1.9067244075256922,2.6778423937282456,2.8614565877206517,9.718583151718454,3.2750300266018977,3.0930161349144645,10.034048261736833
5.9820056119441265,0.9401134826211801,3.558068384276501,6.571981675314113,2.7352562908148985,3.4972611829299742,2.1152475389226812,1.790675340476785,2.479033115618343,2.36907532522733,3.163029609659897,2.8074482694423875,2.1196231967675927,3.699571697222028,3.0209206612728945,3.1728406001350704,3.7387290947812652,3.433307559095353
2.49332445107581,4.363876228312564,2.056194941950786,3.3849831292498918,4.464282609161105,2.722804098597325,2.166987279723556,6.169755222621452,4.321322098093997,2.9489009028958657,7.362253856212149,4.4266376209679565,6.206244993665695,4.654314907538712,1.7349493927121873,6.165422124380588,5.056824528022336,2.2358526962957406
2.6829060322455756,2.50031293373986,1.3300201406505918,3.016518277422479,3.156509876345495,2.055607945963613,4.933040353678399,1.7980926649810294,2.788187346144884,5.7956877904087785,2.9177565833018795,3.357220055907162,2.032106057478151,1.5801504619379814,3.2844284350548336,3.24930084000413,2.218077310957159,3.870748604708278
1.9352002653147256,4.764668756453429,1.7677714821571793,2.6826373892844777,5.150074834356411,2.418218430199522,2.334313821029403,1.7672135525377213,1.288975289382508,3.3482754190162924,2.5593863173334372,1.9890121701766732,1.7038841173173562,4.547849393178941,2.1644837909147894,2.948484982449756,4.822787786118947,2.8129338840270783
1.6050781594514094,3.432535502564924,4.14827322840135,2.01556160993179,3.4997234849772094,4.46567619095995,2.091139327701979,3.5567447384670094,4.573258780960485,2.8157902393795577,3.5325725715281378,4.644167800040102,4.348570505474208,6.803260572111699,4.327419240020109,4.8371394700955435,6.973433486050563,4.6737205052339315
1.3775398131202532,2.6619789706072776,3.6859094533211225,2.531865646655197,2.651944943378081,4.6724159207964195,0.9760098810212963,2.4793526155279415,3.094749906668441,1.9764005298137444,2.4750066364855305,4.224330944728966,1.6143970559232532,2.289949339913565,3.9689707165351353,2.2328987475810336,2.501581233312777,5.324030707566634
1.997269484403672,2.911506413891823,2.8924028744818595,2.3672076033113783,3.040397184202779,3.1451518134162906,2.3949417344657027,3.980263537090278,5.378704199998929,3.239969422248165,4.040675080424814,6.193980318139737,5.905711896995573,2.07963652690307,4.2900494489402465,5.921664757152959,2.6214180101165843,4.304377981471493
3.942376052256494,5.959614221002779,1.7304180450985425,3.9946926288969626,6.6512430787391255,2.4092649762807943,3.500655995030217,4.220047593346616,0.7995712498768663,3.6842015115597277,6.120746307342487,1.5394728059994407,2.227663568785835,3.2663205425113895,3.921599108095571,2.970283798176188,4.2271229847604035,4.779559225081307
9.48405743438831,2.9149437042093167,6.129798382934458,10.320230490145141,3.523256110533379,6.3788157368761125,8.225855666599953,3.227108003536378,6.932293504962264,9.104310800145047,4.515663344802067,7.385922734593449,2.5371905892595343,3.5878686629150702,2.926685954802614,4.160462184566237,3.6665035402455235,3.3873139114353403
1.5020865183044838,2.348470587186076,7.0100637145872895,2.561734709779472,2.990348771115317,7.050511105199544,0.71776171624925,3.321335478772676,4.584206446136315,2.2317122634669397,3.7231269168078103,5.516632216140371,3.597070590646585,6.784867804030382,1.3351578089920693,3.7191691299355067,6.792170040388182,1.4154618157511858
1.9742749880977701,3.237131537033621,2.003160280145941,2.7221578169929135,3.544513965152042,2.3824050543836557,4.057423630458862,2.933918006271739,0.864875493905276,4.319095661757038,3.103386309494107,1.8184985569700918,4.627480930542809,4.342510321061665,1.2082481914567897,5.231855547675852,5.43148810442119,1.8773276023089285
2.2501759798771768,3.115579122127071,3.009149839517762,3.053153554021964,3.2872571111366367,3.4204252406112756,2.84152678993458,2.9007341499812496,2.0324543990427157,4.387153185086263,3.3559581233858475,2.734740531168125,2.405262203072454,3.2027574416426856,8.546565821001218,2.962592679019925,3.6930122361733386,9.557650166227582
4.076387950328154,1.692125225213307,4.174475046479258,4.883286374495944,2.1022044693046116,4.473922255969138,4.213441184001851,2.8453701478877766,3.881423624543569,5.1200948656177445,3.3662724065887994,4.243119472165175,2.6527250595206517,2.2955784666018966,3.0307838670169738,3.6990127899241583,2.5158727362745426,3.973042609625381
0.8752770897075832,4.935290493907768,4.563802118696227,1.774441220982072,5.069775597014551,5.101204078449704,0.6919679887359398,5.983817125648624,5.39445613971439,1.8568374846575,6.586831756532927,5.472401483184792,2.7662618691059833,5.715934461537083,6.151839738152459,3.0203496558055503,6.7432040777115265,6.717462660612854
3.0515315105257734,1.385175402617748,5.958550055039405,4.303612978982442,1.8477680332182491,6.060253878568734,1.675044044483834,1.0759709770548551,6.12499275380606,2.324186586942973,1.9448403643963905,6.45047598650027,2.9632236351157175,6.739815723677599,5.518816582117637,3.2287288428346197,7.917915795368703,6.474651239582382
7.108870370060443,2.912946815513045,2.5702273386629106,8.729172522487373,3.3790431951970574,3.0934376133770067,4.418297045813745,2.216426618542072,6.223249108720004,5.838566489660972,2.664452462231301,7.341801442903283,6.280265484354766,2.9353802002715885,4.446406993145459,6.766640086332663,3.6941134711880124,4.941020269244909
3.443143039054222,2.3272255216368247,3.0045589753215447,3.651878184228797,3.0339385801832908,4.571425437978742,3.14793911197906,4.763294208469827,1.6928810326854322,4.1076996695995875,5.344256878465558,2.5081931577138916,5.34836353923695,2.6940052270033417,8.329556923323816,5.340558932007895,3.5742437864848284,9.51488577672442
3.5716242734924837,3.066726419834183,2.6235855195757414,5.153837600572877,3.599297714475188,3.0055346016355555,2.7354724588122643,3.832994544732594,1.9437339011607544,3.96139821017074,4.050450319999929,2.7217510825278555,2.887356741136816,3.120110175251528,0.9411921156340788,3.2206183117263745,4.315546947874575,1.6385231201407915
1.566994644972103,1.5275841127143421,2.850393336987742,2.129023216357914,1.7449711637771876,3.9238007406141158,2.4692149126356355,2.162956414095418,3.892780671720291,2.7682682538290377,2.7573882541457344,4.094664638506033,4.237138960811204,2.4596290571597508,1.6989875788070448,4.405140808070535,3.0347914744828755,3.283125579198746
2.548470138679931,2.194177373635044,1.2700103571143364,3.195593600767118,2.397529036953552,2.060269334940168,2.4755608894181598,3.6213408053538005,1.936026205897249,3.012208099117682,3.7928057352257474,2.6993860701387145,3.7534638837750647,6.040969602163668,3.1635571404240386,5.130629150157604,5.975472316124409,3.3342805248028307
1.2165002812467758,2.0800093389396497,0.9790973314859351,1.6852479272722292,2.644407874783399,1.6643195640198936,2.4473413261354624,1.679822418342599,1.8624930421565151,3.0284457238339213,1.7973646673970023,2.433626661169544,1.9816685649990697,1.2472092122783298,4.97786221991738,2.6430797906391703,1.8511994430634415,5.683037327141546
1.3308062999553179,3.310282298720777,3.040368466084874,1.644535934479342,3.9658008108278917,3.9414835687953302,3.1863893078868912,6.104312871342443,2.3443757316931957,3.1275611316902956,6.094933031580238,3.060552555385237,3.9369277905441415,6.642757304644766,2.351647445396098,4.304918664190209,6.7689520344006,2.762075559627712
4.856597654316947,1.9950773894680613,4.754230823983208,5.1641220814904365,2.9375859821723447,5.183698546577886,2.3097154163584412,3.3180222997145297,2.0466307805403035,2.35805943799139,3.773273602149806,2.696330080861562,5.011329143310112,6.499482940201831,1.5866370772480374,6.2164425704635535,7.101317829016337,2.1655695689396475
1.7217073736546997,3.2667478854397736,3.04855485935502,2.4048326201603225,4.677620114927884,3.2616344913023414,2.73322171183767,1.9921167095355985,4.274404015185066,3.6756086305146307,2.878434883325036,4.4108905057740815,4.714043222598889,4.219277679109129,3.484941529567648,5.428761376335189,4.79396225008384,3.9525011236644247
3.9752545919583575,1.8031365834215805,1.3197116308243968,4.247123376568998,2.6185562789811496,2.087042197625157,6.256005196844222,3.6308012145995607,3.4549181381517267,6.831862147721185,4.65453529222871,3.904216018569849,4.975992600361972,5.110139550404705,2.3564712149246723,5.23800479127124,5.231966534775735,3.2419606355062984
2.6323184405950157,3.7672229713168695,1.8608214867341897,2.820337296332021,4.551447251662744,2.4576317306210185,2.817988243294316,2.195522414818867,2.4372544589831544,2.9555934585773374,2.528271497540529,2.750679116894663,4.53406902448066,2.544724795269434,2.319485739843998,4.6513874764587735,2.913130154348459,2.473672318561396
3.118692545486498,4.245718475491293,2.5464579474955564,3.340267300825093,4.910304671524983,3.035008753840568,2.8228379632334533,2.3370110756376925,2.2808757131139266,3.1513705253967017,3.0391790855510714,2.7019730407529217,2.853745994338915,2.654183779124626,2.329141315335664,4.417148014247625,3.323730434251489,3.1872616957442053
2.5538361272590655,4.4344951733985125,4.7725972996288535,3.754162487150814,4.526735123914795,4.858914899554312,2.139518808761145,3.9026570674581276,4.462258646338516,3.2901936537861896,4.249366781197284,5.079105963169925,3.48439636087227,7.754829470349249,2.0960654634760076,3.9057355146101194,9.22711229278487,2.7196448415258265
3.301658263484323,2.932424281282754,2.5228192049753457,3.6206500687500864,2.9798301974345103,3.1035916097728493,3.9757184872811004,3.252240951292468,1.807595573088896,4.381976748118398,3.695027464776394,2.180700011820056,6.72170883984762,3.5398555108976124,4.909011014688544,7.245634613677901,4.112080870191966,5.051702549980415
2.8415948749004194,3.2415396450179927,4.1142949592925655,2.854443534451172,3.5415434660175995,4.270465326601229,2.7908853721483577,3.345503017501757,5.629414588826616,3.1739453625353193,3.8106597893814,6.230094944796675,1.9106092729777013,3.596462318731695,6.0350578516072675,2.9140182382111597,4.370137210174329,5.983616298420524
2.688002971278415,5.12626689338891,3.675890939963265,3.633213129163861,5.1531330317504915,4.146953013086804,1.7010074295996767,3.7128638646138294,3.166509499317497,2.65715762641981,3.95124542903387,3.1522863682536832,2.190448200429112,5.127851660735921,5.7706764192485585,2.194635863613,5.541474725713166,6.6137021255820585
3.9413284710261185,4.56083654124136,2.346840492628668,4.402644928211977,4.708728827194919,2.628341694911501,2.623313726133398,4.247629533291867,2.1986602478540185,3.4486536097480713,4.835717370530819,2.701955570650538,4.20274716905129,3.57889563540455,0.9918643845945649,4.786014395538366,3.9346928180880405,1.4648393645668685
1.5686851608829617,4.427980737177389,4.451879166586276,2.251191544120549,4.830771331478549,5.154396735061853,1.7700688591336728,4.303937906842587,7.596962814347882,2.4082890647280344,4.656713522922719,7.861872572332624,5.051244379384168,5.169098814727426,1.8092169203395088,5.56131788889201,6.1826118336995135,2.0801999458105085
2.8434142669755285,2.211586400558438,0.6695584223443898,3.053946450746318,2.3497307869328927,1.5295815554264813,2.7558248682825544,2.5823470245010274,1.6881505508321741,2.845765251882475,3.0133523101544464,2.596740623811775,1.0472592642530956,4.226085319761358,0.24388598707764644,1.5531933656491226,4.160247061945296,1.3796501323175705
5.678995774050673,1.555544437796829,5.485546822569752,5.82548025543582,1.8579449891722257,5.539065190592421,1.642359612108444,1.103292330391252,4.138622011272518,2.0665831589814077,1.4087251445938986,4.214245405061077,2.4631492604786387,1.633729420099218,1.887395360980578,3.148962257990078,1.9001471743181446,2.143683710182892
5.229753121963635,7.5742602094363365,0.7245104641737434,5.356020701609069,7.804157578906617,1.5068419674090592,2.955625781515185,10.130995841843346,1.860138238287373,3.193922195691258,11.563307122539106,2.0650092917074003,5.13537167000795,2.161112844321063,1.0780426861594785,5.5157904996212315,2.7562753882780364,1.6803578693849552
2.565850334436656,1.2513560097584036,3.3013132493393873,3.3440817361984165,1.635669230195634,3.4402203331003576,3.3411069369621686,2.3213587832023097,4.76545527578744,3.9281214932384145,2.8817345296266015,5.119434909485985,2.701034200009391,4.751794539100551,2.2912837050325687,3.1834577461821145,5.182317146682025,3.015678783259356
1.587209529894963,2.863070815658238,1.6185433413909371,2.495794830728025,3.9190002499404355,2.031493060601001,1.8290484753530254,2.292005273468523,1.9267583023748858,2.3090500154425233,3.7532990230776986,2.4039110168980717,3.78283999777241,2.7493343219814017,2.0449569179215823,4.72910196380012,3.0992002389743227,3.1985446227667147
7.551024558520082,4.950947964300066,0.9615643849782919,8.510066370259839,6.083994429786143,1.62372539587917,5.41123831609753,5.160073378669649,3.708914643147354,5.416678828310994,5.9992067255494765,4.621236864332666,5.180574818275672,3.094629766328997,1.4091860843015571,5.275119153925132,3.3477777970747025,2.3761583162817597
3.1227840391751642,3.4641546341527008,4.423215239474945,3.3973878419335684,3.6778014962134438,5.268206684175316,8.621400139563725,3.9676676525336503,3.539025269859196,8.934973422741384,5.113717378693648,3.765807896295142,2.461523845100243,2.4730616139242794,9.400737769122465,2.63252117298873,3.5359095246640764,9.642722956696277
5.151306082213543,3.0725909252561263,2.45119848402897,5.73170997796356,3.3395187180634243,2.591504763361818,3.0045580558929075,2.8923275197679406,3.667381342807397,3.3694435879013764,3.0525797577327527,4.646431769708283,3.252580772812211,7.04349668766845,5.596141476729643,3.4679686147885507,7.05806266068729,5.754417930881246
5.9382782221984876,1.9917186691921915,0.8476766142490474,6.097245294875692,3.5285722757687394,2.027682017427711,3.208306354651547,1.6901695602276459,1.7215590402231176,3.4516345818904544,3.219493965597434,2.4579198173742713,10.274976534858876,5.191924101403447,2.5937066094419596,11.207020201227,5.422223473050086,2.874064836415911
2.9555369881421876,6.811494082585924,1.0012195751444382,3.5818235340224422,7.734856426163402,1.6117906975579934,2.847298877397925,4.861082293614009,3.3851390574939293,3.3810624192699184,5.788703200693446,3.7647310298554046,1.4576156625103334,2.200046056829136,3.8621578820291824,3.0056895642669033,2.631655813359897,3.889147736823208
3.643514810479288,4.4391122998038925,1.3309532988836161,3.8805018511998437,6.124779016360622,2.2654965447331725,2.6329045140795593,2.0201935181520883,2.413666987730543,2.9515942591501894,3.1713427219665884,2.7765278438462406,6.162973229918156,3.5211532829212104,2.330652927737882,6.205681918778604,3.6854678197554636,2.603963629503393
2.4783601944726588,3.5299043016627922,1.458498658626877,3.5960662268283006,5.247359374305152,2.204356191591041,1.8224406305813288,2.701842243451503,2.7299141574665824,2.657828035741463,3.7949393097774475,2.8926491166937254,8.720769368235544,4.714146662847959,2.7523957763760643,10.11497417574146,7.992399095441628,3.064104925883149
1.6142996782575494,4.347929739834589,3.083271036552129,2.542411112365234,4.806511267938456,3.3487394156495855,1.2852998706278818,2.8362498280565167,2.922545210674663,2.231139560044293,3.6913365704036094,3.5633416933441127,2.963476013293091,1.625043932207573,5.263553605939918,4.047435907482212,1.8011478833241499,6.028698064966981
7.847764506933992,3.149678526724964,2.6567009828880708,8.305806777092176,3.4710495552125136,3.725546155441471,6.440886594118326,4.7109277369823,5.877734341604122,7.286983623593565,5.77803401656464,6.808087477452212,2.402116901980441,1.5531346824138537,4.3432422198843526,2.920601680720698,1.9993951217257917,4.461130671466486
1.7307941260449462,3.9444770332903745,2.306736805696422,2.7770198496316936,3.9934215583958057,3.0033510787167517,1.9479898700257525,5.008756288179252,2.8525483063083446,2.177987661804621,5.7009110560452525,3.9998673552783797,7.6397789380897745,1.6636305648063794,2.0584398269368744,7.704800246900746,2.0434828236753773,2.635357053407543
3.6396966507891864,7.004989786615677,2.7232725084112457,3.8915747975492123,8.057706470871175,3.762819322759971,3.6749344412733453,5.564839252421498,4.299487761352341,4.415453370350355,6.340308983444603,4.2748903485590395,4.367066944633816,2.268900470695188,2.0035356301226517,5.547079494101522,2.670027404444507,2.5521686199479365
4.984865310658685,3.1688330908855558,2.361083923834645,5.510172606880001,3.565140488465625,2.460796490927422,6.557595337208457,3.0793034647918356,3.4292566023764093,7.373109680500553,3.704849590649989,4.344976195888443,10.108916427933186,3.90713953036991,2.234522708376969,10.77901441475924,4.557863775605445,3.6241815167244815
1.5904509237830837,1.7114220933031377,4.760190486441277,2.05138016328427,2.6639036519518586,5.221292555126769,2.0629957688486713,2.2238859406687483,3.1331092512894654,2.2792693327618054,2.572681438927722,3.441659841301722,4.359095711216871,2.853152237889327,2.4050773921148743,5.8653114592205045,2.8660540230007014,2.995475507182384
0.6883587513830045,3.9461123437822208,0.9734757165891056,1.6934979706102569,4.508261511898814,2.0182057616866103,0.6981468651319725,5.127600242966072,2.0560090330958865,1.5231587192271783,5.834802057763113,2.5464762097806495,3.144892792321132,6.939615151316602,4.848040947972739,3.7616352919115896,8.694420789925283,5.1670637385092295
6.964820795800329,3.2262699691818204,0.9530728993939664,7.728348739905807,4.147554914577505,1.9217650575569127,3.324473262813305,5.7431185448262765,1.0194111029414912,3.700040962793277,6.080353400255942,2.145871655705185,2.0761684904001414,2.4941799411415406,1.19900652113149,3.2905523734293323,3.7428759663595947,1.8285717169805014
3.4288551691627687,2.7251066757946893,2.4811612336641775,3.655618624147031,3.8383656682246112,3.1760811462819665,1.4841492570350934,2.548076382187782,3.212602636685036,1.8263272260768393,2.9015176897950314,4.209389916214601,2.6942072981924694,2.9107854069906502,1.8585989125395561,2.992966477716385,3.4213323989535995,2.4013869121851923
4.116657131562375,2.1870181718110753,4.202949838540222,4.91941815494048,2.265054536252425,4.468484677585147,3.2799892972057245,1.816569147133932,6.454766130876341,3.650908275791678,2.871138030314032,7.856266990738316,5.4367413856196185,7.223994022527456,2.446282308430773,5.591965512319834,7.484841557915838,3.1463903957868884
3.9713546666679735,6.2493373427526455,2.365359534761125,5.3392591864976655,7.420280512986733,3.46152051410888,4.774781068605635,3.234574714705403,2.022332180719584,6.046419690675229,3.800899649921311,2.627081552556586,1.545000471265024,2.4827789820850277,3.090123381301851,2.4333560974925668,2.922202456901645,4.5075665902412245
1.7951173048058109,1.8935079975322522,2.085896560217444,2.157094392112047,2.754829659395235,3.0270074423636317,3.692334278013107,1.958250311244608,5.573014920370565,4.638242114253643,2.5546437408531673,5.648125677343877,6.885636980644154,1.329560648348924,1.8969621521315474,8.072863289123871,1.879957774554366,2.2762686052246295
3.5132437680474236,1.6018448613342537,7.305200740280788,3.528444177948017,2.4794502903510396,7.314792526702724,3.956012882675632,2.1256672651857618,8.351549693979685,4.082928303115666,2.927915616984507,10.141727625403504,4.558480313583658,2.130726700252398,6.022587124112872,4.755826685275663,2.628412239189526,7.122874234691307
2.7046946499759144,1.3083477921361824,3.6489062862892188,3.3230317062575048,2.049514226390156,3.91401448386204,3.1795832319408666,2.0641126036974655,5.345598934783769,3.8835919580519804,3.7012299967086855,5.53541583099567,2.013770595476444,4.836234143265513,1.5481793453220138,2.8698545694377624,6.0040725078397434,2.165672808974932
2.196936408490638,1.2257279258018707,2.627147727417639,3.2246106786068585,2.2155090197516936,2.9164853977143887,2.710204514969487,2.270518833714489,2.6456369199504497,4.636812414898499,3.000651901468154,2.594412382124333,4.424308920859175,3.004717213703432,2.6077378876857247,5.401681743753064,3.784557191847843,2.691698076082428
3.1134846901165814,1.3737289199577483,1.8033900496447723,3.691211028056207,1.8769117185143236,2.154741961429416,1.812358108738837,1.0905405544495805,1.2648658119832892,2.0112240012005285,1.932088751655384,2.281181113367498,4.3525805259776575,2.482521422536121,3.321849574488947,5.209905152619546,3.005373006297742,4.686434813561101
5.1223947203791935,1.7106439514685499,4.731891621900637,7.365899179545913,2.2929048212626113,6.5440696095026265,3.740824937690098,2.417762044549647,7.2364849918017065,4.364460931525617,3.0985870527298096,8.320128466840961,1.923093702045618,5.141831169331354,1.1907935196232775,2.784347162097627,5.5864343807387185,2.7316161542844166
1.7241984784252304,2.092021532941826,2.4582010265391716,1.9516265801480759,2.6027683766779903,2.8588270723249143,4.664722017640384,2.4332673843586994,1.403448804926553,5.295000474965056,3.1468327634387503,2.0525102842621306,3.697793489290647,5.252881162795998,7.295905299197505,4.139227177410573,5.315035419182342,7.336592601178841
3.0246059287789357,2.193283982032149,3.691333633325502,3.9795152124838067,3.115909665802474,3.95274390951684,4.433414421369799,4.175451772350212,3.796250335308228,4.85648358951336,6.080517796690664,4.2496491867141835,4.04800967464719,1.7386914628579322,1.1925690018200257,4.483456532344739,2.30500529478984,1.4640484568186305
2.1436350687410535,3.6490859384842724,1.3075225959222672,2.654292193604885,4.195382958233491,2.1301997915645754,2.2637711937654146,2.661147644997644,1.000852864247147,2.599281342965393,2.8797049523084257,2.122254766005684,1.9180478097553548,4.020318811612052,1.6806190314349911,2.670973198542905,4.662718755667321,2.67159670047012
4.518025235411601,6.256032266266908,1.7426811188409994,5.003810201209744,7.322077101844966,2.3471891821083033,2.7862558744727335,9.170341330421017,1.5860725985615385,3.4509112423304615,11.243954800076036,2.2561348658583698,1.461572581831759,3.337963532534325,5.056470044273477,2.4737496176709004,3.651091983051948,5.659488777761693
1.2006972305226953,3.7583127152280364,2.570935249294848,2.608670040312206,4.3676000003477915,3.274611486452998,1.8303370023848364,2.077682144682487,1.9507653728921126,2.5218060420165447,2.4964704288343076,2.173094894065663,2.2032193669901914,2.5968968108113724,3.984470625642977,3.12135458481414,2.886674153448013,4.687862574604904
3.279992364195073,3.8951415429348075,5.303715742340044,3.389498537660926,3.940812487544991,5.320971659229227,4.640393872049413,3.339746571304493,4.373181455511101,6.11743340778185,3.570041600599728,4.5216732420116035,3.9765440108784746,2.8846667546232765,3.4193966987101985,4.2345888890373695,4.149245857299111,3.5309080046993055
3.2247498543886035,3.497867903305765,4.587485681291672,4.001096318349898,4.377883874226714,4.995787950331098,4.334218069275951,7.04186253347085,3.0338078856308828,4.574473100157151,7.805612512219166,3.258836788581801,3.735826428402721,2.122541257157501,1.8590539685863283,4.875306486150234,2.545797947981054,2.2832264238987565
1.4762641151095681,1.833750547079276,7.091978186911409,1.846838884972567,1.9644917394744816,7.577008015577835,0.7291319290177136,2.954980582499439,6.951076726698305,1.2883688497159183,3.5496288747914297,6.954488113611252,4.596824546360075,6.38595333261983,1.8329914900011655,4.9814646209527575,9.635577494215458,2.617678684900586
3.703557611198734,5.817824548784963,2.2338317280779805,4.904124414915189,5.980029874378011,2.9401651843506027,2.7093927488006426,5.9052508000299175,6.386884071462503,2.797423618654074,6.584629857036973,6.788077632139419,3.426259749174824,2.4874456972662884,2.300501721038445,4.662888967748246,4.269772229106928,3.144848307848637
2.1811424656512894,2.23411703181498,1.5149680805830579,2.803240828296864,2.4301193179472844,1.8683608270527905,1.8181907711932832,4.3268911653958,2.5341108216765336,2.55731632481383,4.8886424418558665,2.8751083773837856,3.364173605499239,1.8910835528013792,2.2946883092360144,3.6217249069530504,2.28659948565009,3.2083730303830955
1.6809895893160296,1.8963559449728553,3.454888471708131,3.2691349852283667,2.5909596788258353,3.9937604326936937,1.5499969846705532,3.1219930857893727,1.5988308523580315,2.0003613162568628,3.9534995718066943,2.2281225053565,2.904989769645212,2.908035240782832,9.973073232519997,2.819244395429668,2.9686990669297213,10.959295023799166
2.067642193207641,2.72255761733868,1.7177526639787837,2.099718347234531,2.7393083835875998,2.3155834192389553,1.5131696712814802,4.126463214175154,1.6336473547381964,2.2928788959313358,4.834065652729259,2.1251394629930975,2.5698546117679655,2.2363949712654665,6.505415480896037,2.8813491791763113,2.5064723215858677,7.406509093656442
0.8881745730377544,1.865305701896834,3.7929879688030437,2.1108595552711944,3.5040054513924352,3.8236380196365585,3.4959586254237807,1.365690006873959,5.428169378390553,4.348715952165907,2.934412357810512,5.437319892191196,7.3145628983784885,4.379602788580571,3.4380706785399946,7.455974103231228,4.765336913553246,3.5962028638714143
8.562794077080348,4.142812380216707,6.791246440359216,8.655678291492531,5.200014830384097,7.392823590933855,8.219862046889816,3.6339486798450316,1.316673632529273,8.604855191856712,3.7205681585763415,1.7936828524685893,2.5179248446083706,3.696341264343415,3.6391365312674444,2.8542465551202563,4.273373137551517,3.6973882598603667
4.165487158071915,2.502107722907843,8.242631031587477,4.162347142211165,2.8411626458220267,9.844633045605262,5.046086982577531,1.4569727938391912,7.891022019297492,5.915959529083947,2.2878247778271668,8.621238441029046,2.716804127157165,3.553734250408866,4.022879636388541,3.292676134082118,3.849986095695276,4.949801008478311
2.5545997351531904,0.4814722145957012,2.030784956568413,4.176920320670094,1.1847311109842542,3.0811231388524307,1.9614415555201563,0.9405391132707015,1.6555352474733505,3.10231125582213,1.5614757585087713,2.8090120650642696,1.5858084937239498,3.413288306140279,1.8882478210461449,2.0899759712609782,4.182398658351666,2.511969081865776
4.4405764632653355,1.1184790130506985,1.3560418179737213,5.22554619475021,1.3953447521476239,2.347286264436355,3.9212237769789398,1.9016144790763394,1.5143121627563745,4.5462248899655835,2.2635678656475435,2.489605214780805,2.3844995636820245,1.7869937910395044,2.6865457156854946,2.973724690445957,2.306049433805179,3.312955589030103
0.9740908696683809,3.7171057879664593,2.554965213430173,1.4714780875941058,4.255559820862544,3.1827330577119066,1.5512100078707611,5.139969994443666,2.2989339588067588,2.124909528860624,6.026658322052649,2.4575943156140037,4.231529094348234,6.59792489285514,3.602862973392377,4.837193600939408,6.589341098584034,4.227534627826669
3.1261438095465204,3.8110377303041205,1.2183286490049892,4.204675845484049,5.286508825906623,2.3228009567006294,2.744562267567109,3.498171025431144,2.3594484727062697,3.67514570683709,3.8640147565420784,2.9477190634766366,3.523804773148566,2.8115730187937498,1.6088221555082183,3.6858945848918343,3.8154948490549154,2.4368707468703685
2.2403789603334694,3.267800395997143,2.843471662062738,2.6740736771804405,3.4759110371754045,4.1141647042914915,2.059208533892215,5.127191268461839,5.6167185825422115,2.6121839025324003,5.769693611203204,7.673172666677861,2.9558255812676,1.7731933992719728,2.9078248371757653,3.2415060652993968,2.723518277773444,3.6123058338462597
1.2392959887051256,3.3266293250606913,2.4161002933811684,2.2392517457210324,4.257695627486645,2.5035934815422167,1.1632184455237613,3.5047201379996977,3.164027707674089,2.186833647361714,3.8198699456206335,3.2903219439139284,3.321805979118,1.8286887513516383,5.769007317714511,3.7006748758621164,2.3794041642890917,6.367280670773293
2.3436539833911363,3.3897221683249525,2.471107665153718,2.859429724660444,3.437908648256475,3.026660570709216,2.861259838421922,5.4098173747667175,1.9396470787016968,3.6683899370671003,5.404695045177984,2.226292884634183,3.7497493560598145,2.329918642308149,2.7465625225907733,4.696347410707154,2.714647950739295,3.1857583610202536
4.799042834251734,2.7851737251534656,1.0401574674805016,5.4722837257601125,3.297247401576308,1.933665706751566,3.04510248288844,4.854846962927173,1.7790342741049918,3.6799935750109687,5.452712748391995,1.9521327694973687,6.712826824660072,3.177837802627871,3.2265138508302864,8.509145457950716,3.6011867142258875,3.9906174196009743
2.093675447335422,2.4854328969613704,2.9168931964736418,3.1234833014659187,4.136132151590733,3.4365583971997418,3.0673173501650037,2.4115068528005446,3.803321937770658,3.5928496496165754,3.3075013900919203,4.019634365539682,3.13381835416504,5.036103325755202,2.6482259232722307,3.473505548231779,5.370063084266125,2.7873682111861786
1.5015243654929264,2.3163202588197427,4.2205598243906275,2.4546499433568,2.102990694881865,5.051045726700015,2.2417212369282553,2.9057490934661985,8.691227658490547,2.8674613933120354,2.847766411458784,9.71869018866788,1.228280920534429,13.122807294229997,3.004637545819305,2.0025603051234,14.05392274138283,3.44582450768403
3.664338441328925,3.2562885223713773,2.2925631698501774,4.356234554586129,4.065837117195924,2.733841866845619,2.7492818854868752,2.5034897778712084,4.260255846579958,3.7210417144907173,3.4911525297829717,4.261858339902504,4.162382700323448,1.9021819983250046,6.748046971067407,4.4456926749495995,2.8974834844012873,7.065099707076712
2.361612975242208,2.0405838499463824,1.236938609637083,3.6880511823115403,2.8459284311724025,1.9247642049808389,2.8053125831383765,1.304539164816763,2.065662647860323,3.822201721268054,2.229524640706109,2.827292494696536,7.419156006534161,6.117177578960418,1.9703091538355846,8.194220773288327,6.311192031992623,2.9980008706892156
6.904988211913525,3.6737948382577432,9.285077899020813,7.067577426525874,4.732948340497763,12.319589799494668,4.321695136415705,3.24228613986618,8.947184506751553,5.003047670341549,4.0708444578161345,10.028191177237288,2.7293109782496834,2.9693482228547454,4.288518920814678,3.0527595689661218,3.4322770706892793,5.030922365229152
1.3084308945884973,3.114699128991155,0.7130523704146975,2.097051377023145,3.9950554407054013,1.2308144167722603,3.342760573210749,5.033103053607692,2.2462969714902603,4.083998720548343,5.206904754940803,2.6086148510461022,2.3617736351554828,3.7038217718906488,7.183568621297588,3.058025061298992,4.201256738926845,8.369423707047488
3.0979221495531286,3.8916424100183336,1.9956797631268326,3.695505357467704,3.8676426918409597,3.0026805165376524,3.1063021401683724,4.057858658906267,1.170616588189411,3.8958515409067664,4.368322163574725,2.4040959628273106,2.586368892490957,2.0213036376581024,2.771267067698524,2.9395889202878784,2.5254471566341237,3.427355344717788
2.7708456464175133,3.1894995160621074,1.3946165228126608,3.8300408703777387,3.441549542622633,2.183412178111076,3.100502183996683,3.7361961313718233,1.8119967093311495,3.0861269695621547,3.781666708573206,2.3103325142163498,3.9796655818813136,1.5280070269149977,6.400954296663117,5.622705401469547,1.9708125440560278,6.650792624238915
1.1309261024731372,8.55648409002115,3.4019059640529234,2.191535271408452,9.151847943926047,3.5705245461113537,2.3110490150208185,7.835811243739699,2.595059792727708,2.6946326515920447,8.334261281973445,2.851149522411263,2.3969061400867027,5.911677551675156,2.0019578744483084,2.7686545308767156,5.906140916133693,2.207200390238936
2.280373686872234,3.669587908235042,5.437709228964889,2.9156927943797686,3.9678314385949194,5.813742196874425,2.571641870382477,2.9513413864789477,4.428058693897537,3.1282849988928474,4.760226945730393,4.61198285560002,2.6041790485667526,2.4894748361592685,8.22814460069192,3.57614065158277,2.8260135160609576,8.35927205541817
3.116802894096585,1.513010029895267,2.700414835093623,3.7844100575994983,2.606363895889547,4.02224594020954,1.9662711735089058,2.4729711420127667,7.1681452964172445,2.485440255114432,2.79185351936029,7.3391845084255705,3.704139708679954,15.435907840186156,12.020683346957908,4.634893779805268,16.923991206260673,13.082995294370482
2.8296950426256573,2.555678724425004,1.9642880968757204,3.117145604929767,3.706951152410137,2.918617388705944,3.0425484648316212,2.6024778586786836,2.8187271600216355,3.459826681650239,3.5870183283070665,3.8982780176103415,4.81714758465567,1.7619574766131603,2.502353672004989,5.413985389422317,2.1555553834342582,2.969067414021271
3.468035161998801,3.0555619625040817,1.5309231066671554,4.037889027908265,3.346591588250894,1.717444659918647,3.3485472652026074,4.825562483077634,3.261788125871532,3.869570926293524,4.972916700917892,3.787764516772494,2.875354965926424,4.968317368760707,5.911656613683366,3.911715617991314,4.947237016471508,6.156172138227619
1.5508684122350864,3.2775947431414574,2.6889976196808414,2.1179906613607637,4.604752749865282,3.19217148513978,3.045932074734845,1.5683018878831931,4.810719440237481,3.3000252640754066,3.177640432503582,5.9081143496229025,1.4034550366484106,3.1986255453537673,4.0717772652569,1.5875622259169877,3.656297555657071,4.3763541776178805
4.210315429819675,2.097597487689058,1.8589189532715313,5.155486601235381,2.78173213922709,2.1170853162952583,3.749898546875463,2.0807292122105396,3.3928318842210867,4.294808230430585,2.3463821018401805,3.8412729199812365,1.2087783559746124,1.7942162993270467,5.877818009230952,1.8695505491529094,2.4368818168818476,6.324938883657606
3.9834658482971816,2.0371941547690717,5.222959890262951,5.359146416643819,2.289013524081557,5.068435761084721,5.989775039769536,4.707615440685673,10.880595715774309,7.700612044996263,5.071923006476593,11.333399691859315,3.34328349144632,1.0051662948247404,4.565681447210816,3.6264746590821435,1.7621913265812008,6.058105442744755
2.313425425128577,1.4767270557495293,3.776776726745233,2.8500321421233554,1.8450944219135195,4.599398897846439,2.4151597521645343,2.2773917097565413,2.8811771573843643,3.1434616429219426,2.7945278902700466,3.5165979062172457,4.770087936738757,2.8016284965996703,3.143259478668622,6.1143486928842075,3.1820810027706887,4.082083516632038
3.3795757022171786,6.471794783360115,2.669234397790699,4.246612134992841,6.76512205943286,3.9769818219504782,2.9725045971924056,6.5923319277189485,3.4120351939460827,3.9203595054413447,6.985287673907028,4.949584365367104,4.067173007202378,4.568355261515446,1.374002210003525,4.279007445408895,4.823254655590108,2.5761641704983784
4.163006845643374,2.6908191057114355,6.49455160410281,4.394467232066615,3.056192377243215,6.632686805862989,4.685204890250247,2.5143391751171325,3.9162337225631347,4.997751599135112,2.7928727153383326,4.566329605259512,2.34641187422327,1.8676731702382992,7.501481455818242,3.7499606376792176,2.7263875277880354,7.586532390832809
2.7543565941625756,2.558237101714416,2.8722232243603822,3.5816936991692314,3.207044302680533,4.049364179007272,4.797748384641625,1.911115471775144,3.47929926455326,5.117200065935447,2.21618126774417,4.1378295478152145,3.357600479598042,3.1144733343577173,11.877716713586903,3.823159849390014,3.3292185973621278,13.076602943993572
3.1073435791024466,3.588596910432972,1.8440220294583096,3.278032734061946,3.7773887004189906,2.1803717075904565,3.3018108642128885,2.202328091564544,2.392325431620616,3.2853137719531835,2.4070244956033573,2.9702464876045847,4.4801858671624055,4.816277224217823,5.292769699076677,4.499407876483726,4.963539001084671,5.420254940785437
1.3738213935082522,3.0559380375500136,3.24495244393336,1.8837030287481746,3.012886974388582,4.009750949121015,2.3406792212789713,3.833777130671304,4.686121849324161,2.8063499306686333,4.155623659377115,5.002018441110375,2.0642279774357597,5.270179131461506,2.185728068436089,3.533298465621735,5.744104322503335,3.4319549824790583
4.3029620983139,3.738677120080728,4.200908448563431,4.6979477181022435,3.8173094753603536,4.776916915218512,2.7449408480761472,3.40380360257902,3.480800294979482,2.9829999648581906,3.4632037268523783,3.757425846512646,3.671439722998067,1.791523795057443,1.162113497730147,3.7159080822191592,2.519253536857896,1.941318649921153
2.7620817183082407,1.5744711123315525,19.240535474817253,3.153400915343498,1.8307650449275845,22.7461286615397,3.2765811545142345,3.187896985863625,28.31268191737319,3.6349034628814407,3.364691061209666,30.304962814636802,4.909772000309356,2.1740667325781287,2.097152239394017,5.154062087866094,2.5927034868613505,3.0913553674312597
3.046701499441854,2.7826878732441376,1.6846802910603345,3.257522365368828,2.997174089041882,2.3385235870137304,1.9879342410809258,4.996405610049413,1.1467168557386598,2.5443636525614344,5.6482260974605225,1.502590017868954,3.586767941384392,3.1513398756299615,2.2213557429354243,3.843873502180327,3.1497860547891587,2.6561051687799098
3.570994416620969,3.4172847344740753,2.183679034713113,3.5616695116489057,3.4456234676284274,3.206265035511308,5.1528881366202395,4.8775561535314464,3.7899098146948815,5.616048254862264,5.01856227499014,4.474127301211159,1.9683311389774032,2.665748644786383,3.074471288839636,2.319042236488935,2.912446761097585,3.1957940561186144
2.615956678209728,3.286746569679102,2.6140146065657732,2.940006979130396,4.380266671982916,3.4796704057433616,3.182015981026773,3.245782338705717,5.475509660129383,3.562766840948119,4.472027299377781,5.387079089343688,3.7986748221031483,1.8935208588737507,2.5448158367793616,3.846757673892261,2.5841579474401994,2.9487147167148966
1.989460277175395,2.482778090775902,2.4539931900373615,2.7152375006587834,3.5260171261678073,2.814462077612412,2.1548442581882252,3.448221018709055,3.155133676466573,3.0466842878397253,3.7543421468272182,3.73963032876919,1.6442980761120805,7.820165089931583,2.1055850965135297,2.493687522568456,7.93186270626092,2.8001207722208985
2.045191884784514,3.4917303530082267,1.2053241979668352,2.452925488698282,3.3219127122972645,1.9694827658729441,1.9720424304135908,9.132657824921337,2.3481198168101467,2.4439243942605016,9.21631225028854,2.5876322557595226,4.044842242339962,4.961397666629076,6.815689635386542,3.9695714633700283,4.981634826562693,7.143558408946504
2.3554970180460346,1.548189188250436,3.807062684247588,2.878515508507621,2.769683444660021,3.8321659402821577,5.3271917783435,2.3330036843350714,2.9649059668460946,5.71864135832907,3.051918605650482,2.9873986108041413,2.5240071303300966,9.554422128122278,4.904053341993945,2.6747144137424144,10.685504640287963,5.109453656660978
1.6717385794834267,2.0333965267491836,2.265317097687435,2.5673306039705603,3.2406644384527126,2.5146741182577164,2.352820189717193,1.1564131962300768,2.4501063986395177,2.5196058702433017,2.212626536113776,2.9571744877845583,2.839291326112288,2.237894487446558,10.954334216622824,3.392783142441333,2.23936947859948,11.201740060922715
1.3730366505406968,4.278957167130241,8.661108715937312,2.1225146768454577,5.431524330041334,8.869448204809986,1.995917896705761,5.134588658575973,7.589997299065982,2.5076430902615767,5.908308130399611,8.759818813163402,3.2099574787659986,1.7679827292184622,6.269844993845475,3.5058959251013144,2.31412627871177,7.323065420305325
5.289280195000343,2.0638947749737997,1.531275477731245,5.614645786132473,2.5729938267946597,2.275439307985163,4.172992075598817,1.7149455047613624,2.7363680822950496,4.2585383378970265,2.916360379598086,3.5388802712409007,3.754332703998783,5.378511292700133,3.4605386761257013,4.789344509831842,5.969366431070745,4.369619485630074
1.8715378567715202,2.6067905651117993,3.8281134018431344,2.0867986384674038,2.9904915935632537,3.8317006330865193,3.0470983016887296,3.434215305925874,7.0712148248264075,3.992925719404877,4.2292045050979725,7.483998713537151,4.279130164022579,5.118741162810872,6.40564756115663,4.381270668225189,5.242677513348282,6.697538837722322
3.968406136702011,0.7874603150858124,2.352660801523362,5.3112930844744515,1.9626766412179175,4.22124820516625,6.615940901378249,1.5570673451199897,2.598136385987955,7.081471539187964,1.8061247055183831,3.8006928433494584,1.7876390661561243,3.424965419133882,6.861817262011581,3.024050721960287,3.4887556288831116,6.971220949973125
4.2654741211936384,0.9225482628697851,2.4857871792769695,4.367167567770246,1.3467238478074774,3.33228180508761,3.988293346470058,3.5003354426509485,5.295432280653838,4.037768665807031,4.381321904485869,5.552161329184212,6.881263313173959,5.594209475789992,4.178952371480092,7.206312094173931,5.689413201347839,5.129657213119518
2.925217859701293,1.5357405274352567,0.7286435163967204,3.0216735013605507,2.036085206766689,1.5059614935625802,2.128833520472889,2.251039472069687,1.5153828676160972,2.779012659673109,3.0109938568178434,2.2743984540625006,3.6156155317249636,2.452984181807819,3.058532030164253,4.065947560456334,3.6063126804751757,3.0499004646291215
4.121879848170329,1.3803250635643292,3.392972719525573,4.564310969485451,2.393926848219419,3.3950084775974725,3.9923990918813583,1.849601424963074,3.3058968379443927,3.9132039643245786,2.3147843909132084,4.776127807596445,4.655950947122377,2.071918657956266,4.996710623004119,5.310389580849802,2.8219298336572343,6.243123846855802
2.9695298719122962,2.1379297434226086,5.746060747647497,3.3010141497351033,3.1057218715102506,6.266409003648588,2.736978264853234,2.6166443910160497,10.309230311182226,3.3325594324230927,3.8485673634323985,11.00382790980925,2.6875129743172006,1.3144764545850491,3.313229550579826,3.3919440009529134,2.0603561304385236,4.149830873790865
2.005279473732386,2.7637044957511927,3.697720196238366,2.5255507184531845,3.328042858521741,3.6778198121711503,3.7372575324846613,5.617493010984127,3.168309205235974,4.353618542601017,5.677570123930177,3.0925215873811394,3.6776269622819155,2.273744090571346,0.7155993363407777,4.244549446090651,2.5469271455246236,1.3710139814973004
1.2378782769415335,3.659132610126968,1.9586699292409897,2.2524507155933757,5.01483552829758,2.1991351326184367,0.8219886258839173,2.9351213106135328,1.836569131243913,1.6954732014739373,3.920741518970996,1.6947220122124012,1.621045283006316,5.962617285808246,4.076515802760332,1.9010355745963745,6.129515947097266,4.150122722513578
2.1623315263485856,5.635390836640038,1.1714394309526173,2.7319769369737417,5.596269170499264,2.0819073716308805,3.9708024926879326,5.204239622883361,1.9027878359353254,5.325750288929303,5.787208065996049,2.4637314055721085,4.9393789887421855,2.3235238991122666,6.561621426822912,6.119319101631883,2.7238323836449494,6.601477904878496
3.5914000717747423,2.8942176380174818,7.370886813246355,4.3439960253151595,3.6979235031213764,7.8073729272839465,3.0615712279696137,3.621174448699766,3.6078305675307907,3.422636201285542,3.612445417346211,4.087394581323423,4.339557717319837,1.1548810203560067,1.6841366660040549,4.880178838989723,1.5844157708140219,2.71177589184774
3.2685153519125634,2.0264929711131603,4.702022260048539,4.255414694012423,2.3507617008757835,5.033196818950987,3.5792879837257785,4.251860463082056,6.9547485829384135,4.7418863263516196,5.145979295950678,6.925916795614328,2.1471317973611583,3.2911750781902205,2.2111677774975265,2.3614525749188626,3.2878255528805838,2.9747329175255905
1.1612623015278059,4.199842092293781,8.1468085839886,1.7594660831174624,4.418475450948808,9.097116208716837,1.0045012522294179,3.397345697396388,6.280852994590436,1.4888359160420257,4.442311243826318,6.943179775876404,3.4070913617569674,6.990111485168326,1.641222994400229,4.136189450128223,7.751059952485828,2.6157337489708454
1.5022983746882184,1.8318081577143817,1.0851637640621243,2.423679944523602,2.9853137384010235,1.7091536167194097,2.1537481832568584,0.9032550239718516,1.6805418994048587,2.8097122954438203,1.3469248747604294,2.1977484304292783,7.8649925190752406,4.932092358238232,4.108685762667758,7.928130092487306,5.679297162126951,4.833489868124191
5.636805361891491,2.130624399169007,2.5956955479006796,5.833129896312773,2.4380912208544245,2.9914905537781196,5.791661002335822,2.6695260782167347,5.436672589212968,6.590216826629387,2.888381734012912,5.56272344483668,2.6739975675791325,4.961117634872035,1.7699477364819234,3.426854219413036,5.3719962302896995,2.318864301220267
2.137313026781367,2.9722319618678177,3.4069800179208456,2.043172412809851,3.937432670116614,3.764109442407792,2.8459091518985047,3.03178079945175,2.624324057569203,4.19037154693376,3.284469844915162,2.9790276988803326,1.7306838284015482,2.172740186438959,11.638530713336783,2.3110918023951785,2.8966705242379955,12.370805995464863
4.874006975208627,6.5354628687162215,3.244673555373337,6.112397308999904,6.567458887966974,3.35160363025146,4.599174589809339,11.34357444960693,1.648201188913222,5.607337217924939,12.482580389621567,2.2807990244725342,3.9631976217992446,1.6711275809774813,7.495691090612765,4.433464219241064,2.475926984564732,7.710515905128232
2.5294879495474785,1.544955078622125,4.388419799625239,3.562185479453776,2.3179328768390564,4.744390083778825,5.089790887864936,2.7617925427357393,5.611313816399276,5.214470579521048,3.986919798579545,6.286003146521227,4.725808081760269,3.943906678282907,5.1018344253364925,5.481207293143085,4.4779810887625855,6.383731128726629
2.3756528188983497,2.3950126101848253,2.7408009404166678,3.0182636377591434,3.0714391265461973,2.8969573680120844,4.062462285279061,2.69138293988917,4.429232023035806,5.329123731360844,2.9501349084002113,5.544544763357819,7.9519720802136735,4.683937896700128,3.4245389582559294,8.146872685956524,4.846030959851544,3.3390743461605084
4.36116760105137,1.5420806385953556,4.849881257958044,4.795826761130653,1.8653754677955232,5.613560133216988,3.7944581963025725,2.0128874985663003,3.2603518426323976,3.8637603564855123,2.9083029544810652,3.871463550573454,1.9355845181162783,4.68438697915359,3.329626947841025,2.1476457073616846,4.863251239662107,4.609212686963416
7.070580917562472,5.20574654837783,3.3587096038823896,7.425295754824745,5.365579173733648,4.028586293388998,3.4128445346221468,2.709786755616515,2.054520121543319,3.951171689559003,2.684115715277232,3.3527212517664995,1.1473590988038032,1.4652824877685233,2.034051661991502,1.692435355150306,2.2582174872114273,2.400636462553229
4.342736754071672,3.1194098354025916,2.811207984814204,5.083435280247637,4.669995105493057,5.412174932619201,3.5617788801784065,1.478963579669237,2.4443823325666787,4.316492371943194,1.9375578202687385,2.8885449180124843,3.996603357536198,3.5966603632979446,1.2861903007202036,4.216286607098346,4.3501687078525535,2.1825019529723964
4.601148633207126,4.471918558114048,4.176665935521121,5.2052307397081155,5.62091937324138,4.256797103017267,4.982675373414916,3.2044020250562477,5.469062436687216,6.027826408083929,3.7388494661958216,5.9581593000248425,1.0193502379931454,1.6144586798825957,2.422867458364313,1.5798757243414194,2.3989502516555947,3.420234279075152
2.8306334661414434,2.4850605343289165,2.5984877423054717,3.733561492173534,3.321276200282057,3.6910620161867804,2.3143033434639255,3.661317586460111,2.754244636918272,2.5703114705123964,4.418436423894886,3.4460734632942716,3.51241410963772,11.083774360422023,7.103389365058778,4.44839280877948,11.477883757947398,7.070866083995711
2.788390479054366,3.0983895771485352,2.075508341530124,3.326260721890973,4.087477398025031,2.758597786265047,3.4040699094773377,2.873935831346376,2.1490656180431538,4.807999511241029,3.680502219445284,2.4117441636885717,3.7168556276464337,5.193199266215784,1.4681413687178675,3.943833608551647,5.385250115163652,1.7746394112672828
6.237552850312877,3.8327754181962614,5.983171294014533,6.782694415247046,4.098104680132841,6.703368618422104,5.7628021792642885,2.066023457131745,4.75872695164751,6.097006519719472,2.841932658338356,5.24792570093719,4.380403888224549,1.6874336681801352,2.0790275532042326,4.71676547897506,2.4140990807267246,3.4288176339809815
2.50134760445487,4.791135440530889,2.967261846332654,3.3064386415304385,5.409932762018764,3.8621635730132375,1.1986180909727386,7.128892554437802,7.760310756401773,1.810789655166471,8.873820308561742,8.435282848238552,2.431765815446926,1.2743436189833954,3.2096851874050643,4.239598516097901,1.5205139425176837,3.6094249684135358
2.0001296071860493,2.92032709161282,1.248266008188707,3.033910111318158,3.964606319757996,2.279171065671167,5.236338931239161,4.192226790170161,1.0139816189782123,6.6920508306608255,5.20186400411354,2.189768317337319,3.3446148827561792,1.5119350240860276,9.393165065205096,3.922477048755101,2.1745539970308387,9.735825083823343
3.677862663676503,2.1941738372937403,2.1233028892896533,4.265253544877299,3.0701155853812656,3.0565033574156915,1.7345012593722036,1.7491518117075278,1.2860889055211902,2.4734257322059996,2.3745043236104286,1.9954590175512794,4.875443409465127,4.988773802954414,4.451484366645341,5.536609475861183,5.394770205954197,5.358736512692606
2.081149290500125,2.0952455530482488,1.6177980524164968,2.1471340102152805,2.5013477451926134,2.004187511000233,3.120315336925508,4.21898016230492,4.408285570984176,3.7938126672818377,4.871467813068607,4.381424944994469,3.9757590223700006,4.348619159221029,2.665918774071723,4.66077193060403,4.976936870700199,2.72628962338723
2.4827603958423636,3.082653117667165,2.1313931759215854,3.858242724250385,3.768229761122475,3.2009009247771454,2.31486157340735,1.7258107945114414,2.6114208440927547,3.528563455927478,2.7715116965934454,3.298332496851254,3.3596043633730805,1.6721537643119553,5.161308146303425,4.123222682236448,1.9897028045984755,5.132060986728287
1.5237335288985832,1.92982616713482,10.117671905509502,2.3679339148324767,2.396815158418528,12.129837372807255,2.3346631239546847,3.8680667033556078,6.643036948256574,2.973020400979154,3.980270660781155,7.123752762929035,1.5487438734870829,3.7952853308334054,3.8840813701703385,2.272518705330317,3.7315499926655624,3.817663452770643
2.4378094893409674,2.7304624182463164,3.8629921092191846,3.2693931891401853,3.074315240280565,5.311134836108537,3.0958303493474792,2.852455348445303,3.4183514152365144,3.486779191350729,3.6500447771483326,3.554469855717366,1.776649031791581,4.717163291010966,2.78054706789329,2.8631090159413266,4.570482141985155,4.014328992395148
3.196345819197264,3.1516236438813507,1.9233411432423797,3.4036514137049467,4.007670039128809,2.6192698923795628,5.9908995319225875,3.6551181231641463,2.1039108631268517,5.953053864047134,4.612399244398116,2.3459986830314197,1.3441115511907185,1.8368476586074123,3.213499841333507,1.653840487136776,2.6730211750113226,3.4326787612527982
2.233172735187325,4.204441852979567,2.0535244197829337,2.6337255299682467,4.031855607196821,2.3835338746408765,5.123606647814242,4.977843659698949,3.910121365742451,5.1897209875359485,4.973395417189705,5.434945225138995,5.748818310479327,4.414546077533304,1.8492891316299143,5.963531912661038,5.641656867549079,2.124394012372539
2.442779860299959,2.640340302257803,1.603913789044848,2.600105411033864,3.2256085176525553,1.9580531116855144,3.3095891089966556,1.9466219078023361,1.990371492724025,3.8582596130853473,2.3092358621945372,2.4147844279149853,2.38184037568765,1.2372865920864207,1.5584267381158246,3.340804675094042,1.7245903295492986,2.4671085411725153
1.895415729833484,3.6150468819128485,3.151313438927495,3.0220190147398265,5.313643559873849,3.5092498718588963,0.8299115112125193,3.025393337307119,2.996377234781805,1.5848878401360058,3.2565841511009745,3.818331415627825,4.453557381632014,6.322111231668266,4.33147645437451,6.615142452925203,6.344298532533055,5.005109483594406
1.9831629116398783,2.152885133149673,4.423620175325065,2.465952476129571,2.5531636898169405,4.657098782349993,4.9690963082797435,2.8941275864157645,4.019473622756366,5.079142421592513,3.214335882025085,4.531784418765611,2.994092751354235,4.648647938117391,5.136122947931642,3.6793818381445393,4.818133452427992,5.221346477760624
1.9262284537724907,5.5457075171008094,3.3330242760116966,2.8267068023912207,5.6534068668247945,4.7335964594975835,4.116048685404144,4.064312715659203,2.337932576348302,4.147006208872075,4.129966544273201,3.1769644165597253,3.2429279729592184,3.0229547670702486,2.168179043500495,3.83937729294039,3.867042846402232,3.0412712075912687
2.8118101100059927,8.959720228994883,3.22410039833543,3.2015512570795788,9.16694988582966,4.533859375490725,3.548871386220447,8.851087655647977,12.097799812877769,3.4940967822329023,9.582429097273314,12.580215269309443,4.981096811945244,2.3986197381423584,3.200109108341615,6.994855622727394,2.6179770129147366,3.8937334896505957
5.049732628535027,2.1493777749870984,1.5123699436101798,5.563541349108618,2.4758900319328427,2.1167028564413095,3.5441296669866764,2.9355794830523143,1.5109403032462585,3.79024082838037,3.1560628264411807,2.052601726646369,2.725616830141664,3.213561128169107,1.7887554200057079,3.3778927588777306,4.280105649267581,2.7100793550365108
2.1738270236120503,1.248436481641858,2.709196984371938,2.615247231024761,1.8433023051062343,2.7747127205234547,2.0918740459511893,3.6747707374468126,3.693830161747091,2.352344023799209,3.885131344288278,4.261597415926041,4.152782358791545,4.98288477045849,4.046536593368315,4.266287447425479,5.621465843931765,4.415710051561171
3.5210559285459966,4.260265619614439,2.6652427727148886,3.758106317408285,4.80035518562849,3.500191251430813,4.00713278774084,3.9749999066864676,2.516902886660785,4.377384193827419,4.658151417566405,2.509721057443383,3.9153732542388147,1.4923219789901954,1.9681065765250965,5.503149321007517,1.7976864059539284,2.9166067633965858
1.431991770229988,5.552049500649628,1.7778849319378918,1.8943656511183498,5.555845059532639,2.5296505818199786,2.8198219661702524,2.864062124980721,2.2933243023397534,2.949141071328298,3.268617849110704,3.553123515219926,3.7896257874705563,5.6630256371371575,21.966017804970818,4.2795042161514525,7.283773335915106,23.893186572625726
3.807519340532546,1.2600750930614426,3.3353650940513067,3.7390240662107073,2.6227973079460614,3.564868038657575,8.315686519480755,2.8603980156812066,1.6566484097299057,8.488703584337538,3.8841868135042397,1.996631877752964,2.3696908883904597,1.5059761736975523,3.2050900750437092,3.132871067067429,1.922325465913862,3.6769080882571155
3.0069440569097403,5.065318061539845,1.59945996657852,3.709079246163164,5.376754682621053,1.785120548943369,1.995030089243295,12.206376218891183,3.468142724359794,2.8545396381949555,12.580261454410566,3.578600513742867,4.704310526574874,3.2658961005647025,10.405658556951396,4.891474901717841,3.5880827291635224,10.877145841822296
2.3243129476614435,3.8927888925649254,3.327299010851304,3.0570076961474744,4.056425109235352,4.071870079878928,2.431654183667718,6.244174499253962,7.114790636194958,3.3784597923226083,6.862690659861405,7.964641699800092,4.240997310519769,5.504405635170241,2.6434118474637542,4.864264556045447,5.930619318279616,3.4113464493010803
1.575635188382288,2.8306046177165145,2.4116687017708385,2.6596997197950647,2.8575227948187796,2.856034519274372,1.337877656065262,4.919459842810211,2.4196971206137565,2.214672159692997,5.126200294719131,2.6724029809989034,3.814423784413801,3.4310425324086675,2.376980059860529,5.351048215433144,3.523587669880123,2.851194074603512
2.00252968251551,4.058835651247891,4.180177057738764,2.63944497608635,4.8348826474952595,4.574882918048003,2.1572068090448715,4.223183196926078,3.9862026829685684,2.8310622852996707,4.22202155096806,4.145393536526986,3.159401783320733,3.9889470408207734,1.7753750162678001,3.548995841349962,4.496885923236282,2.236342694912416
3.46287508962598,5.9800283619363706,1.4738295372194206,3.9742533344662574,6.499584325036661,1.8220846292586903,3.256502189190461,7.0032674586550065,2.7631505932274205,3.475935256559876,8.313847297277949,3.6945677812398494,4.308251099562189,5.924266936830407,2.965564928637383,4.726178211569713,8.433845782334366,4.260502232753394
1.7964797853833046,2.8700279778829785,6.568437066217231,2.310943926543692,3.1094136272027444,6.7798276362659005,2.119772084820409,3.1640062837340275,4.4081093777094384,3.15107631606354,3.85041760825651,4.8069823167268755,3.3219455623369143,2.6268604408001206,2.2727553146631374,3.8705216510212703,3.2548941105421534,2.480001988882532
3.06303349435794,2.803810024269591,1.2098961274732292,3.1414419203967716,3.62322283712489,2.1486702089009357,2.606215798825008,2.5940185530450295,2.4337724353482604,2.7365463848154494,2.895221623211438,3.2466934001829695,5.4541330676179935,3.379910205452253,6.3196921883076795,5.503931142766648,3.526932635807073,7.149805766394126
1.1985058224623046,1.8359709206822283,1.3270320886745257,1.8982023266123165,2.7814379159171407,1.6941074184347387,2.063305647633631,2.853580741514012,2.3845683430423446,3.440764912530467,3.4202964318013787,3.3351400319940456,3.3716029986079112,3.8483947404574192,1.523919182018138,3.818693404931657,4.981346725352615,2.779257425307464
1.7117244859438951,6.962885383316124,0.8779166387771962,2.4131152208401128,7.7153697066588744,2.185536759020384,1.5227982757700655,4.87739680753106,0.5478444609411088,2.478494188243863,5.313098361129369,1.3742231283662132,1.6063650017066096,2.2249994876770245,2.595311777323601,2.0592611815790707,2.945512819094136,3.6410782853729886
6.7272218472130225,2.199377701921109,0.9859308381985049,7.143684560402653,2.467328073735416,1.4777927935222228,7.3864256704501035,1.5370158988178768,4.18938780522604,8.438702591039428,2.079616067954904,4.945032265143326,5.053312959866665,5.799795316727849,4.99303461077761,7.827334507936376,5.816575024910929,5.729808342127104
4.428507955869303,1.776276659594215,1.252503464172441,4.494044103293578,2.272917420813537,1.6509547389223171,5.6238966828178505,2.167283153744113,4.158829643220281,5.811783865982865,2.262449605721698,4.247028228736926,4.345889083068444,1.2847609232878612,1.1983719116926892,4.983985907084878,2.743765714987169,1.8894132230300682
2.6722717268320992,2.275491905997057,1.9786533204733534,3.345277206132223,2.787163185839021,2.5139034158479765,1.6127080384255543,1.9403377186673698,1.8055198479609462,2.682361986725356,2.0715421619036283,2.2955285346995358,2.44745492875685,1.9549782911550142,2.415388312600976,2.860833113962107,2.304459722486807,2.6527863866507877
3.041190531009305,8.76109344722785,1.2646192511474383,3.0990485393609806,9.565027645661392,1.8706133577661987,4.556125425103366,7.302383031315049,1.4486635754113186,4.777262250995035,8.47180785949813,2.1552571749076423,4.7150337075760955,2.011780731423869,6.410736282840466,4.694085609110436,3.0860348254287633,6.497424099569552
2.0952045697148747,1.7976740693384123,3.101113574952532,2.966277472638078,3.065851497686579,3.7789731248822815,2.3655438909111983,3.248893997135863,2.439545554330059,2.6245744770302855,3.6173314330271653,2.945980853855666,3.9983139290356227,1.8984566821262094,3.260862465677677,4.472227515420022,3.010151456824022,3.6960795890643463
2.337971000814833,3.0105339328832526,3.1750377490307846,2.3963959636236014,4.373073306581014,3.5759461724965123,2.7866632674583127,2.577287171304111,3.5034089300812634,2.9662291063536896,2.6946441528330394,3.4875675013473835,1.886536614843029,3.0821377507237946,2.4816080232759012,2.255780354400736,3.5184893859922717,3.9765199820069137
1.7144349143470328,3.5115107953027787,2.184542432367148,2.1415209353169615,5.31798929073433,2.308081524775221,2.60519378807112,4.206723771105389,3.898174891657893,3.0880382363571024,5.148506166508112,4.287593100428379,3.952221800895615,1.6960448674770043,2.4603194786086995,4.68921006515208,2.2259008091320323,2.8020572549019245
3.2415269589010993,3.5329874543518685,1.7436871082660637,3.9459009100197107,4.189773216284189,2.250577555528492,4.296253618829312,1.940187707225614,1.6795172194925931,5.477697343198591,2.9527197717335203,1.7711853238798245,2.369440491007884,2.16490641150852,24.567664705862285,3.644307591888447,3.2587081493940304,27.3351826232703
1.9165184254892018,3.0071150690182336,4.281981395533269,2.3881819063969645,3.73579827404284,4.515792832670012,0.8903344558766582,3.806634753287876,5.050012160608301,1.3222369673781973,3.5876397978267556,5.420532805783569,4.020987357183637,2.342937996966062,2.7902790734160905,4.7467735919639855,2.9062422639466248,2.7941684224816177
3.414325564238832,2.3135963980984284,3.8971743471790874,4.396917407090517,3.106735356454366,4.655890262797371,0.8743182169790692,2.563250968371413,1.0892829568921272,1.7566170533173244,3.714252025132717,1.95017710207013,4.862690571079129,4.309246283148984,2.651034766358391,5.572145826563574,4.501061298163915,3.3380362856637342
2.6687741126429936,3.9416271664417257,2.0361961419887558,3.914457138796111,4.172155842654849,2.959825274779192,3.31434349415601,2.5857163701218053,2.63764179143269,4.28302713826432,3.4220189595219765,3.472350311245515,3.010840306818618,1.6383873526142025,2.059657014718241,3.672456403923935,2.079010021228287,2.803704439742124
2.075245609559883,2.2718006279294105,3.2593102003463423,2.476715157740039,2.537997516041479,3.30201089361217,2.257726996136379,2.051277068107454,6.579522199763014,2.9519615881086283,2.756031787822126,6.6684207880952,5.3459404882918236,9.49996768693094,6.73523983585348,6.272902730243033,10.469450842632538,6.980517156970471
2.2830481182653677,3.492054745261233,1.4360820206781193,2.8415387029657184,4.808515816599203,1.747217267840171,2.629493721445294,6.422562118838718,1.7127638209573495,2.7674981963583343,6.433922512424896,1.924967603656117,2.921372146772027,1.7190790061688335,2.1895732621925794,2.8878336298511855,3.282120505631874,3.1848199011324514
2.7619822795554096,5.64485789805872,1.4191638047422934,3.0252845045480163,6.280682954913695,1.9808838404675246,2.9283903362595556,5.930654151730238,2.7310136064111497,3.5064678754955887,6.539047479401574,3.4429581011331902,2.8614254576209173,2.9420235145530977,3.9631736841412892,3.541039079486368,4.231474297949186,4.4808462964316655
3.8506736815837033,2.579287110928482,2.987872830197219,3.834162867505791,3.902815690103066,3.871791575026524,3.382436883933004,2.001108745816869,2.8850132957009182,4.029419336614189,2.96468470789521,3.199611368198501,1.5539852806132735,0.9198365476116434,1.9803477902983806,2.1879421095319973,1.7257133484882874,2.77335226191942
1.7514299766427555,1.3946443673586375,0.8479073654929702,2.31965705817153,1.8546923497610628,2.414853184709905,5.420080691249971,3.134712523987154,1.0941764734147057,6.721275907632815,3.343442342434382,2.9600422999584817,4.434853166408324,7.073026903185372,4.536193647595188,4.930913383938301,7.275226153676371,5.991880132385135
2.307255624660236,3.508220027754096,5.0798424301238905,2.4280835640122183,3.9273718458095224,6.531458771532597,4.586042358088662,4.921730823519945,6.456664909248733,5.299316081276071,5.024041856033375,7.537016005874409,4.1800827063784585,2.4206953000051468,1.4164341213948515,5.452454040940326,2.4401830708541823,2.4652230475750945
4.667972727675685,5.269980982458824,0.7146962207870247,4.913800529923352,5.617761755290246,2.0505188369178065,4.396147888694529,6.067469752640221,1.3305784771512457,5.284381237506868,6.610705092988986,1.9860767539733786,1.8707212234375297,3.270495939142259,10.222547752484335,2.547493166578126,3.9837973931569244,12.808157246872405
4.520510325152213,2.554581768077136,2.3541968635417496,4.878311090673546,3.6090310864502504,2.884524945502827,2.7848676781231565,3.006493704689261,2.944282714486495,3.0247626865963837,4.317408960735487,3.0274267030648248,3.955735510529041,3.1561282801303223,3.302707003810915,3.987936823666915,3.3416088893467686,3.353703664677343
1.8113098304875788,1.2233541468665727,3.3923771262244453,1.8958221967637243,1.8213983885170233,3.718363803449441,0.8979292819616401,1.7823372724958937,3.355133421415543,1.760000394325928,2.1578769720683018,3.4816656092180485,2.446434831837183,5.348943994190371,1.1018573150341222,2.6713077953864914,6.260645482041209,1.7972955574244251
1.5568258690235792,2.8163814501342173,1.2407549770935427,2.04130118506222,3.399130306583581,1.7152400432942274,4.409713012395691,3.0559869711342076,2.5768860944075893,4.60408756204395,3.475503968581248,2.9403473271376583,2.086022442322744,2.4954528582884,4.638285091777102,2.3144731762927093,2.4253637449276604,6.07993407550385
5.959934275608795,2.5464494368653234,2.50207534770701,6.007487795604496,3.8432499896026786,3.0346462873120834,6.342517397973343,2.695121455303716,4.9330162537913615,6.293274896668178,3.548620801626567,6.099687347072729,3.248321061721311,3.739548670612844,2.3987078968428,4.014742566810852,3.6999289145713794,2.4848584872478816
3.9163982061134948,7.97189846438312,1.8882911020487674,4.119426743312659,8.335978848882432,2.2758862815114402,2.453767570526789,6.800081729500468,1.4662374701872325,2.622547831213314,7.131392688608443,1.6034772856429527,3.6565289571823762,4.732727642431578,2.5458313271614763,5.042223659115114,5.763367375735682,2.6484493929530935
2.293513172505975,3.4309946651301133,6.1203585705266015,2.4718583795039972,4.307259167532039,6.255918596909712,3.950579059828016,3.711989971406266,7.309341240647812,5.135717844090263,5.10309414445933,7.85248630267747,6.519485482311057,5.288816652839255,4.938828684474082,6.836782210703474,5.32199578774867,5.445637686237449
2.1672987027409563,5.590444310638027,2.4369364574315027,2.380412012900317,6.0524146887685575,2.5097651336202715,0.9832738530977716,4.80488206261382,3.1781720032584873,1.5200123366734,5.215885339760464,3.75633124322143,1.9432803644813248,5.486900988949297,2.9539610338627296,2.087330907766585,6.019694664889755,3.0018281723043603
2.6208713299065187,1.9870219257530082,3.076662249604662,3.792554762340745,3.0484294439911546,3.3368846858393733,3.1439531946021866,2.5245260207806397,1.9187095971575088,3.923061185062215,2.7220519404758887,2.3404130318020577,5.465986078873713,1.0142300260118935,4.516289401802435,5.84484509763579,1.886191800771454,5.061647444655656
1.7958145251438686,2.8898309964275546,4.175788717608619,2.6157276167494845,3.3434125441958082,5.458148881524298,1.3859596002771601,2.9050047636648864,2.7643688320303217,2.862334490359322,3.1816958400911495,3.949867272562222,2.062068085400727,5.478391081064096,2.181054517852423,2.5865865270547315,5.686162939579633,2.2398165277465925
2.7350626827636817,6.498643763561774,2.6293322766648206,3.071691853447522,6.684998749071406,2.7983355500302736,4.576862902045872,6.034940474100746,4.294308208853213,4.876897761692945,6.43724968163223,4.404709976231154,3.909721632955401,1.3036321182648158,1.261734124056797,4.4679700128001265,1.9885805707737372,2.133213976278608
5.579516382688324,2.0784689330577373,1.5581185779354476,5.869585210755937,2.411731855138711,2.251328238606173,5.868453439727081,2.7410175656368145,1.7317088223183252,6.241048124636817,2.9770662806263966,2.590630835527286,2.7469542216868943,1.129635516850087,4.875515181236225,3.1486653948870678,1.6043669975616013,4.98440398304797
2.7334441758458015,1.469411772224884,0.5310333902260963,3.1612674836916836,3.103577640407858,1.5171814375972799,8.618631718407766,2.0219869989584827,0.8846981583481051,8.89172309073242,2.4000265102009823,1.810202099019015,2.501572932345303,4.449762380965074,6.429241226981915,4.194652486952359,4.8151168818461985,6.834582034786453
1.524450062830854,2.903924160897427,8.869665126541632,2.3138512372606552,3.429557202808951,9.744442200126961,4.212941129049692,6.3043359946236,12.443356549325514,4.847214889679676,6.8397070829805875,13.115785338961626,3.2876274146477478,2.6588876496907012,2.6312334813307037,4.273617164290989,2.7273111096119886,3.2009861609021204
2.911299228938991,1.9193665747838387,2.2202444312556104,3.2064908587710894,2.2798672929678405,4.409691666327893,4.664105585210695,2.2792098090955144,2.6139524438146515,5.123738833494918,2.810315516397024,4.351805690585428,3.2897199683041842,1.5053393460605824,1.8522665912587628,3.6321363248642915,1.9898285858312847,2.6967941978157577
7.248988041187741,2.366550261173041,3.2898527912382507,7.488035737725012,2.712260402739464,3.5388761548363297,6.1875480449038225,1.4467897174078665,3.8094891540139786,6.454943943131322,1.7849184335726618,3.880121186651181,4.641345760750161,1.9332565173036933,1.9731589346283485,4.843464206577242,2.5766543384990364,2.542927474130882
2.815960783606288,1.8975702331085889,0.7574553517745548,3.186526902377309,2.9819784098492543,1.65673338064293,2.152106099751775,2.3478708147775276,1.6016754338308241,2.103735848264976,2.968051748721881,1.888862939321166,3.6485427103568413,1.4790435255721384,5.0639545164008135,3.839522033292967,2.007110288916757,5.96194358790365
3.8735215491144617,3.975106837401303,4.543857410247022,3.863695699784872,3.9185911613261877,4.597375929131342,2.275303508890086,5.230287759505018,5.529541347029454,2.372647739142714,5.342462939142641,5.860181350595536,5.568956537656355,3.165637366965778,4.492016717722042,5.980671497783339,3.549430852234672,4.492732130372897
1.4030810959338784,4.476392132422262,2.9013411752722194,1.8910472829247507,4.946315299942676,3.0808889663199537,2.3756711976676335,3.567590641050306,4.063850698928799,3.1182621464192377,3.9749600769680167,4.244329845689698,4.949080876761915,2.785270592955653,0.9657367235057778,5.661433687636497,3.3285114183269418,1.6639626073393616
3.789082320419483,2.9167800334357943,1.8425333877365067,4.412017077386113,3.3200138068889027,2.0184074564943737,2.1179247848281655,4.009637519072824,3.351177581132304,2.679038449266922,4.545797792988698,3.3173168166776166,3.2338597230951973,3.191923786582748,1.9564108917551586,3.8898448929664013,3.2922892616244286,2.7032796839199107
4.022603294161994,2.3462703762263395,8.802808953709404,5.237953207162517,2.9922454994094263,10.007216916077374,4.171724418222901,5.172005844185399,12.474037174766403,5.655314650665096,5.403919909416347,12.516879051865878,3.1472016181499867,6.313464507876627,3.098290810409734,3.5001152890642895,6.38451102338259,3.889108348976204
2.793044859508417,1.1476666424590318,1.7131513022256015,3.6444739688590944,1.6545168898249727,2.676235820845843,1.5329821296241084,2.8126123254275406,2.7378441512724763,2.074561166350218,3.304136607561872,2.6411963856969303,3.235007642012358,2.8437951417592995,4.99450416854228,3.5323849557949765,3.926803366749152,5.041647198579816
4.2971066549289345,1.7939588887822178,8.265432824329901,6.133233956476792,2.4298269381367157,9.615211823374977,2.5687627675986913,2.241358083648842,6.230285145797486,3.0417923842000847,3.0475760630647595,7.246020719723931,3.0902999981809693,4.2181704427624735,4.922860340205148,3.5823810522686736,4.646673778842926,5.795938323362107
5.469402215410971,3.0337981927375193,1.1728230750194473,6.019322314550672,3.3499355590291757,1.8637383552044193,2.8093560513670037,4.442981988260521,3.024471660554684,3.4315815052272347,4.830851836256585,3.299394715521842,2.3957219058145713,1.8521784603759628,1.6230759384426126,2.6389174718925443,2.88986348072796,2.506789027063184
2.3047104048343385,5.7158401822873595,0.7012304993119918,2.75181392241723,5.768231445607104,1.614760220482666,3.3760547866637207,4.025484947702665,1.3634932987860968,3.7913789288780726,4.169996265194027,2.0608088452057425,3.676310003681182,2.452241218664685,6.324082002227826,4.041553227072831,2.762086511107144,7.1080158063255485
3.6323889740599897,6.14446468249109,0.777731821478631,4.83744677586733,6.80340435870549,1.8945432978970476,4.86410780847944,3.371460715478924,2.0232217818463076,5.624629475104156,3.946139323064635,2.9325537671660804,3.959646527267444,3.711920596654551,1.9639500850158855,4.056326413313355,5.020995378067067,2.7095208588750412
3.77715175367077,5.964372182307509,2.525819069762139,4.09210250075741,7.275013657968596,3.7760048058104263,2.4118696186709805,4.787472645044261,2.1560645811825774,2.6977995146916576,5.911058349682798,2.658436665781712,3.664469306687805,5.058057570551359,2.7798895606778857,4.20523256723558,5.451469221223887,3.041622496164404
0.625220269168324,2.4946676953883493,0.7683371768328415,1.473551808395801,2.906806681605317,1.364942392377359,2.3590784593878937,4.307201351234896,1.9495903821025449,2.4634434732180535,4.766707116577991,2.769156836688175,1.7700865243860942,3.3600647091990883,4.273446885043324,2.60225753990452,4.358438077139337,4.428601373156712
1.915582286555862,0.885051285936149,1.8349280646628623,2.397522295323446,1.9215706052074149,2.1568122700989245,1.3855585966714608,3.223471252558929,1.2836768037151962,1.9519652701143477,3.4199467423658882,1.7780467350376297,4.743652607112373,1.3496702356032553,4.503267073778097,5.540202019683972,1.5266627122806609,5.8815040679163255
0.9305647809684962,3.889046793096638,1.2450730803565384,1.3740580383850143,5.656470844134808,1.839671473289048,2.1890131700300337,5.369314078565498,1.9729852339207596,2.611868285495947,6.008959490488403,2.106572049689119,4.515822039405179,2.777560867200099,4.592085235980067,5.962450949874742,3.6829212542754486,5.387695487987076
2.7084724121551913,1.9095557546810058,1.2893470725935716,3.6264141276673323,2.265912896322175,1.792964518956411,3.141195119648702,4.63688783238675,2.090474683911279,4.149299072706842,4.97170245729413,2.678682242896924,2.8134607307782993,2.4963958825551886,2.718088526224476,2.992209569595824,3.217790629294216,3.217745784195065
3.677778029692267,4.048001215130708,6.667221951085109,3.7696970285995763,4.634067269480152,7.26298564692396,4.2129112316123445,2.495368594137744,10.273462890023508,4.435559982110584,3.7403543919674824,11.404626489304286,3.1998581246515685,4.0350348549200366,3.8579005497564207,4.301782950412045,4.979884291011928,4.724212411456014
4.048550093817729,1.5464589054760838,11.267590410779235,4.96481380064413,2.044298092675136,11.666118741633262,3.9196466807815993,1.4663282636642572,17.755770418149535,4.5238847223113945,1.9576204830675659,20.003150754658034,2.9690251238362455,3.659167099225011,5.589363013384512,4.316677807613952,4.22991612369966,6.039817323479981
4.019293390896492,2.6020518383600195,5.64898216347834,3.9755228225819668,2.4831568589183934,5.732853251492334,2.975605981048276,2.085276442738055,5.280804455328876,3.8225056869844227,2.6249034111149574,5.316588897563005,1.6840977055486142,7.4169330147520185,1.225939702329305,2.2674836893294503,7.911061874140972,1.8195041443121596
0.929642958944766,4.010420795143171,1.6543329417702188,1.4345845626799258,3.6727886442402924,2.7101799888781684,2.5207279698616607,2.9874244466126005,1.0719387262870625,3.3354863215536366,3.808868724799,2.08812399534508,2.523223137446439,3.7741707605228174,4.412735025056141,2.8587363120314926,4.63439103953695,4.39606349072143
1.618494511709352,2.142846903486351,2.767373235896304,2.298824825940372,2.3017879397143175,3.7173441070361757,3.9371314072339656,3.805247065498002,1.5299880942250057,3.9756701290890915,4.654428973526251,2.1052756620851216,3.2888693898453534,4.194998097761057,3.165275461437237,3.359323016002901,5.041438567911,3.9047852376173644
4.1344534903671395,4.7397104913458445,3.4373890333251125,4.399531786917238,5.001432797612536,4.19906820082218,3.365453444526399,5.519028580256372,2.8706507622484856,3.568628545873983,5.9084562438943005,2.9132090596608036,2.8504712061048894,2.5777656072395447,1.8088023917696923,3.393533970549446,3.9096525682973127,2.3891564944310213
4.55247131142886,4.095136823148802,2.663227959412332,4.840934516933292,5.5822757869644075,3.410318662249215,7.487192786311642,3.5991521895673366,3.3438282236440218,7.852770347557857,4.719577937362428,3.7751134693965365,3.0999857321751363,2.8008356855873737,10.942935581804068,4.329144705352017,3.7465752956850897,11.481344351308694
2.6030604154934642,1.928998997987951,2.280292646571489,3.4478887324367267,2.302050376519989,3.3383594025390457,1.6832141398130995,3.3834937937336,2.547714605156197,2.6137151745558413,4.886875695255394,2.9324982165360303,2.952526275871158,2.999360874049587,3.117247887486884,4.569598941848707,4.012668793551081,3.183716349374815
3.8739902018779486,3.1327911613162174,2.648825660641224,3.8643995257365487,3.4147652826518744,3.3133060720574585,3.118004214062208,2.9925361416530167,6.353159895226581,3.3208534130088374,3.146160150273976,6.541282046159896,3.3853723270535006,2.658972970154846,3.181057913631802,3.5620848178364146,4.187393055737226,3.284085365635961
3.0906893077323545,1.5624608942196867,3.1988517457860293,3.7493748851587734,2.076982059407907,4.302216248949177,4.138687624900738,2.4431821440083823,4.5789558709644975,4.733970507426252,2.903469720529026,4.904863411294905,3.965356634296074,3.1609471828937417,3.0879907888703837,4.88595069662266,3.6179355707198213,3.609571038405415
0.8529238330144677,4.922888297211937,2.2286735348160236,1.4256039179900197,4.923545423502603,2.5343392012266848,1.0651660681103474,5.45578832288911,2.9221513089501925,1.855084061163089,5.521992291178432,3.7021883446248283,3.2681278759784096,3.0240029911702027,2.337561086646361,4.59540832624311,3.22031132438943,3.003947542449008
4.427994369027555,4.059226456089511,4.1871709783875035,4.793311788494295,5.3121435757150826,4.762385500934366,4.634841190277002,4.588312986371152,3.9745786473442446,4.839352198345037,4.860961850786969,4.492308679146829,3.342146648853891,2.840206426120112,3.055885944051816,3.785154923645878,3.659641309630633,3.7747459574648525
1.7607321898402764,3.5350127702433745,3.503205913204003,2.003534500831123,3.4040875687997447,3.522778731612523,6.28261692436621,3.288932079491593,3.935383063509721,6.67054188725625,4.125174238731328,4.386151719303372,4.1144656703655205,2.1821945587079683,11.117676895000026,4.659045682787414,3.698391750541804,11.39055511144557
1.1172566230518564,2.108608429627854,4.95184349816072,2.040937156616718,3.0283353907582007,7.333916638904882,0.6030103577248908,3.9236822417768447,1.5367756494620053,1.3508246367756918,4.250728657272627,2.024416182800489,2.147245848920883,3.139420195180143,6.919473053495887,2.4403974259197687,3.39847459722637,7.450993297086265
4.997819192852319,0.8519618734567407,5.775165500664819,6.281206775562088,1.330738695273898,6.680298712441856,4.348111818804299,2.5088622931958797,7.717188882424789,5.150209407545889,2.9982918003779706,8.437601044344259,3.5707824450621186,2.2818225900638343,12.133264111111277,4.522842465033681,2.47774765536362,13.083808021533505
5.7317279605461815,2.5816418822768643,0.7807279919557665,5.790099672602825,3.1166088343232623,1.264843885422804,6.639548607698277,6.734662529587853,3.472262777878562,6.978321334020692,8.088927780890998,4.061266279577877,2.377311753310758,4.2096407530323185,2.0910805296012356,2.5690016668939335,4.397598397387721,3.272023731902997
5.047439622507743,1.4165461490450577,3.2249852096054563,5.818457730005268,1.7895761695353885,3.765847152601255,2.6787910352568054,2.7865843123478644,4.206512786694474,3.202057364094475,3.5791462947900468,4.57821074918256,4.783144528901117,3.512467431601572,5.069523310986761,4.909972606893421,3.8716894484773037,5.18226585379915
0.5408343096238658,3.9590982052843238,1.252899022573509,1.4023743462188027,4.629748659079429,1.5946492546189222,1.510872117165469,2.5557455453201663,1.641148197056198,2.0858105924398243,3.452467982743925,2.3127634354413287,1.4091806388469401,4.3138552967332755,7.850185619019412,2.878876824843891,4.820445741926847,7.918794286592527
2.5314436344588542,3.916313824451657,3.2546306215234266,3.0455100116620613,5.738476203709526,4.552717500173182,3.2225146357752044,4.234124202801916,8.634716917542745,3.56011567966138,4.929916889017679,9.090567676696935,2.7773825378322563,3.0513105043977338,2.4320342795974637,2.9507520531936637,3.979649845482834,2.9293215089186377
1.7771328282958168,1.438963409414818,4.178435164326103,2.3843710801206095,1.5882500475331771,5.3190785231286295,1.5502823474608853,2.643376433237486,5.8506732234289816,2.9477681807477407,3.253367075422693,6.738741926503096,3.8257784194814457,5.012137328488993,2.180431100088863,4.244994797290613,5.50251301918059,2.58338555906812
2.1813403287379534,2.681558977556691,3.170945708352521,2.878316139447155,2.7905975307721675,3.3193437155599312,2.7544311972246733,4.816345993101487,3.8499855055174383,3.408294557064649,5.7063815257016826,4.212482103857483,2.821997744586343,3.363693125738957,7.3075916619709345,3.5188850580122253,4.218992509352728,7.489037473814251
2.5116877461841,6.75371001775355,2.5986038091926944,3.0322820799517847,6.8010396843911805,3.3765944036225783,2.7738769414359843,8.733589159315676,3.7067498888494876,3.5393392514918895,9.43281423296644,4.156080540325321,0.8556677216093238,4.568735622396689,1.4845416481285338,1.5697020006438314,4.677494089822743,1.7465714867664814
3.1572900590372237,2.1272183399713707,3.0612600142560322,3.164381700880128,2.316835054475692,3.2407380280201235,5.780033915669307,3.8815129982668446,1.8508069362956936,6.0744793988329775,4.344183983530811,2.442557858215794,1.0760360323615146,1.7043787434837667,1.5703009267284669,1.8360715813564366,2.452115027368934,2.623447835266476
2.173616225100271,3.0241388431276963,2.1596428292817498,2.5844317354901283,3.4283083758301562,2.5594518118512553,3.63218852578478,6.111912332019964,3.701259608234224,4.036115713295292,6.0796735884129465,4.635245170472035,5.954021455366437,7.355067370416324,4.083923728223549,6.30103427160953,9.236288676418674,4.271549124975055
3.58949705902815,3.567393835353555,2.359940136417003,3.718470682709566,4.985801344732188,3.0353328620381306,3.3357419868756737,6.370146679289014,5.668666934713082,3.726321634592294,6.699892410761171,7.42861504971827,2.4034503167139114,2.9109643021552576,2.331298868609618,2.7303029543640944,3.6464290599949822,2.677952803351191
1.990580426127893,1.844050620340066,0.9637027535032247,2.5605577390150245,2.501714795587125,1.625009351618443,2.3009178788792513,1.8577951302547937,2.599005750018083,3.072746425975485,2.216593294765658,3.3049612902825363,3.3447188852028997,2.0116335781662325,3.53015009835527,3.757411870311772,2.6007926283939664,3.8003758096858755
5.3826500186800645,0.7633347855667147,2.6888254684868906,6.143476966334731,1.5354027021774697,2.908463290599611,4.067466888558564,2.1380578807648978,2.236344317793557,5.413133743307444,2.556672924245063,2.7044247251143556,1.6464510344144392,3.495397614687616,2.402270515422317,2.6400066344695956,3.7405611941892234,3.508847417129484
2.912950403424054,3.0070936058207822,4.362803399695488,3.8366490282204486,3.4896217091430257,4.7455885036239165,3.18092632359814,3.0412095543659916,6.23148608729978,4.58611142516564,3.6261993024125125,7.249068021440551,3.6298714975055493,2.8882537692059107,3.3654160901873893,4.246329469246192,2.8290734037666465,3.434714280470307
3.3285042160498106,2.593011978869504,1.1810189450295587,4.417402578055667,3.1348377888770487,1.714476586085029,2.8645987972850384,3.558567217642804,3.8400464683390956,3.3879315863867183,3.5344474797336565,4.586680748012517,4.666865666405069,3.1528407760476203,10.188911750979633,6.849035725366545,3.1916494305558136,11.725885267796606
2.6066885040875656,3.764185180171449,2.663138194427019,2.92212483662035,3.7827346037408818,3.6441030626518955,4.392671005957361,5.584529309237429,2.9903608109375637,4.601916723293867,6.050953710809641,3.231387141242515,4.855355502579019,5.422128299341618,6.396569262359429,6.184252157528598,5.529099675324051,6.749491886959423
2.1430594759856807,1.5666179839144145,4.84921068319758,2.795012956534929,3.323683326058716,5.995497124504402,1.9143132405733279,0.9610012171199175,6.033934256711957,2.634700274932849,2.115888384312919,6.202770212163575,8.786315455351206,3.5055673997839882,2.2585842953175206,8.939031250207131,3.5289292752220702,2.860429754468989
1.4122760201272606,2.6214813697836554,0.9330669447905628,1.8450481730662354,3.7717179256112963,1.6990855743733269,1.525409814446023,2.743396678716835,1.5359544435231147,2.024860818573709,3.593054511801064,2.160203727944247,1.561843039063662,1.4401057716462697,4.905189138258681,2.1800562413319238,2.4337535949907796,5.397737915018473
2.8958892699710366,1.4023322067448913,1.8772580196640989,3.5041736314780105,1.6114390161659253,2.2588817051860017,2.1584411891533812,3.070019259836807,2.6078395172794555,2.684979232434001,3.4009918362062077,2.6089685093090953,3.472714111495513,3.5055457962016057,5.051934066558265,4.208703352408244,5.129749811743596,5.50835507705311
2.357458669719983,2.104424717323824,3.5747757441694574,2.638766762811912,3.265477600287378,3.9340783455913666,2.2540902005897534,3.2789432717684033,2.9300687045597367,2.5975319101929344,3.288563045733245,3.142321496871027,3.4699069662558766,2.139964046531619,1.2334703272886027,4.342079247176163,2.3633715933142003,1.7206169623472853
1.8543130802433085,1.8169031366976554,1.9514796820432676,2.210207066746436,2.047485078232659,2.5124522525874604,2.584935342786874,2.8167080623254463,3.016098377289156,3.1576438887525184,3.079474523338353,3.283165514173059,2.395125393804555,3.04653041076107,3.0532257263040163,3.348639655059639,3.4235711576820016,3.3091419398807824
7.862631690551088,3.5916466862976817,0.49640935058978575,8.679095244567574,4.588854414482765,1.399833000296599,6.614783197010816,3.518904642429134,2.521740715418372,7.365120039410146,4.461896232159056,2.604954414878414,5.94948503764773,3.802883668859074,2.1597971198212993,6.921498898406474,4.0695242604347355,2.876715983530842
4.699483858542147,4.757205636907199,2.4545522307886647,4.832741109698854,4.945412044156048,2.7494062344020502,3.3139675747143746,5.099340998003669,4.13271586724137,3.324139782254268,5.661343631325558,4.256162400725069,3.643897334915017,2.3251012656316066,6.880526196437309,4.612069469335462,2.696203289454533,7.03361064510633
1.5261644135649655,2.197362146034382,6.364014856169931,2.2656432001291393,3.2064110908808314,7.514708190870677,2.3637789560004667,4.8750592149368295,6.280827601169306,3.1344298847009022,4.874943978145837,7.520307253783492,4.5692026777891455,3.165543401220847,2.503376272866292,5.764262572530069,3.504853570222829,3.0151093290480198
5.7240954606680985,1.448342805891721,1.2720792030219656,6.067956732268789,2.0192985710705207,2.296069616390118,10.985385934940117,0.8856141803945156,1.4781577708161182,11.895303455424967,1.3177707747883742,2.2141136804606236,3.0570159866486195,2.405281347389956,0.6528449486361236,3.3412585032424778,3.430046839736078,1.5438311688412816
2.0576857581452304,1.1668207010946923,1.1616091878256478,2.938097962609874,1.724517040461577,1.7910611657286282,2.254710936273814,4.226045882222591,1.9968923273655592,3.1515358126501627,4.205135458975282,2.9633912485099616,6.90232958998945,2.7684350211979303,7.336849041143488,6.973677274031026,3.5165130676500254,8.7450543112201
1.6540061310308125,3.5225788870451504,2.2582236722465674,2.1493454811094175,3.58019685509837,2.7041752472142653,3.080420458975848,5.362326164801342,4.806473010357795,3.7557337343730977,5.415481834384604,6.717107268922406,1.8360770355162206,2.4367015615462155,7.535454311471108,2.1235258498454557,3.3959760226838562,7.706079069193293
1.857640969282265,0.4578819528056352,4.41881283537285,2.311692204583094,1.0871636600444687,5.611498389307759,4.009764244535399,1.1520830818432597,6.319930695296575,4.087745889383485,1.8298924305443742,6.376444829405376,3.5175004842510944,2.6246141445719102,12.16097943146916,3.5249663130230267,3.156134409825659,12.895287258369379
2.0860417794280424,5.079129347836247,2.8710774456633597,2.556009212958426,5.074576603023243,4.425515782764903,2.0857882192717105,6.270640037525536,1.9773187934318828,2.691029463407081,6.443694758456799,3.178782642920572,3.530869633453339,6.713458731134865,3.899855063427421,4.306485559771885,6.740141431748553,4.464328862919617
2.769927324931491,1.9331150825178225,1.6473846583286635,3.2210479356518986,2.3356898319730304,1.7509890560378343,2.400041699051009,1.9523673943759643,2.141841036169537,2.9971727777044124,2.3674129104015456,2.803981200447106,4.785941584229418,3.6540562967588874,1.7164436836382384,6.679295726693749,4.61065823583543,2.6002308809168744
3.325061891622566,3.940960023630252,1.3087464320818296,3.847732846561968,4.8327319047666295,1.8176496275916667,2.4180799426427204,2.6337222987157682,2.53311761326597,2.846830350786974,3.2701247199317276,3.1079911310153188,5.360496172861297,2.257437035608774,2.1459843076418044,5.5571764736280125,2.9016803271013782,2.693522578895884
5.885675405887621,6.43717992035586,1.9121499445760053,7.008147821244794,7.33264850900478,2.4251072479498084,4.141668513531299,7.324532705199984,1.763075875735877,5.068525285440656,7.991243458780954,2.2509913239843873,4.597317721959469,2.715471039715718,5.983160628387995,4.759632351406715,3.66168454174152,6.589251871284056
1.1203114673962857,2.5676990888083573,1.9853457643975148,1.5493450725001086,3.2802140991329893,2.5947853228743436,1.1210502347534552,2.48429539823998,5.049704402539475,1.609270400908691,2.5665078770451455,5.9418273670367965,6.052155532020178,2.026955970131699,11.969916471387855,6.525701365564222,2.4694402943229075,12.79837718014484
1.8393460524724161,2.9406156493078375,7.744577808839661,2.282289825685441,3.9042292509258836,8.74631486382493,2.242716228661782,1.0682587919065611,7.584862782161583,2.931688697160878,1.7062361890127202,7.826565748054477,3.069347059416093,3.7294471092152013,3.3211719545310974,3.302413498308509,3.992821544524268,4.626067180827758
3.9265586148935347,2.405472696642539,5.231903951490421,3.9719233423952462,3.1321311326716272,5.5638414603010995,4.075812693499995,2.4236142019232236,5.973958717574193,4.151806784888973,3.2364822467903633,5.951109385416266,2.9954089910965584,5.3010036934032385,4.080756270866225,3.1146391538750504,6.392372948320548,5.519104182078571
2.327533049038081,2.5775106147805436,0.5497872940273941,3.3063608297576232,3.19671753967208,1.055461671742015,5.500735076828177,3.929082557247626,3.06834728427434,6.507418699446592,5.3057760708195,3.593447416380082,2.6103707231820374,3.2709095613501615,1.2837813877936224,3.356975604609367,4.5551761717090224,2.3981673135765624
2.8827988819550967,5.579005956165661,2.8851336049484724,3.507471672590186,5.765532111492503,3.1792054997153265,3.6353641851709835,5.317007295244275,4.716899372782821,4.093868640609398,5.449972694501429,5.757525345519923,2.616541685588513,2.1409821821333552,2.5785308099521598,2.8062174297418965,2.119899436282013,3.1338218991497344
3.6822958016987393,1.8464089314439904,2.465755602744285,4.221023524102256,2.6849653176161863,2.97702238875783,4.813387167136589,2.130064367608863,4.184497360714373,5.129058469433585,2.745290242449849,4.398366036503492,2.880954109811659,3.879749264446089,3.401013874247363,2.796961756804441,4.147967964397963,3.356644868667501
3.8341332695418586,5.858514169169931,2.7822572456462478,3.889738310676963,6.2609822402440125,3.125939531516675,3.466611316499303,3.7408932613848216,2.8616800944472125,3.376764511108344,3.9388776796284177,4.0591186162074155,3.0966879367401736,2.7934430428743338,3.0610575647389835,3.103542115239173,3.3219381661524627,4.696831340369781
3.6496916565333306,5.302889175382725,1.0717141423371068,4.4391211923968985,5.456937834788424,1.9056035186671876,3.76237869506854,8.70784507677183,1.8317449015423823,4.421418191378538,8.967985693685206,2.4796460625404775,3.2891920928847225,2.691133957788842,9.457483640764826,3.498125898398831,3.465892516503572,9.76943524837456
3.957239045488037,3.5036965657663903,5.629302453740802,4.503207023924523,3.4597469725295946,6.553459961566251,6.527775515828264,3.3850856732667403,6.852478678859798,7.476510214212565,3.374083502915108,6.918454711400996,2.541564607944499,3.5816824033539167,1.4193317136828794,2.541999860626486,4.042171836958481,2.7589142317363655
2.1696277693194617,2.1759549244950183,3.0293240761465685,2.2302325924219315,2.7515496299793263,3.768578423718907,2.402640687836222,2.7702699589341693,4.849572580171016,2.8006562349991677,3.8590647976516865,6.022948150439058,4.910400607532974,2.8251862041273363,2.319543748435222,5.644119112495499,3.0500767342638273,2.5390592075291285
4.344609295542418,3.99786531110322,9.044228465537094,5.224943784280828,4.923943254473853,9.107908688992202,4.640433256992815,3.8231672980355436,9.575445863431487,4.917880551447928,3.940739991104267,9.690436993429987,4.496355167036038,7.181222409979439,0.9042325021274296,5.247104090770692,7.384811368608102,1.278300452928689
5.693237622755134,4.523995258676301,4.35704630879654,6.048650758006928,5.666445045896445,4.582077057412834,5.167906908896144,4.348147846838439,3.5261581815318714,5.478218283750525,5.220960986167188,3.5886905061708836,9.190606594202913,1.618022702787465,3.493463389535045,9.618329005478286,2.647129446395935,3.9852671671725113
4.131130452535418,4.43811506012822,1.6964442914737936,4.819987999540723,4.405140949325167,2.166734684690126,1.5459003514677714,3.671150070537465,2.3385460033134495,1.956190829515975,4.8109821407224524,2.866257190761767,8.121132541268992,4.837593589390071,3.0787324737687607,9.95507336327987,5.636731730963145,3.57051489971107
2.4486133048650127,4.000031342326382,0.813662598319773,3.032994090471454,4.391928931380013,2.342224033826386,1.4429897246000156,3.596750560414057,0.979123053103162,2.2033732727008224,4.32055697423994,1.5429069841730065,3.266461393898683,3.375150487338575,5.230190079811858,4.551622028162129,3.757290315644779,5.6971649805280675
2.070265877873917,3.3851875065408445,1.840808410306023,2.697869765209118,4.218045510766925,2.4088546197206573,1.8524434105874452,5.533839143318112,2.8161348321585016,2.3057897427664282,5.8343206592378225,2.923738746273375,2.4147474929428916,4.427967845854756,1.259178852892679,2.5508862286198033,4.39122775621899,1.8721483797609322
3.1340418556980856,1.7061645098115046,4.19687463064598,4.006863593186013,2.3559156722949646,4.179554523499555,1.4689921436122413,2.879238975414283,4.870713399301816,2.392252396282723,3.488800923241782,5.133211336387442,1.868926329361387,1.6678192126893034,2.059681792031367,2.7842588609260983,2.6128994181836274,3.1286734808019334
1.4469796905933363,4.325844585877302,3.24970152201537,1.464488921316767,4.623302536700211,3.616472904577385,1.6834184403675916,5.707603068756097,1.9751483846879683,1.9651681698296821,6.114138727097835,1.9973679102180348,2.3144200117659435,2.3784812185163813,4.9202367768347814,2.849717015956451,2.947256405908057,4.9208521764094435
3.960368332645691,1.7497166894280607,3.3880442205159995,5.227754547051322,2.568526075219171,4.606135946896487,2.551290833245323,1.7104295807830336,3.769103305885709,4.113269275015419,2.5627599910282575,4.692753625913447,5.201401282019446,6.258553268709093,2.8222080686069764,5.29924360775285,6.472277902687553,3.164013967280333
3.3127575727254195,3.0043688963689186,1.886669899544443,4.150990396334351,3.3754461992533287,2.179776584575241,2.719315196768066,3.7221232145269014,3.022819514920568,3.7118497881399937,4.0680278096777505,3.512175536698502,3.4337339209337947,5.600066547617949,1.78931976739963,3.9946743161518374,6.627444311455414,2.6385449075279177
3.837436218105873,9.161301826272927,5.858847132491371,4.966007179552446,10.635206660966613,6.536420749989743,3.8558660883954077,7.554248076216923,8.180650537945375,4.627790944714558,7.98312354828692,8.393261180751457,3.1681206308209666,1.766129658441038,4.738478202602387,3.8107420241521215,2.212001954647096,5.069348265763085
3.000009590762841,2.3640933002581646,2.1027318211396224,3.512672018094794,3.035328251628999,2.987973220592332,3.614721643368105,1.7221687135359025,1.4035416260919031,4.122866473606323,2.9649801822365527,1.8471332687012898,2.678709999159878,4.393743120351734,1.461323570383766,3.467030975075766,4.894026077426768,2.32037038490141
2.1211113980855587,1.5510318311027889,3.1188205779733145,2.635629138665023,2.244646946893416,3.293800217509409,1.513124985836793,2.0761370804323778,4.016123706593086,1.9619148049375177,2.2929931843082936,4.524149657872293,3.177121816134662,1.4084742310557283,6.1007386160324915,3.4724188748270857,1.8204568956295004,6.156898841670334
2.6574252688176205,2.359072649943415,1.9600959278994172,3.1016688380689037,3.0669591463694656,2.1146874478328157,3.1043330327143472,2.6191806226443703,3.6746356336252766,3.888165463710881,2.8706140384470085,3.8260635294692875,2.9607739744653014,4.133945404241278,6.296449533975645,3.160780256150092,4.530057767562668,6.445946597193255
2.71899551799914,2.015715820269496,2.8196307946740498,5.327520126736926,2.5728779580368175,3.4135653934009333,1.7239989102617341,1.9641543063438023,1.9468486120253419,3.1732061543238412,2.880237227796148,2.527870248743987,3.5827334449006574,4.183904160525805,2.3091191129451727,4.428093208296392,4.384401937384002,2.9011955341292195
5.71541348143196,0.5572197891317435,2.2371037115881984,5.708658550713651,1.3893470636917944,3.2117743863483956,3.617363281454894,2.0519635074304095,1.7628812362957507,4.100753087507491,2.142436396109737,2.7626659644532254,4.171215421096972,2.181373628570298,9.301099901720894,4.485903345993624,3.3757312878090184,10.339326259908317
2.5156708152817893,0.9333133550833325,2.367311894497495,2.9830601199192324,1.9154731408386863,2.5934249676333945,4.995643085824763,0.42833160528093084,3.738986204365491,5.72333055021774,1.5639956991222965,4.580394713104862,3.669541611221613,3.0521538356984563,4.0679813345362525,4.06712505272378,3.7838269993673737,3.978230227745689
4.745476171223428,2.377019883959034,1.9316393720521543,5.267050404608645,3.0109031325922766,2.6268595569220268,3.487962855121101,1.1909177524915238,3.952620321671953,4.27835123599821,1.680125992373991,3.7933202960497674,3.1162149266629617,3.926624579236225,2.7749410026131125,3.9858572643856736,4.3908210766845865,2.8048104374068776
4.826452430038849,2.346585607462676,2.4954400612373826,4.909628454383555,3.0352181406195258,3.667608639572137,3.358941629140307,3.2813092982733334,3.53591157027944,3.652017875504685,3.8515156984630163,5.023530728079099,5.369415849620981,5.09392145599808,3.0127037756987667,6.4791954336380195,6.009671376697157,3.70511998117332
2.6717502245605336,1.8585266790506156,3.555791102132057,3.3331016870672454,2.337966939790842,3.7604384340499846,2.3162969560261715,1.914534953480672,2.54498979174013,3.1638217122878443,2.6911713052067765,3.032243344031848,8.59196953335071,1.8278234389023988,2.804182202752542,8.743347513109999,2.3100845355687714,3.4667318691211113
2.379918626153616,3.7075076824483157,4.16906746262359,3.0846620190935123,3.8756106154906567,4.232031690722491,3.0171881594070853,4.089766997642949,4.037074065408607,3.7814755656117245,4.249333510456496,4.340459641868224,5.378941775281524,2.263874396802442,1.6759251228587035,6.06251087478516,2.6460287947748498,2.2874290320775597
3.615191853698418,2.3137567030320785,3.478076411816101,3.8606015005168532,3.0836160822580245,4.148655676160494,1.4037579296134852,3.900967456939014,3.2501846974496353,1.579414882563818,4.534482136547271,4.7329723429372965,3.460858176952178,2.9052002120837432,4.778819341473585,3.501304808782381,3.2174683879959707,4.785246631075497
6.707878843592963,2.427763750511888,1.9006826653482374,7.100492825259922,3.340455226192778,2.1716696936649655,3.2522306162405408,3.232992015482407,4.54838430806016,3.313222040662771,4.416789466114302,4.355441940067749,4.030562967749782,1.7091237142930964,1.0930711810328702,4.410381124605476,2.0033072207731575,1.3942273898914561
2.600355149095762,2.4533321034201045,3.2564066701567804,2.6034334034727546,3.249954690331372,3.252456453209588,3.1033034251615277,5.090356062148662,4.883713290569265,3.3614708397782223,5.032783783001851,5.470416269852224,3.8476321106793607,6.031557983410558,2.1884552163751447,4.59280480148692,7.0594661165846295,2.327498586625146
2.2717473833374466,3.6952029228378303,1.9374985281372157,2.7763469601780946,4.242297292810354,2.52851516497179,2.775390707415402,7.2772904971429115,2.397242552605165,3.260465972633909,7.645967004635042,2.9007169035342257,3.876108054382856,2.690516525437204,2.6456750369607107,4.675131711397415,3.553667196359394,4.187464598584283
3.7444079082031205,2.965514666984748,1.4064594241288684,4.088945567817707,2.961253144295714,2.488980104669833,2.7526573812310793,3.4349341055752367,1.9230345813121552,3.2243621447107587,3.7112073457063763,2.2888456442918077,2.4515169752194836,4.420641433609721,2.77114248390583,3.0077754952211153,4.905605245779355,3.945077073323608
2.865588642492824,1.8217519375336901,3.6362488116350677,2.881039367956434,3.251081663049748,5.203823965902305,5.504902940365963,0.5159084339083139,5.335022158756134,5.947832971829047,1.291618294682651,5.573942599929325,4.3654427358664805,0.9122342275289745,4.394865983094095,4.169822465267236,2.2748192918338814,4.420105278210851
2.475060249365412,6.271850329412007,2.263343776984038,3.0606312289033095,7.455872623123498,3.0504232524150345,2.8269797527637746,5.20621613541136,2.9847870057394776,2.902905846869392,6.157137013367461,2.8990635626013352,3.0873826569858327,8.393833163718439,3.001531683750388,3.2810156211584793,8.704557973716387,3.398139135557983
7.999355758791498,4.8780211181058135,1.8677806296921766,10.281342132615029,5.946114153563723,2.137608340607542,8.202262743115488,4.451386416906588,3.252660693187403,8.951745254741063,5.912136560197048,3.5345155912557744,3.916284268692574,1.619296931069966,3.096365142987013,3.9329020459585142,2.038462008438659,4.355626391333094
1.8585711527546818,2.807865521009897,3.392717803449879,2.11355317036309,3.1767481756867264,3.36623069787266,2.8895097245339483,2.5088399962915835,7.183390437919158,3.4057033243592114,3.207914666182283,7.915914003127713,4.305962401680583,2.8335539615277368,4.580235883606883,5.529477505570243,3.8054292639075467,5.443758400873617
9.363782462051558,4.098261324858884,8.07040095967708,10.234774445106524,4.168676554669625,8.788566082127597,4.408158464881,3.9246628559158134,12.853536733348687,5.005300815126219,3.963129306809249,13.370295643374652,1.2146959201987664,1.8683972874455337,3.387236413048597,1.724450101980269,2.7526194044611545,4.090179492167904
3.9017040351036933,2.2616307992286595,2.827631726437425,3.8352982124293535,2.6417559928172,4.059010552273437,6.317581892955348,3.2058433795396586,3.194887068461757,7.258834726271059,3.444073259029871,3.7095106340219357,2.096890908585222,2.9247729489861243,9.235197819804593,2.4304968489329557,3.2121299783660935,9.659242573956359
3.7889614636838482,2.4821399995713778,1.7176009874314064,4.5094450553757035,3.2457547220442797,2.336865653801245,2.6012501407174886,3.164893580660318,2.132501939594103,3.440856097523801,3.8947093074475374,3.130831003252172,3.6582116669069373,3.2341987336835882,4.298285874628819,4.040654337285468,3.7315743489072424,4.363928702003205
5.5808840798569666,0.24529341416499564,1.850582898807397,5.6454399032644105,1.3239001134761668,2.253434381484636,3.741059932768891,1.4250420107430624,1.1566073704311794,4.154880187567272,1.9238864567253482,1.8364886941287066,1.7957835561396354,2.680140416203987,4.766107527912994,2.162836751595312,3.3048463230846354,5.053205793861754
2.929320808285503,2.352272073201228,2.1586588531499986,3.176062989853529,3.1047468882984015,2.967542119886005,5.158998419555398,3.3913076876727746,3.1129254173234777,5.802039855658203,3.7012832939632574,4.036386616181126,3.939213433684315,4.221890745132969,5.023143939723479,4.888611770936567,4.6378996380837405,5.69565922810967
4.005071334164298,5.16472812167047,4.174039434679694,5.291775942284455,5.396121785043564,4.1278634804204195,5.957400070292998,5.008524049632541,3.54570836570712,6.096140321938896,5.7353298244210205,4.006755046224962,1.8248558375190649,4.422091833455845,1.8210933439939598,2.3234210340881907,5.39014975706386,2.534280408158488
2.2338268024586765,3.2039868877573845,1.9364229833717892,2.7138267799039153,3.8942946018369398,2.0999553896351704,1.632932662217761,3.0416432314781057,1.8119286624548852,2.191385510110132,3.0231283453371214,1.959840683423133,2.412727366982314,1.7996005195247913,1.632220429892126,2.5280615231277275,2.5889767492967044,2.50837961017511
3.160203268818052,3.5105486872042846,1.7185346912546284,3.939912197678225,4.295059664927933,2.6772531464535843,4.136420517980493,3.6105355366509766,2.2681971905284954,4.720362471658223,3.8141122230780176,3.1351127433946466,4.977843630818778,7.665456836958247,2.374158557063666,5.444359808181483,9.156540768297857,3.5337284756171434
7.36964460051691,2.8351832160696393,1.997188389697303,7.801713752342085,3.237156623208899,2.763379350214055,3.445483700046338,4.554863759791271,2.0622974648931183,4.0221587689280565,5.021565702556431,2.593278243722687,2.7224601859367294,3.3394208249517323,1.5237878919599288,2.7306793740394686,4.4788981403462484,2.586269198397091
1.81662108492114,0.7542120879752182,6.1021015003266825,3.0648953884483783,2.14818760863215,6.147778431917908,2.8157421833221035,1.5450685389375178,9.428900167242427,3.1707777541247273,2.1447750803667054,10.371941981556924,2.743094255952096,4.489133971968666,4.099364198570997,3.3055946646004886,4.532135602892216,5.24279981876563
1.5804147857643154,4.618982251938012,2.06853354715711,2.948531127853234,4.769499451073643,3.494892808523771,1.4816710728583533,4.191319354011133,6.147236627460595,2.0154444998876206,4.237913528289517,6.775443271908906,4.72430778437635,2.7953583249286478,1.6103696346604561,5.335733629275221,3.2008413483604734,2.4269681624040422
3.187709758279417,1.6893376082691172,2.7970608993000456,3.756745154454843,2.7561579126485762,4.157626981911156,6.70761540014773,2.802729677354208,4.080214343108295,8.38172209825913,3.7682584224795717,6.511703360732381,1.581190983525945,5.104068463701474,4.907938777768332,1.954359610696088,5.628343176100506,5.517138784561369
3.3067222025780625,4.025546481542152,1.714956245321849,3.9469790075668616,4.987385321010978,1.893649089369101,2.21933977790472,1.5463698795579344,2.786666820588675,2.4475033097985595,2.729619512426676,2.847539650900869,5.212531699171012,3.3546588924059377,10.123494699242269,5.506994853485091,4.408915402820441,12.296008075953155
3.20360834151366,3.2159135417230726,4.313767601681682,3.1773870792776737,3.4154318096242506,4.5432828723627505,4.822656092311449,2.3261771785727423,5.77878112966606,4.933218746182565,2.6477006569505277,6.592228565466393,10.22564537236555,7.258286012185092,1.400136253394129,10.898616204312352,7.480127977090067,1.8992332317009093
1.7841284399858879,1.8845364279306716,3.033147925917564,2.2588826276475595,2.1678316384631358,3.4220469954867134,1.391218436276949,2.0303963000830425,3.4848951138163375,1.7688581642968002,2.4059571964477913,3.8326420681183557,3.9287496739833667,6.320080561334229,1.4537359810397918,4.813155679991227,6.229351554347667,1.896921489258651
2.000913652832749,2.2878849391666267,1.3569301862745962,2.13231353084129,2.5004344734782262,1.9229064036810788,7.486645006156854,4.157669977021842,3.1717865790430695,9.620047303875493,4.667152694281432,3.466896872329426,3.490359327836989,2.605483622273509,1.8515596310915934,3.7877740398308415,2.8027847629278373,2.536846193618746
2.5521406956311465,3.5789804181383422,3.158448198506961,2.6515432414393043,3.531866840366798,4.185666929243438,2.7530649703456853,3.5827542920091378,4.301664188639088,3.6510736774344665,3.6812610089296602,4.840272843302893,5.759648545603373,1.5251843008406167,2.440058704495314,6.713103433445057,1.8392026750862607,3.3701738418825795
3.6710482885545965,3.571515705979891,4.961739696035696,3.634131031484486,3.968093726947662,5.03354643921786,2.5360035287755887,2.783541099730543,2.9261115446263464,2.837268175159215,3.276621472071237,3.145157577087513,3.9291047027091537,0.9909730096862801,5.13131991461119,4.143627050301983,1.4576921513773518,5.802314919692425
3.8085795148826653,3.776271424173149,7.029786057801915,5.1389756995544,3.77242240233487,7.092105915609281,1.5000746019131033,3.688678841714736,8.32308182363705,1.6831538253985154,3.6835698684298626,8.468932365619894,3.60437937808656,5.07241437669188,1.0554462247519238,3.7351703470404343,5.073989069139058,1.576656109379025
2.090284804250501,0.9914955067580924,2.9634357116392485,2.758928997877023,1.7864057395801924,3.232665462864812,1.7942822259952007,1.0866451416138168,2.336385890795901,2.1101235127688986,1.3183863513706986,2.4625525205008727,2.7676996551780926,5.992289234380658,1.5087715153311898,2.911709254069093,6.914138423020112,2.1244929171676104
2.6658449093417897,5.8344617072855085,1.9949510641791828,3.2255461522280555,5.837041967996718,2.659381558967023,2.446194312792564,6.3215737701738925,5.538564297878368,3.2565127493202,7.918639568226625,5.620372457899057,1.6666166556382693,4.3301189659430595,5.887027545819626,2.2573844772906013,4.966115793886083,6.824642839268508
5.700942724819267,3.283048152772101,1.930741329794237,5.834559437840801,3.697743623373749,2.645633485113827,6.940206247888419,5.132092307929772,2.437464510917606,7.645785047695052,5.491693696956095,2.712685401020886,2.0967004163184635,4.2769732987025035,3.505189570261286,2.751963294497332,5.401609486990041,3.5201022052304105
2.899072011049204,3.54895319199797,1.6999149341098876,3.1698145894059464,4.088302501156001,2.282026568964974,2.524404398884211,4.560482357082565,3.6495771638534653,2.924974047978889,5.196254070194745,3.8984902777653194,4.4553052598427545,1.1554230097084315,3.090873981472209,4.502219564584734,2.1729346516777928,3.8369766458124897
1.388344561252439,4.645462517616942,5.576329082056125,1.702912839924846,4.800012907631099,6.9681127843602235,5.074144529989095,3.6578644108323917,3.395439152771175,7.887916438977984,3.8544196166650897,4.554802713609615,3.501417393680044,4.405076190008005,1.6390271264398275,3.9345803891518756,4.604765076242054,2.3319186812651633
2.3377731300113185,2.9789053681836,5.607969977194575,2.421137889166586,4.00551734382284,5.779484007394163,1.3579547656747306,5.614198092233267,5.628124883489069,1.7320022955604772,6.991014583291117,6.503455882195385,3.3307760652654728,6.14012736713552,4.231077041640933,4.223650699853833,6.2491665707345145,4.301092693607822
3.394579848203207,8.376523433187408,0.693628314557059,4.1069291093249,10.523787463781273,2.097643724512671,4.003617085653639,7.888663590187427,1.947492362429471,4.052281728137787,8.871646397893263,2.7233610396711683,2.885619221317939,2.9621374086358365,1.3259380718154574,3.3662627924869826,3.2283818072914974,1.8470351121143955
4.9813547173888075,3.2847807421653505,1.0180998224395787,6.088091532521842,3.762863371104409,1.5433303993121537,4.185618402076446,3.2262780051521096,2.735623234507975,5.073257757881678,3.9429515068986887,3.2933455821978073,3.5632710706086024,3.1150969934437134,1.6144506554225522,4.386998234123421,3.6320544271163606,2.3221733069949533
1.2524765100419832,1.4034632776444016,1.6895175529429534,1.9700185074992207,1.9598488451268086,2.109289857763088,1.633965210179271,2.8885544441727884,4.621857542832119,2.212805001240642,2.9790228799365575,4.984501034367226,3.2302502614695294,3.6662824905082956,2.7626589643718575,3.8244103599254258,4.411957122952422,2.964288416430941
2.559599753811679,2.9007051695785053,2.678869406205229,2.996429323008869,3.1094900421431606,3.3425850688273315,3.5353811530948867,3.773226663345315,2.389906513310287,3.764829713990401,4.270937440345839,3.1282429125779387,2.7801102411106062,1.7336014173627385,3.9414318557527444,3.068443312932495,2.4165258248363384,4.209286371498304
0.9092905318641553,2.2623717121469267,1.9357929751046539,1.2957129047877347,2.7968872275049588,2.7194499563362444,3.236366859238734,4.019643530273744,2.4097850626162685,3.4884884774902143,4.1611033752456725,3.0604159277359493,2.500799785817444,8.599552731292325,9.53421250560149,3.3545351394832323,9.657079803261999,10.093578539193265
2.0198185272437303,3.6458453811007203,2.49504093444882,2.658999470156595,4.5859773709043266,2.715423712237816,2.80664239550153,2.456660876267522,2.584499704061632,3.668996687937618,3.0821573892252654,2.6110296075135566,12.345796758422159,5.007471339634568,3.08731684997008,14.582458652823288,5.263100575349424,3.6402397247495277
5.1497408426730615,2.5467908791924905,7.525207108066924,5.355159630661004,2.798423590424851,7.998913187764657,3.3993459351713136,3.4668333512694103,5.90773474876456,3.747515296977735,3.690165691048005,6.09890634280679,2.2663030052211552,7.845274412303969,0.5052011694406808,2.8986867809301735,8.511510400003843,1.7375881803919522
5.506834377609936,2.606986046306136,2.0939296804493392,6.209245859796196,3.1833249039013234,4.336026637549783,2.8559446611199237,2.24049591626658,2.013776093706087,3.801873501650858,2.5905210074277036,2.63139353029644,1.2535129829212193,3.02812292335639,3.9850267320730723,1.9170919331835081,3.2407309684643155,4.528437531517416
4.442128603588507,9.018825145722307,1.3508387049905124,4.889941217623179,9.376100768773755,2.9185661483149667,3.815119379006323,6.9888568225534025,1.1307830340253102,3.852254041335591,8.346756407420019,1.617575893092395,9.609222508085727,4.099953138258564,5.180235909941652,11.162645790923774,4.074915240010455,5.953490819935274
2.573235092703789,1.0371996386691236,3.359935533126189,2.6306073170789412,1.737681391822907,5.015140149374996,3.6830464086063848,1.9585698217095462,3.8245796459899815,3.8455133451299632,2.3582752365121022,4.427119374486155,2.0912157006791654,4.679036862195925,2.0379847255095997,2.9991758056584916,5.425511877726017,2.222499181226145
3.4355960137513115,3.6185296031214236,6.964221965979603,5.111528803930508,3.8292045934502568,7.541445540065986,1.9914708572767668,7.097441388894355,13.626567904552592,2.9825862039090856,7.572732006987675,14.912690740971245,1.8546806595563297,4.3970760982670924,2.8727716942226635,2.1568119390629157,5.614968913570499,2.8583639599466535
5.405533759512013,1.9845467488343427,3.701322643509367,5.7498869614642345,3.135669631665437,5.4003548196165525,5.9909576842307635,2.622131182507794,3.251990002383607,6.401593087920682,3.5117397694831936,3.752781636916637,3.1482332739024796,3.436663050483406,3.523014368338673,4.221610576498137,4.059471861203413,3.8451344716054248
1.7031544723664551,7.644326007466223,1.4103678603201364,2.0156921021866148,8.316809667041392,1.493491941016046,1.1082263758315627,7.92958785926992,1.9554548757726553,1.4447582664625824,8.67026310614096,2.619937874429571,6.9691484343560095,2.534361425477052,3.077841889494282,7.395655156833926,3.074165544198759,3.4767766541740075
2.733430933952847,2.3793032671635834,2.963279477714087,2.8496502571831814,2.7308154534787685,4.843319667897843,2.743984970266144,1.7370576599610517,4.9847533497339205,3.5087461210155357,2.3029991888601176,6.189714172128675,3.387783677383881,2.7781423091443975,2.306921360402246,3.5629772645342324,2.9050261048844273,3.0500748821102173
3.868470598651001,2.7322441419780548,1.10913375834721,4.034942439326453,2.6093332398585383,2.4056498695805217,8.106079988860067,3.376417775661273,1.107790473337282,8.496735683033265,4.121724028516177,1.8128725214733237,6.473352932440491,5.0474229340271535,1.7237345413388194,6.4716668965837485,5.065399671495659,2.0126315998099327
1.6389910499912388,4.0599754594233355,3.311552261909727,1.8174710147880937,4.707106217587638,3.738342392638961,3.927034349207602,6.743423754508937,8.29608817651114,4.089210122787512,7.1718499908917055,8.446097289199901,2.4785041448087006,5.93252468809441,3.128124819216151,2.794486491631514,6.118234681453179,3.8903482814859696
2.4873475362037603,1.414121925348289,6.228162604724533,3.413647612697277,1.8641454566748783,6.427681366225739,4.6276638710648115,3.5032953939575604,7.879589039961317,4.7236878663705095,3.4835285980708557,9.8652442448379,0.6054317788328073,3.1285031671003005,3.7857593039010813,1.1929042023016219,3.1165108436675872,3.9769808980545456
2.8607008449093936,4.9097556731192595,3.720670941180279,3.195070437957266,5.150787197876267,3.9227500508927635,3.0407235281082294,3.752781831547118,1.7399211210110006,3.31506971276666,3.7934703672983687,2.3061763713814654,4.304083476120142,1.754105529804595,4.033829389870231,4.774304106472688,2.7535321549449616,4.0227915462312795
1.6363415305249267,2.0421241659960723,2.5662019913020027,2.2223797798398346,2.711084109634068,3.5864714965969116,3.058210348834074,2.8828030287305753,8.964183240017745,3.1159986671321604,3.296261942988395,10.021297251334719,1.3239510758372597,1.9692895297857604,6.299828246210373,2.5894385408051916,2.4407684602886865,7.435854525425944
3.317400165116634,3.0623030116555787,2.3527189531983748,4.219955622682273,3.2586451240159815,3.0293713489406917,3.565345322194616,2.7757434326268022,2.3872772607276813,3.8895210942959046,3.343114231734694,3.071461898529861,8.879252092430988,3.6276358277364547,1.10839999007703,9.503860780098211,4.440025948175816,2.212225152619197
6.375988162303618,1.5167890484496318,2.5198715106692164,7.805051017717664,1.832100949319755,2.7984624559884645,4.925198669072951,2.2417817108897276,2.9084103917362363,6.151859474991654,2.316777307928636,3.348874344422468,5.413896558934763,3.962485065605073,3.0279548169303636,5.745805925811795,4.027566305507582,4.0175299576574215
1.7381727089364303,2.33018047710551,3.810240954208647,1.7878959681074853,2.827841730515797,4.502906401689203,3.872369981961664,2.0389937344620193,2.6745790025311416,3.8863002525545607,2.201957905957896,3.462447218229288,5.258570764177245,3.362319067817523,3.201084209664649,5.839802191064686,5.146948989485314,4.03074075594837
6.948128838899585,5.618474445710978,2.8546793370883647,7.7072396095804185,5.835540475348816,3.1106946914427054,3.260412424406672,6.748842865826634,2.140928454742489,3.950486211032576,7.203657522506324,2.0865489259678105,6.993519743034956,6.934368220232136,3.5014654766010493,7.8978597688910614,7.360385157480125,4.192204852150251
1.2317017412668272,2.7573172300739937,1.1522018688328328,1.7497341614800659,3.093348729182022,2.2953409269077842,2.16781875088533,3.2568418379452626,1.4206139951621937,2.7810213372559396,4.534805929510537,1.7020081747541556,4.1604911071735415,0.9903434263499735,3.979971223666554,4.3741585019229285,1.5837039017031362,4.654939185670752
5.254994837979302,2.007555755482688,1.5810648817074164,5.312682527770056,2.8130238633419204,1.7376582946362866,5.02039145010699,1.8208627046309573,1.863577898798434,5.059185202747427,2.2035984574971823,2.375714399046705,2.1859747363512145,3.1191232617029296,2.0710691055643617,3.2448837281672573,3.354490226801685,2.793755606772339
4.744430142589725,2.1278936374486954,0.9950263597375787,4.783818294447973,2.658999407846515,1.6543148120618185,4.241251702205924,1.9672010315586252,2.514431410932553,4.37912873221592,2.6037463279325763,3.3499214026498914,4.5370373062464235,1.2580722013509111,4.878192342674666,5.776613803529399,2.2455208736683154,5.300238760770698
3.2823638591384747,3.93808950383448,6.7175708784599895,4.474739339788912,4.458544329428574,6.894328524154138,2.7334278362995,2.6527679739766556,5.888661215391004,3.1949332158486095,3.664295192409101,6.715436936661286,3.8667246065338974,3.573422802052467,9.112595793963512,4.406529055605896,4.152704709459275,9.566616816806397
6.214057218944859,3.4772070208919676,2.049721008700558,7.30698342113808,4.071057435417987,2.3214666329714864,5.114993661250277,4.119078282361172,3.755719463366902,5.90079952164217,5.32374098258345,4.358165022694239,3.596882850934671,2.7326085199311794,1.5741224747598472,5.059222168710321,2.9516401017859573,1.9184921297923496
3.9297639418096324,2.4242521826480625,1.443903126181689,5.152706948760146,3.3088886021107973,2.200996643038429,3.300852017421278,1.7155916223817094,2.060335275102588,4.537828125918138,2.7777841755690993,2.9802876426218408,5.367545103652581,5.767523375134937,2.069518419760532,5.4053106398754025,6.096674790762861,2.51788594660427
3.5778894479817795,1.9773785874443228,2.509575019410075,3.839707522832444,2.568087328092628,3.434750026442169,5.414992980591691,3.9603428987137974,2.8762440176299333,5.664204216077569,4.384943842928914,3.581677428295401,1.9953432646668292,2.9624709954587374,8.325659182475833,2.9372519359400826,3.5665592637526555,9.672472616726767
4.116303166949962,4.106218239518705,5.528133627823334,4.232241275197493,4.1021225153338925,5.996221075393605,4.010693416781351,4.97293088013934,8.58871855456236,4.191778502427656,5.047231479857016,9.029883075432371,3.634857844806023,3.802044481507215,3.8075082795521795,5.0229986159164515,4.356802638046895,4.151805207943147
3.562845172104416,2.209051235538878,3.8354579752737017,4.1290480005506645,3.4019970624276072,4.150035935756383,4.041067041563714,2.9311535242374838,7.9829684284291265,4.138380778594355,3.7179031096312856,8.90182347657491,3.4738433564610474,5.063086088808419,2.8891563516706147,3.8800931734184165,5.076486288418172,3.494121638964181
3.8757041168759003,1.8215918786478844,3.336473610590766,3.9901000736206544,2.5776132511639354,3.6136357871034064,3.7072942339391095,1.70794827722938,3.4002519873283044,3.99144905288995,2.2170133495792776,4.27633309868583,2.2896579607052647,2.6367176291589427,1.5998839499251245,3.6405350990038143,3.549610421047494,2.7938158039628447
2.655329345799546,3.441609632106448,3.292119202897797,3.235964296221888,3.741325395936075,4.017907002821839,3.8153992674121007,2.502981197499858,2.7716369802254266,4.13335684348373,2.7720259276841706,3.8081641679284766,3.280733133015327,4.058399452371975,2.5430718091504994,3.3378831229167414,4.524071526858919,3.541554165200891
2.5649069166477974,2.649865913986533,7.656903135206548,2.9449960627444565,2.8832157828466465,7.92488817636201,1.8025029166896867,3.4928214513230293,9.75078768028125,2.361585813845257,3.5629453084208764,9.929646306599809,5.130879379353166,3.0359505142606307,3.249313910799006,6.464947266391556,3.4596870682375824,3.4862822983639967
1.7573390426274116,4.41094370319405,4.512620344538396,2.450945117968662,4.9123283891112965,5.41752809313285,1.45707771475054,3.421602736791244,5.639885785399523,1.9786273898537032,3.5488747556374545,5.605094859348298,4.487012793464459,1.6246361048258624,4.17195710706088,6.059113494164147,2.2486144572047855,4.155137344107723
5.325570591541291,3.033452780237658,3.5296548341553864,5.325132554708231,3.8280700610041656,3.717540349432536,2.8791451255077525,4.724387079400596,5.6459826230394,3.067323507743649,4.843320786543581,5.717387862351785,4.555303837977812,3.554968933316292,2.4756583205464593,4.707736141369539,3.6441191874475103,2.598739363404096
3.511713630405218,5.607777857118098,2.30952820957451,3.9051253402954185,7.451717331148835,2.5287463618997346,3.0825001839856454,11.092859166175037,1.8370361771925534,3.2977353278187764,14.687295649111775,2.779072384130485,3.116325888635061,2.255363180579217,1.5681480349026398,3.5622219274796865,2.538081708104346,1.937792043826198
4.34995993335198,1.9541050839552716,3.1048927066617713,6.254993469608909,2.784302295039812,4.171568635652983,6.176462634733484,2.065940250560347,5.370848112375796,7.142217322960009,2.7312203635679126,7.2182771739530365,3.247862695665322,4.426940295236197,1.890135881262501,3.484758026356164,4.639580073423768,2.919807199900223
1.7148671475793034,2.4888967900002896,1.2457418009517243,2.4659009802598506,3.219215888082838,1.8881598183618278,1.3174300093135713,2.360842090804511,3.8780399773005487,1.8704004645327834,2.8833767033344087,4.890893257544083,3.5567209150961077,1.5230645825235511,4.878068433190443,4.1281200097654045,1.796421653482835,4.967218095814485
4.86553766335897,1.5616907280603445,4.114534246021313,5.190356640211916,1.671484920853134,4.078988118195567,6.309026661903283,1.925124166306275,9.227256297483061,8.489233156058996,2.711790918500099,9.762777196890715,3.724832781211008,5.131975952169345,4.930881390233735,4.9508460938227445,5.712280449810856,6.021307523805738
5.349818383731597,1.1467523359647982,1.0408801203112452,5.73188731688236,2.145431879000734,2.1024183203944458,3.827198325380303,2.1384179651790913,2.98798629637374,4.4819338916637905,2.7595334831019573,3.2591278624919124,2.9158778610941694,1.0318563688166065,4.090662466271383,3.1750214746888004,1.677627432573178,4.703334445307795
3.7520169343719676,4.258974151516804,2.317491357539,5.617326612529974,4.399226425842071,2.514032411023853,2.9942190106807822,4.75697908913322,2.7370526528059864,4.887786105306893,5.54635385437038,2.6825750852032377,3.0971178317513792,2.9101995205753948,3.133670434375363,3.7460856959485254,3.328101320116738,3.945580037469089
2.5281962968021525,8.57388621014303,3.4647169746097344,3.0445814616547064,10.746370622376288,3.5179873485156374,2.809957514621305,7.500964249035109,5.119353857272363,3.2309351714234205,7.620896274251948,5.7705712033291245,4.458954351845201,6.352103764143473,1.6189132839908413,5.780785014439192,7.274518665276928,2.3030703958204337
4.2700688193209455,14.867984017737196,3.713253080124056,5.562872490756883,17.26837054655201,4.003942699474113,3.653316587554437,3.9692358750485743,3.6190771501099,4.357366373934856,4.563268708682638,4.179559835995279,0.8776954333778759,6.038777211804233,1.779401046756518,1.8377928299557857,7.293005994009279,2.2335848858877005
1.251061955775886,4.692538426291822,1.5111550098090716,1.5921662191513757,4.776097646464373,1.7001096567387186,2.1029024201502065,6.641094225353224,1.9857235081530054,2.5212218213611437,6.918461001431157,2.5690514737948793,2.963078693403006,1.3539986353745397,2.1722068673076476,3.5516271117105624,2.184307159525785,3.6878080555717467
1.8472270283712684,1.8499783429474872,2.6468958549969486,2.43677192215358,2.5051958342619596,3.0840793556974435,3.4632401950761023,4.2696604693495255,3.5438372914133316,4.454648462494419,4.591388501271508,3.700523830251877,3.349962012855283,4.401440821231174,2.9222349481357894,3.7800665355643526,4.323380755806945,3.6064304163985015
5.967366927462439,2.1383550087841128,1.126171802503105,6.502358080440216,3.0002227601100104,2.5640499659052294,1.9704620880350248,4.224274854245209,2.309959044889057,2.2251684383949097,4.889457808332963,3.1230890245045297,1.499377772580285,1.2385694615062737,2.543384854562493,2.2629065405853175,2.257642152095395,3.2482081480147955
4.176465866438014,4.679388649969128,2.314209656230989,4.809865115162206,4.91176559888964,3.526450666013097,6.5153514961255,7.277715447463815,3.774333041615963,6.7566080202917815,7.450075321958181,4.65895160965586,5.000030559741843,4.327743558795453,2.67686629330217,5.562816351147258,5.4663329054325525,3.4576359984883895
3.4402975027648206,3.4136677265100284,2.107766246305464,4.2708089293118805,4.432435853156673,3.3216883855605497,4.718765635758539,4.978881536794378,1.5042211776238459,5.355793583677525,6.292288109167824,2.599991163386951,1.7213540939546281,1.3822815379453581,2.2551475419105267,2.2550132008029826,2.2434756480972267,3.9549801252252825
1.8433366872555144,2.244337165231269,1.045895779814939,2.820309255643735,2.7397436058527025,2.0171517288532566,2.975714482924226,3.2438259307912696,1.6571146305185742,3.0442745507652993,4.222832970452121,2.0030272713752897,0.9203308557269335,2.888429062640202,4.65468974764454,2.2848258033330833,2.9974178309746087,4.74471217465124
5.50363030388179,3.6326409198634546,0.08273821969917915,5.789785240635885,4.491931724954838,0.9898978628684644,4.578905938220002,1.713598463793939,0.6595086164952155,5.706348827564652,2.205977643209597,1.446445542810787,2.6374058547346584,1.753440594206651,3.8080356437402734,2.8504096446823017,2.1667759955625043,4.060863224204215
2.515778618346169,1.923425160556295,1.123777367996087,2.9039186342115175,2.928223758854817,2.0357059894218748,3.6109435318061274,2.282627309216993,1.5854998763981436,3.5985183284934124,2.6841290876540835,1.8859460253762035,2.1687162810822396,4.15186740085036,7.365923113883659,2.943033852682684,4.121556574872323,7.803749400068023
6.383193353231347,0.5509517323197726,2.3741420731418246,6.670172323760435,1.5959121344023481,3.204396190707143,8.38411395971989,2.2086557358307095,2.0474225164558493,8.833128127071346,2.442462489750084,2.2735451092709034,1.8696784567754408,1.7477100591414534,2.4701567437307923,3.0902288984167816,2.2645758039252866,3.213534677934925
2.967570999461401,1.907414767634662,3.5964870960361166,3.213932689204326,3.1520205054834864,4.716288081615687,2.974897965534465,1.3168188823915552,9.653536049255289,3.042553586791259,2.653628955271159,11.206679126338036,3.35279569974479,2.244164605197884,3.6275244690560067,3.555826060119752,2.570934751339829,4.256091703890403
4.499745121385046,2.111520448395666,2.723980755400854,5.582207223981999,2.5040210030804744,2.7192385650929576,2.29404899624515,4.744801795376674,3.475766187339355,2.4445251071651923,5.239240174896443,3.537573415176605,2.2018945875286975,2.304803460021273,2.616241229656524,2.7408231268090066,2.3157733641553198,3.540795843003193
4.1285375436101655,4.731323476826858,1.7177026472384473,4.256397178646225,5.789524039444671,2.3255413490026244,5.777680491930661,3.1407422720546307,2.329143888661804,5.9508762594926985,4.224681570651563,2.3084255814855736,2.625349222197839,2.8193072591013077,2.8187099093802614,3.4524874240941728,3.2291479082871275,3.7497975973305464
2.470653941572071,7.01683665692004,2.7312621317347627,2.9727714898214512,7.1068239279466265,3.102786786138486,3.4846090584572478,3.43187199473181,2.5982119659179057,3.5074163232851103,3.8078096936658636,3.186492621595472,2.1881442787096494,1.5624554193607663,1.032448783441142,2.782840042011139,2.152702441956397,1.6484305346381254
1.2427230094687078,2.413043185161301,1.768145465049915,2.17060858108235,3.112342975973756,2.3003538697067487,1.7225929018723845,2.5869047333525264,4.257350807885748,2.2960486075876547,3.2859529454543237,4.649578661195935,4.8977353589379256,3.163808970395534,4.866769204677879,5.577017896891037,4.072202279993688,5.178774131718797
2.393707273879396,3.113219924683867,3.1989588576742527,3.329352305367053,3.3981074324425005,3.5059463654261305,2.225241459606373,3.6864996752137142,2.8821625695597235,2.844311339367507,3.64740603089407,3.663747474803034,4.256604173375035,1.5924098275081677,3.299305938502763,4.256473465465529,2.3725286645540535,3.6997273326703444
1.9788874388651823,5.3126583469442,1.6400222826423003,2.768316786491829,5.2697930561158435,1.8498126903308132,2.3115201247898605,8.957228247977957,3.485602163515608,2.8778122662053147,9.893454425292926,3.408045640265821,2.2521139111873323,1.6861783873096914,2.977379528108384,2.524384316112749,2.0568396798275805,3.551411069541232
1.4902192825369138,3.564770323450148,2.086996495339581,2.3680427815794585,3.868653419684928,2.3768855446555572,1.5925336786030304,5.140876151751354,3.637557999308557,2.1373600142835385,5.842178368369194,4.261930587107686,2.093016477807307,7.452813009558235,4.683540360839922,2.60646652856803,8.556879701575367,4.6651579664756095
3.3207386533620373,2.9965894622914964,1.611624051608585,4.451908162093616,3.2822574880607878,2.4354731253671806,3.454822025675357,4.8449524065759615,1.8977321494212376,4.965644594855327,5.227663671067287,2.7941828261367236,2.582329746661358,2.8953727903347226,1.2296424725376105,3.0636577587202516,3.353057598903279,1.9229300689641249
4.010164255011559,1.8743463512208252,2.3323272850618504,4.0358226869953935,2.1632089436411195,2.845801013870316,5.66012109673287,2.0100055860140364,3.3437906753252014,5.798390799714933,2.2454186631493367,3.926865756874772,4.9565584752003105,4.721813715703271,4.124962967490788,5.499105268375341,4.972583385036161,4.253247856259649
5.238937008705275,4.648895133981314,2.9791296572736212,6.596676597037317,5.42747325178359,3.2873857102952173,4.201876297626352,5.551650637396751,7.500072975937834,5.619589873378069,6.7941315124166755,8.108351362425259,0.7519115150740435,2.317379248794489,10.06371568062114,1.4661982691306763,3.249659669787617,10.478983873013375
5.168233866994235,3.228554019870211,4.274126963942582,6.440684423044093,3.916232421282388,4.1964115740452135,4.257054241889865,6.201635095222552,2.2106347536988427,5.536289998468756,7.115396834986474,3.6262260408097635,2.7052830914193944,8.769511983880943,3.5524381502244804,3.2207012074649426,8.990464234648648,4.114484488665823
2.819909503009896,2.614579782800414,1.686899667709399,3.5127166318514615,2.8658708817709293,2.133361745070805,3.3889093855097707,2.835469832305193,2.884211444817531,3.8307645522498426,4.178695618932101,3.3483799816593964,3.185121843876267,2.74691185448228,3.3245415493100032,3.861202446421886,3.630455901360836,3.9256397789066746
7.906294024019556,2.617107658069348,4.169827277560339,8.814644544565535,3.619864939387115,4.685368245047122,3.6231456984615193,2.1500921651420644,3.2256162957470607,4.846185732268136,3.1769068530566607,3.8290880380638352,3.9319906995381473,5.563571609090196,1.554064216057847,4.917106021463405,7.157841428849591,3.36905333894967
2.7255705509927943,2.98597574730412,2.154641759192109,3.4273102015898256,4.126072368287457,3.2661652268144845,2.4738516423007697,2.923391631632392,5.198883583581947,2.9707910151554504,4.104302266911317,5.961820722523103,5.472809973958754,3.8084089716945653,2.140095549384123,5.987313590642191,4.276787111428423,2.3674863647236193
1.5366674887173526,2.737738474760464,1.1294537438542143,2.4887719296970365,3.5962307658767187,2.3272623734259903,2.8817749762806266,3.6119940265797172,1.9608207548936099,3.4287164322937795,3.7197979324574533,3.046787929121927,1.2400789095916949,2.0116648644062654,5.500341006268815,2.091785064196153,2.4733315282162147,5.955776019461063
2.479968584459092,3.6806186725706884,3.216949894100643,2.8582484347108017,3.90088887970369,3.7545636224479413,2.407587781470663,2.1694055032460624,3.7343849875257025,2.569506932122221,2.4157460158946478,4.6169331451485265,2.10355211745029,1.8820806183243792,1.9648434556038106,2.543728786524294,2.1962026728263706,3.0415997165054875
3.930617726541151,5.723840463477963,3.2935960437257017,4.451737881707604,5.897954493949157,3.5696297395547933,3.077700329818465,4.113431338701447,3.450761255782465,3.7357807243548464,4.090669523977463,3.6685822050557895,3.525960408238527,8.11257462880588,6.913649200138648,3.540028312816201,8.083236373803958,7.070304928384377
2.7563054294034712,2.9929022880716074,1.863737153170702,3.1221777177112573,3.778538233328984,2.5421010240900803,4.970059775643146,2.451935090292834,2.506988858369229,5.063228746040717,2.97520173759853,2.825499682797245,2.589922703512414,3.474580415977006,2.518886912616045,3.1534253015095626,3.7052838044434435,3.044162927555873
1.446720776413824,1.8866362142112008,3.2077531709138625,2.094163919045019,2.8777555094757035,3.341211857657065,1.2117337117089975,1.5867292412810228,3.7352428564846334,2.1006972798146886,2.1005863319164497,4.256668269321999,3.0112165720515445,4.384385744380478,4.54646276883671,3.816444934460532,5.9001871564576005,4.889363958652361
2.247319615034766,2.9065469040011207,7.338125850166696,2.971870042118737,3.616005725331652,8.039217206452957,1.9405841156813142,2.0371639086291986,2.292867053259503,2.626333427697584,2.806760146213829,3.034511630613694,2.3723294404227127,5.722978137420057,3.564671724577583,3.433466643568233,6.041485205675959,4.648950442251037
2.942832733182276,3.5761283530321863,1.7182273696455073,3.8937809732576567,4.344035700503498,2.8215712027828985,5.536093264456119,2.163455632898095,3.5088932148303993,7.30845199452337,2.6961908673946673,4.7543197926792695,2.245824694547342,5.233711706442935,5.313700050387235,2.896279510325653,5.6411995225915845,5.785309021785766
9.66048724089956,2.65767322627,2.7618901671364218,10.321035250983803,3.4217389377559893,3.530105730450185,7.184441654719027,2.140144846232762,3.163898977104778,8.77886609822941,2.641855725173186,3.610477028339734,3.1949970311803617,2.0578833410735284,1.6348537412057509,3.342048872686569,2.666161767533055,2.0785006959409262
2.5429680957114527,0.7400886706158519,6.15708445650268,2.9171523654554714,1.455632573968565,7.001239071504466,4.87700495342632,2.447929421242133,9.888076736555083,4.854760352159342,2.8585407417343323,10.584388530776627,3.9809789562663176,3.239305312118036,2.6726858295780063,4.938149671455075,3.2039728076950733,3.885209494672347
5.809828455048264,2.2547381382225953,3.064480906151583,7.047789390627278,2.753876963885383,3.4537790481235895,2.693501530998421,2.9061907784136096,4.039203117034663,4.189431055588922,3.4255682259298315,4.778006459976574,3.8897690096233335,1.513017510156159,2.6688239685463095,4.372948194814506,2.426939903299013,2.8854063687793885
1.734795261986551,3.5895308396254637,13.347721719998336,2.072472365252658,3.652613790633664,13.801437646977702,4.5316786865781875,6.005975348647475,6.012575862621619,5.117730486714077,6.091839484037706,7.477649384545257,4.725754785480344,1.7947430392743386,5.987518506826009,5.05417249195827,2.4156771317386054,6.3113262362616736
2.7429028329694494,1.8742489307703485,4.666598789589049,3.4347253370218795,2.320079297016862,4.794106032890379,5.572989209136356,2.8687150997507254,2.368293595408593,6.86356060314668,3.4260359679641894,3.1070246744121732,3.896788156309509,3.7525587364469195,1.7805097089129902,3.9076668355648714,4.078948789932172,1.9910859647990666
0.9404005980366134,1.5635973024247514,2.090379082504266,1.7621254210141846,2.729744979366367,2.7741715453956592,1.8068302681906325,1.1485165157672745,2.6291106614645847,2.5243895989159246,1.679183471927618,3.1991042174938533,2.570499803314731,4.718494710681004,2.4003893135281933,3.571537452995711,4.984436881770088,2.442698908846413
5.834277139531518,2.9057022863131237,5.828964649452459,6.543526228446407,3.1342041104057463,6.57445525761474,5.217780699486769,2.772827004638806,8.742864662901937,5.569227560986797,3.0025081785036685,8.915747668782044,3.078308194131651,6.92477758850108,6.248847581975499,3.447909902634428,7.547326553497294,6.8246429920757015
1.684866892555221,0.9837265934536096,3.3758972255082917,2.6640463859315298,2.1362770889581824,3.953164675896028,1.8905619776106277,1.8038186219903958,3.515405826150458,2.1357275109620155,2.1912222411765385,4.09005158622095,2.1543515168627616,2.9288146348489796,4.861052333635561,2.8122635904742355,4.0490377800421475,6.911589808855361
3.2457175712462796,5.48031027726674,1.1565818001003338,3.375942316989496,6.6914366550445825,2.084645102629261,3.446754569296322,5.8201843445300945,0.7881927049575748,3.692596047787726,6.9328351981220155,1.751207887074139,1.8914343241769764,2.3397293715847565,1.6944002275843042,2.538269500835607,2.7700316063975974,2.4765936127587875
2.9417858541685438,5.800523344056168,2.5136247370554803,3.630559440489448,6.441587008305494,3.088833191012885,2.1491966073256816,2.286975524800135,2.267246378538664,2.447784251609955,2.9293255191453276,2.3998669492326705,4.884073330775011,10.916425999627284,2.5281638087008225,5.282915975832999,11.40106464147129,2.998799471724302
4.612763602943944,2.6721233299623695,2.7985502855970563,5.259084578727744,3.429860102812812,3.7386985233529297,3.7979162489963145,2.2971595634667556,4.568083690269367,3.9120829691683734,2.9743389945570864,5.042862717277522,5.126827906933283,2.203380956239353,1.4652186898387638,5.107105243741758,2.5572671528346254,1.8238546180173654
2.6541174950101842,4.121523023836893,1.727009841140452,3.1522758559079533,4.403829136450533,2.429900031330492,2.304967589540382,3.0928684905346198,2.526373773737243,2.7507618303676455,3.200584797833777,3.104525321350008,3.612061383515729,1.6979118214312932,3.0733156386005565,5.30074078100887,2.469934956032215,3.512484794869372
5.240100699746264,2.3704349404887965,2.2256995797328623,6.027942523671369,3.0487805011615374,3.1486697948777493,2.9466383818491537,4.028365444525515,1.2402332537380796,3.432476989591533,4.226427196822757,2.082824813984493,6.194752215086278,4.296249748764168,2.082491386975468,6.681106909698501,4.26635792721018,2.4612070710861036
0.8837137733102296,3.589397485102779,1.2064534095923503,1.5839639147878115,4.828299697338276,1.8330278163098923,1.97918656967085,4.23739737782142,0.6036347068269478,2.5288070198941974,4.7702788296777845,1.022434519422671,2.0563883367967963,2.8968049383637795,3.8507901287892397,3.124628435156884,2.946055676483228,5.321404388024457
1.7989312362596013,5.00941346210944,2.308207587983584,1.9078324396272446,5.575542777239413,3.1799269060924895,2.4386467570458588,4.05429140849467,3.4992816619865796,3.0613256754845377,4.467193481208751,3.8234970841453975,3.424006773235573,3.1536917314728994,1.9713285698590097,4.161978235450202,3.1052185492710644,2.5121418135123275
2.9430860083550363,1.1062093211105521,5.490678238843546,4.247173740552224,1.7518917679260924,6.378296183282375,1.7519860615206015,1.989128409096037,5.997611299791418,2.4739279292731067,2.3446292713775145,6.991416010726485,3.13890124684017,3.8079450549368388,1.9095302422162919,4.1940181998174175,4.342518788886153,2.6836074660007125
1.881509196768094,4.233315282907087,3.1183825283879654,3.0203984974135714,4.61254724961981,3.3335535291328457,2.391949129685225,3.8125352413189297,2.6980634484785524,3.5695231520172332,4.186865050224704,3.045836329455724,3.8989698461990567,4.642123103506009,2.1628986768804,4.18465392507343,4.997433092302965,3.2619155788132335
7.694588920871788,1.5113946086364136,11.542402596176123,8.601385360953179,2.1061306922741845,12.363334605225598,3.950647093384089,4.037630524766315,11.947146929238736,4.20415782759896,5.615522176257799,12.75869307561207,3.774465687893861,3.47808161328168,3.48363979409448,5.254708163899421,4.248880037005329,3.4682470723180368
3.243817870197835,5.501134446418736,1.1668204695413773,4.147738301465146,5.581593166465019,2.545649031710872,1.6663893068392601,3.01954944258046,1.5400514130265701,2.216298070901076,3.944496602113979,3.0027252839413596,2.716364780003636,6.296711911039907,4.39509264731061,3.072232351397955,6.22092596896186,4.5201202003840795
3.3739952722367716,7.843309765308637,3.0271923644999426,4.383375874406921,8.901230609068332,3.69772293465374,4.017716274123791,8.058476726188127,5.947237849221576,5.009666581378522,8.328404838518125,5.894761484761396,3.350648942358184,2.0955539987664915,4.180643397092658,5.178325903320392,2.32809736072811,4.634888387232886
7.479318539515508,1.919473252744879,1.92377374632273,7.853599943610347,2.1767389199488076,2.7651868249288194,4.487132668293733,1.8237168332133764,0.9976323584519426,4.707291297026334,2.124184286796118,1.7647216920937807,5.730498190036228,3.3595994437901626,5.654306146851927,5.751207557111212,3.8707284899804715,5.724577046736028
4.634479734515074,5.647606328239715,0.6338717120305479,6.03711777711037,5.854373391659081,1.2458021428797326,3.7944690294484946,7.058099855223866,2.2633494645328343,4.912586369494955,7.089091041658356,3.484643127215301,2.3396547705520776,1.3324745602512842,2.751365727577075,2.4304457734064417,1.5875491174284453,3.3837483519820304
5.073577407485643,1.9182846558478046,2.441213311570879,5.289092180906998,2.2787100733924315,3.291881745965647,5.81375460966238,1.7434189943004599,4.3587334059164515,5.917548499802499,2.003999177968974,5.3442032686536995,4.606412677058632,3.9504665476101204,3.594828190426421,5.5945694946298214,4.318437861566176,3.740718410355911
5.372873725573152,1.9136987143654665,1.5433803389229905,5.3535135948625046,2.543120787473712,2.428832135003959,5.954020301057536,1.974559817341384,1.071787282581747,7.802944764329259,2.0615883306337066,2.0178935804112914,4.048957823818909,4.104754540880957,1.7480539115151785,4.818343535133547,4.738832693708937,1.8673043305411787
3.1195752830335226,5.839517151662494,1.0460140395117796,3.4141723640565917,5.914970735457535,2.47886434571592,3.7049653741233977,4.5557326567825625,2.747237362951417,3.5770903681018584,5.200299432468217,3.5395627890925057,1.0421282020237583,4.2681243528168435,6.813938384105529,1.9784691706391229,4.48964355438823,6.9371491083260235
3.479158158346956,2.7057461622737384,3.2124482628740934,4.8175405353748415,3.097859789388799,3.660228220234672,3.6225862315040853,2.5624457671971084,3.3428896910681316,4.732366784859102,3.1541402293793106,3.9118226852575133,3.4775113544033482,1.3658868443700782,3.492040981187984,4.943089023018546,2.3668135828364383,3.726466983908156
3.443304095526393,4.169264026966777,1.5824674096351914,3.816192045024847,4.626574733593063,2.329577451273546,3.4485626503904765,3.5801013238001493,3.769141777593322,3.649933874148139,4.746211556707913,5.202105530232652,3.5846525780848,2.216151801890058,1.5898350468326463,3.998175811403826,2.733151749819094,1.938860582978703
4.031629301577579,3.387830906829441,4.78332398710774,4.950150072004722,3.5823118324723446,5.070807848912222,2.8804484426041403,2.09237653950285,3.2578468649901486,3.8665548175890514,2.4499522910837523,3.351175535390951,2.7388393600127814,2.297329168345267,9.896796499424292,3.1290155103723434,3.0088412846679797,10.32298153954771
3.7558716432671,5.6603318278885855,1.3787400509523144,3.7086001901905403,6.119512159650876,1.9150686958957492,3.9492453997498,6.519452347999601,1.8421390824012223,4.395563041470654,7.7346271372489745,2.5970390727339927,15.41089357002342,6.563650057110551,3.4667800503705894,16.073424891069195,6.9195438421794755,4.143507465499757
4.347738683076696,3.6790291635984076,5.662300631131159,5.073300885003547,5.103516175848707,5.729433855387693,8.758672010953855,3.3725617780458492,6.693768333409712,10.552417430877396,4.527678766827607,7.412815567254797,2.80945704392585,1.0343851021634354,4.70660383648474,3.1727168653622124,1.9593483809672798,4.83378997237504
3.7116725118589096,1.994679829632825,3.0124639256302688,3.709351860988088,2.6995746733689465,3.290338610457765,4.925303215978828,3.672101878875503,2.9493879890267567,4.915149006518017,4.9767754863093625,3.5123607399610175,7.56098797308135,3.80758854896096,2.660289946040747,8.455994248573328,5.242174335776,3.1697319329314864
2.0224267063173778,3.1541009313822617,1.221210174398364,2.546353274843793,5.279752420841971,1.8353562071450265,2.715825504250214,7.317858494836865,1.6272964268266419,3.3890432494574254,8.94791887965347,2.5591669203255902,5.317020239647793,7.855948880150521,2.3088870518716895,6.620446302773442,8.24260445701936,2.9623325899579354
2.521002328653653,2.349802537986149,1.4166976553226283,3.9845208374767185,2.7097106144644054,2.031973262976165,5.463243079701178,3.8461443699896556,3.117524858303679,6.230536409661677,4.070560428712815,3.8636159674170654,2.1427613333748896,2.9027792636554843,3.2115214807296555,2.639652108457185,3.230014564318448,3.2790548364659937
2.497925496626601,3.482780094511914,3.3078423539256763,2.4669963332755063,4.231934561898056,3.876559390485423,3.1740662631309218,3.9965645852925125,6.457462241918837,3.0725969872589416,4.281052634399687,7.533434935517927,1.930774196218377,2.56330204068523,1.1613534604734335,2.6970539415143278,3.3159109844735624,1.983242638652238
2.7531642796866853,1.7737962264706169,4.541281115259762,3.028818045340223,2.3768349657828356,4.6630396354347425,2.5046794067960976,2.517020938202378,5.31268867722241,3.3224017249252538,3.1385109807724425,5.440220228642469,3.593000241680881,3.0881369755876826,7.523926464706657,3.7775360013830293,4.152007399782146,8.866031636483866
6.8590790540826365,2.1391121392408774,2.0167176642190827,8.094470460140952,2.185507815956053,2.3139562264666083,5.091945255869507,1.7169668219771697,4.948573963664021,5.153255287592262,1.7277861011304108,5.461705443389913,1.3517814714357193,2.897918420105622,4.071446759790797,1.805653335829181,3.4576703299120375,4.677771936722373
6.044914696695168,0.760323740904301,2.1934423023125094,6.2665361998525215,1.4633899038161038,3.1334737885372763,4.812843724934262,1.8802393024808512,1.6474329955677287,5.228213343396325,2.8524423872485714,2.7733446894611298,1.7595797802180833,1.7553342234431126,4.931162636838093,2.5657691323570324,2.4466955957012373,5.091406607469189
3.6490850611393126,6.326413783495638,6.150642101893266,3.756062037461872,7.05108371660999,6.248447358668871,3.2594145357459587,4.905588855109615,5.844668939485847,4.008171664631935,5.6590062292841665,6.7384901259743835,4.43833165124282,1.474652913937835,0.6999844629314688,4.969827128842075,1.8706642436878749,1.3872357663764006
4.5437538923697165,2.2139598009991155,1.5611946104373509,6.502395949827804,2.6731229091238227,2.442760116804601,4.54977466793049,3.4755705903882235,3.3514462315800366,5.374340644414119,3.6542394071237205,3.979238778503678,2.5906308787645886,1.42030668896081,6.373283599665616,3.4677271852136684,1.9858016792587632,7.687206015861169
2.0163788315880455,3.8158650150127436,3.333898898849029,2.2979425599890577,3.9955647269506684,3.4758439738611404,3.8227911732250814,2.8844969924779065,3.96424887841728,3.7806707371492414,3.2607377044226404,4.208562120619475,0.38739029568990624,1.7189452822063118,3.7913377959542776,1.4533612733433028,2.214335091936074,4.178676812541716
6.5592686768691335,1.7511385512416364,1.7737527149197703,7.620838959539934,2.011478921167464,3.3000575555084732,4.034833726551542,3.3062051645073045,1.5685108100376555,4.281030667448474,3.9122867218359807,1.9153525034084857,3.5555180005782034,1.1488893415369248,2.7378677855057547,4.008671207581062,2.256225316823552,2.959345588527236
4.1763762184681505,1.2723123783927643,2.6209976721755193,5.237561552751119,2.275320678208227,3.319286295592387,2.3408910316382476,1.001388108139713,2.166720262584093,2.4441728046044946,2.021216285551396,2.1030559170537884,4.814464409604734,2.591837566822736,3.4983426918048304,5.854371801936383,3.191362868683492,4.5024186578951735
1.3343249365238457,2.5895716367668786,2.0803484499298444,2.298420345774724,3.239507216950738,2.56571544769978,0.7357380541363098,2.3732502395532458,4.048051753846856,1.57005338286579,2.848700164425088,4.663762578179542,2.7668445121255894,2.236171081612723,5.529296877560887,3.7470099625218163,2.954619474237961,6.7019462582715885
2.780073096588146,4.523543546047074,0.8064280811334841,3.283459023915833,5.125459343161991,1.5324748143582039,2.944708927332513,4.065639852973843,2.537370752104124,3.1964418715903413,4.344983855676073,3.109235640511327,3.396818532160112,2.252708531835933,5.732244336135485,3.9768162210511875,2.936612103308605,6.115686460818951
4.595464367524123,2.2439616453330085,1.7208328858425364,5.584687463895885,3.9956876540105655,1.9685248731090863,2.736586334506097,4.023546320686259,2.2142188935630123,3.0866516671690354,5.52604545891389,2.781429706669776,2.567387755071742,4.33700019956097,5.059209425843471,3.0425817757369202,6.048795900318467,6.66129584066459
3.7734734935006866,3.0698082848997985,1.6297665285179326,4.744542593674879,3.5871856774471285,2.295550342482647,2.5026357994519257,3.8115020759751466,3.1083440476790916,3.853755944822586,4.693498843165828,3.666887371785277,4.686354883388365,3.829953968563927,2.9375901251340357,4.967770534996983,4.113370708655014,3.8002571521497805
1.2861567760754617,2.0052356494381733,1.1950802314839504,1.9222972799661113,2.563793841680287,1.7840130912898604,3.543127638762029,2.1686011820564874,3.1334218410614745,3.698102840753938,2.886197430029328,3.289669011630077,1.6745338160325893,2.5044521022581585,2.1234668782237676,2.4381507691136504,3.963536044444937,3.5988937917698487
2.2840159704011525,2.0095887054704162,1.7815321600477863,2.8634563638788992,2.7008174095954938,2.139502441132085,2.5270028542527543,2.0937188392943207,2.491034227995118,3.088971125359851,3.0265261868651807,3.454312850893812,1.8237061702930109,2.3487358980094073,3.0693044546984627,3.4238156059192795,3.9874230536148794,4.126944902735508
2.4309314020418946,3.2775461778755877,3.317515047788902,2.829416384511101,4.218463251933651,3.2355324365427496,2.670206169948559,1.6514294486684868,3.266329620712226,3.238437439573664,2.8790697586020992,3.983118447193661,3.1643092281105822,2.960163931490392,1.2872365236334045,3.576326807034777,3.435949312565143,1.9152464952061006
3.3194739968770404,2.5155027650143236,1.383840904758266,3.86035368622475,3.4467128473506286,1.8216956694936852,4.13954935803538,1.945442872966851,3.8068573285384266,4.017128861179858,2.582044722059844,4.11319645288092,3.8415218526679253,3.43982804833138,3.1488194930371765,5.339780562909365,4.123361136103084,3.2238210931526603
2.4754857289244687,7.090034975099267,2.0899345108186673,2.936794321045456,7.2591507380559825,2.629475122557596,3.2861126834243146,3.7945885707520564,2.4953043876344823,3.360458473261223,4.646366560322497,2.823975989452247,2.562489352040205,1.923815465818069,1.057637995437982,2.9876252407191064,2.7650278592925845,2.0371538533892184
2.2571446762948546,2.2349148289070837,2.6221779611595903,2.406081309765069,2.5231770597903056,3.565661758719337,2.1018884631668984,3.174831611105617,2.2578358807794356,2.3480719041535276,3.7801637896086806,2.5846556837209347,5.265146836089866,1.8655413122552518,1.3372005947881525,5.333879662798517,3.2112360687932235,2.141717538987588
4.504771694405011,2.240567476206985,1.787150762984972,6.027488057619295,2.9255210049282563,2.474571259445117,1.4378767335538571,8.562201103056504,2.1064361454286495,2.0086661376612933,9.054854868637664,3.3294758313960724,3.6657231736503246,1.9470630945930147,2.832586777877225,4.017612732832246,2.474645911394179,3.151202718343937
4.710167569456238,2.8080333647406097,0.7188414282671122,5.391053252970721,3.1609483985300497,1.3332359908204592,3.3310136091312423,1.6741212740274787,2.671174267742057,3.672315646231825,2.340253576004713,3.608824205314853,1.8510937798066553,4.370031391567699,3.4391085976405185,2.445436563771347,4.437758876605453,4.052082938284287
2.381184063679985,1.693486654462103,6.774242553030476,3.857204847828634,2.3806533571413,6.9353814097608115,4.455618053044625,1.9922062113740806,4.385679475004398,5.793571883219239,2.254884028215003,4.918957390451699,9.673645248343588,3.834139500665835,5.3919930063828225,10.718036186480271,4.382030464053823,5.836469842263411
3.7339120867654714,3.5544672826390293,2.335889399811016,4.3348731965197596,4.188025787520994,2.3641710015708783,5.4379304371598085,4.425486347750261,3.195917012711255,7.557920629919466,4.3734472162307,3.7273179727538643,2.2181378032237116,1.2123394409916288,1.5112570963999605,2.8062653403843756,2.2014248530217517,2.227019329998915
6.131203402049466,2.2973794060857786,1.9886657710414108,6.4316018986815715,2.6314403585988915,2.6145193087036738,3.9663747239344667,2.8611758421229734,1.6691051416434264,3.911429750030414,2.8523054755137305,2.620418622629046,1.7478828591404403,6.204571909085237,1.7313825786715555,1.8747890220159142,6.955762378177219,2.818847317748574
4.44376041981861,4.84052791316528,0.9535099974132818,4.912483667255041,5.261527777090727,1.3695249088631467,5.836412260344664,1.9267360429569436,1.6308785695708778,5.881521113880912,2.605572116520593,2.2197474333158067,3.196533750791523,3.1236229764832113,2.3453037447013303,4.912887247637462,3.181637962463459,2.890482806939486
3.762733255199259,0.4391519091501023,3.5598008831759174,3.8610396686279964,1.5713605647710573,3.9320352313044364,3.5864532800944815,0.6560745352951389,5.599053544652011,3.750162355265535,1.1888675096270809,5.871507873448733,2.1295646664777523,2.898563304507702,2.637068683232721,2.3219156919818227,3.81005938557692,2.9342591499743476
3.04725776633324,2.255013329252229,2.2626672472434524,3.0791254912643233,2.7770915838882577,3.0489207792701043,2.828184247296897,3.0355542718921282,1.4514348171966451,3.0213337560002183,3.5750411994151268,2.237939618771576,6.329706169880998,5.748145467976328,6.177815547586774,6.5642322760479725,6.224904883425129,6.4981499528208975
2.967510643256694,3.3843925456588164,1.9295509839769087,3.208502861869593,3.645176292809774,2.2428438248277196,1.5120495984578812,4.930599159020313,1.9842138536751588,1.83599960298877,5.3360467315031395,2.342310410194607,1.6091808545072825,3.1753174109299573,2.0541088888131744,1.8122080040480886,3.4845621082118083,2.281303920033557
7.904340432923497,5.000882685177758,3.2620727199535935,9.94400956275267,5.353460761137114,3.2262318387880997,5.062836672403609,5.158279204573013,4.203663008698944,5.558604210936175,5.438480080148987,4.269844515065394,4.315157527525299,8.49684774044032,1.2360618281695288,5.275043134153733,10.689083156003685,2.305388326899838
2.4892072921544797,1.7011669072172528,10.505941558395167,3.0016982052742343,2.1668732462188522,11.142668086987754,1.8701257302416163,1.5953849430721947,7.378526178930723,2.5183979967407466,2.4361752793939697,7.495180383934904,7.456098728889519,2.465669612638711,3.815777132121382,8.210278845775239,3.0109060637757414,4.310115321506597
1.35752172674931,2.8019991887102584,1.8011970463450795,2.7073080990473133,3.182786735908196,2.318122646906881,2.7980882271244516,3.8588597130699074,2.4428303350860645,3.3187333677772246,4.547746378711741,3.4801435843273802,1.7418681186075,5.930257960938727,3.1624866357245067,2.7959333155214625,6.829849694195463,4.791136314249672
4.496218467144898,9.945051413074196,2.1826726859877628,5.4607361558592356,10.379855667152315,3.1789624849122555,3.514411340456881,3.222732054661423,3.667995532195059,4.782189950756604,3.8695599049153313,4.108368045848915,3.7450521305253677,6.75904772410588,2.1206194395963056,4.398635306772427,6.813105215631911,2.842594672609233
2.5241259211245253,3.6049139188571893,1.128602297385414,2.972644144294534,4.539701595008964,2.1781461515050133,4.934952259448811,2.311315385386193,2.1316224947832225,5.897268858656054,3.003791806623391,2.7207471064405433,2.3206380300828693,2.6019663474119263,1.5913489773396117,2.6699627621946864,3.2482522149424433,2.187419765506215
1.226689883522511,2.30780145605823,4.206092446166398,1.727064091103047,2.9984654788329093,4.365350177839618,2.128153418633616,5.09724746530433,3.850531824060487,2.534191232728822,5.280607811551348,4.557318380196817,3.4518444876607366,3.3835890770755115,7.421185753434813,4.336063147870047,3.631127614946046,9.94229622843694
3.623877189195505,2.2500348704141966,6.114297226329227,3.986215595431563,2.6607176728939117,6.364965864363651,4.654338130041733,5.827282559303003,4.394081066357159,5.086957960033831,6.19094174930202,5.134412938845904,1.2754133093857598,2.423564172633492,2.3805279152286567,2.2150664382550302,3.170251508870005,3.22688811705406
2.319027933916392,1.3077510639248004,3.961056571073313,2.33686818423678,2.6764282822172203,4.043904269964457,2.5445179286522897,1.804487991698692,4.406285891971547,3.660922162842849,2.8693391078026838,4.441753597167231,3.2445096784574843,2.3564481089858864,3.177565281810327,3.322774689550266,2.9749179194651707,3.5221545236941694
3.018485831506387,4.736727314546036,1.9211904789541239,3.8237525995556156,6.906431978231663,2.1855259499747235,3.590766925145615,6.4019957682913375,1.9579528251329839,4.299146387315015,9.732294864001227,2.2063370703285408,3.947447683137913,4.2424518157875415,2.4787884746751363,4.842802800721857,4.49624014429997,2.900672678580166
5.137347186146267,4.207539276338168,2.6010430996876996,5.139374547579668,4.202995489283326,3.4094015007614273,6.253254768692837,2.8052495469320573,1.310919048033317,6.307874457698989,3.1298487623346958,1.8805500207943968,7.160111087492896,2.0152065029699284,2.737796120389275,7.676616495892768,2.2672542349464475,3.5278789898435607
3.3769846039748943,2.9471704599903923,2.334650305947229,3.589937827486253,3.222439633364285,3.1228349868356706,2.8881139374807594,2.124161324827539,2.6467552014889533,3.245078772085187,2.798676205977755,3.443121495534752,3.237035663114101,5.780613158753494,2.8478721888298555,4.917878437677913,5.930645179743214,3.463618858431249
2.100529378897934,3.383411825138726,2.660257771296162,2.8426768525557735,4.019095632904561,2.616181068540594,2.2980146979876865,5.839438149073705,3.6972491180423757,2.7889631443027327,5.969501833407936,3.694338934961231,4.000424226928134,1.3181115352983668,3.5278835208331354,4.187189155373723,2.109633748363577,4.398966839882471
2.9644797552969475,5.137519821177962,2.8481372706386003,3.7490005231902,5.0947625637388825,3.2011613169190425,2.479729126039705,5.005229267478703,2.5481369520188433,2.697568870444859,5.210207979179752,2.8633305222661076,3.411151762155254,2.0269446504933217,2.5106656354859522,4.188171175128794,2.647269293666999,2.680655931239582
18.003150666647734,3.528237090792284,1.8883882335098827,20.858849580345428,4.123967214351942,2.34676677506864,4.829589050701818,2.517897618729654,1.6178259865941316,5.470468177291951,2.7457762699660027,1.9321900757720083,1.8919797988376323,2.1437078521316004,3.249374548812598,2.2970492678924126,2.6783828496438185,4.2371851555870625
1.4856453572985333,10.251055189257409,1.55554965916263,2.1865588839970473,10.96420290397969,1.9037038646074778,1.6598300326666535,3.0796951355770106,2.838757046521774,2.4387813393019706,4.6751237517276,3.3850855155735813,2.142117351658785,6.517912089536418,1.5498388445062905,2.3980986423363158,7.302852278951837,2.49389884401634
8.878927942709405,1.843165759292195,1.3291344103678875,8.878552077084034,2.5735585546931183,2.330495978222883,4.808724653168376,3.1232327594036,1.5717255807314379,4.828621764748473,3.997799926759726,2.1383162037705814,2.6581774715590063,3.383480877050547,4.213668381988473,2.8850485312339837,4.114888071143498,4.445775870873967
2.483469647550887,2.9668394509906224,5.261734673902128,2.816527284026768,3.378993289118368,5.451567767128685,2.591116491360249,4.24292099449894,12.457756987709514,3.098825010795885,4.191257436538222,12.648267739317552,2.7553779912410037,6.393871000288874,2.4701364968186934,3.849436893274143,8.055031768679665,3.3237372074724707
1.5623860742638842,0.8323333022579905,2.5714647557840604,3.041872719181534,1.2127284318503408,3.028439780275982,1.4550824825788398,0.8838679599165269,4.249288001393259,2.3852021140821127,1.325928484548858,4.343630776802427,1.9242045386784385,1.9645579998746379,2.2631749083025876,2.2307408032224636,2.977954367405863,2.371742386190093
2.542417961760717,1.214797433579523,1.5165964832502759,3.2627285862946422,1.56712576003768,2.958169305032624,1.047364254534905,2.691778358432043,1.2358164270951237,2.5854990240049878,3.112255281103282,2.22826126624732,2.6241595195545004,2.1379444269581964,8.209787513986736,3.345991636206714,2.7109336775611768,8.447923451089205
2.4232918964687076,3.4709104016169396,2.102147813661633,2.4180103752474893,3.3471942343067784,2.670952730642054,2.8271961474472946,3.0902115196093853,2.7257525265770575,3.207693954661448,3.2336554150209316,3.569653264846186,1.857949740550881,2.2499742281512756,0.6999916358887738,2.2390541315858283,2.475168282134537,1.4692540018617686
6.024909333356457,5.005207786750849,2.926485408349478,6.142843746658342,6.176364323251293,3.919956943483967,4.006755527095162,4.58040582397273,2.6231825846052903,5.1882029049302885,4.9499687958381395,3.1793590859642635,3.9193350557380433,1.8429434608502393,1.5363258096251144,3.9542230185185536,2.6529701950625637,2.3003627464699044
1.5328785569045553,2.044244394106049,1.5428781539564065,2.121058753822821,2.4273189579882084,2.44137621965456,3.669696049603194,1.0961157028793085,2.4800253647851482,3.6687672715418,2.0383609761317727,2.386357206550763,3.387411230908436,4.857768223542307,5.597143056261201,3.3102129802389135,4.819250966377875,6.676599111041265
1.6681621536124729,2.032122424966679,2.0665194252222787,2.2673682866684373,2.072533579640654,2.0549057083148425,3.6849247545075468,1.8190397503223417,3.180939500557886,3.6517341580587783,2.4702285327460225,3.6194282899401102,2.3544000402057863,5.710928026548765,6.260051824942834,2.713953660926321,5.684590330377131,6.407386502171194
1.8465030095233805,3.14723814269636,3.227466324618193,2.1437606692068476,4.290713349404152,3.4216096859109744,4.3886184169775815,2.223411390701315,2.2363408483653413,5.185456660195795,2.8045383444249947,2.923140618195148,3.7165085693565367,1.6316702260860574,11.600290150638775,3.808441914151952,1.9777386209030063,12.384155025129944
2.2077036087070896,2.1679250978646243,1.6093115363613373,3.504650648299639,2.7572241409682783,2.313451814419414,1.556721510129929,3.2039856641610807,4.6474091140303395,2.5448126997947296,3.1986472343712653,4.816659012236572,2.179264176805134,2.8627716539186565,3.003309413317788,2.8207558708101717,4.435036978678907,3.176704079529784
1.5711057188684758,2.7763763368392183,4.537386710945071,2.098882086140867,3.4464282198735177,5.60491536635862,1.7658500091009375,6.251528218228522,7.380058583142207,2.2817169370803323,6.4196406549123815,7.615744686918415,3.2392027295158536,1.4399517093830065,3.000558017594765,4.184226690194564,2.170595767424235,3.537527486816484
4.264965432121718,8.350781554912933,2.9748735102975377,4.5217573635887485,8.362512331288707,3.3700542837480993,3.412326278902833,12.062968043025393,5.420296998699394,3.476557397329583,12.584761102249587,5.542190774239452,2.4638436007456113,6.731458715544652,4.296404508732464,3.1515203741065783,7.700704780894094,4.576943221521307
2.8875498416682523,3.422291875197398,2.531916028238597,2.89417771584906,4.697021582615032,3.2587984027265557,5.3755862677175905,1.7813803011147373,2.868330986490267,5.366611471146328,2.958995973345261,3.6643618130873805,4.450070598185038,2.8694300054293196,2.3867691472321626,5.491887171597815,2.9384333527103617,3.344972240427949
0.9960126939047024,5.098374442538995,2.8104557385496145,1.454163420062087,5.416378696010615,3.678412363139133,3.052315662463564,4.292038907718985,3.6838237925487,4.321057296313789,4.464643937872635,4.522293670386404,2.14425279620688,1.8122464391029807,6.673903171211381,2.6092388730521576,2.477709562868766,7.94712630406561
3.225715327672792,5.197943462248195,1.6079554436647892,3.5525419945938674,5.995168390278562,2.2973705973152567,2.211326434896911,5.813280062773841,1.9358192664189746,2.899339248858775,6.0308424418863416,2.22333488955904,4.913617080653004,5.7016839512939566,3.6500369480281227,5.85590315718847,5.99714409934948,4.2201665527155034
1.4991394247080736,5.119925388885205,2.863543033052519,1.8879763395452716,5.97033847353934,3.337052041896525,2.1246702732539857,7.812429737624416,2.87453353708205,2.2141176915740344,8.982044107428612,3.0104618293181393,1.9466720058374145,5.320795149685224,2.5866807174661126,2.6643380045628193,5.761779103788576,2.6871353955096002
5.5379980455969795,3.104884495514582,1.2694590511423192,5.657571586030724,3.4953762309590783,1.65206694357992,3.418472263647352,2.9371827207395533,1.2587363088196555,3.573395282513968,3.4906169709433263,1.6332657886117472,4.727967155186093,4.790613890539463,2.248640624655037,4.697637202094144,5.2033520780241,2.871412051641202
1.4381923134034775,1.2948852947225347,3.4602158590990877,2.4213102917541907,2.004380063890842,3.790367193505165,4.374446557137794,3.2458781483970003,5.093301382674591,4.91275215575303,3.320574759869701,5.602636088711047,2.2838140262814592,12.669446274677565,2.7771494908855674,2.7517693737308813,13.815923728996081,2.7654129315622025
8.860763195532773,2.4652896868494354,1.5487305516002183,9.765738279788074,2.889310512734592,2.075710322302467,4.273309064375336,4.829000433538141,2.599035595436359,4.633287563668911,5.795862391736339,3.5863791060316927,2.09757049147916,6.743584445853976,5.277631613340517,2.9181836784180764,6.923896268235023,5.654523335898132
3.010588559085172,0.9993702030749426,2.2645235129042205,3.298953485790552,1.8995874733888807,3.1139195060551144,2.755350183515049,1.9644885479697802,3.496086959942685,3.4610109365028396,2.4199931451382097,4.80954173502815,4.411902605321995,2.0104644665863307,3.1394606081855367,4.651676789630188,2.2554334665727933,3.746708537438468
4.190219936541854,3.664366120472241,3.944281285316763,4.527194496455661,4.349169661858222,4.653182986019877,5.086031290031981,3.1677678740436384,1.2227965361816744,5.547764043009398,3.533522777767752,1.9453452961404096,2.0672208524399793,3.5935476686827035,1.8671083040780365,2.454468546169953,4.4553891604840965,2.709394273153251
3.611605185485274,2.4335336110277788,2.5446652854466816,3.6129935126759114,3.089924457844147,5.204202334782896,2.133201805957833,1.9890832461564358,5.48301498393756,2.2077321075264256,2.8813318018362817,7.059749238100914,1.95184182445396,2.048038349462979,4.234739361961343,3.545386900963445,2.411625855490747,4.958188734178252
4.966190097167646,3.539394559275192,2.714417996732337,5.124865903595255,4.8918020689849975,4.024089082455761,7.4863486617376696,5.191969863302884,2.7049055324447218,7.877723407037907,8.090561585626375,3.2821531673197324,7.836793980692976,2.1046216190935385,4.308095411362078,8.213241840817949,2.960968761659039,5.448986384946788
4.468754858931683,1.4209947422534088,1.1889912760442078,4.570267124604325,2.3774825547857716,1.81538564254876,4.507574262039313,2.0623197344828514,2.034954498950974,5.497722995585184,2.3970242425088917,3.037188440238315,2.3777803807365245,6.56112060543366,2.203863343487773,2.7441588083892166,7.705372416433574,2.9813371572717338
4.370473947003124,2.441324945623207,5.828370488139827,5.27375126292962,2.7838488983148326,6.432442252370927,3.2792800327270344,2.832398633162847,4.201407764394834,4.476835469766191,3.1441140076398306,4.755012927143818,4.678081994859393,1.9651590170270143,1.6939778632561466,5.038142333041417,2.4074214102667417,3.130693541557436
3.6051413271194903,4.496819474809895,0.6208742239562859,3.630737083800096,4.803786875837364,1.2841181699011452,3.1878567460571543,6.320562640647138,1.13113623492407,3.984261801856239,7.542716203104441,1.5549175574032197,1.9908013954258579,4.615631670078352,8.310175311269745,2.725320455482073,5.0089302211295035,8.427113781455013
3.180333338510602,2.224497142536188,8.26958359695835,3.3205028316981555,3.1754586582542346,8.530773808841188,2.0087841996982365,2.5961235831723886,7.536575634643128,2.007951982911838,2.9021839476096103,8.15292357377773,3.760532778590796,4.316162590098249,0.6445057625010647,3.880452998714972,4.648452085519209,1.6436781629955535
3.1116468895070253,2.382007588827679,2.1596703192374984,3.965022353739517,3.447362723195231,2.3339247232741664,4.550519162116622,2.3647549088491524,2.6719083020623846,5.020552933466929,2.750221267857436,3.2379512747966572,6.1860020903119555,6.121352255356027,8.139125372066733,7.259297427518284,6.078439147378424,8.782917445246655
2.791468860453536,2.539624238777135,1.886497835976073,3.2015674672911802,2.901733026733027,3.547411305672258,2.4129881154376145,2.2765597999160447,2.055960904096672,2.4646641713253765,2.970659368022164,2.7490690505405952,0.6023040041563238,2.2515869243060167,1.5717812080241702,1.2380985745715472,3.04831390035573,2.432490955277442
1.1941418067269272,4.871535395743243,2.5358823195635214,2.012008628148286,6.082310400904149,3.383252726840508,4.0662441953456865,3.074472651498798,2.1524059232492245,4.123597417430751,4.0689353273862015,2.832992295617186,10.188595354257641,1.988127897156601,6.343145446717801,13.331031029190324,2.1440647644344213,6.608292347188447
3.8255976499028685,3.4323296057065877,1.07037381466204,4.8745961177740895,4.328819850755924,1.6963080916556796,4.072491709807387,3.677865742178901,1.9170817994438334,4.5259009620650374,4.505990772031914,2.511498230945209,3.578882997313783,5.967225521140224,6.408626388297161,3.8478135010830647,6.111775090395374,7.275617336252544
3.045122080499505,1.7981664175050476,1.8605397485920898,3.887213513201656,2.6305522133364305,2.1246269604561756,5.3502355056456,3.356466929786452,2.439167526952506,6.7265817758794135,3.8892703714294314,2.424329357480289,2.0407493975744058,3.9360508644079926,3.8117592491333685,2.941532414890123,4.460051589549735,4.443737936560799
2.54471089654138,8.203055061395666,3.783585732101777,3.3731902044645774,9.182756676316188,3.9223464797154066,5.636785050933012,7.113064866683044,2.5373040192128418,7.269056398764314,8.171358141298793,3.0773919171195114,2.1594724239701235,5.108688992440881,2.6933590455773238,2.580838313252991,5.586016489389247,3.0989201722280755
1.4037924539195088,2.1986559055060813,2.952930881641382,1.7272479192488113,2.8027923214120687,3.6636009735923563,2.0289219349786065,2.3546261177648273,4.583445845024965,2.7803078066861784,2.5109690930308015,4.94734313651603,1.7652675894788827,8.365301682240666,11.381648868733068,2.0814081229365855,8.642066175055692,12.247736545263688
3.0194839209918802,2.485819458311001,2.109299767892173,3.6434317067371276,3.9103741128042984,2.7192417983639805,7.060424593522639,1.411967197120796,4.949835429968154,7.72597683467439,2.7398913159688605,4.989366315227411,2.677785307239542,2.812320734801497,5.193508543860692,3.1115208970243815,3.2638274723735403,6.549203556736098
3.22345769447918,3.6175235318987573,6.4949207090195396,4.181335282998494,5.165296710864983,8.273081101202509,2.646343213234475,4.53526612814942,3.7612984843134356,3.4920858617723445,5.196184914666723,4.914624957960948,3.4090324791866338,11.586599190805222,2.5032035344368784,4.465087138058717,13.500447011744958,3.67654923170705
1.5190622289074918,2.141603601746415,5.803724944028379,1.8793064683215488,3.333520940190857,6.234336315199013,2.98177145985872,1.9900783442076853,6.317072547496555,3.044803525770708,2.6172851623963527,7.407541175364911,0.5886503833745316,2.5358786964238775,3.4862030436632643,1.24552296677917,2.9555425181025843,4.270345179160503
2.523062172713794,3.5173383516790175,2.9432761788931305,4.07831097953581,3.960776731055756,3.3242681595165307,1.9873243591224854,4.421789035634555,3.653166864575414,2.539643717116673,4.998847088905014,4.196816421041292,1.9995728172511629,1.145062789030194,0.8323821000156928,2.8380553756820235,1.8480670549554419,2.61798438705493
4.125318966056008,3.2638698803026207,1.995441683937747,4.392852941589747,4.261007204145478,2.6262769701033735,3.6209841362732758,7.408997430436933,3.03701806474688,3.7927172972884513,7.963929631894971,3.0914204810056147,6.644750697471091,3.6590757806916177,6.85417759558746,7.061289359018664,4.068685970822443,7.541047509350696
2.6863304226716123,3.9220679516700634,5.364449603881372,2.6596602553320037,4.66746230279373,6.2759227017694545,2.643473948276312,5.349915301536828,3.863222886802108,2.9452659616501267,6.096760805788735,4.342190202298528,2.0935836121113445,5.06714832697752,2.3359912667301272,2.203108171348775,5.374903627203818,3.631282382377809
2.172386677324151,2.49713728010467,1.598559144710513,3.125988212236119,4.110391759543354,2.460321863876205,1.363587065633797,2.3506582562475673,1.308724333243388,2.2157294899341355,3.2852677616629813,1.9199995947084014,1.8245891241721552,14.357659913164431,2.641762773423353,2.292352021097592,15.293198347856286,2.6850920843579877
1.9414048459484095,5.556291685805796,2.20642655806826,2.188583363616295,5.9258746821263655,3.274859935510041,3.3724955117309396,3.7755216180001057,0.8942035457275731,3.5470131286673294,4.320225070065506,2.4099334394821494,2.7786870560142813,2.6198973902891804,5.00748216086691,3.494060627176043,2.952705965208647,5.2701363924519935
1.324480463175486,2.5110084105362125,1.6805589523686986,2.3917641446354394,3.004738695913368,2.204764496506263,2.6403303127969884,2.8197833252262225,2.0890534191807797,3.4130830936831424,3.325337810610873,2.803907900973091,5.118887200507515,5.952333386774358,6.166296172043378,5.975587124224085,6.081685547493421,6.77907691415078
1.668051194190952,2.5474946418050983,2.616612897070776,2.0455535285309208,2.5272298250119323,3.13840961799675,1.9425408511068447,3.105883291262457,1.6711265640092283,2.4933589381011054,3.1892380478726743,2.2335194191264756,2.5261734328656167,3.8376981186836296,5.640061985664209,2.9631864459324597,4.464263618583414,5.991209878096743
3.9993979114856404,2.2815363242330506,3.0739921354687887,4.829788988078401,2.823558838494601,4.884272455174412,3.0532022088493793,3.6113223505370224,2.7318934255757643,3.1374608683970537,4.51109019568838,3.689657692824343,5.755095034324886,3.12449246764838,2.332058448632422,6.132144763364188,3.1118545729334492,2.884448240735344
5.5002411294452696,1.5070336617923705,5.567753438379782,5.5175526835287325,2.245454556423746,5.622166533986954,2.5859572249032325,2.2653910935964197,4.461558869343395,2.473092543408671,2.3825406040605417,4.926236168142798,2.8149206064122443,2.3577296520562685,3.172010925709297,3.369783397540046,2.585537420589567,3.6390556831614713
7.600865151252367,3.857104776821339,1.8241611713283716,8.216770969924356,5.160803852312326,3.0628476986659137,10.190497719377122,1.7294715023701692,1.1357053924820035,12.495685027665454,2.302215174189067,2.1628336891724502,5.072419672905503,2.852222777990529,3.051218799929326,6.953853444302082,3.1285314109134466,3.0414801326217438
4.949864852702389,1.3913245851624214,3.3646976861786366,6.444171286717092,1.9335312498146064,3.466063454847289,4.88733891613156,2.11541847296969,3.4062208548348365,6.627152195070092,2.7349920339214866,3.599050378813102,4.1518825639292425,5.761300842597569,3.7517892122729766,5.514796890120207,6.921543486127517,4.235030081594659
3.1195758735066885,2.534763185239037,1.8638038888909265,3.67445117784279,3.447111809357284,2.0503941448484757,4.274705037210056,3.6040041492382824,4.360009604487409,4.390711898548895,4.286706218276392,4.579584967787556,2.6774552560041336,3.9902756600526756,2.500451353236029,3.5562720850597835,4.933188125912236,2.778982526563338
4.654089049420566,3.308804230534984,2.012977901348431,4.8073406238656435,3.4922881926984877,3.300850843965391,4.872481734245868,6.031031562561,1.9578203554806095,5.46033564807096,6.62204594466679,2.3838858268574636,2.619758141015951,8.681184410119139,2.0677603701535316,3.27529695014334,9.054875794396931,2.4282755517416215
3.5895047248315506,8.499433852476711,2.76168370094002,4.0511803198518255,9.199922211954412,3.62997195461568,4.650165359754451,15.243409001645,4.579129900279716,4.645985181670269,20.763044422480018,5.2878007200912265,3.148237671827152,0.9031324949545727,1.2418188193950117,3.770342916722923,1.0981940729805861,2.5716544770400827
4.2799004848107645,2.426725472025396,2.228163884704081,5.80811171322117,2.8572152319052964,3.154381015517977,4.0941233922044145,1.4227043863263642,3.5369321376118785,5.324877902828843,1.7136940566494612,3.5529697469086843,2.5069899598660936,2.297450990761209,3.2384284741720433,2.4187121976602968,3.0882744802403854,4.4105472101565715
4.573479769647369,2.5516572007007414,1.9452164595256927,5.261038112026498,2.750858029509635,2.840793292973869,2.953431193604632,2.687648976405875,3.488284105018412,3.5231293171048614,2.898504315110427,3.790909913258841,7.269832641545578,8.594534215600527,3.072663287187234,7.45143687605949,8.990723004301186,3.0971146899710393
6.274563194782718,3.9562258069199565,1.5158964113637972,6.325831801433633,4.796925575274215,2.1333248488087713,4.28300098435852,2.450192239069063,2.528814446800527,4.8125416469572375,2.9869344893788488,2.9256989780599367,2.956319643651512,3.9190657023334023,4.10953600440192,3.2130367883088167,4.741142590386842,4.300308801548655
2.7216198365090136,2.9480096630320056,3.4892106704312185,4.573897870616806,2.9721566520450136,4.152704276668515,1.5727804438823672,1.7273103899616529,1.9852516854648052,1.861953299185732,1.8421913745220937,2.6829122657115927,2.7370155267337553,3.9584304632411262,1.2493327764759141,3.160163750090706,4.860010340697866,3.3953213706845173
23.661414473248453,2.2140685153331803,2.359171897182531,30.19635054835375,3.070178419751457,3.0960143673381353,6.929575038767853,2.5601174411997074,5.0571483431639095,8.403730840522737,3.5049346884222365,6.249164600578449,7.12889842345129,4.128729439053565,3.9143253978628563,7.389036337737824,4.073767231318376,5.042137847878458
3.2699615468014613,4.340829622023048,1.9056625436920145,4.217071485293365,4.9321148461400846,2.6177858771340077,2.1120104243654225,4.001038265704696,2.096191643567896,3.1396916965419983,4.493667784583122,3.423630614816512,5.789973853790483,6.421466165950212,2.1766712233347834,5.822405282873874,8.135664715429344,2.7853338656726128
3.1908694752892446,1.303443112928856,3.078067606430449,3.7541919510263413,1.7794081822347452,4.185275926199662,4.984065544424715,3.030167757230131,5.296503935250503,4.893378811846123,3.7581228707631436,5.52711929543139,7.530969693439313,3.689293418118037,2.0797596145410555,9.09092149444049,4.644679714547602,3.5299716086308375
3.0085780633597485,3.2468606871848134,2.481332563785423,3.037363024907622,3.4863448177840057,3.007352491784005,6.173803028642505,2.5781367188325057,1.9394661391576729,6.148315011260489,2.6178871949550664,2.443091960727006,2.9147943526477462,8.079370912007008,2.370016306704078,3.027153328199286,8.33026643106885,3.6394956926462245
5.10331177875845,2.7820800527311103,2.0034750516248585,6.354209058285793,4.46864743797714,2.973543956159803,5.794801013814647,1.637842842924028,3.27128218078738,6.1608224130854765,2.662594484112543,4.084308555157752,3.542368912768019,3.7273505900430126,1.92869528226491,4.251898554046494,4.312717491007057,2.7540295905219314
6.454880456533231,1.0293167595529238,1.5377938381736085,8.007036280069062,1.404541230435486,1.8994360159476256,4.769903228308834,2.642795096334756,2.2985140040208525,5.97823856462317,3.537458167468487,3.0262241808985024,5.368259962483499,1.0560199495963762,2.381046376969969,5.550634393266322,1.5210298021600714,2.735617422187356
4.131085761911282,4.301819393022497,2.3349992854849355,4.427129924550479,4.897231187810187,2.6872364505936175,4.758248892970415,3.864635117090732,5.273750980219018,5.095000668405079,5.057153658820252,6.04755365783041,2.9661336040399133,4.352270122037888,5.328451354443815,3.0334008038410962,4.962912663660497,5.988205258976366
5.885564894130882,5.80882089079136,6.497583329767009,6.871221603858602,6.0609173207222655,6.674401829744318,4.494758634149953,5.424177242413574,5.061928411136583,5.990145443848175,5.796117242970386,5.082307259852032,0.4759325327000079,2.1393658450992525,5.739235565949852,0.9305952984560181,3.204319675530695,6.797699870123203
3.3289101926927107,6.215501419722517,0.8974991401806296,3.5853183623743208,7.753991792895391,2.968987999614218,2.496191641614858,4.8117799077539996,1.061992564308438,2.7266104021716218,5.564423804393548,1.8634263810587597,2.2330554329168875,3.440370592482936,3.9517411640712026,2.7002950483696764,3.9235800527783735,3.919300416277801
1.7530174955886668,6.283764834704471,4.627803102771391,2.2374117770192887,6.766674143592725,5.059167945488848,1.9951310931343575,5.788842515479563,2.8824940651224216,2.0473983880611066,6.36616390636615,3.5185429863668505,2.8321252183066354,2.898245500054279,9.410401325369943,3.2106636799985098,4.315580363665778,10.108795780538566
7.857279256595755,1.443736829182937,2.146603731321883,8.718997594542683,1.9747049262391423,2.5150198780278137,4.587166163921447,2.6089154792936453,7.01602114864869,5.49533219985659,2.9295088242154934,7.8779828275520565,7.406975366583364,10.65075104667948,2.0464475529613186,7.824237559866437,10.987634202401027,2.6087862624780724
2.3973085694848044,2.6495204562821555,3.0068907689083564,3.186064163111774,3.009285411790212,3.8621675844570387,3.9765657332571194,3.552536475717079,3.6950386116046268,4.4422703589507,4.303806549410351,4.139201132111247,3.9144110275663375,2.0062787685734116,1.9055139999168074,4.205121851905451,2.76418186003242,2.278242675924971
2.3794436355972493,2.8457533529917294,4.486338640301714,3.3649973597724467,2.8625997442379316,5.502034050195615,1.9498990946839045,3.4165617802984403,4.73726505348281,2.916657834071749,3.7047395848927107,5.59736486036677,4.362770977025752,2.7604128210895196,3.4353866696535422,5.705069948708148,3.5215717227173484,3.555458273560508
3.072680385197904,5.626872465247061,0.6948498318012822,3.050602701292567,6.39769774126629,1.2671887573938225,3.5699189799219018,8.09205790252452,1.6974239126821735,3.5520818792237745,9.126941537237146,2.1968312049269905,2.2682457578221538,3.020981971234091,9.446428438455717,3.2227807179763097,3.7577949372442934,9.846685203497817
9.29333246591425,4.632961299558392,4.0318311354132,10.371144723591154,5.098129928321023,4.046863849903878,5.710961087616371,3.7028412631859178,3.503646290326544,5.952231390341121,3.7011171643995633,3.6603296899193403,1.9920280822954974,2.956067273184198,1.8991950078824102,2.1648558931109467,3.1888258339826567,2.360220813676146
5.493398712222974,1.8006793943666033,3.0858763385207144,5.691878174719613,2.4447098108406293,3.036021375322363,4.619424162996087,2.3516952041809738,2.83057991499988,5.153208262369289,2.703331305918415,2.938761101820203,5.8787258257689805,1.9452746504878355,1.6530793628221887,6.347235036436885,2.1391526526499125,2.4286857093838305
2.156765450355081,2.166136839363504,10.31396254284311,2.6417061978800596,2.806744369757623,11.61760829403876,4.248777444599594,2.7604978709855805,10.060673824450916,4.701645060939289,3.404365420275628,10.800575065463786,2.8501074980135077,3.4259800652180843,2.9278660891665345,3.238950631907923,3.5851738217028357,3.352772795401494
3.9799388281901384,2.9981380827249198,2.6353510760194707,4.608659262275543,2.968464164956412,3.6036834883448554,2.0463381596798396,4.699798472767391,1.3560248598531162,2.823074834553529,4.897622818701217,1.8384078776120865,9.651691659950135,1.4542575348252431,1.7976787213785566,10.100083094476929,1.876687169683174,2.0332106783450032
1.455828254092627,4.7522389332812445,3.2152480552516467,2.3669953593907773,5.964428184361293,3.5938511581174546,1.7815910486283433,3.629970263332542,1.59225363429542,2.6092304421085184,5.104496782123336,2.031496805627727,3.188938463184603,2.476959764293803,2.008173049390089,3.890042339214758,3.212036010045215,2.687852641701654
4.6735522387602595,7.1212603629512765,4.028906573407525,4.890807976244798,8.130800472251016,4.791966940120948,5.115715355385933,4.020670132371567,3.909687836551995,5.299763876167529,4.4531878911299865,5.429940243364168,3.0531924560526886,6.491985100803879,2.5099584070657417,3.487014975642345,8.182366479977109,2.924073844452256
4.0188584261908105,4.304566085365534,0.9720993891692237,4.308406307292246,4.36325944482107,2.1572020125800604,2.532129151325228,3.2726165869449293,1.5592071388091304,3.4822569565724866,3.907214368610382,1.6318896504834821,2.442633953352953,3.855481044085813,1.9753298741045269,3.82415542879936,4.377759141927633,2.8428088114267402
5.79974763421871,3.9601507897677863,1.62240005626002,6.020256874968255,3.9517455514289046,2.578548962506541,4.881145657560987,3.8349659031539085,1.271962089703679,5.035267241029131,4.222718475424041,1.593368912597807,2.517331135218818,3.9361095227905833,3.701950557897025,3.0282494488057887,4.218394055157708,3.745799878653523
3.299192092805963,4.4151094836704905,2.367571307319342,3.5957920860982524,5.417601587354237,3.0052921012287883,2.370058085038989,2.931218710519756,3.055362901011569,2.496664092848217,3.5036463187308304,3.3635768155554384,2.2858406248306404,2.962313414611465,5.310508486563367,3.8894781233656635,2.8728098674992517,5.442555042107791
3.0217377823677665,3.454660955545535,7.042124161160079,3.669556602902202,3.5853159099150975,7.164442497561817,2.8269675437627018,3.3192864832640963,6.476089920909165,3.690625449057398,3.481721871719489,7.601687143552169,4.552641339084201,1.6445950504227196,5.686608185868164,4.927344727216624,2.0324529503456863,5.749204034741081
1.3757499672199403,3.3651506508263527,3.4377521176912493,3.2614453422495906,3.536585772132279,3.872938496328859,2.614116949892553,2.694865256193307,2.7921441175099786,3.6521429468315656,2.774348167373921,3.044457535861415,5.458427470295256,2.0403455298588633,3.718671911238824,5.6245292976593735,3.043923244302145,4.02207387091365
2.2853637225100383,5.204697968715785,3.0248131814320103,3.71345820816484,5.4473147686427685,3.9377386186762946,2.814397984300903,4.633123680936647,3.112468340946331,3.232061996126576,4.656816363663982,3.6141311084788166,1.7712555887288493,5.017111963925031,0.7654404795696003,2.974391707994738,5.553602013359365,1.9722063148098048
3.9175693881534053,1.0899124234600408,1.6828938273009324,3.890363485589635,1.6347640273302617,2.635979554015966,3.6573879297380336,1.9128068948988777,7.578924321638194,4.187752517694083,2.357916784649111,7.83858018310317,2.9644222551262693,5.353331595902015,3.334315429647598,3.407600319516064,6.168283045065074,3.722778636974525
5.603538870821554,0.6378810594198258,2.4973185597640044,6.045298388828287,1.06058582095282,3.224076883298593,4.613207995202594,2.6276841336991184,6.453371869750079,4.6799877353942065,3.1626966485252686,6.9076084873268595,4.078222660085264,2.5035068849906743,1.308192516284344,4.4120740806843175,3.0617025070654025,1.8071354658717593
2.731352157439961,1.9089620290348572,2.564969533075213,3.0799479439120447,3.0197229798464433,3.2841894162980663,4.046589363595787,4.714209595251923,4.411392590940204,5.007425610763261,5.101335083878968,4.412734999813659,5.163385213184331,1.8518136141638422,3.312549344562208,5.717594873064502,2.727525275217988,3.6991415908476886
5.435716194252933,2.887011342536362,1.935548372898557,6.4146318082874885,2.936073073759765,2.6946794508479175,6.386196533739225,2.248715158121829,4.228465995922904,6.978231698677357,2.6550438090507464,5.069468285842081,3.3942530242655256,2.360950721901807,2.5728534444524094,4.067765612657783,2.930796190201082,3.057877113799195
3.218087468072861,4.468567310768702,2.0051124760173877,3.691236212568637,4.601670883196885,2.6432529710833212,6.958748428985319,4.143443100150687,2.3450132859222084,7.222608855348073,4.9924787535970925,3.1555580995461914,2.0958373593859743,2.194256063921582,1.9554970819703643,2.3781443231970094,2.819668527138032,2.2836851239210847
3.0854183703415856,4.089744693195398,4.686557591433078,3.396719935575185,4.228797695434706,6.288706931603557,2.465522080705495,2.2594920808197005,1.899588185647942,2.6612388243300513,2.435651381463668,3.228582125508391,2.6210383703236255,16.266236835987364,1.355678147234755,2.706915229320267,18.536565140542386,2.1166521391961304
2.9983138614327545,2.9080840013865554,5.802282308764888,3.5971912498358836,3.308292661195762,5.815945759047529,3.2434176850559533,2.621274415369594,7.6557733176263465,3.7072843621776386,3.829332196168316,7.806846436101912,3.1998261527899725,2.676999175892477,1.6261614256369759,3.9648525618923904,3.398053516630603,2.6161530283417163
2.2995364978265864,4.60156939182363,1.8221278250849204,3.2290098578092046,5.461493031276708,2.221098878542527,3.3561665005003087,7.647538391757137,3.3910782539391686,4.6262653846395505,9.091381626017977,3.7198112589126597,1.469677327444922,2.838083310130144,2.640873044430586,1.936742905137704,4.531307768351631,2.8858721173221453
3.3456647756441678,2.7921307896906287,2.296076548147055,4.839657477335154,3.027039676651451,2.3816233445420045,1.7702609551235944,3.008181705654272,2.1758311991838752,2.8808938557212445,3.3549407264881483,2.6722843643812597,3.8991888652786857,3.382223897235925,3.2093795027334617,4.249746512264455,4.440032314688701,3.5901156902277616
1.9635176826265133,3.2657356386732763,5.644649996162197,2.3086951950697205,4.6159616672598505,5.812605603553575,2.160063216066634,2.5925040614492563,9.840195894462992,2.9500599348047003,3.107357206094339,11.51374263736189,4.06810294698926,2.1315276640365575,6.077840893970825,4.539964134857583,2.2602345436816016,6.377696515164162
2.4205485272079152,2.7540212664773334,10.354735673191628,2.512214648726928,3.1594429313669945,10.79942765125751,1.8120509344193065,3.9156374575153996,4.923871342639746,1.8096354107609884,4.930293333586454,5.619391871699074,3.719182327973685,4.058313662914748,3.9606214936819653,4.759996773228319,4.815215720055026,4.519028410197849
5.833165306555817,3.021709395999865,1.8748061449116509,6.059677360383683,3.1709465572339037,2.1905506770882934,4.591782815332855,3.369186490470648,3.275325052888597,5.2709042576330996,4.093548774229119,3.6143129373916127,3.5141579350932326,6.342799905714577,3.843444105281132,4.114632073368337,6.426735407639709,3.744871756456315
1.4971455172644064,2.9865181487809727,2.8123450537247536,1.9250404889125774,3.5344126685437325,3.1833436107846094,2.515968847250632,4.058510475474117,4.713263227629319,2.81701399578135,4.176884435641912,5.138453857023546,1.3419654165027888,2.9660144462724083,2.0395786826900073,2.1136026644125336,3.7568645190788734,3.0823190972604073
4.589143062904626,2.683974770296591,1.5193304783484536,4.781556022765421,2.723191369118872,2.302766308132906,4.080869811943987,1.885917795245512,1.3739546207783717,4.936748796899375,2.035842348896589,1.5480456431516696,3.301432262586615,3.0843653327255045,3.21547947987033,4.252760098321186,3.841210489143715,3.7291881466851113
1.2911836914917572,2.530354003665833,1.3993653048708725,2.3058887607733967,2.8528686395672884,2.312279481853734,1.1763564838402196,2.6857471991201582,3.5859205561616414,1.6059880526880184,3.201101305672583,5.496544549669719,1.6498177320038445,3.393506544084833,2.3609091122418553,1.8781002781354532,4.217225310712367,3.477512945446372
4.981157403509788,5.080592720142797,2.312888738477984,6.934914536053125,5.157975875065109,2.5399322156154467,4.733179530490817,3.067540929388899,3.861130072003402,5.421136847890885,4.368437110870331,4.263677213561755,1.628163854603471,2.6818491778148337,0.9984617743262981,2.1377392809236637,2.943960684271184,2.082116353536045
3.8023834277729374,1.5624001956800353,1.5932407868333174,4.179297545423005,2.153340849656295,2.2582062635949622,2.652465682031403,2.5554383059995045,1.271784857706362,3.2528784121448644,2.7288839503134423,2.145146132934909,1.8493443815197868,2.3842574469380895,5.453547466082378,2.382740402253633,2.7397472848112936,5.598447392699657
1.6330954006480876,1.7721486556751924,3.9316292154549606,2.0477895874012586,2.2302243565722977,4.227581983228501,2.6592490457474747,4.03489349192975,2.711402937184473,3.261599634169367,4.2437516465252,3.306508927748605,5.54235784290435,1.985052376831627,3.2125563977962206,5.956688709759339,2.3347426472382278,3.6585637220594283
1.5187924254225744,3.3231627350979225,3.5921391745457267,2.0724233807388233,3.658070350481551,4.5525569501091825,2.8036149825619257,3.5941964707712333,11.865394756975311,3.2675904701936016,3.6845657354487886,12.135533394170071,5.331776792647701,5.092147174576888,1.9462045538831056,5.506844594363659,6.790474999077362,2.5419873199399907
6.793612162271477,3.885026050960824,5.589773510790768,7.169148102717829,4.2343512783840875,5.9492289207991185,11.155653490866586,4.355220919109855,1.9141948825942732,11.675416259134835,4.341307193659025,2.591239582285115,2.6436617433858514,4.0716626898857164,1.7744351970463736,4.137781744247144,5.213991515056317,2.415288645705637
1.5293992898622546,3.403876518426282,1.3630249366409544,1.7199465231954536,3.624855277263398,2.115391394482436,1.276002446743057,3.200147471670093,1.1427206223372255,1.7158604244982174,3.577816478861707,1.3281230617358672,2.688924300920742,3.9657102343200257,3.776936779813257,3.119292222309794,4.013046210286329,4.615397751221638
4.440130744806954,3.2194108869839253,5.660069903956776,4.828173352860187,3.7730771367110343,5.766942344725615,3.4382918900205897,4.915258709405575,4.116651576216779,3.741276250679903,6.252258870647202,4.170895262259184,4.441531123669797,4.711615242881155,9.173158095411054,4.6233036170326285,6.3720813968405,11.6266892071333
2.9849609924362475,3.527718533823853,1.8911500205468563,4.1853226963669785,4.27765504664434,2.3686953941006705,2.9637286063609807,2.8085646615212903,1.7019536777881363,3.7389496287189794,3.533592883640184,2.2216909635170836,1.682291093059972,2.3004944739700792,4.790279864481571,2.495933155072002,2.8028281014663654,4.761290057126623
3.29733800906421,2.08862242148002,1.884668815626473,3.7342223386019113,2.3436399425817047,2.5195136263329454,4.822309934310028,3.7794841796464826,3.294511627709222,5.619388112734082,4.414949901087157,3.682007711277501,4.7750894889805116,4.215954682023888,3.107200104552364,5.3225032746053715,4.515101865765819,3.1424181968006364
5.128103136950725,2.8802534256756487,2.176916145725702,5.613791712063511,3.361920479778784,2.470672105941884,5.286593364686355,2.469326524608977,2.754331961186242,6.082567791466423,3.5964301881515492,3.4116391706084626,2.9312584502921553,2.3124286450580516,0.6824963824581983,3.387566898640497,2.694638030974602,1.7916187072124026
3.5155572988867103,1.7920789125556702,1.9600905082604883,4.232612873971239,2.4850512131662543,2.563168775893865,3.5632785439658403,1.4542419255810513,1.4589726720417378,4.2592142776125685,1.8906027102124492,2.5687500660818254,2.5903831942578672,2.8190447017807236,10.736907238049666,2.622245246004334,3.530918074583985,11.211690925633581
3.638452578836021,1.6238884302242407,2.350845336164831,3.920234991691696,2.189864079078056,3.1177898266698505,2.58460268377952,2.576528432437907,1.792411819100856,2.852022413667271,2.792802797323507,2.3073695881123766,4.167852012161791,3.8297872418951635,2.1356168599384224,4.546128286555247,5.205840815223665,3.132764585656066
2.7226097115765113,3.1646367358354546,1.6936538372564527,3.142630547397355,3.0983723341397593,2.3700308257965363,1.759022341118802,6.345785527293452,6.232901929166468,2.2151761452424785,6.487733775089417,6.878688847820984,4.513881837163225,0.5216365244345849,3.5653616417113927,5.061436108378412,1.245108769781201,3.730449424564502
2.195160838386452,3.679454167673625,4.143969319540311,2.4745140123990184,3.8028788915491387,4.30916615185863,2.228192675952344,4.0769811833554845,2.1718766877867433,2.7980685001015275,4.276189481495402,2.640084068454627,1.7575035492777804,2.1692817292866313,11.126847571622479,2.481399681363,3.098422606687675,11.48291730288466
5.325329752991391,3.1884886387775513,4.236860274942068,5.451185637268312,3.4918787805218527,4.849750700277634,3.4784426534761983,4.9815470675367255,6.911214483519389,3.7919455816218215,4.9980768527746156,7.428937778573251,2.85960393323805,7.986658203653262,4.146393216153395,3.9538874939842255,8.40896395429155,4.458427182439069
5.985903920316219,1.4994328530943322,1.4896256386486306,6.289680482647762,1.8830563015534325,2.5316342307152415,4.6325838129405605,2.938512800386563,3.3902604848861104,6.046925956649333,2.8965578827425476,4.456273495032277,3.115267974529327,5.436346450645894,4.666702308477437,3.9889721678157253,8.473787725800355,6.044396846560308
1.601168096339404,2.869399989652185,3.8904915556036452,2.3385390884845276,2.951858873096516,3.9073023336738473,2.3263616338335114,3.2415560436412907,7.049863997743586,2.234146403374501,3.6145371879263553,7.825028645620599,2.3915667409538535,4.8430340534383785,5.305908670811143,3.1542740651314602,4.853854789837863,5.382927231947459
2.038344399844307,0.7895323899485512,1.6681257290217797,2.405245076750483,1.6914329396382817,2.518493056896044,2.629698904834632,1.8586695280074554,2.0408007641853714,3.028894003996163,2.2690389287828596,2.2695063257676735,3.0129186483451575,4.104120051523063,2.239180513604092,3.998195860629109,5.3429909836871445,3.313771734475781
4.8987184144268525,2.3527081433723547,4.546310370528801,5.624726063321321,2.6687853472494756,4.519788559130142,12.346316091500361,3.0491100356056657,2.26221261178467,13.574836484217164,3.6046901903817345,2.9498342784304694,2.2976042780532895,2.093201341766795,1.822793895145141,2.6100090895432255,2.2144548481232316,2.251410227474391
2.9062625695845137,3.291389004194771,8.710689441757161,3.25501708735575,3.721037046344459,9.200613341577052,2.6997315433986255,2.225550747687333,4.870678254071206,3.3371431524631023,3.5549249021305775,6.398707500724517,8.05291655717682,1.7102544820075645,3.628587753234409,8.97975499155616,2.1971319409306367,3.87922750317903
0.9418281558355357,6.785484659586571,1.3634492706270231,1.5093858045305941,8.226471671133975,2.170765572491671,3.057708655314277,6.605001810087191,1.4864963032799887,3.885897909813615,6.81821251022363,2.090746004828521,7.580482529881761,1.4591593568254535,4.9817749867250845,7.654818946656369,2.0380733453512345,5.789704595884958
2.3991147159834685,3.393966543606666,2.5029964614116147,2.695305482336546,4.811570552643228,3.0822756691828457,3.20777024903077,1.8850402223862408,6.7820551129123015,3.9962328489622276,2.405071001049483,7.123589132080314,2.6777382390596047,5.306187267859265,4.672534668540253,2.9173249081959542,5.198142734819913,4.791664622937699
2.617377777266065,1.845926193381607,1.1762427550392287,2.9060613759179743,2.1801162825163196,1.4032897630978038,2.5534121735071604,2.022288807168434,2.9419382836300816,2.8963609365603094,2.546862885964162,3.3951697796001863,2.766482973672382,3.5014957941350575,2.7262722096000127,2.8949074617863206,4.292813076214299,3.342438740173187
5.778026089891942,2.2196083986087305,1.570749570020581,6.513806329445356,3.309980609247531,2.525639945451863,6.277208174152625,2.542544679202625,4.498993798706455,7.385715675529897,4.080109908709228,5.169431435882558,3.534003356441395,2.1731678857875765,1.6732632309937534,4.093784647877933,2.6976852373512026,2.3814369168572824
4.283649653865973,2.24857319812644,5.491759489028747,4.863339392916765,2.781641944652693,5.565664764326487,10.3530519201762,4.612307535190199,6.737319249842693,12.216901904644056,4.729269143960176,6.803659465505887,3.181775380070419,5.456522693550846,13.5774056380684,3.369819892582695,5.727105697330966,14.735625541831993
1.1390708954266733,4.402881477098357,1.6769757565422856,1.8884869800783268,4.435823337462799,2.7568214039040124,1.8927607244320526,5.934158285825304,2.4376629456359313,2.721470597409253,5.937403802722033,3.219165269655682,10.165722245582586,6.464834522745074,17.463949087892672,10.613569010995823,7.541786623824568,18.443069777084375
1.6407173575467042,1.5778753284456155,5.311780628707968,2.5253672620753607,1.7211074716237145,5.657937131428922,1.4205126460482516,2.082814956017553,2.9910307299155385,2.596227585262883,2.9868887588029795,3.2365898271951505,3.2183562958011036,4.482143225672677,3.510075886726678,3.6450694607966745,5.524336942561231,4.030714179631766
2.411766109417077,2.3353689803086244,2.5490958329248627,2.689292580061417,3.6996551399124673,2.5064006872696503,5.59157059337803,3.6229986568683707,4.004237876846606,5.963255906087134,4.770868845000185,5.065005814322278,2.601218958655667,1.7691942775080574,1.7108862199967476,3.1754189280732765,2.135727008518211,2.4523129427565094
4.6355760752152735,3.6147571180089626,1.6354748762848266,5.180272471435795,3.838440272537726,2.6994009329169066,5.3594203968787655,2.626675882433142,3.149792474546489,5.641874906132953,2.8206215635574767,3.1732432099471253,3.064749063097351,2.6630133427419196,7.34573737157368,3.2551157404124083,3.3167937895314337,8.361264729921261
2.0277335897311475,2.351123421323018,1.6439526914274274,2.5518776636847336,2.9923323550170453,2.5788009682878217,3.6851615391494703,2.9332158281370813,3.4365664335664983,4.221568607654137,3.151163365516432,3.631440336371446,4.955377118388285,5.6530968302228235,1.940268382800018,5.496190199990705,5.7311654295606855,2.687109916203101
2.6652454954033087,4.0453111825078185,0.865740452968389,3.6167532546679193,5.2146949168015135,1.5926791742902304,2.493114730474539,2.484562034333524,1.2556250913652338,3.4423816535139866,3.689627251023818,1.588309391602542,1.1970147854627318,5.060919481056175,1.2425279227237225,1.863210660921003,5.853650472595377,1.724923812593478
2.8065487424752416,1.7392995921358492,1.881102472231042,3.2303305634170414,2.0590071265895515,2.2284946472439713,3.4928649521342994,2.062981523996607,2.1934805520524048,3.819092839658782,2.7734684012567743,2.5317990813039883,3.3444452096657526,3.7446643366185968,4.049809639489477,3.7019177960542735,5.609642993116652,4.659910494444353
4.995222996005486,1.3908567115341388,3.323911045216782,5.076999795440958,1.9916960487080129,3.3980485822753854,8.567791941737518,1.3651100594390457,4.49481184173294,10.026723780309291,2.1181325086971907,4.9531954505005045,2.8824625993344126,2.1569537220503787,6.312807387889528,3.318036698019114,2.55866295862989,6.570261185601708
1.770757849644675,5.003248931655201,3.2789467829862806,2.352401858701786,6.110913194160943,4.006703023992334,2.9042053696264585,5.537001106104228,3.443651930706532,3.817552964661049,5.803578793506243,4.0185539319531856,3.4984647659102035,3.884390822934874,4.242797892358273,4.222798899365784,3.959407968511586,4.287753346856902
3.7747710072751963,4.526643082856327,4.1471878517457625,4.108717155957343,5.280505951615529,4.594806367189974,3.0291453090678164,2.614377454841935,5.573482081580169,3.458764554813645,3.0002210824848525,5.884136436796908,2.3002810897500137,6.997320968367289,0.8386362412342627,2.6741805862171044,7.260341119734709,1.6607991168781042
1.979728211981162,2.088884014782613,3.1663131380779848,2.6947962899398257,2.9163454197557117,3.7362345097023653,2.311822607488203,2.6069987845355342,2.580052591834923,2.6508370881102588,3.503104707509575,2.816086135579393,3.6288884549084908,1.2502876473106004,4.893002150241552,4.084646200949632,1.7978466217863043,6.583366946833963
2.7199071538628985,1.1925269165981074,1.8734129623369566,3.0576115045608776,2.156933385617843,3.1511722962853046,2.6236506544839977,0.9014859126217837,3.049736220469573,4.340183994236449,1.675217566731626,4.524525546884437,3.0352711787720374,4.100826409877883,3.467973331522931,3.6994983545800806,5.188982768284104,4.294488428316656
3.039739261163619,2.443365373441666,1.0424132593255573,4.562279065309296,3.1975678974060378,2.013600465976332,3.813565225639854,4.069959155663092,1.3306762661218403,3.878423309860473,4.465097605777803,1.7422310628256863,1.884847309711798,2.775502133993529,1.9828501420255695,2.344362457255761,3.5071124768757254,3.965055049200346
2.5987739030196457,1.9295386183269265,1.1029056238950834,3.1709567586205587,2.6921870409689683,1.7156734471118797,2.387065447706937,2.293312024405863,1.9974563220725583,3.1608865050291155,2.4826500669208307,2.0668520298770514,3.519063326883833,0.6387120644186134,10.101972632714865,3.712168928215314,1.4038414170791211,10.321801258806206
1.7797627782676815,1.378760539627291,2.0067169254263506,2.067588664474678,1.7112217240388639,2.3489043922377006,3.755093500436456,2.5125615302015487,3.39034980233652,3.766322583502222,3.4250221863341546,3.856432693500706,4.663135827340816,2.2252131046220693,4.649074481866497,4.751840676262697,3.1380067752913114,5.093207099090443
6.835134387426941,3.176299533501348,2.5585073656210264,6.915069914102081,3.584434228023278,3.1306241604361444,5.753390179691977,2.706586248991255,1.177712339003461,5.7362445912939855,2.9548855860603664,2.226733755239131,1.3164338733264245,1.9962891957287534,2.76424224241643,1.8474022611221455,2.3411895965819873,2.9178713952876474
3.92335149501083,2.1117126215786257,1.7081948364292623,4.205371697638307,2.79103139815671,2.609162870534782,1.9234768143368608,2.8128477623329484,1.540523565054937,2.2769271800073145,3.622815395625811,2.34878241206251,0.8680969967354721,3.042182850873146,1.7331839879114206,1.4531613328452977,3.674509219104344,2.6585520107049176
1.387835737064376,3.7691429791275306,5.625613540192912,2.6412308151422716,3.9241573201973448,7.0924963411157345,1.2685656447705091,4.631933901654993,2.9314848830900577,1.8716885724187438,5.012467928155721,3.322612514227542,2.1248451007003,4.623226348378571,3.2008809502560944,2.2022496668363423,6.266951179011743,3.156857761088542
2.5493187550407024,1.320747588283853,2.199851510531049,2.7867385371098856,1.9263444821266933,3.1781549691724393,2.427783865097731,2.775691180865638,3.610418789576328,2.4516104087712542,3.4893344468340906,4.545542891353274,7.482175595100376,4.56595018318927,1.851305122431308,7.516951208920652,5.589064591649729,2.3473804047744804
3.7198407992017377,1.880178728092502,6.03574974040377,3.7541804721097614,2.0402435839831417,6.47703975179728,7.320231575452441,4.233308717867481,5.875986665946598,7.903283922902973,4.290467499995437,6.416098467939747,4.329279156398505,13.688576805823597,0.9908304893859347,4.802327556522076,14.25015713244585,1.4697345832461004
5.557169276275125,3.2385392383437663,2.584427403876394,5.847983242546416,3.9448420717805526,4.040253745732376,3.9925062806920937,4.637977779457655,2.2159099788104326,4.443281920154946,5.573728729428609,3.096147478414232,3.3369151879345798,1.744479451447486,5.6702624485149915,3.965249306754894,2.4963808581930738,5.7531418872653335
2.572638967046357,2.6116171425084,0.307423057039463,4.421614045231729,3.4366191650636564,2.455911958688332,1.6839991214666878,2.0104354476166293,1.8740755226895556,2.284303883238885,2.690166891010435,2.2995284866429677,2.9982539835692754,5.671533976952693,4.038166084438882,3.3225397352688173,8.126814728340495,4.094709651219404
2.5861699310102875,3.936587695658817,1.3851876125948337,3.2180825771229884,4.272502516496244,2.2840964502170586,1.8966148845259778,4.013978483290679,2.689711881272891,2.1961882971727307,4.875517764877614,3.969245501400854,1.9789389578900292,4.271147229122094,5.677903094414544,3.284564528700328,5.239892026838842,5.741180580612162
4.317367701314377,0.6327317775956794,2.5030090811148042,4.452267258047908,1.220974060521143,3.071404833853851,4.417965496372768,1.584990041326747,5.273754885032011,5.024165711969387,1.7666452482290964,6.416567912919609,6.179597300496229,1.7894511314216726,2.872399135785768,6.559019494547174,1.8682286018724699,3.856626590492518
3.890970340249891,2.660917654463828,4.364362971958986,4.158769447869778,3.4199084315795125,4.814325046016128,4.74044790158816,3.505087183569961,4.446003697858034,5.424159982285672,3.7340981378965896,4.775937674171829,4.133184470220504,4.999212138097856,1.4695065990187206,4.2759632585755405,6.277139026434372,2.042944258374646
3.2816475892411363,1.5519157866200437,1.1602922684696444,3.6221357712434177,1.8742855650898242,1.790363753403158,5.482921510612588,3.4331570808251195,2.6382092266584514,5.809446270796786,4.025074833481836,3.155978747532527,1.6484863781291867,5.439601261484994,3.412100809888151,1.96007433997004,5.65982496445472,4.43073008210652
4.119886590500211,3.0325920192648157,2.0275913601853226,4.1190403055967195,3.481190721379258,2.08075369263877,2.2104082110572376,2.97912878270345,2.0021120413114932,2.035798859501303,3.4813567857159278,2.0405943477946202,2.923639660972876,3.464057717772853,5.41498274921523,3.6664704136871253,3.4554612786983694,5.4724285059370406
2.6555080217093434,2.8631928984516755,3.4219263597098823,2.665714536764174,3.7772291040459196,4.765963521404123,4.13525266753499,1.7469774286056508,2.7960143698657576,4.917784631715764,2.3868270076807385,3.8995596788023055,3.921572748402421,5.091738325482243,5.969169358566693,4.872595625777945,5.5545361317655475,6.337377118250912
4.633682223692965,4.427373785302987,0.8715106733306713,5.456500671546277,5.877070387152163,1.6146343183494543,3.0419342135853635,3.8009961634291,1.4080937979693864,3.713800047057387,4.683467888823345,1.766692407427218,2.3116079065466355,1.3668704563016012,1.444059606682015,3.0421651115182478,2.5195073114420503,2.6292849550345325
3.303081053340864,3.598890441955102,4.807510740403287,4.019170015426235,3.9544956920657555,5.612217979454543,2.678003005505782,1.927382871619185,3.5076409579882792,3.05000144582623,2.1872099041661013,4.902068797673894,4.285380916079176,1.9456546954743272,9.456803033457742,4.400783141798424,2.9885801315096794,10.79310742190228
4.658801178709256,0.6800972788579736,1.4257386479975795,4.6853993902865865,1.2011529850913196,2.7508391504855165,3.642175970043826,1.9875217888996342,2.4216148650495746,3.5911702383089383,2.332907001162961,4.100345453443332,2.288597376751203,3.3646126593746994,4.172230402739699,2.8994462025141425,3.314573563315159,4.153272029784577
2.4766792908240984,1.810710537407801,1.8004612234735453,3.0017164270439247,1.8857812873604098,2.1811107435255512,1.6496456580878467,3.3175690291094906,4.3550489731521145,1.848250010903974,3.4676437466314978,4.763680182129189,0.9793312474139817,1.7369050477763193,9.312582591743949,2.149554792278494,2.622629179049495,10.397030351258818
3.386930828213314,2.3592268060943593,4.12037139698357,3.326233385217988,2.6880176665918385,4.972365673241938,5.19382802473998,2.6629271566970605,1.9743867426145478,6.41109897704941,2.568229391042784,2.6843351778136895,2.967304238737547,2.13332369596992,5.045444151203128,3.4281661085137975,2.8290283737038244,5.113550069801901
3.3100580418366534,2.8138516627760826,5.767053146701507,4.183340740609702,3.6282818356809736,5.700205715928619,3.988678419410025,1.774080108016408,5.64304441919463,5.312249798506251,2.3416604999414936,6.120686216984086,3.0674358194351954,4.738583033842559,1.9793463608287944,3.8963745736859905,5.146879101844447,2.520586722094403
3.426066344700698,3.230602273464611,2.0200849497001228,3.3343674458303356,3.4142225146539924,2.6398235226056848,7.822399454054596,2.186510504484958,1.5473823795091777,10.102053326386647,2.6378626616473224,2.663125233943948,2.3664225278337643,1.5797247193862762,6.457469615153888,2.914884202926341,2.5110538131721842,6.781200372441043
2.8001144374956084,1.106370754017582,2.112533266102823,4.015973119184583,1.6008774185061545,2.6650364265803925,1.4465436979331392,1.6221866252375443,3.299771244063846,2.483377489746311,1.8481653283298571,4.19035561703497,1.7538850230148293,2.019393426258371,3.553768738262309,2.2407647345689963,2.947718456549314,4.828702700818409
3.31136669093904,9.302442865697179,2.767337545762554,5.690180971236473,9.793505625667198,3.0483028288736924,1.3331124942065256,6.803717746474386,2.7861173815370197,2.235911018182756,7.105333237056352,3.211902827997719,2.4824292128648646,2.7483991992175665,5.4349292361316275,3.221219914394867,3.0672139729585637,5.682397353475809
2.0429795374490562,6.812476102910871,1.4904506291506137,2.4946848531080414,7.172123083879573,1.851278551722298,4.38131995039438,5.85575191448407,2.8040805401274222,4.727601291310668,6.810996991913975,3.0967746711141735,1.8327173015054588,9.981926314313464,1.9828700513481532,2.3069035093640977,11.396476013273885,2.5120715459963865
4.634560195325974,6.1247635428054785,7.096391924986726,4.892923508974901,6.850831927741298,7.401813756105706,2.043484306086353,7.696070919286422,7.008684904894178,2.2204267733631844,9.378955120314348,7.576198941800573,3.281068449974367,7.072513704327948,2.257652571916934,3.6826688878921,7.370710127211388,2.3908034242001155
8.244738237466569,1.9053648874267302,8.349896004908894,8.878886587964198,2.5413233315268005,8.583817347988036,9.264303738148591,2.510255751081415,8.06585606998872,10.121359747532406,3.0230407954232126,8.655235992174338,3.4500876918013352,3.3654883301739,2.5265967258787527,3.6746468057321398,4.349224142236847,2.639561464254104
1.7293005350897326,2.468298401499643,3.2726086141536044,2.4289248820362963,3.0245725790702167,3.82046275437506,1.0681140941511793,3.228382890188701,6.509203752330075,1.2276182666498652,3.929128862562687,7.779948237183462,4.285233965648093,7.256672272751038,2.686132105710532,5.182251102467534,7.559915222420337,3.259289605115555
4.033425685629024,2.3230684181769954,2.8663813459403684,5.063723623975062,2.5456028362255085,3.26006506562236,3.4110251352342913,3.577735786419967,3.6334107372709648,3.500068744702625,3.6318844699459083,3.6887610505564528,2.9731331975543642,2.9356749476034913,2.513114642291755,3.0034078185953974,3.603520108408289,3.5166372745741157
1.4828969719027554,4.512854947030611,1.9842964198035276,2.685663056691407,4.614076281809672,2.268050048776678,1.0664366742231617,3.4610922326116893,1.4332669008960595,1.7150159796964568,4.156480601472718,1.9635724027559855,0.34794454048926077,2.5562007868394048,4.659759084518856,0.6863584511548388,2.6906377758872018,4.861218751967193
1.5713465835828542,2.9600219127208893,2.666265896463557,1.9579202288120794,4.155162435022124,3.047781684567505,2.538328681592085,2.8698119582283628,2.3707001175789224,4.106490560882004,3.84515519758852,2.549554626210512,5.991934601121321,2.689968318736905,1.6353705952280344,6.627089982843436,3.7164160214420545,2.444058810518439
3.246474147334104,2.9641352286500116,2.516506187687901,4.87316523068875,2.8478037888019356,2.957008025150128,4.840535572391459,1.9328337654506675,3.5462456001767846,6.4575010528352905,2.16187365082008,3.8324825359864274,2.5572622251114465,4.799100197509749,2.5371105880965805,3.075780891617074,5.106685067164317,4.236397515930338
4.457385900328875,4.4721755483677486,2.4785433205581118,6.472641163094169,5.193210522125568,3.2937529620508537,2.9632520505749333,3.9176137190648426,3.6986053733897983,4.068999246713716,4.521256483752341,3.882489458289242,4.795639903882244,2.1864493244590215,2.906900402276708,4.747603192660217,3.390065215253687,2.811373024912307
4.6370798297730325,1.7440465535871426,4.261784336478249,5.045077130412936,2.8113520968095465,4.808970911259219,9.686212524293005,3.655450968872658,3.6675269540927697,10.14705339198707,3.689204423369975,3.6142598737261546,2.8516549644865425,1.2121632400345979,5.90631661947146,3.0262509582062926,2.005577229160393,6.339975890378484
2.541377563257354,2.754773527413763,2.697753673841096,3.3072838719902524,4.290224794949099,2.8365373922599866,3.361537956551906,1.0400004636259494,4.656405138972982,4.0097487773740115,2.2792712533722574,4.663926899669282,2.680735496903635,3.8429746632758044,1.7977043179271968,3.6322846210356867,4.848400909201552,2.2307233662889705
2.9635621551679376,4.460293862312002,2.256688073826755,3.958080723900503,4.901714866852596,2.4811486413230393,3.570599302056918,6.6425921884800045,2.8938235456865167,4.312204862469414,7.907811253007963,3.4520278323673166,2.1063792027509813,3.793437247716401,3.2178123135571757,2.9049609874385665,3.9408180488601614,3.5279086362904435
4.3937554478278535,3.2550307773724323,0.9753683032746124,4.905326469213301,3.4944913406351814,1.6735790397975934,2.9278454425772513,2.4118573422824183,2.05698447213179,3.709669452343454,2.571209434333074,2.6395304765743055,4.069979078325124,1.9030416882048231,3.394942787002422,4.523115268552571,2.6668691060863754,3.2925162246369384
3.039154471126725,3.626383545384573,2.2088542088596324,4.280589308346119,4.226967874080062,2.7537376237093936,2.1862916214970043,3.8518293035909057,2.193832368361462,3.179353890100955,3.7949918080590725,2.979513219256968,1.583840642235983,0.8746138038578902,3.870949699299393,2.0850676628239553,1.6229075795514132,4.518503104662946
2.3192544452524837,3.1663682991520594,2.3745793212449473,2.812881004839655,3.973637133091945,3.862501398775694,5.666714742886906,3.3781031451769152,2.1967972211194877,6.218670866083128,3.8999034280654747,3.383175640586333,2.989277205217753,3.9355163673034115,2.552483046225209,4.46426685432913,4.69537880791905,3.5964061024637837
3.703264685136729,4.757962072847387,2.9733717431307882,3.7629803302682463,6.090235719774971,2.9499009972989247,4.715380052598001,3.4520366602589516,1.4963979010263568,5.028701430470915,3.9427107821827416,2.4133132140884923,2.2559459737900776,2.6518877193670307,3.7257483975920493,2.7477503619333774,3.3045538952613818,3.7972000107462263
7.051617612012298,1.5775988096415419,1.3282786723760502,8.464430856955289,2.8293809709471978,2.076511258489793,6.974340896854594,2.4888459318127243,2.209667150934672,9.13793094582415,3.908384140421581,2.9865603031029266,3.176705923999771,2.5450185880285088,1.7758374604195606,4.33883340899273,2.7653364885157234,2.382101268684238
2.6423785010032326,5.013374607893685,2.0234362113175792,3.7390150621166556,6.413089259107897,2.0894970945571085,2.5571593465540663,4.601490472743623,1.903748573687604,3.323595600024715,4.571335424429447,2.5603602357135027,1.8894983823685851,5.06890215767338,2.3528610304111144,2.658264447143549,6.4100714484155965,2.541721250685643
4.457234302015014,4.146155976913133,1.9765137435846718,4.413788664431611,4.452027964796597,2.793469498894518,4.75574897638354,4.061570793590055,2.1186460217397287,5.103137767547009,4.1194745029416655,2.789421660113458,2.0200286573785595,2.2937530570425286,0.7787838522041536,2.5922715667952225,2.629801253357862,1.6207563979293693
3.767681854421761,2.435126793829785,5.360241221287885,3.7619737384308123,3.0005056377752974,6.002501095665049,3.719544398269224,3.1789358817905753,5.790223049692213,3.650548229672077,3.615801498997724,5.911140183852825,5.261351243872859,4.160214669615096,8.66853781575863,5.41245576082545,4.208622507503576,10.081838444865017
4.269732972101069,2.9766531198633066,1.0488118155878283,5.604267857944195,3.4644329843305313,1.8293532162614543,2.705533836012358,2.0620365675139687,2.2260850029499792,3.051579559248217,2.356911005102109,2.51323223690756,2.5328234803813063,5.836388312026904,5.209173100820262,2.584372222905104,6.070671271230903,6.4048940474536185
3.4325738346989643,1.7834354671456272,2.7834571555872656,4.403619713178396,2.6939741586294055,3.1343957080642317,4.419080921171984,3.0006698673339907,4.815221541949022,5.4223537934162955,3.4268430278400914,5.033824540687733,2.6847010138081178,3.370474825257283,5.10593568504349,3.1467645028008917,3.5297661977932417,6.654452356629798
5.75134290274138,3.0933979783497696,2.1304323963000478,6.295624203611937,3.361652405248172,2.4559520455294526,4.020882804915674,1.7217671890986086,2.063299190998358,4.547136326868473,2.372657785653195,3.0217490813295718,3.4991362671816897,1.1145872616935006,1.86233091591449,3.782533809299159,1.3966553882343136,2.5678771070939903
4.347335813473109,2.328105923340582,4.705791669293562,4.609902194141698,3.1884817195391277,5.267057195998359,2.382939673835932,8.166790073693955,4.428664886176647,4.115360547587196,9.030874002479457,5.273375324817439,2.94314121843729,1.2457811149451115,2.504321299731969,3.1821810465036724,2.13007648135249,2.7754563375051586
2.654464011838721,1.5335775155938285,1.255743377460475,3.6837385389551915,3.0540835368700723,1.9773492894465066,2.3375243906742247,1.8266050564926077,1.8056632545114852,3.203120004886762,2.923944385158672,2.421798777651019,3.494149899567051,3.407039078256083,2.8700709940769658,5.574949821609883,4.09584965580493,4.026898911477082
3.1496044845324165,4.041203237276414,5.58783149554995,4.230531085789401,4.102778688470651,7.763998575608565,4.6524696983265335,3.4758465372167997,4.9348936391275435,4.989654657471333,3.475790923123196,5.53944273501347,1.4481331398203638,6.228762276013495,0.8589677911868736,1.8302097980377938,6.369537524519416,1.956950749039447
2.0282494545965277,2.3427253651815763,9.450567268978785,3.062698300737602,2.9754210210111904,9.753684849404742,2.54325049846351,3.21433205343007,10.824763572345802,3.3097413777940132,4.013496358158986,12.052889846349089,3.432939951102223,13.069288071208922,5.383009385597471,4.463363518391415,13.64089070956382,5.9163354654798805
2.229740868070013,4.304127514883182,1.563636584767937,2.918970776642876,4.996492613435548,1.9954814543234551,2.171733936424983,9.95552559673257,2.1390769150778746,2.1585284169048724,11.079404997422813,2.441677376479891,2.3422590728181603,3.6131442444660484,1.5465045815298812,2.7787216063659312,4.341510342065471,1.9132975894418391
2.1854128958913517,1.5862927650114926,2.754669951444778,2.3758493630672057,2.211375159548219,3.1484591960088792,2.671553573229841,2.9160356782194814,3.004497449545049,3.568828946120829,3.76876749219463,3.501483555058819,2.5306339269085547,1.2943684385614445,2.5920355358467537,2.899513393130142,2.02186342304201,2.8289239832966944
3.514658108912838,2.4670912916962124,1.1022337585741446,3.58080757390243,3.2131841042163147,1.8390743951189135,1.7678412234755085,2.117411403432848,1.845014389082451,1.945203964409506,2.76670852886424,2.600670336354126,2.30841131683751,1.7343250176462586,5.070221619545744,2.8870801210600905,2.1599692667259425,5.334182757177049
2.299231532115242,1.7987471576814462,4.24463084160627,3.15656916866362,2.1260238074220794,5.062206497415284,3.1003629690711976,2.0626613379272967,2.5125870269861994,3.472787491923395,2.635008544198257,3.1046227969401436,6.289152747806724,2.304275040986489,4.318454151008296,7.535587137650535,3.363939746454458,4.482177130680949
1.774120197701949,1.8445385755806547,5.766668977449877,2.128637070699424,2.822016147137343,7.3036843956258375,2.0051688729371175,1.8593794929632126,6.9689297386311315,2.6941328631511214,2.555188665174011,8.198904363220462,3.9920100712510274,9.911792066327308,0.383673644528539,4.173893965678863,11.762987956467226,1.322523010407111
3.514331495345949,2.4715363517257147,3.522759748291589,4.272522471043947,3.799130113072505,4.504187201581508,4.175160319064717,1.8502501277999663,3.280211375184638,5.136242309781686,3.730235333242744,4.176497720097425,4.70157174439327,1.846679212865098,10.9412188396446,5.244410434315648,2.646521094638293,11.938324710268839
4.580967064669748,1.9813805651868166,3.074952272864987,5.0847827416193505,2.4986707338536243,3.474160269175132,2.3850693980707733,3.3823896027296994,3.2285664387279165,3.0822493805093534,4.361670098617358,3.9787833550717373,1.3972943904019202,2.016210338882879,8.414984448567276,1.855015808843314,2.602525703496307,8.858334777446684
3.4507618632006074,4.072478543514895,3.4189497684867107,3.8398664217338148,4.32098324965987,4.020157521029015,3.14995677731951,6.441860086934975,7.276893050094141,3.390830145842798,6.919153185050955,7.5928148982384105,2.583583063031574,1.899305635596241,2.7451934423753332,4.062504556326088,2.6358315598204882,3.4881571534955156
2.6378481600259107,2.6694287570665765,1.4249684533770501,2.803773594059518,2.858852143208282,1.8910565488206128,2.9511629883319728,3.8777417788930024,2.771398711033534,3.4108382301724602,4.294639832607352,3.283656186836025,1.9279022462805497,2.0874106947576414,2.6321847662079327,1.9820878058567015,3.092657605895751,3.643016823076614
1.8335099174982026,4.247096921368441,2.451804334338932,1.944567626463788,4.723326451171245,3.673618304763923,1.724655168205279,3.7923129914310727,2.05067384936041,2.3990574963202302,4.528658227492571,3.0646274109690195,2.326110793882541,4.526153898479862,9.449343667920205,2.5584187525465927,4.70985543688963,9.817802368881292
4.963391234494148,2.7469392371934798,4.391952357505411,5.012547738082831,3.834875400275802,4.671420212402993,11.356789187046266,2.0908864389834485,2.396350095146105,11.63912365236872,2.7701569483617443,3.1546159893691312,1.3173199785986542,2.0785626097754477,1.8155476720587245,1.650100101020153,2.693435482542045,2.5002008541794165
2.585659730306185,1.4642032284551245,3.178424841678891,2.919877037215983,2.190660042305108,5.497165822429532,2.107970728136723,4.123819213942761,2.222312587608865,2.336162616114879,4.439272436927,2.9195899205439058,4.0309016617632265,3.9515468499678725,3.9206611181758864,4.291232616214234,3.924461188502013,4.227681188478787
2.6657082268097234,2.8699329211440467,1.7264695951700957,3.984735360156184,3.052662207862054,2.42353338648926,1.4834877263420718,4.852028291118191,2.0711968393101765,2.55131145391582,5.029825882393228,2.7582171327834013,5.507212929938504,3.484032850986139,2.289519943411386,5.4730993651284265,3.569720224022889,2.7040573161840076
2.479911909500277,2.9748735652760545,4.305397771746049,3.181777688075412,3.7637319436550998,4.958831930390408,3.32098498364359,2.5561510044005518,2.6527934728909517,3.3313383981772717,3.333880046398253,3.196693749522259,5.163700366758583,3.0441415762464374,1.6915123828864123,5.510397421009916,4.3714410481751145,2.599730685572753
2.2352902628376365,1.0057020653332367,5.619089527425192,2.715796844785765,1.4923434363266859,6.917868714713506,2.928167999434543,2.2114373300138808,10.390648914630646,3.6714259794243773,2.9619162673605093,12.407138417555512,5.004940044351341,4.43019054405396,7.040984298770359,5.640784389067332,4.908397558615483,7.444282609328982
4.99498298771382,3.439539430922311,1.696628505105082,5.386233676880626,4.339467282236496,2.26686390423957,2.6652155853219623,3.8953495888080694,2.157407910887821,3.343546691171748,4.733622850248614,2.7933593521312647,2.3632129375572086,4.058637412390037,3.4639045584440247,2.6486850645382565,4.779842828190806,4.029634426655155
5.196221792706502,2.716068825371327,1.705920211868927,5.832593475242014,3.2036365761856533,2.1870316594765353,4.509953506369866,5.584644714260931,2.636906907309075,4.679723159249252,5.9334071449373225,3.377361612544347,2.4747231029723036,4.637685158706708,1.5123682033671921,3.1231617726979723,4.825477475978831,3.8318041571389356
1.096291189965821,2.926421096387779,2.3929073762768422,1.513253859339557,3.0285875117534045,2.7053878171962853,1.1478797855005796,4.149342147490323,2.8710570243535387,1.721364517143378,4.331908173480026,3.384069413666208,2.157771632754408,2.9216392545616983,2.990683092991024,2.322423893996888,3.5156373542158215,3.444026331709685
3.2599230790414606,3.1722719961572565,1.974352980874691,4.433126548050959,3.5507281612979695,2.1798970148646513,3.4684129527660854,1.6077266061540367,3.7401701678779924,3.9956306007035702,1.989336986233425,3.665291124292185,3.093848407686806,2.0593684594353596,1.9737539522917906,3.2526480317095205,3.7572966529599974,1.8808837158733271
6.525642701860715,1.503309190129202,4.104879203746971,7.470092985425797,2.343864731068765,4.935316244981401,3.479327198113368,1.6612617078022567,5.905659379704357,4.023229917218219,2.3376250203416795,6.183562605955393,4.296294876983751,2.362934957853502,1.0948601414848533,5.385462301390748,2.618505907280916,2.2605985126813457
1.984501075527801,3.942920878742014,2.2435746606872033,3.2429330040687083,5.636270099549347,2.650757634493929,3.892296776108505,3.1582211841991796,3.6508461327897166,3.929851684901488,4.421025985601556,4.722284196427279,1.8644797765661236,2.804173264458605,1.7648955195556137,2.1746680605636697,2.916185364436314,2.459671920748698
3.9027243159524545,2.2219631589167137,2.425685666284103,4.110423473310025,3.1061267365695597,3.8255372948882216,3.8100783878507802,2.8626480935780543,3.051349693650787,3.9512861266546073,3.4913189465424357,4.092162352610398,1.6863336335077959,7.574901849776723,2.408465823347404,1.978703227608703,8.566820665989747,3.229905613463424
2.351491175261928,3.262813718681046,2.908322280008632,3.0379628286663616,4.873076697522217,3.9252349688429033,1.5016417994211162,3.669004674570147,2.754805367046489,2.769536280554976,4.53538300279182,3.541335078651888,4.0396057863334445,11.514513184813483,4.038393505840784,4.544117051713047,12.02633202114112,4.604460445552528
1.9777511079433288,6.273572661859493,3.2817606676753353,2.5888699590073387,6.393793983466359,3.475517492754379,3.125721400134112,8.846289916499437,1.973184068464321,3.7286384119359366,9.891649279412704,2.1996379925361764,6.813666950054338,1.8910075282529644,2.0363616881020636,8.063441630944338,2.6487611632549326,2.70433225016073
1.8501018654659123,5.392361822560774,0.8699510643095033,3.65665993787756,6.470126122405277,1.9585550072078892,1.7886447823596199,4.122496105943628,2.0156379009521395,2.9798483988093944,4.613251909661295,2.4624060706586643,6.498171994501002,3.7227384192395934,3.5618674649206383,7.023221197024251,4.694009521826183,4.23764760629303
4.336620655445818,2.0276456023005593,5.175285776688039,5.838552946655696,2.3633965716372884,5.586018082195005,2.534644085423451,3.0985332696767975,5.678196230582053,3.404099881617671,3.1840515634146875,6.064264500287025,2.668220705835646,4.319785022943455,3.9073200376290655,2.6917511339127245,4.789634212039648,4.063606159152043
4.926606441225419,1.8064166274555797,2.5387397361884445,5.857528192133544,2.0120549082844956,2.8740132979139927,2.3796863126445094,3.6515358925288397,3.9917994214372197,2.8218829531675875,3.5984359946673146,3.8157227587493296,5.072565272177738,1.7593865515636424,3.4447071215916605,5.624603961725247,2.450477554561778,3.4611188946368108
4.393917760556524,1.7977690712443122,1.3773489897139255,4.761741985891782,2.5413537289775987,1.930362802168237,4.617486777399682,3.2706220863648254,1.1310810066930694,4.542105394431769,3.7207544751040706,1.5741820566242801,3.251362454479318,6.909496791797826,3.476951685732144,3.8331543705697384,8.461638218877551,3.584334817677987
2.392727840457738,2.7731372252455446,1.4143942836837158,2.5151983360191545,3.6092315844286484,1.7290341043080149,2.63930294657201,4.527990911129641,2.307634678408059,3.5938824994915373,6.224299573142741,2.673116883805525,3.0334435768628483,3.932486614245769,1.2421752137798532,3.2685346886874043,3.848422543371087,2.0570475575641187
2.6887090067343866,5.3193510402652375,1.3904332566287705,4.169768554761242,5.642655146825312,2.145204932054419,2.310782278729701,4.7237999062463345,2.832175328042745,3.271101388927726,5.0201921024130325,3.0355504862089724,4.938411818894978,3.1085294936363974,3.785529977814405,6.151240909503197,3.5288143574639763,3.7776750156386742
2.7131209009753614,2.502609356995789,3.109886481794363,3.5891785907547353,3.356583926117537,3.42527267725347,2.02647064543645,2.759223633740923,4.184765358274878,2.749778550728778,4.022361278411468,4.480776209580346,3.057171815391508,2.7316504197853972,2.9373434444086115,3.1324623368835813,3.079408379181114,2.9568494939605703
1.9888302342155342,2.72082250426917,5.412847012336673,3.3878804280450283,3.437289390244508,5.449712737954961,2.914710034242942,2.580241188670472,4.022468060467886,3.675203159768044,3.193137336448628,5.175735138938236,8.408449417512562,2.3804221882699537,2.7908121068797613,10.03494789960409,2.8709588800863757,3.1740212327556483
1.221247731822934,2.0217889209290267,3.7473416701120703,1.7677910979432672,2.4679369157763333,4.280006824101954,3.963129587572572,3.337500606157412,2.6776545422199995,4.1608871483646555,4.011069720426601,3.1411750948503165,3.0993138982037793,1.6174187232301598,3.0065724514812535,3.7919946388818215,2.479608087150939,3.42605381746277
2.2261859322580206,2.5121584707701294,1.3097242803795222,3.0402963391625346,2.942484723189493,1.8082486895248198,1.843583236112593,2.3242546485265563,3.965764245274225,2.1347635244587426,2.8928509730191414,4.672407136171301,2.1725538479832496,3.472782941424735,4.1196681366714065,2.497484749929505,3.363483452541455,4.174144843096661
3.7755836549465984,4.470363287937314,8.06757754870177,5.027944393775032,4.473942207739492,9.295406952765914,6.180122683591351,5.143078233456804,5.960136392695699,8.613086488651398,5.176040449432925,6.978184141931186,2.9662020898691637,2.4488168850243373,1.5914902149961312,3.079379694523039,3.429088870042743,2.3588359326882506
5.02643487859464,1.572829319222175,2.7009719115304107,5.588164417960992,2.103883038279011,3.692321680725094,1.5589288919596838,1.6223377780524781,1.5286281662525607,1.9230329530296255,1.9022390444996835,2.0536678552058967,3.4934327320354597,1.1898903579538176,2.0631691037998467,4.362954166890836,1.6211291894577133,2.724032034070807
3.9885405470522217,3.629937413364116,3.195160124056558,4.736124798996746,4.480076132503496,4.888816969431502,3.7823607487189954,3.8444638059539593,7.33850726411611,4.031276446077924,5.12038622992259,8.911011183478841,3.5626182645816313,2.431995432586474,1.6498361797415568,3.9395913880645814,3.4548908374148284,1.9398024735705504
1.6482663792193148,5.064765671512218,2.9477776739784094,1.9617784503504954,5.495065569845023,3.694555263437444,2.381091339580428,5.9379616423924935,3.7964078259624388,2.7130016145581335,5.951295606902354,4.106070984280002,1.5673547550664793,2.5726007593081004,1.4811811930966239,2.1387157546916753,2.8504387143524776,2.0547756272678916
2.636337694635639,0.8640520929621999,2.000451538710676,3.3319510801153465,1.6767608813042383,2.857450973058491,1.7021559913489432,1.5912006967460885,5.342645917346876,1.8995725811418465,2.3215996957644927,6.393546495586374,6.3011632681750065,0.5052004149964983,2.4155941281174194,6.663803416524033,1.5003368796877399,2.5573987739246142
3.663429380793023,2.977101978721874,1.9060852314933978,4.123254867874197,3.878630163148011,2.001292860086238,3.4220604253664475,3.4906370968313354,2.501804579786406,3.9526541823379526,4.771713075925511,3.157403980831044,1.66094754865161,3.7901462140159623,1.9755736665729517,1.9763250621706332,4.893094276126179,2.0575423232340504
3.00774981697646,3.198230801415808,1.7750490191395718,3.536934613110161,3.8886200303957414,2.963639673442687,3.169927454056124,1.6815722810179272,2.216783726845371,3.760557653633327,2.6691077887291157,3.0543704748615137,1.869225620466639,2.046070486971686,6.346935516249775,2.373812371693417,2.895875658777443,6.545290113363192
3.642623616446307,2.669503456712115,3.0399878945280445,4.220655918744332,2.5475558797551705,3.3851788212156064,4.948531773994034,3.9092332980305713,2.165400540572191,5.387579845928244,4.134761574233559,2.679712045749958,4.804770680991866,2.629261580671793,5.315134534099462,5.628989688815235,3.047196635854117,6.020758498112503
4.611105401778019,4.602303597235864,1.7697309221167108,5.702305573696099,5.259999667392988,2.5677522090263376,4.160778658102189,5.468700071065548,3.74894971664169,4.451110055468253,5.828113070079044,3.9076656751907572,2.5640296914035194,1.4757471674430138,12.787997097479373,2.9914495550289137,2.1337381568906966,13.828193530005022
3.674796092939117,2.769323507016236,1.9118833141177292,3.685680048309818,3.0747799075490825,2.3510792550042883,5.8012637885955,3.013287275439746,2.311195366869275,5.9658155252767635,3.3807369959203957,2.915930949960869,1.4498761123959283,6.676676940988864,6.778724154244138,2.7867645769347322,7.403669616083342,7.071864281580219
4.21603733469699,1.562372609736673,4.421358986075126,5.106173701535429,1.6704565996740621,4.636519039819409,2.9191881487934235,3.352631487562973,5.533505044846541,4.01466647272603,3.83044811569361,5.615773639078624,10.765116277936254,6.016487781406007,4.946652041100771,11.808162050298014,6.427599191780707,5.0020850047009535
3.497363217921015,2.5305137099216712,6.782383692969647,4.438336731540942,3.174590711126115,6.921059362515767,7.068016803511918,1.5230207124857564,5.997470325225872,8.27203869081692,2.205638541280094,6.45328850882115,5.532309662893456,7.087450847655958,2.2525992605510132,5.500667176108508,7.547569614722197,2.7267526274348532
3.296539327156661,3.7067263581470242,3.9205272770731665,3.9892397426239774,4.172762858285397,4.7580985191107485,2.389496022249457,8.517040451239778,9.31740094178245,2.6024025250400586,10.105805764538914,9.494702932312496,3.8063042740910786,3.227281066621769,5.065803736951645,4.165754668020892,3.979044015849101,5.008376569186933
2.117744235656554,3.0521677045658797,3.082586232329348,2.8439024922398413,3.2204961171733046,3.105636581835693,3.3365970300316636,1.9265215089144343,3.9042284116398522,3.761210787327271,2.5735919073048157,3.915929717282481,7.476029109828309,4.560856037879473,3.7523253812453006,7.679169534621041,5.209717914347786,4.217108794447176
2.697539718058402,2.386082084018431,7.407395466071592,3.4374419082576666,2.972898589173793,7.912419341653713,2.256578617848111,3.507959103217176,9.93558446564697,2.77744839747091,3.8664150742868304,10.917020900052508,4.301679422008413,3.5304281823356827,2.71097737617179,4.931769497550082,4.301104308993536,2.927105013780001
2.216954758622533,1.0233257245089904,1.2867951314958226,2.3876759009757618,1.207591105301046,2.047212422187352,2.7892264537105684,3.1055357566070256,2.1297148781069777,3.3887483543771877,3.7481924756763605,2.529366098925288,0.8328070394945093,3.6577489515867088,3.0920639202690334,1.569602660348444,3.7799261878624546,3.895319197305865
2.809692534319244,1.5749816311783993,2.659910802846431,3.3316564083715554,2.1025280444007852,2.6322144849792664,5.185448107961826,1.8716872703189038,3.135485442703118,5.971592346361745,2.199542437557087,3.7810311767418234,2.6788114465128645,6.259401367298201,1.3247676732565088,3.0762613342027403,6.8190581004922874,4.1999088052288025
3.759445079857581,4.049826650772671,2.0579390039296874,4.346737685923785,4.008733464952793,2.430765853942516,5.429500924530793,4.422596091648032,2.677605293014761,5.530557732916608,4.5576345587532,3.0431405013383923,2.4807155398550136,6.439373175824366,4.312434575340256,3.1931874992041163,6.700977596297592,4.261537579510771
1.829883736256392,2.4459642226187692,3.151539735522378,2.856122967763777,2.605037842225385,3.4647995658594377,1.051934584338677,1.5857567351979462,5.067705017190604,1.5479244966260524,2.051601837455018,5.564483804843097,4.19644102511464,3.850011189750338,4.670089915018884,5.521538212679074,3.943069745671699,5.093161956865363
3.429217023390781,4.556121712617551,1.361142687549786,4.076217535952504,5.128312919852975,2.060809714914394,3.0946951933611078,2.7573485996423326,2.232308472082178,3.628201191827124,3.2125368593237766,2.7816942917421867,1.5618046596003008,3.390174332942589,3.7765823600091037,2.0737760798687113,3.398929972073217,3.7676420441134586
5.334505705319783,4.297609381275607,5.968227431263976,6.028356337803778,4.937416482897896,6.128918703322449,11.391888076714881,3.9559201323281425,2.9814343302472897,13.410611791175448,3.832554065084267,3.479896092988011,1.4381426293458872,1.6135725759308848,1.0527896501226224,1.4878122363780752,1.8678055664821156,1.796369123843053
3.278420241736169,1.6190723394943694,2.398356568737605,3.24581809257318,2.1451759861730175,3.0834936152986714,2.461510615271958,3.2698713321610127,2.473530873328712,2.6514701821658937,3.4947230839582724,3.418030216678789,1.9019759692793925,5.431131493641978,1.2033998211677173,2.9202845677636264,5.724851661281467,1.9149955230045466
1.8871643777267957,3.1422079091669453,0.7863217912202455,2.3743114468329574,3.1573556668252127,1.417847706220703,2.6276448769724405,3.6091416376345404,1.7947771801022805,2.892232212424507,3.5439052217866434,2.1739181861139074,4.084496615687469,3.035945287030113,2.8160184457247412,4.434242193688471,3.5064531231651097,3.7743178010526957
2.144111675429593,1.129045718691682,4.4589895258988115,2.680188205627222,1.662264539249063,5.561327433725235,1.9510285587472138,1.6820433352378656,3.1457904898809192,2.4067465013317446,2.0330173316853024,3.609918297209688,4.439583198079604,1.81419568423388,3.430282674432309,4.696149725780406,2.3528733240025543,3.608291612229972
0.9841671734674728,1.4743067626488648,1.454928233362436,1.5504855685006573,1.945352540812716,2.019481446621879,2.0265203460641166,1.1326132465465855,3.2066608948958426,2.64256812992389,1.4879305117347392,4.531424361501488,7.7021486097964855,4.836124695532053,3.393175070267781,8.408241441037907,5.606118800890755,3.6031140072832843
3.2428744790140676,2.36292147458045,2.820761315593412,3.6570303794041297,3.4853282825229344,2.990197555731038,7.128401338155666,3.516548147425132,3.7653731027222332,7.269250844228386,3.9675781282119162,4.262072305275452,4.0374178615287315,4.877084385794756,3.4906746248747385,4.981598267636617,6.0962409496410865,3.9190921982880114
3.112297262633767,3.808264200605478,3.83376882069688,3.3571605969874065,4.097940551718853,3.83905508956054,3.673601862196086,5.624168766084657,3.604816450138632,3.740957876307497,5.6530287822176835,3.9299918199581048,3.0265913235222937,2.0430101677251855,8.459908112380951,3.5990861712058586,2.589596883528043,8.616952107402716
5.64434625992421,5.054101287949064,1.8462149822655443,6.362774361889983,6.225287684365445,2.5293120146965204,3.200405656547291,3.3520268394629626,2.93081469855817,5.0469553957627955,3.7894108685656676,2.9396922541028707,3.2377938804264836,1.9562992467034166,2.0857956957599937,4.134381406654134,2.3503368649784195,2.2160540049056743
3.3811254162455633,3.091729056887388,3.0709972959800997,3.3834206464415386,3.5687368997937576,3.571052732409998,1.6821682852178537,2.3871619628158083,4.149189386848316,1.995563381631611,2.3430031286647663,4.118896230657387,3.0846918443259512,3.3948628500905773,3.4670305852169854,3.6954632418114586,4.770597103789339,4.05431708512389
3.5416123716702836,1.6638694355917965,2.890903494086277,4.415869059460953,1.8511092898639787,3.4889141771215324,3.0353525533587145,2.6716361936120587,3.6970697927069045,3.686377310302731,3.0800866763506183,4.905692216273195,5.6930874325739484,2.439720325451173,2.0842151190595897,5.688567462195319,2.831348121490622,2.288657654890249
2.076605580020216,3.5784587576182,2.9257446655128003,2.3080999814054985,4.465294910068387,3.4865983300214043,3.2522490094374112,5.18900119371055,4.421541841262416,3.4825382156165263,5.966334711579294,4.807297100338219,5.737537604191045,15.151340951909225,1.653822753377124,6.1966626155008155,16.32479748905651,3.164344121314413
2.0913025404374186,3.521040765043293,1.5042987920253514,2.5929227923936065,4.512051839957768,2.409791373407059,1.4716071900844263,2.926898368423914,3.9081440721079796,1.8763124743492405,4.3257838026028885,4.58355923675252,3.291270169790601,1.4767907178188913,4.412175829885224,3.328867965036517,2.051508488416342,4.557743736493927
2.048262847549195,3.5597915517632446,1.4692541938008636,2.176717442856055,4.589413250851135,2.478682911265829,3.4416012812653602,3.4968401194044625,2.1847419397751646,3.3951027671928298,3.7079600052342476,3.0156597341930933,3.68566499235762,3.0838917432404207,2.9302133270050885,4.222316276096397,3.50879260883359,2.9986327130206587
2.7503612632021937,1.6832350744173554,2.0199959197877555,3.713565991647961,2.091206694643686,2.3375745493389597,4.6952739348069406,2.3589359805668892,3.6638685810700498,5.479856854240903,2.7886081685691315,4.0335619419440025,2.479454042928842,2.0445009912441754,3.3017281413595665,2.834901241663603,2.466067241949218,3.325274579110159
1.9323451966476717,3.488763908676079,2.127143531871966,2.09024308567798,4.048376147375823,2.3946573500362907,3.053450222370025,3.5221483920055636,3.640240895874392,3.356092121328148,3.4135259551945136,3.993986335743466,4.068836974455622,1.2601987615735628,1.7025925794873464,5.070027635840722,1.7919865687791519,2.5218238151015777
3.3055370519204246,0.7547209564274627,1.7500226887230108,4.198888578696634,1.3615263772916337,2.202929656836735,2.4081720804133333,3.891492045687801,3.9685713075549063,4.309894149294336,3.867771810985754,4.032917497143038,0.686428674962004,1.8701177532531277,4.064605738453861,1.5029310179029873,2.1948363349899855,4.179608884047866
2.9225695912840637,1.8269997475146997,0.806782848357937,3.4451974494312902,2.327989037919979,1.3796586001760576,1.728556710551523,2.6053260280274513,1.9004213334337028,2.3265230953384415,3.3375971809089533,3.0336657456997576,1.9425027052926278,3.5531986977493144,4.925764355304791,2.371832962997726,4.070825718612435,5.132330858885303
3.4350343174290616,5.144259897606807,4.98224917984267,3.723488439910271,5.7304555568760644,5.349149219687692,2.5189972646342946,4.695435189999378,6.438988649770786,3.2318264795724216,4.734274786128325,6.7743166318342904,3.520602234566325,2.647248731532049,0.529864670190455,5.504910208017754,3.038140716491052,1.4356140533554276
3.8067332937929494,3.685909815505378,2.3050565126452853,4.019112216208123,4.087192193921973,2.949621993787494,2.5388996437043985,4.008478622596882,4.4179348768149485,3.206966744647002,4.307104074983026,4.7942418754607115,3.475179893591212,2.384822910163061,3.9624481031418917,3.8101342152833673,2.973230581419855,3.9578913908565867
2.020633461115468,4.520439669616104,3.1050453988592888,2.6838287879795035,4.899840721397941,3.542411862017467,1.9753656374084425,1.8032849337449237,4.927774392973291,3.465455046683234,2.666820069362622,5.535201161821054,3.9416823309540567,1.6231089647898291,3.1135357279027547,4.1832998640681325,3.2286239755558706,3.59997714580862
3.4564496259126027,3.7578952523438764,4.484379190383113,4.727084112652961,4.156700328945766,4.552623096085609,3.0089564975912455,3.0385963369053433,4.275543544358622,4.249632631047574,3.7640846406944624,4.958243032568832,3.1919697531798583,2.2257951712113715,1.3519769637435297,3.5221589675463543,3.0900152976744892,2.0237104076267465
1.9341691671950325,3.2105262214289234,4.581014482702793,2.3094308050399266,3.836970842609015,4.956813085721524,2.338430217669881,3.1536960369565854,2.637559067075666,2.829152464507584,3.5241087010977608,3.067969678724525,2.1322250057307452,3.5924699780414575,3.274982499134039,2.225240598461999,5.484001140942654,3.7241142055892675
4.282040371519523,4.927512954204671,1.0334618152142787,4.504260246135438,6.2192182327971475,1.76619709112178,3.225032532335684,10.808809586666964,2.240126531740593,3.417323878145736,12.592674189460809,3.0033197697729532,2.5994342325197786,7.276062367242945,1.2274240055768093,3.6421046889816195,7.8309594378126715,1.9580993500921726
2.46124771665496,6.441650066990753,1.8977613447914248,4.0805384279479915,7.398405322528898,2.790048922655816,1.470383292519721,3.740733123853374,2.7773442428591117,2.871797785422183,4.045930135811012,3.7723555368868937,6.578940520900789,1.1773888792152696,2.419425970489431,8.190224437554004,2.3462625666664563,3.3750341281686236
1.6295756868370934,0.7394126512871683,2.639696330184367,2.0469286165410354,1.5867713089839226,2.9137326165401642,6.028963916238683,3.8797775601600217,3.834782719826316,6.680403144651887,3.9664092087074283,4.338033418751058,0.7960509289591227,3.4653079877300303,2.91709639011452,1.7051943155868015,3.928735291580966,3.567744953259862
2.6810394372240944,3.2103226955933937,9.763994662608178,2.8552146397592266,4.319395549937625,10.106607405309148,2.9320987022141005,3.3848625532854464,8.687405235008754,3.613849496157683,4.109319389439068,9.431302919866043,2.8494918926523294,4.237196312533612,3.738118992634355,4.185239955995283,4.791887010229732,4.589513318472574
4.665162541142559,3.3090094097974645,2.4920767717097068,4.722134682657677,4.836417773695514,2.9547659089244345,3.239327931136574,2.5953386941200205,0.9389968488346135,3.6042520781468665,2.987707314169954,1.4810976502738211,2.78970779283586,2.721870310111756,1.5357659277505882,3.078526906943473,3.09467475936439,1.9526853028804123
8.29123696749884,2.0751302867525916,4.878110248659169,9.128985535756906,2.056366770338333,5.415654292515049,2.82848840998816,3.6059420704589944,9.14140109180368,3.2606566886048722,3.679969941183275,9.756863014369568,1.3346388510499954,3.7967410351623907,3.429980960155508,1.9003013588399793,4.697735391798047,3.711584273242043
1.7192107991047891,2.8267727300025673,3.357844688579167,2.145062032656105,3.5781380211655818,4.140602652029118,2.5534263008338214,4.774734239460399,10.821112208261386,3.1802248911968265,5.096182243059415,11.910424851958924,3.3038679735947794,7.554298858994134,4.730559088965144,3.5034319448187623,7.884760282482472,5.042633255840687
2.349653155773061,2.796477094345637,1.7140546663591618,3.107996765210917,3.6996252356368036,2.3007607059475292,2.086069391125758,3.1016434315501815,3.4801304462532907,2.894303253839864,3.973220948806992,3.7006811615788027,3.433313902431294,1.341867269969769,1.7093755610497803,4.037818124955861,2.505098513564761,2.1923579981092796
4.218508533739468,2.4973125695025074,1.6632822541336987,5.37482071101366,2.912805416047735,2.7070577145366723,2.8779490014517313,2.440758330586815,2.005944712566801,3.483301512213724,2.857270670387668,2.328884687461436,2.0160414940294875,2.8757230241021463,1.327132327046224,2.350681314445959,3.6012026063541414,1.7737503569221904
1.983488722001172,2.0361920362555637,4.249142270939035,2.526656386660348,3.1928135142083582,5.653700863001936,4.016462726729653,4.502071688314757,5.445955817796536,4.180960669930876,5.465686872579954,6.082133002466506,6.91653984655994,4.002412141727952,3.42426086010162,7.548443191848187,4.300936261534704,4.659466475825449
4.156524558452493,2.5823131051277626,4.200486192202351,5.124061335524492,3.895683429321341,4.231487583413904,2.5343284241152593,2.3429034543525167,2.6932560716772627,3.4633003493449914,2.505263485989706,2.752724723584582,2.836711469842421,1.514827925226,1.241985020898645,4.554167704517847,1.6918320817889663,1.6889901431374696
4.764525476344016,2.161702031854381,2.4846159207143783,5.167796638890409,2.7357058592938444,2.9966982149480894,4.390213736337953,2.334531213323337,4.35306801939234,4.55484029611749,2.928807359445396,4.449775749377036,2.420573782876609,3.9297889857286212,1.352814046662818,3.4249991337474532,3.940538007534942,2.457195658035165
5.279595240777846,1.9755698816241947,7.2406368459856605,5.2640836375059,2.6362835004641987,9.213962789568306,4.685705885707608,3.4353390823423466,10.626897116909532,4.934904362266814,3.625580029895066,12.422748518125484,2.2852054303034373,4.416402614068004,1.8135149315804795,3.056019452963409,6.0255721826659565,1.8555148888815332
3.4313794429091407,4.79600827628396,1.4654842575765845,3.4037379986388916,5.717288173545507,1.9392881908756285,3.5127425529358804,10.368884461923868,3.9235306997037678,3.632345204244137,10.62685800106842,4.480093779545159,4.184093776947875,3.202269099551545,4.135152658150412,5.132846071335782,4.224293430992064,4.188798793256676
2.176254011128767,2.7513149250743276,1.9894287578108334,2.2967971477148965,2.9083554109076353,2.575441323508183,3.8961927204770195,2.516529655391223,2.0715383139511845,4.304164424166813,2.655717348986193,2.7662316213054297,2.923135919195155,4.58012471415353,4.023458945742212,3.230658606394097,4.929702308676593,4.373094073960874
1.1959402826491552,1.6815185866166502,4.591443027542544,2.1131138199815815,2.1759013459460794,5.194745820236725,0.9004618473629364,2.17276382578181,5.23515178561605,2.1719304551581002,2.623601927274582,5.446184396058725,1.9085054776886927,2.242963893596626,1.395407065783921,2.2521880438757798,2.8386461777381906,3.085293571067338
3.7800592809787723,2.773281602174008,3.782201027946773,3.936280931907507,2.9937490677587624,4.044864069319535,3.362057170463072,2.874152790493393,4.199356897635727,3.3046610278248854,2.862962839072073,4.555148477206725,2.3741376265760263,5.122387411392761,3.135095119862228,2.894295177731812,5.43121837179824,3.4422534223054777
2.7915077508279946,4.838807184235226,3.4117525022832775,3.193370338168804,5.332341770466009,3.6908855494393014,3.9282123693102173,3.182015911667052,8.041814058441286,5.000718977549511,3.4509595361480927,8.035016389533238,5.70240961080373,2.089868200110399,3.3507348240626493,6.051774754479856,2.49617200465594,3.813583670471378
1.8566190050911087,2.000704570323584,1.7206845679801215,2.209000771123546,2.4771238034826735,2.413312973842492,2.457432493412648,2.6899901811055322,2.395700983789859,2.748921072722938,3.1579076847394685,2.7476905287270745,4.235251189577998,0.6806208454046634,7.855263434194536,4.183866567637912,1.9346965213338587,8.614071880993352
3.4263940268116655,2.948805495887586,3.538101754026457,4.627157847051414,3.1822786643996843,4.0704113094565955,3.5832579795032853,6.70239756237521,5.083238541455308,5.027621197446053,6.751170384659245,5.984050110784855,3.3256163817793545,1.5742869041842622,4.619770609780419,3.3283925278913107,3.1685600581684024,4.856827838696188
3.5785108462521897,1.9982223310210934,2.8896236480840023,3.852645119747946,2.7773211334412644,3.634753130900634,3.278984686064279,3.3531918095011775,2.7751967051512847,4.3654241810334025,4.021954611521038,3.7183365145844762,1.463451002658764,7.098705571352546,3.223260701165169,2.722714406906753,8.1744902840834,4.509948603732506
1.061471598537281,2.133414874695895,2.6767190114273465,1.8300682628363976,2.47622022407659,3.2692632157981274,1.97980477112321,2.6432067817900298,2.779040778887791,2.5497273477482985,3.6522462229542567,3.4081553669057696,4.4841122828374695,4.224048374864399,1.8690217619575038,4.554233413958798,4.317904800244512,2.5171888162014557
2.2888451192332746,2.7830876812138277,1.88125832526813,2.6451988582061174,2.9897037646636084,2.902227952321757,1.9491805723872302,3.565608528591814,2.488275581254536,2.064465918641341,4.042584682828217,2.72577494985599,2.647969451969561,2.3576223924700503,0.8962226231128043,3.6560742687350243,2.8962908220927868,1.6267268330868925
2.2094282606339166,1.7737223544992131,1.7033264902358047,2.7732784271335924,3.104045754683274,2.166017602057469,1.1588101544505143,3.5649848481160773,1.8857687205660498,1.8168297978901506,3.7522005564328107,2.0731488285652957,2.079176142655628,1.9215159702475724,7.021895467555021,2.6065560151479468,2.706050877884765,7.880529804516249
3.660909591059989,4.564135918061224,1.9126789089168221,3.908103491991095,4.520131790751684,1.8605752833740676,4.748916493240992,2.6585201768292928,3.5888756790504757,5.523980562299224,2.8628661613285495,3.8591233345807896,4.244897766490795,6.322223080883205,3.738638506901055,4.255114160015639,7.197492087369877,4.210848870146318
2.4622133702915554,1.6555504785438864,2.318297691048695,3.3858675565209766,2.0261958796152855,3.1667174546674173,1.9957921974341224,1.7988814307267882,2.6767863501572093,2.461717321070202,2.3487607037575065,2.925795692294823,3.5560561834603726,2.6921921836075815,2.4997970338257773,3.5681241011859828,3.5311772260538543,2.8007864783659837
2.977466366039457,2.737093645927843,1.2265654352084596,3.9622063943233434,3.5996738402990833,2.0703367934591257,2.1473438267969605,3.460076513208799,1.0232187461403555,2.7368369041745164,4.583247536716905,1.4182221572889577,1.8583586159864296,2.8663899701119138,2.903542271229249,2.2682583411941066,4.140865295760811,3.3055413770116693
3.361030755104676,2.930612200614837,1.5952454014836943,3.820372876902123,3.7452330798354154,2.448752817788231,5.9360678345187905,1.9953558515789538,2.2641787418661634,7.782014211138042,2.4472986653266213,2.959094019714574,2.1666533395379357,2.8989886234601583,3.4063234740544384,2.260861665183439,2.8726822373992205,3.363748482066815
4.0596275557615815,2.2116036934979992,1.1192623032143894,5.255346961212619,2.228514112056389,1.8774734375970978,2.006839834964144,3.051600595985827,0.9275292408688846,4.2502474497166105,3.1920024663784896,1.5274673921236592,1.6616108915502081,2.4492746619211085,1.8462356327044334,1.943310196248059,3.0614884667045827,2.6046486799421875
1.3037222636376673,5.429683929552775,8.397163449133368,1.6738439959159217,7.161094873652781,9.033254099828904,1.7890184658783592,2.601557001545021,8.032496586150899,2.173098756040977,3.3555998514183902,8.457715966052326,5.583905906631555,5.770862680337015,2.8069881910586947,6.580593511842205,5.808126834454191,3.4424156287376726
3.99749795277991,2.5302001919128347,8.60003964729706,3.970883804135538,3.3600327158645964,9.44361417948501,3.6900779294121713,3.806557199331085,8.8697421458878,3.6877060425221964,5.101086129643542,9.188285906263257,5.783042414320271,2.4321280821161184,1.1676523560916217,6.067529090825869,3.37787947138959,1.8167083569424713
2.3301578617744827,2.66903853298924,1.709147795219483,2.5990412857045326,3.0530075677106794,2.5218135738158645,3.849337456841388,4.918167336698181,2.5414477950506544,4.295938021635177,6.201700939862075,3.0759879958333394,1.7872185031998142,1.77640513270845,4.909887095233545,2.447245157738502,2.5413535491009505,4.94220777100536
1.541368055154584,4.413292962519108,1.9898567609895963,2.1184436496760553,5.204336296887603,2.2490423648681017,1.3559046877514378,3.1089707256560755,3.6000785070405876,1.7469025794949427,3.959887080463341,3.7565840815255935,2.773884416597876,2.415504729417824,1.8319237133568913,3.5095230736329817,2.6712023109221184,2.928103509637561
3.4786972498875737,2.2505948218133995,3.2370898486395725,3.9760020999935892,2.5587900243106394,4.036384793012272,3.403778515360858,2.8404429293755857,2.9396065239550486,4.668929683166107,3.3854894869958954,3.1827852095365063,3.553389036516973,5.82622690344162,1.6296024650068552,4.828104120196096,5.877803933152412,2.450960820639734
2.5579983388000436,1.5120339677996166,1.8563401612831802,3.206913551226639,2.1859044541750254,2.523286751159258,2.160395537612236,5.4867686248433225,1.6110572589047898,2.8249719001213367,5.778862712339837,2.2848553494119797,3.6256541556323287,2.5241322977324265,2.536174358183413,3.8803361002581704,2.769619746051827,3.293414887563353
4.200822345961546,2.765396195608962,2.5085486907598766,4.840077609426502,3.851799185174272,4.173568322345253,4.652431269746205,2.8009706797075284,1.7119930272950943,4.7108779474876386,3.9826812031556287,3.205282874741673,4.695061611969067,1.2093006727886373,6.296566100824982,4.921353405461647,1.9139240041938141,6.540183872962583
2.5869296818307017,10.3719658052706,3.740300013306223,2.8139933605870033,16.487473746612597,4.18315286549862,5.489843782207976,6.8678910384513365,2.12085034997229,5.503735944704683,7.658353620078828,2.848871382970553,4.658057060676147,10.10320841102017,2.858014849322064,6.594288646019417,12.779828430292522,3.309844113297023
1.395153038120797,4.734532504980153,3.0276412344670405,1.8639549850800372,5.21769524696087,3.877238275528536,1.013015008042178,5.03743045293799,1.9339879278835481,1.4931190079452659,5.025744767989276,2.4603045386978653,5.385372332714841,1.4976715430408059,3.215924862373946,6.536943293992134,4.566545909059868,3.25647414560882
2.3525011704179977,5.845782381126262,5.003739582753956,3.2799402337355366,6.284767173721637,6.562594585886116,3.884359573620728,5.046776120683445,4.092588323434727,4.155704358347875,5.032378087540893,5.099179452450127,3.620315441622689,5.4599003143684275,1.5743652852449637,4.042339319460861,5.551001799768783,2.6803746407098687
4.981781088304768,4.1441416286253405,2.3256165655125325,5.01511343788865,4.257349363345974,3.365735381706013,3.3049954027499067,4.5596730510687085,2.104774086343524,3.2999447637411707,5.830086469422352,2.9931295995532903,11.8886965015287,2.4739856556744253,2.1826707003991683,13.863328231106792,2.8145990845859736,3.1288483474776276
1.6577536733966765,2.3814632871471333,2.3343165392338685,2.916476640827773,2.7365201833188344,3.00074670084636,1.2554097135570397,3.6982539008263435,2.4812627643755505,2.3256923705958203,4.336482995751195,2.5051424923658776,3.6715016195436023,2.52855280605853,2.243801844055191,3.59043727360388,2.9612480404995534,3.1568092127745606
3.514834256903465,1.8511037731009001,2.4199001752005795,4.094340463240092,2.705758759090004,3.9167183133391514,3.260342361007992,1.480535952176595,0.7437749864939657,3.8395707746854955,2.1242648177092662,1.572631712412159,7.734569520510324,1.4550056264083517,3.153198759290373,7.917152789319241,2.517632561776459,3.915688415833236
3.0376209670348384,1.4308462307575847,4.506337534112896,3.2470621173116148,2.003689991927229,4.5037085367699845,2.372963160872358,4.345529706329394,2.4368588267090554,2.414449380971985,4.501022235979556,3.0368444880535406,4.067780827439234,4.334085728790636,6.583613089421489,4.567245985647161,5.429101841060028,7.391063906175321
3.101136037846159,0.44131130384445705,3.9186847197035206,3.1860371940752548,1.2686268385247321,3.9181930503787816,3.25635418044731,1.6068972326510202,3.059351584340897,4.154818263866239,2.1587802345854095,4.0751916336861145,2.4583714954987994,1.741804855138799,2.216018854039716,3.1154904860621335,2.27472686177428,2.4203294237957467
2.3057525959180856,2.028938722322981,3.7327184747326476,2.6437968624610457,2.672572396619828,3.9929442692457755,3.017503487604921,2.9321127669177542,3.6642725759145804,3.5821867449231823,2.8092934731853725,4.373249875950353,2.915080803410929,2.016472538535047,1.8380098333101962,3.135680486703666,2.31754790243738,2.2416674420723863
2.396254742897242,9.403706914211682,4.745288202411837,3.404484981477501,9.935971699654372,4.835288355402723,1.7147833712360596,7.4515712959546985,6.076750597386466,2.5218545450943624,8.03686878046689,7.5085062119595785,6.263411058972759,4.392348720529871,4.404813320401912,6.65267828639453,5.195956704031871,4.460710852291433
1.9664785914194691,7.043360981132689,10.192780188212911,2.8704302550137526,8.337523601205708,10.616364769579224,3.877358497011581,2.9351235891247796,10.608657521210814,4.528068801215786,4.082333052225104,10.966434015158526,3.210607087776551,3.8303818131168588,3.0252551570504127,3.3261213378154726,4.196296405871581,3.6602775957847045
1.827352568524969,2.1968078294748357,0.6758531343047192,2.164108612806649,2.780203875341597,1.3751810443772117,3.2754345893937136,2.0423004337784714,1.4456436463026965,3.5333562244051127,2.5579233182720857,2.0227612143528177,7.391701245428475,1.2335525688117857,5.133014641461605,7.874394359885029,1.847553174129469,5.116693082650263
9.95280621413805,2.4106934696787583,3.0679437949160797,10.52676044828799,3.560709147505329,5.254590042989369,6.185220840806638,4.536385638938026,3.3561447310425194,7.21857869295353,5.608189659917866,3.9074836552557444,1.9195364849331515,1.3142223254486942,3.1902388256664307,2.4493651869792994,2.235839729477454,4.307769989369884
1.826767110445801,4.191673646122201,4.64180086104142,2.4200660708104893,4.473830471262648,5.216297534475868,3.391208168610553,5.001451973546502,1.6621199074690294,3.7633853867527822,5.227233324198055,2.0808183759346472,5.4512692423542415,2.081684124395374,3.517385873160678,5.712290659917844,2.5443372651991067,3.6680716522238748
3.6329021560642585,1.4552213028378795,1.2236464350973582,4.8703238540983245,2.324772811110861,2.3275451530964024,3.836419124286858,6.565180830307186,1.326709573562675,4.317448623648428,6.513374980688963,1.98280169653726,3.0763628819288047,4.735248429925129,2.1806527757143304,3.9221033160885272,5.439051224782249,2.479636422307414
2.2560355633447604,1.3846538077481296,0.9224525625445849,3.33211718285683,2.2706293019261374,1.971503417430726,2.9371497272873364,1.8996076871253635,1.0549547445309297,3.618841761226146,2.658092783457282,2.1601856543743825,1.8564882906963205,3.7234187471904394,4.305663671013288,3.2650553870749195,4.057420049244906,5.1741834856644555
4.032795683860407,3.4397140099911474,4.59575090833778,3.997295171370773,4.19111900245701,4.974057044682503,2.8344442137378385,4.8085337691597765,3.279295087642204,3.4359937587291016,5.078286861217526,3.769864865873368,4.656806719663511,4.244427787557728,4.252913921858515,5.36347273663498,4.388628520804711,4.875987317399812
1.8283456828442621,3.4314066395352016,4.9823355656309865,2.0062665631669763,3.4907087610883583,5.0563272812073565,3.0351084863765987,10.763649516294574,6.468920615098462,2.9836112716947207,11.277666643464508,6.864345679680438,4.564103665347865,2.426735382857702,2.9018418211545995,5.174446648203788,3.050849731026826,3.717700569159213
3.439165123598466,5.346654035248977,3.036182074082469,4.051757200416073,5.548836107693126,3.1399575436479137,3.5032570612705065,2.7556520579909134,3.034556307645873,4.149095907991856,3.62456591610625,3.8042751463334508,3.0859361170005517,2.7995688671549663,4.316941499163151,3.6727025983950043,3.4672691650876644,4.833248222529948
3.3813753751081355,3.18541987481186,1.5885496398207153,4.506183669996302,3.8203709919568305,2.279462103244858,1.4014031340178348,2.036659639367582,2.2453775225995685,1.9369008641992362,3.6733883449201357,2.754139217571676,3.5488848986979784,6.5803221730342525,3.247685025520071,4.797013923723356,7.178033451896222,3.94723839764647
3.6475460199526775,1.4667893972287716,3.2486975415077324,4.663393314546536,1.888350553990662,4.026795917699557,3.948610544799342,2.890461500300319,1.7393171330471457,5.804228818828402,3.024951263686377,3.038630246046923,2.652146950327184,2.9910750249122793,5.331083227182372,3.757147933879027,3.4964817447992167,5.669915658589513
4.531526909154906,2.4794285658061495,1.6823154969498382,5.396098547512225,2.745151701503317,2.2512814840647732,8.135617909467841,2.437995701301621,1.3992762821815354,8.61500915722912,2.704932969726658,1.9508780894753561,3.976518082364031,4.1462768125305836,1.864881266071174,3.9860753212550097,4.883614388519154,2.4801144466591283
2.9771991888469644,2.3404653530584665,1.6247325581306562,3.367401606840415,3.6317134177510435,2.0093888837894904,3.8132474594590686,2.4331367235352053,1.8480515050231212,4.770948506649361,2.8432181123093816,3.118950202400956,2.624270773613031,5.81457577393656,7.365668575833172,3.2800253349280073,7.602212134049179,8.02351997046203
5.3655321589254985,1.969443154314331,2.4149989934985756,6.623782725227817,2.3393437037637788,3.1374680593042856,3.6798299202882325,2.172528608765224,2.7275440982931274,4.450038414045678,3.651297181949821,2.9100809919772774,2.4232602858973467,1.3725140450658218,4.921716481836287,3.221640697875949,2.470334860404205,4.885389697049723
3.885877684389035,1.4087177486733409,1.261837811182089,4.492904252801985,1.758828016942223,1.9276266883201343,2.472316658442312,1.6473262286322745,2.0752765151337402,2.928231952939567,2.6236234590398064,2.5378569513102827,3.0329722171533087,4.601713861918976,2.24627909778844,2.9587533289418433,5.467418416314616,2.950343038810619
1.2478463052881659,3.190916012937591,6.340465482084896,2.7611849041045287,4.118683065345155,7.032248158976787,1.1478550768162443,2.8477533041145837,2.8299817435012207,2.3175347038701397,3.9953839250202803,3.2185468651939835,1.0928906906833942,3.559747696960985,4.168088846367857,1.4197224602432623,3.8575597368085366,4.350877848450753
1.2355124338164736,4.922954262458225,3.8890593011484333,2.095387565091191,4.899325117959573,4.671971564649777,1.2391341066697723,7.257226259406392,8.715867799918914,2.1329690960599,7.574571004976372,9.353861117389492,3.943289143371175,4.202789134900193,1.522243913861432,4.659661445553594,4.56037687091848,2.2147243346085443
4.229657909460069,1.4679020480964602,2.3353837231227947,4.527292403216756,1.8475014173335387,2.9439830402218754,2.953242933273024,1.6117038803253887,4.844713666281038,3.443554520829194,2.1899992573422815,4.967264946765671,4.9711800373180175,5.50325175699966,3.3226536153110935,5.348020529325706,6.0192750793010354,3.8875031318858695
4.2502469898885,1.0120530383737734,5.506214011234177,4.811001391334818,1.634421940124277,5.67772058969243,4.01224483533196,2.6737693059822307,8.793551589604673,4.458857476890212,3.2061401330998054,9.221514156565641,4.114845816226726,1.114713014690032,2.4121916419140015,4.1557592244475945,1.842152142239517,3.2463199839252885
1.579458590059914,3.674813450030345,3.893697516112864,2.137789846254178,5.519814723034299,4.1832358489633235,2.937679531664483,2.971915453950936,5.187871415185685,3.0697091967573513,4.12297062481906,5.854587624944678,1.4720382235841865,2.3723783194798234,6.203296505418139,1.4930593422545348,2.6565928602243662,6.5106991416099875
3.1659191355088576,1.3001476705792598,0.865525073195695,3.5419722354743706,2.5690684056591606,1.6394762613578182,4.016312955974863,2.6570411491889527,2.09903108394455,4.380551119192348,3.3496840591979278,2.331160292104948,5.281637412040257,2.187235467439497,6.792946246923341,5.352829484591226,3.01539819569751,7.351178749982723
4.307154507571097,2.798993899553876,3.9245657798378026,4.8119389730678614,3.4178241346002847,5.827315846055936,3.07497744569279,4.840633298187381,1.855510286743636,4.160332553623574,5.589846318371186,2.922890795519073,6.980618850093843,3.79959883848021,2.6619672184393206,7.231779444819569,4.983160518116935,2.8590891043910673
2.413255716848248,2.6781550840130053,4.647995295478154,2.992510932936404,2.9571136197590717,5.790532843690111,1.969183929889385,2.3436576392200075,3.2283597344295702,2.49746916647443,3.0793938109213514,3.9262159094114497,4.07169706863929,4.109817149081071,1.4591227554984412,4.215815281950951,4.880766387562301,1.419087695429664
2.936618719826948,4.62623719181605,3.099986477968121,3.442595432090567,4.913926638693518,3.490990473435848,5.716388256659641,3.7410825576369646,4.043120559990889,6.015110362568784,3.9803596825288166,4.386816190887097,4.223780493055064,3.44418749070604,3.478045165148078,5.011679787171245,4.071632811066223,3.7791200899039223
2.016720167749313,2.764242492444973,2.1926374362899272,2.140312389382716,3.429974354869934,2.7268008049060577,2.9578100616194085,5.381419444088375,3.9386905478732266,2.932557006834747,5.912981256503241,3.90532112173205,1.8504755336366363,7.291310065793982,3.4464323339256397,2.02784392034521,7.291998849286316,3.562032438608074
3.073921650857842,3.9464680320368486,2.5010277865124144,3.385452872289843,4.61859754164023,2.5092493441408545,2.3018816156835102,2.371014471942665,2.2096986927571898,2.8003944619762358,2.7122659214378935,2.6087722287906634,2.042665584096218,3.57514211618466,6.697682111797505,2.702793286431016,3.9230092648129675,7.167859388680961
2.779361753696755,5.473240696776707,2.0733051193039755,3.169291107916861,5.775602823637106,2.4255369083815737,1.5516851865595276,4.665580975016039,3.0858124901771893,2.4888909774611516,5.36365340217882,3.6520097681896377,1.740139086470876,1.6784358037415743,2.0318396743723137,2.463165591521442,1.8964281336749438,2.8711481851242793
1.1238402385111457,3.6248612373920603,13.30739612552915,1.8337808442593613,3.81403457188161,13.743815637894166,1.8339597037379516,2.2694947922285906,14.155115930362822,1.8853409308343274,2.4174906992056853,14.66313436230733,7.502195568024556,3.0171198705135,2.1494142471133575,7.608960697709966,3.4859136015665184,2.832091292878423
4.57914806998268,2.991207923041381,1.2834195255412382,5.140209523861564,3.269479953266437,1.6727358735494053,4.7198615251489695,2.235877578820851,2.2943635991696145,6.146086930076572,2.7435149505332985,2.615762882936337,1.9401098601570583,8.653933143896198,1.7230870628060786,2.3763370213088755,9.490184614882132,2.0010628447695713
2.1649366650808433,1.6327915187809103,1.8053503663777015,2.6649309770961613,2.138746507171285,2.283843158301699,4.307955455394614,1.2483024575617483,1.1721863236799297,5.1003734919032695,1.718180165539314,1.645850110154413,3.0608077607085438,5.136337756775553,3.9583082318489806,3.0960700949962785,5.516804944810623,4.673500870037996
1.97888676322318,3.4618581012290717,1.858769620747173,2.3941486709898765,4.422460325259346,2.0853113550019393,1.7844072431426083,3.594293916971415,1.8546986278423612,2.511804671353848,3.974943394217015,1.8627722787472278,4.582256145278546,1.3546525731230956,5.549470795836401,4.943215936844013,2.037708550611873,6.0089476828651724
4.1231304996921745,2.072552593844543,4.304076614150247,5.936905562973567,2.6929065278186206,4.72660351035537,3.2374236947609387,2.207004368208993,3.3299859310710502,4.301427996264358,2.9052393346671153,3.539442321495663,7.364290254352569,2.8865387522949693,3.170668845406342,8.808961911421276,3.270475492167718,3.7546223017088933
1.5428127415179922,4.185718584666768,1.336756501934952,1.9942230193232544,4.700068172027661,2.211382018645768,2.4306840389528386,5.458258070919858,5.600184607055329,2.970680280537961,5.569070856919813,5.691794333938229,4.131572321735346,2.7912567051196993,8.652111335338205,4.589324863118,2.8255058728133817,8.978801924955365
3.0812475843366838,1.2139202081586562,1.0993861051446567,3.5173494852156217,2.09498886057859,2.4793751380950786,3.185292086030981,0.6454953473802096,1.1925096244217106,4.190305473863657,1.3823245838621012,1.6966008052324693,2.81930957727574,5.940879438554599,2.797041495472787,3.4544793269377805,6.8725807387810685,3.5545133255785712
1.9569142313774697,1.9352195951332098,4.906811477077927,2.4896730457381264,3.088735127838351,6.771968486251826,1.9631796986096777,2.0068119162341693,3.0034921958790557,2.3535920461670883,2.9418437280336183,3.5972058509541687,4.691549723646086,4.854588657011433,1.4902512858573231,5.877415913347138,4.832938535357311,1.8624595449445343
3.4665205684419176,1.705399105194187,7.05570886888244,3.67399426463907,2.00082475037988,7.6887578991164,5.198606395814324,3.455653389921656,5.763878231171396,5.156534686230746,3.447006889838574,5.988584032497161,2.170550827103148,2.3948485254576393,3.2526499474934183,2.366174970955166,2.9526821129668344,3.452711438331726
2.163725465865708,3.6626623568757,1.7350785079048991,3.2984142398665437,4.579352349009216,2.1424699457973326,3.0696343900870064,3.7186262219187403,2.535725763530997,3.0840489549787744,5.156428370931744,3.068764594702849,3.544108907256728,3.9748603219773733,2.536877152040707,4.451262417981799,3.904769012548735,2.943899956597158
3.46925315413232,1.3766914323073134,3.0033780368075753,3.4729945029465066,1.6919597204926549,3.317075559966342,10.029281734318197,2.5784962004532845,5.346704507053035,10.509914215655765,2.696514342779744,5.409970850440983,4.1144123734514215,1.8538529369822463,5.500124883303179,4.618632562991578,2.4259926169236334,5.586706645865686
2.277008880567835,5.277341145339173,2.928234569435528,2.513551369379603,5.940936105068898,2.8897618788988444,1.2492029989870361,3.345271348561784,2.174197971321148,1.8353754414898733,4.2403305272670035,2.4033897288329262,2.4395077116509847,3.4604906323046998,2.2644914859186653,2.858781788608434,3.8124679603694105,3.475390918598612
2.8057327430241696,3.288066559195507,1.6346959822681242,2.859139013518131,3.4880367094772,2.25740198081894,2.776204021646317,3.252192275727802,2.5994380857873587,3.528174616172474,3.775078316304631,3.1512193122008423,2.5046924680315104,4.044660566280989,1.2466984506047283,3.3523035291136014,4.117669953605357,1.607590521674386
2.6144864112776305,1.3688299925856484,3.2474224667636085,2.9905704571867737,2.1913486944369316,4.325051770404616,3.9191855122659462,4.432629255825178,2.7048791908060403,4.060694087751027,5.704419560995072,3.1974131212093875,2.9534470236307517,3.4588347668558557,2.4371812631565417,3.7799711045429003,4.779695892153549,2.7502022417446432
2.9212207011527664,3.5485984111358446,2.0075934188285665,3.413070543904417,4.987326500007914,2.3919205509303354,4.228838408351053,1.9028835107799495,5.3565699373374605,4.241016377975548,2.40080759826995,5.466800028727507,8.673328094582098,5.2426103253830405,3.120414933633656,10.546409404110493,5.411218705969795,3.498976802088411
2.2051282504410743,2.9822113361148435,2.3296204357540398,2.581209195625822,3.036396225795184,2.6845283895534027,5.963796204682146,3.381068394460735,3.1236315205047003,7.418159059366873,4.0515657953402355,3.4282280223764907,2.2783279093804074,2.8792557741895854,9.874741310886552,2.918474759093055,3.2374028726484507,10.166684990139556
9.203428702568214,2.48551883130339,2.320501177315482,9.722972944509703,2.8742770339416177,2.8438469708678618,9.35539039849439,3.798063392511646,2.538879141245372,9.761778957987667,4.502905722069308,3.228458281432615,4.029591130511644,4.0441754431742165,4.592816888508896,5.825065964120216,4.108785360939862,5.446680000065754
1.5024741279027998,2.400446292670017,1.6784543449615144,2.5377005807890383,3.564478004261936,1.9078682071587687,2.155545751461741,4.969954331845418,2.4055647329359937,2.2466430476334884,5.127051544896016,2.9894792566624666,1.76683686965056,1.8112368193885977,2.5212470325588807,2.3236891010426644,2.3853822632096904,2.993441134248963
1.3332921677528058,4.743543586112308,1.148804734460232,2.3062100685637366,5.159557963203464,1.9562214084767056,1.206504704290949,3.351672330629518,1.6959511186227263,1.8863353001323566,3.1430596865073563,2.1668409465811913,3.14197503544909,10.559552736616993,2.1124718982181925,4.1714165201132865,11.724969147583492,3.3453756157477814
2.119777774113757,7.58663153998941,3.566999324645509,3.072964029685062,7.7934326578963224,4.485559471039572,2.5770193363620586,9.368182650013878,17.117479681099656,3.2314694300076767,10.01786962373252,17.892406560512143,4.966627013287925,1.4754929336674925,3.455950624344045,6.000802078952091,1.9507453640542491,4.007309897436317
3.13998243403576,3.7687327864647884,5.465907701816035,3.342525857375271,5.53361917318347,5.529199354123118,3.466729123891813,1.1011391359513254,4.425384484947948,3.615653277643329,2.013949704942163,4.413252292573053,4.70858070658209,2.8213451975961985,1.7807136873009775,4.966311978982819,3.920469044569582,2.412351062403375
2.629851803582272,2.8193344110354257,2.0651478287603022,3.9611343485572683,3.0908285811066123,2.6262605705721445,4.807689735066304,3.382927082182239,1.7335459251980951,6.494615153512607,3.8312371121370923,2.032328892000829,1.8326649047347545,1.0191554966098397,4.417890339851039,2.110053827082279,1.8228516471137324,4.593271913498555
6.646593917155051,0.91047875991598,2.545365712038632,6.698317110543917,1.8164387630721301,3.2631203533465936,2.971055650794704,1.9742421355744537,5.449789336548309,3.1427168249782347,2.149135479163428,5.44297984577785,1.4558377026974434,1.8708970064155201,2.3288838214894048,1.6106721880521189,2.6732782168733156,2.488114333553714
2.8898157292605386,2.7949445704808413,1.4449811552815586,3.631828712128945,3.6613068921114174,2.2537622331695837,3.4554796417535085,4.791637466168477,2.1533573043690066,3.6415654243499262,5.832036232138306,2.8697844843070013,4.4498764435129825,7.28494625400182,6.455610782665669,4.81227130329752,7.549303900983732,6.930086103737941
3.4042180001416806,0.7837079998012034,5.233447307612922,3.5261230472169487,1.0358128222338383,5.505619115725876,3.348458880473739,1.0338162416401018,2.402359868911435,3.877376009898124,1.5520367269708473,2.612988806846219,1.9803651343905797,8.6920476960883,4.461714022406847,2.439287077417012,9.935793472866738,5.224531993821995
2.5417087325905023,2.2018682416329303,4.666318171662346,3.406816751077066,2.7433794360609918,4.833597462363071,2.729867079131912,2.8732930917346513,3.3105438615212845,3.5687488125802243,3.035058812019684,3.5881551202211237,2.643022739558585,1.7553750090943472,5.4568438441938465,2.558032967649395,2.7857543083849934,5.490555990137624
1.8232385187515334,3.8918388269451674,2.4698386306323226,2.209694933482395,4.868591610708289,3.367339395241208,3.2729741988957435,4.206916280607864,1.5847164421612787,3.2319741539009392,4.249148589375746,3.101504444997431,3.1708242307917023,3.1264427551982785,1.865585257378413,3.5465905600490766,3.075725322446269,3.2070907011323775
5.258645361979418,4.176760523164204,2.6068829276429923,5.971117323270211,5.743394014676689,3.0651413317557807,3.018650865163977,3.9557882516828715,5.479319540523519,3.80380118528965,4.67703065963751,6.834441043965256,0.3507344165313336,2.712063170554413,3.2831479358645814,1.1345714308376667,3.568462988261857,3.940166726033261
4.3523467340938655,1.6486084912137737,3.8956197416710356,5.696639397533335,2.469629014160093,3.8724102163412706,5.258931875173562,2.323979014548472,2.4628568592509232,7.0418774304115646,3.8941861205036457,3.0303040085978727,0.9525502128068727,3.282068565722167,2.249188165591069,1.5697548854037802,3.8929597727299066,2.5353625038725967
2.4203481114238996,2.8281687514693483,3.814969656842691,3.729106458236571,3.0647262456972877,4.678204934102517,3.7652799107993147,4.272005035162069,8.914822099652065,5.073324403239461,4.363701526103291,10.753584596999985,2.7907541785802485,7.87896036766684,4.793332391295864,3.588906879578552,7.954166717705622,5.993023816990146
7.778858687679036,4.9272339352433825,1.8457594085267477,8.415972381121426,5.023523808279383,2.3764034059286185,4.024639378524376,3.0560804441750955,3.884211148459047,4.357091025347736,3.0283986547854043,4.311151323873471,2.4271387438692615,4.546131367265783,1.8199563708519382,3.2153958577711768,5.359729803173293,2.3401038635985034
3.6271143173895,1.961934755989712,1.8098065089617712,3.773890143049419,2.328333035903203,2.405598161114308,4.1075925994606,2.7619957492100387,3.0657689667993173,4.8467519696133055,3.284543963318897,3.0128958123000467,2.1582519739614514,5.509713077032517,2.97327507628114,2.701259588711213,5.546381170921024,4.071760371758419
3.368405757199645,4.772676698270859,3.592341634566342,4.492006531579721,6.366337402035709,4.618677961676186,3.0142811002356384,3.951832903246863,2.964357031921565,4.2871040261872455,4.221754974626094,3.5558144492355335,3.8798917296593283,1.4073028759332924,5.002586278237644,4.751064634808776,1.9009693635537397,5.403329950653306
2.163401450598176,2.2864283662415685,1.6439023385785774,2.56543846768569,2.9174833840792536,2.2342402763917306,2.083265320434381,2.5775721148595867,3.154195951790812,2.260693155095293,3.3232374466056966,3.347644339461562,6.471155468985004,2.8435302498933743,2.2458398569313918,7.953186171126184,3.7827232935392736,2.8373471834660284
3.007654241926708,2.6926698318266222,1.291229886955528,3.1964710298728143,3.7519154686058744,2.3821298850475774,1.8132728599652257,3.245884664951427,1.4615266008285595,2.3308800882668117,3.512590463508421,2.7179197096012215,4.431275833520937,2.358528843857238,1.6907255053416266,4.749537615335264,3.0370009390085695,2.513559351131919
1.9314107239888403,4.0704154827276025,1.6289045695540074,2.1983488408885328,4.346617193565439,2.411683790514505,3.6382893963319436,4.436904529671743,1.7727640018035224,4.138217100960583,5.35893661591558,2.8956437680771048,3.6355517278076626,2.842611489203578,5.710286090823976,3.9549283643914634,3.818406051498313,5.777161411847269
1.961610964386303,1.8302028259057934,1.228383346518973,2.938274283999716,2.088998868705612,1.956923410757612,2.276157724380233,2.6953337867894294,2.5932302047866918,3.304651948774072,3.3944192845446572,3.0033218321613444,4.346333629103489,6.098589062385417,6.239592990431945,5.690466924469158,6.37819784521512,6.384880785746041
3.605850333190483,3.162796914557399,1.5721784209414753,4.345398466013646,3.7484728257101283,1.9574120894251796,3.434641563969138,3.298368556288028,2.1287438298473624,4.288458053293794,3.721568820265097,3.1087266101336604,3.5402115845953253,4.611080217567245,6.530827924735142,4.3473759883545915,5.106563379751742,6.976821639613201
3.337114836639655,7.252366732545764,1.1887093833214273,3.561711501087096,8.021133255907106,1.6813076747907838,6.004944127025661,4.424109991895913,2.55107863119148,6.567816716586641,4.890528281592115,3.3913774134046983,1.729762312534681,3.361672332128327,2.780669076993362,1.812860555544551,3.886214601681996,3.4784020612965802
4.07099560475673,3.621404965397634,3.1778535051659307,4.214720453929725,4.690553134008943,3.815223991366962,6.755675547711643,3.8857333547682757,5.568065421589233,7.541251176666485,4.270428639311902,6.329632294259298,3.464265082292546,3.173902841523869,1.6055119847448656,4.075152329236201,4.224368128260737,2.508703381239391
5.440064463141753,2.7218821629825296,4.49473049132092,5.908082449342525,3.098082852134621,5.105252671523441,7.772806201827198,2.529822203321856,2.584202043289131,7.932816100631556,2.769114369417348,3.1778195880798457,1.3588210387388402,2.307546375946229,2.4153843827343096,1.6118972993986744,2.7984285392273938,2.691532143255953
3.9845403548833205,3.9683250316287304,3.5763267049618777,4.642038145015225,4.626684976222787,3.763429948152655,2.9570627842908235,3.678363532241321,2.347769439710876,3.571720239627469,3.9484828702896215,2.884979688220074,4.228704874029922,1.6572701499691023,10.04928796739311,4.323785274604205,2.001468941624425,11.363085496835698
4.367201675699932,2.656721984438895,3.194235937882623,5.009437495187283,3.7388436622721373,4.2875114396861305,3.7477299671233,3.050088432510208,4.777842869860755,4.290686985763948,3.7631417242916623,5.1713033795671235,3.251189345844653,2.002651750049693,2.0759966310271314,3.8201631043347457,2.8602619393203623,2.9837101020045127
2.7032104982815586,2.310681635373782,2.5087449416496543,3.150286220806052,2.5429084927486714,3.3632892190674855,5.417322188958778,2.626215344721489,1.4354087802325286,6.244708382267541,3.256006435934343,2.6219242014596458,2.120887300899634,1.820785773194705,3.1549909002277112,1.9538746991987668,2.808517001580009,3.869347245784565
2.936010550383287,3.247256315503175,3.148593319397687,2.917550959736208,4.6714601887212535,3.465614957663283,5.457787053059815,3.7813812223512597,4.205039501083669,5.4117839070030405,3.8552321858423086,4.73406444381873,4.495870472178007,12.296895266260556,3.2668584782456045,4.9284863216151535,14.558384038809798,3.7549423201932384
2.224331716131459,3.634524056785834,5.51455890366564,2.1765411347076986,4.585444108603534,5.526000437243247,1.6792002789966365,4.204095473162048,4.8075525473247795,2.3196723938138017,4.374900645636863,5.884922837382729,1.8163560306709894,3.9526005028894984,4.75414471970587,2.717162357563802,4.617548296287157,5.097030689228845
3.185013951740514,3.993937939039244,2.289550044274648,4.2344183001247435,5.267355807176081,2.6042744854551687,2.788215429483838,2.354841946057529,3.211615047705319,4.073935291317603,2.6328500813965654,3.492311011006193,3.7538152923803394,1.9329054806999046,0.9418724094965706,4.620223494618381,3.0508554664465604,1.5302197095072734
2.9056258363964664,5.626503652028445,2.7968288054997306,3.2006084680189644,6.220963108510498,3.512504468065541,3.297027815019179,5.169105738403484,4.264820408154815,3.234587138758971,5.791329343770931,5.115107832140564,2.238520810539287,3.436880367742619,2.6254420716844944,2.729497600714734,4.119469557071182,3.5819279757208458
2.970515446921573,4.11993159371569,1.116716654608292,3.975209895489602,4.091514458428337,1.521410340236721,2.4544176079882036,8.997539169471356,4.989311215562154,2.858518189345728,9.737658330919581,5.0346541192380805,4.946389717962633,2.5609329895222044,12.831912328359838,6.004767931860132,2.6985204843938626,13.538527731157911
1.5740077362019218,1.4339603663768548,1.0443641745801688,2.268741576198011,1.8189975009738442,1.7772325390305799,1.6611025513742679,2.2729082151362774,1.5314192859207527,2.172801197937345,2.352784273167034,2.530419100697535,10.464361892341381,3.155077253562883,3.1196699364851277,10.934062196907254,3.303517198020203,4.6066784760492805
1.6428474929036059,1.7422981467197274,4.490992590419324,2.5734974307105936,2.403718519909364,4.530583614501262,2.0613749429888815,1.6444256508597572,5.834427605727834,2.6462783240958103,2.25270363070623,7.0307307658825255,3.665779096227585,2.7354816567704594,3.676628183016622,4.275485265489347,3.317461608831816,3.878105457300677
6.921446313582676,2.5013822098724043,2.8114696579285865,7.224071646053844,3.1513562045516954,3.521883746456797,8.079971928697777,2.765049189936451,4.585745937140858,8.732377270631465,3.0192651642506974,4.839227018221442,2.791965730939166,4.1444630645092175,2.3751711186351745,3.390446312214295,4.755543809097914,2.8748888316350447
5.083789312003506,0.8615689193149348,2.592034711834181,5.072161447528642,1.448193749600808,2.992052484193485,4.996471761558402,2.234217231078009,2.4536429372125195,5.08322484469825,2.7882317664406195,2.8344712200015008,4.2852150927925265,18.08773408947756,4.079490198099279,5.256638661169071,20.431472583801764,4.914051360935906
4.972264535879663,3.6125207002185964,2.8395388783879523,5.14735977972383,3.652255019070839,3.502072167165185,3.9973213167169592,3.948439586758171,4.803613404146877,4.126152148822756,4.080993761544543,4.739337808658203,1.5908547509066167,2.8951436199388834,4.655002020963592,2.3217332672089355,4.433709078931436,4.757835151931855
1.8642755868540413,1.4678006097471543,1.9091193408130664,2.3044706210871584,1.9775926829653574,3.250513430582653,1.3180265982989399,4.5562458163827175,1.805699864916854,2.1391007724090407,4.9730204541473215,2.557253497711686,4.256936519448883,2.844111785070031,1.9852006227643813,5.585021559899614,2.9191255671341674,1.980200268219358
3.375263836492071,1.4348006241707645,0.894310710661586,3.470811535414136,2.0499597484096057,2.006347859101966,1.9968836084611203,2.9828191226553304,0.7912081993036828,2.669485380179369,3.347312133658306,1.437918066491018,6.170594932485793,3.6428691693849315,5.81296568466341,6.4931894716511716,4.103022027673076,6.534943946856146
10.994679900923808,2.4566995323280985,4.6629725677377705,12.433445609519303,2.966387995092682,4.950002566758759,6.667660443188746,3.6156068373441608,7.5853199476522395,6.731528008535689,3.705363884984077,7.639832904004589,4.123266362084169,2.180994454553708,2.3311551795899534,5.10114950398263,3.049716815602704,3.007128457505972
2.390281169109471,2.5010161841861773,2.6951983498542003,2.6265419636205602,2.7843315372102957,3.304416884539154,1.7709126902186467,2.9326321641520727,4.632416943145236,2.2611514929466714,3.1534587828230265,5.995896912805325,2.3660776266742234,2.418640562846079,4.281876399245328,3.4712819016051957,2.9808465431281324,4.7695954799471165
3.838010062975932,1.3841356172245505,2.368515138207612,3.8013361886482104,2.3346533899665323,2.6079987268930718,6.940404923181413,1.94279854107725,2.145076202491496,7.080211867713832,2.4702012736873376,2.7258274012571753,4.785437879075188,2.691507012019535,2.356473190286532,4.964077057343352,3.362077147055963,3.0946271686737497
3.2752361950131155,2.0460416575879337,2.46785639077939,4.885465449226971,2.5371561191577507,3.3079220469268225,4.3976166031805946,4.853427733919022,1.6790125627870547,6.024742271454477,5.184894850951903,2.477655323589027,1.9611231837286136,6.475257591677414,1.615711447832434,1.9776061393160183,6.7735882720136855,1.7756306718913226
1.2544617160160054,2.7358018730934233,2.4750700467170876,2.1488156455674394,2.8575141117704272,3.297330921713913,2.171006314139372,2.770149904693527,1.8964850549239425,2.9275639543134853,2.9212641070886005,2.431226315647191,3.061910100986579,3.8346126690342563,6.213326755240517,5.103634595708498,3.819102575810766,6.506717467802489
3.027805947906527,2.9936873318469077,2.2350718305091206,3.534145816248914,3.448584307558345,2.5415429411773456,2.3122484227662605,5.230966216775512,4.001085097645003,3.465898135686715,5.246331961480371,4.009610019848247,3.8900671834053644,5.650323483808063,3.22549532327908,4.702253704385413,5.698437127798408,3.8874180312638167
2.3039037920894123,1.2301005256698603,2.8655780078410453,3.0598589129382425,1.8909201104943516,3.220111674068857,1.6631599426027774,1.4002741707425568,1.2482096833896472,2.4648208496714052,1.9568307544620085,2.0102714118909426,1.354106066135724,10.98595556546162,3.164716434642695,1.7758188875940462,11.961073487223981,3.5307518943843923
3.5858809565354792,2.2117836881081305,1.4410484758223912,3.5197107976956428,3.694031928745405,1.892213378846791,3.1660177665031677,1.7351402345388824,2.1579535911802328,3.4293418560369693,2.632590960228036,2.936485546156746,4.483643710412538,4.2045044410399415,2.4525219371056983,4.6120824318744145,4.3647875923022115,2.5956449812527356
3.5983596124828265,1.950432151048409,3.6521004262287713,3.7472112348320135,2.116321596119931,3.8027117284447187,4.0410673346295996,2.428364248998806,2.1271813048541723,4.369091910155493,2.9870689988266053,2.6532121092537344,3.6608142581181564,3.0999823833181015,3.195313377828976,3.705196913195406,3.2419517764941146,3.1832800743969427
2.6496503182636895,2.5254402641004665,2.9862817023610395,3.2367009083283347,3.9323193020214613,3.3802148413502384,2.5792232533782444,2.8147409055357695,6.151937555610911,3.9037433337940013,3.653746725916177,6.167178859689664,3.4327917323180084,1.870880542958525,4.058033797397731,3.8431558027170496,2.9606253755858147,4.3472565953856455
2.4772378831638022,1.6211483762628582,2.576795940577542,3.444943798495337,2.456962513126537,2.8152968753732615,3.827427667422149,4.069014706259707,4.142058161381993,5.240276547061821,4.84579565452759,4.39715296798637,3.733609832211442,1.5728421053359503,1.2290313985824581,3.9141109062939723,1.7272450121058518,2.1691975612078034
2.8193050126021078,1.2578200572373155,5.3524132543460246,4.319054394872227,2.099648435153568,6.14815421643783,3.211577908212343,2.8194786596711774,2.813628254097835,4.951580973897217,3.114227659736003,3.1676373088859933,1.11469849063872,1.9891813369897635,3.6011742014916996,1.528568099147054,2.869985698550955,3.9409089883747352
2.2915981620353,4.061571949027771,2.7170036837698093,2.883384554779899,4.472673481826499,3.2740739718022476,2.4469214263790318,3.090192365697628,2.998105447724487,2.8907551910756744,3.828607630974909,3.479118946826105,2.846470222097721,7.424857749395709,6.150730639376148,3.5263825299415443,9.290921511102125,6.170482947970137
2.4956041862772422,3.866321374679775,3.9073701439376727,3.190698389330257,4.1188302453456345,4.446371275796903,2.7782049681664374,4.939075661867164,3.119912157517829,3.5073875760715194,5.226009687736954,3.1661773074184913,3.1395536030372915,6.9203555111044395,7.1956765626574555,4.3765902421499705,6.992464837595024,8.612887801229736
4.898149556646008,1.0961876692819248,1.929078625932196,5.36691878010617,1.9954948563096304,2.614606966665251,5.873500275969428,2.2413233379594386,4.846554865510881,7.438221102267264,2.297894022514019,4.828003418056388,4.447217790922942,3.3007999105455292,2.183091470801544,5.289244708173798,3.7244531153176097,2.5143155295580444
2.1991974580769456,0.9397963354675967,2.970893098918636,2.604575844968963,1.3440803190824824,3.3468655101573,3.922902381245279,4.074571576913367,6.231162518564642,3.836036709854379,4.2983948303452415,6.390197031002527,3.899283278677071,2.215344343873203,1.688917059216098,4.482495285582799,3.1457047407297196,2.1479111551201875
1.49398272347169,3.020888640242509,0.8637018214964097,1.8421198946995698,3.070815635047684,2.3334201712029246,2.53495928622897,3.354744489665039,1.3650651510256944,2.7538882778023446,3.6039127154981974,1.8038360300750311,4.097446986997581,11.51312110010754,1.7795427220379545,4.749898854433757,11.73320192037527,2.6403370078803254
2.5212021854068505,3.5455604060425325,2.1802352223248804,5.180041727286857,3.549930767556371,2.9079220262253513,1.3738472270596986,5.88733761337108,1.9649753158152372,2.6751692427981926,5.981734099519852,2.36783384294874,4.286665279013061,3.086311081367416,2.193838148945865,5.228860856441006,3.9569728821624395,3.297978985820177
4.060740718346719,3.6534634311110716,1.4684292733913733,4.044892686875785,4.513199163734843,2.2115645999461617,2.2122902771570954,5.644735979060504,2.8641780892392714,2.6736736672825008,7.15325291310995,3.491281628816761,0.38204002874571197,2.234723251671372,5.203951683220944,1.6550484023538408,2.664394702998666,5.214105861934962
5.270028380777118,4.724920532773684,5.777682272252946,5.288295952775117,4.695019239824263,7.984086064553212,4.1552731626200705,5.884229432314477,19.227168408213807,4.9426811250358424,6.181280402461823,23.41460161902488,6.442212420771953,3.170074604480942,1.6929880248019455,7.376085678524548,3.3803172885038264,3.1172792548350583
2.444976650622069,3.252123840520285,2.448548942728749,2.582353886186507,4.083337553453847,3.418252110904656,2.2484394836062807,3.9013236738240624,4.286178820635687,2.928067772641848,4.640909548080573,4.696556528861549,1.437124671799543,0.915020312921379,6.88912089518728,2.2416433682206605,1.3202110683298847,6.903875290799753
9.006880284648327,4.636357449836771,5.448912158597407,11.82157768175652,5.323227297449565,5.8058743616023305,6.500168310575885,6.169067918214366,6.493566252549712,8.12284477386011,6.46334470871349,7.317692329657948,1.3351173157811107,1.8010344594057384,7.8446692439958055,2.566824981311806,2.757695945110318,10.445923954684686
3.8357644166009464,3.492307219131441,3.959027761943527,5.439645301595709,4.535497305611904,4.340150896497504,6.838897506087566,3.2559293640838094,3.8341764867166064,8.109864066764057,3.5044441026302655,3.8595369485954523,3.610023106664055,4.412871199820361,2.7146530090095617,4.659156001795198,4.490733789068567,3.248453367082695
4.093519803966939,3.404192932904699,2.3093174630184263,4.073278695194498,3.7461048529402694,3.428133676518829,7.6426638451884195,5.039319718530659,1.6053321213085294,7.73782350494819,5.0011843509701315,2.4452307654629557,3.280546567776063,8.477479094992155,2.397930113745213,4.109339043346599,9.476233053729093,3.0937640270459306
2.4985218978384793,1.9301434653424026,7.015231581914872,3.6054129733097655,2.2855889380615335,7.038322712668582,3.3646639348386773,2.480123108394227,4.05665418708403,3.8556046495609078,3.5566334194055464,4.3630076449069914,3.046366550917402,4.842509310631753,5.014593878024214,3.451314662284087,4.950269095607266,5.28695280806187
3.739703917967653,2.7005273846273616,2.201106997599331,4.241647747140743,2.9791517577838253,3.0184116279560347,2.629405942640249,6.268373237315373,2.0091682524080237,3.611403263696461,6.60421319380856,2.240024047486238,2.8341122402361663,5.911702196703191,2.9880908262914594,3.326089430073966,6.005810713367502,4.064146102212204
1.8913207393139029,3.669895930133388,2.6349079663659127,2.589690312540128,3.763269499430057,3.5657491285549265,1.3679408822585921,5.502664645835897,3.7480304272293203,2.6239518504081727,5.488416770457703,4.164475454722785,3.082063468419548,2.511060485374295,3.8992415783237724,4.2685222664551485,2.648587023147313,4.487740819987367
2.7263127378746024,2.7652881804220204,2.6620320077471207,3.444216713718501,2.9968352122105135,3.214973487943922,3.6183425749593887,2.249344668162447,2.433857074700694,4.0814334546714255,3.384785597436049,3.0800892588262485,3.37441975646458,6.039483370728817,2.6282018318485263,3.897328719757438,6.210134920201332,3.8957256535079363
2.44432132962799,2.3252094705194586,0.7294213659655971,2.7261508506887937,2.578939718889304,1.9027312997543187,3.120813238054482,3.344852478826913,4.159562407120055,3.0450600754971315,3.626338308126733,4.3165371532043695,2.704010956637389,4.444046372682975,11.81060828333087,2.987639462983161,4.463795195024673,12.2936840616169
3.592955834352534,2.9251499385995663,4.087441830727037,3.913830876244757,3.010839726687361,5.161211184063673,4.214190316892261,1.238314380629184,11.256278371826845,4.741382098447962,1.5601383964021234,12.045902820991639,3.8641715982997713,3.750675627705575,1.2009244855775665,4.775709401367235,4.114722856237343,1.5869377499806294
2.6067302117272373,2.8477454422650976,4.741769866069734,3.0546036369464344,3.156893910568882,5.005520225693172,3.0863780509601475,1.8198214231854721,12.516904576890651,2.97255626125068,2.8604038890290227,13.652004642267933,3.422198746243556,2.6517249928485316,3.691000761039965,4.045440316216975,3.0648192872058133,4.614176780637938
2.654122949324518,6.167101538265013,3.03363746833842,3.5328179737035836,7.599177989175788,3.2585468357427687,3.0301162069861802,8.847099243636876,3.744840938827982,4.382498825694547,9.572793149722974,4.097698890128976,1.753415141805146,1.3613986191529202,2.4095928006186806,2.4073322843610354,2.079014594930492,2.592898437413588
5.844986812495747,4.529409138263823,2.8074401241264986,6.460960935788533,6.063238538251417,3.8963890839501425,3.9263574651162827,3.1633390665874015,4.24660796965493,4.984504720216132,4.813842576160064,4.689319412171286,2.2745671073545215,4.293765852611298,3.4381673910339416,2.4212288388776257,4.75469386959945,4.2192107345689704
1.21068561384167,3.585422181272661,3.5901090388539854,2.149565985580375,3.7003459925527653,4.9295832949844085,1.3845507585866306,4.340325807118122,2.4385479714322362,2.1261208295985097,5.540146634274104,4.745483187391506,1.8590406473470755,1.3999363411145327,1.9678523745028844,2.878491178347929,3.43555307322108,2.7386819762236834
3.703005888254319,3.331606988835281,3.1296116784614765,4.12771142187832,5.114019248457633,3.2082434847251524,3.7449094578208024,5.040905670478979,3.1998875301696748,3.7526243219809765,5.209190300396615,3.391008041426049,4.016261558911486,10.615976842779729,3.4282736761927137,4.586018159363961,12.094097267628392,4.076743659734317
2.289816053568495,2.645684753098619,2.283447901101079,3.039823213568611,3.2034255227066843,2.968988934831199,2.489730643881166,2.722364441292387,1.5976940258764132,4.624986549388454,3.009962299385727,2.2735243249137,3.2433767060257863,1.5452097688520856,2.3884767008465855,3.880647609147715,2.2892496212438846,3.1712060834306937
3.816486069961864,2.053685462448722,4.521594937463446,3.777110114659982,2.90751952622609,4.838544921509319,1.856500127448907,1.6519401505603206,2.092608186911576,2.2522729118632805,2.5757780704068645,3.0241280242291513,5.422205356314692,10.098647668686077,1.8512705220712948,6.545525104732801,10.895111285868452,2.4147258128933777
3.994968951150759,2.4919780119857147,6.263986947128529,4.401555576146488,2.9022925759121305,6.1802085063429715,2.358692297249312,2.8478936988056303,7.851333019941486,2.409326334341525,3.061426162844916,7.922264641435013,2.377407244949436,1.4695422838903376,3.20303473577757,2.59329878158119,2.614474918372765,3.4131538310604843
1.5726022600690677,2.2062214727650193,2.883405295852035,1.8593375011422122,2.746721958118597,3.031269356231885,2.077917342502161,2.1410582653707584,2.0558251122367146,2.6227010084372044,2.881700921158538,2.410328502140797,2.681634287667385,2.174800945064421,2.3580591244374363,3.117249834776217,3.011973131376149,2.921365196660466
5.93775793604909,1.4563256198646204,6.699656812805449,6.269504607285877,1.8019008001718313,7.604848077093947,5.348098104884383,2.834342522686629,3.857953242901943,5.96626726196334,3.43474050781387,4.451617581510164,2.331544373394824,2.2296933271451147,2.699728350462012,2.9179362508787983,2.7314027492905564,3.6775954187662547
2.2564863435953115,3.0932946315043823,3.3370994581593596,2.538738862816021,3.6053803737094343,3.3335992518742836,3.1464537865205076,3.3220159750674356,3.1364212168769785,3.398645834051624,3.542885488351555,3.2696048782592575,2.4365629440714898,5.42580704265397,4.957906809398051,2.844343322006633,6.39323470779998,5.122695138742829
6.371354604398586,4.088077329363358,1.810419514096717,6.492062788159499,4.256950202253079,2.080858640292005,8.190305291095642,6.62870993927608,5.257512498536037,8.550563150452469,6.9540386000427326,5.52980946938541,2.8999842457689717,3.494636184090247,6.753656941301618,3.4211471450429034,4.181251778438147,7.163664710664969
2.926363086084904,3.944394278730699,4.670532516247513,3.993602290982584,4.9453513406394585,4.599293776676917,3.5875968463921852,2.024865852144953,4.692873652368734,4.4332841329038555,2.870725225911309,5.232496816324211,5.5310442405096065,4.7006003835342325,3.1328281873587667,6.213891945962521,6.249176284901616,3.622726956884521
7.664683515385797,2.0951499527288013,1.2155415896573765,8.299357198500523,3.1420124279108923,1.8563873873944707,3.3415447172940604,1.339121921865367,2.797013359571702,4.191840431848343,1.8970197909224584,3.1474667243529764,1.9046958387098185,4.112807614768602,1.4578661936555104,2.537021207109871,6.416092567583157,2.4645597011292244
7.848438116343437,4.81484489118332,1.0262656803170092,8.386733147175812,6.332624071327497,1.6159767585975733,4.65940173375163,4.911770505181241,2.18571568285091,5.233296952658088,5.489316922865257,3.2800516562865085,2.7702806495042807,5.129281260401023,1.3377034357014737,3.141437234574007,5.335060602452577,2.0122502339149846
3.254104548369196,3.176040090079514,1.7574439162110456,4.677922945373306,4.206902685551543,3.0386683593948147,2.259568267015343,3.1957782125373697,1.767836769116608,3.8311971897967334,3.3703145848475065,2.9683724976636574,4.351022357394617,4.453249928170877,3.0949458956316835,4.705261399176895,4.544666193838884,3.874622125134463
4.687285876735411,8.180571985032584,2.7497552566193897,6.396338583001128,8.197128514668973,2.9994611280037313,3.3904402791918717,4.8029576664565266,1.5236944561210481,4.3981690313854385,4.850072287315731,2.123800488526861,5.6171356169623365,10.392580262459362,4.322501439374121,7.042103072121434,10.916330537570419,4.439218761834362
4.031558226400857,1.5770811722131268,1.621502301169199,4.035107767465009,2.618299781206452,1.9886688196099138,5.501408739315002,1.5211729177769002,1.8456578906415395,6.256099156783326,2.018246252140243,2.559262292551402,1.2980566384878933,2.894399891288746,2.7247601550338207,1.4919327850536817,3.445498750139928,3.6450948087742665
2.8537054882264137,2.604126145373554,3.853602072332192,3.5027083678724815,2.58823731580333,3.7561529055854077,3.0568755996980075,3.672502393178327,7.178761372577149,3.830186362322096,4.330197386969987,8.335988529050393,2.8277762160343514,1.7464732756514032,4.427130119853079,3.117941090099269,2.6555073721221643,4.666638119871767
6.0173046740122755,1.0232847342874354,1.4338498307252092,6.01403717413254,1.4427139253381602,2.1925280956232713,5.222531399077958,3.015407415816031,4.566201238663552,5.223768335108903,3.324381432366729,4.55885354466485,4.691919290081916,3.3742524311920445,6.2656801857015285,4.992861150992756,3.7008900155114626,7.022803925908392
2.162285392199084,2.5345167985426102,2.1821788752105387,2.4320153666522755,3.4699241172813142,2.551707195862871,2.3570137315245443,4.682130324630073,3.052000626453676,3.0401198020904143,4.789391311767917,3.7789522032126133,5.971020562665693,3.8074850149612995,1.7018111495050143,6.279192091773919,3.983481026309377,1.9485506942065323
2.1077084635579,3.290782569012489,1.4541267991598943,2.6385364074626705,3.2960920642850833,2.0683060886880806,3.0202018120586103,2.9626111346831734,2.0563776145615877,3.4936636600864626,3.442895624215508,2.4226066484079283,4.868182616497306,3.3664494640805582,3.195258843550194,5.096493985394574,3.699945182675097,3.6869935321523997
4.3642790077963625,4.8942880856301745,1.5075627028082168,6.31026035073567,6.473691688546374,1.9969737708085302,2.9434327236838462,1.9921481876462614,1.919764226028819,3.4057211562877647,2.7739725152259687,2.3767013029205515,3.184552903063472,3.229708740388119,1.4706472999504905,3.9369603326230624,3.3523030151822297,1.8139824569685483
1.3185303205699463,2.21661682159742,0.8872504033353862,2.7355539049469235,3.0315836430788394,1.3416676174252657,1.6579633063107078,2.505917321982891,1.8703598893216138,2.227979108546701,3.375544225717214,2.1781595329733716,3.0510636558064625,2.635131534767376,2.3571719723765026,4.0046403191668265,2.9157329918907933,2.777311004575807
5.59758416461879,2.078045102962353,1.8740358367710175,6.425268308623727,2.4328510799222083,2.0246458479005165,4.776399048766925,3.040210189461367,1.9523823050658244,5.686654637212648,3.4379457455965814,2.4668500278927725,1.5544388321879137,2.9795520931611374,3.4602595534575515,2.3428846176616576,3.960291349050501,3.914765148937286
7.74157786220262,2.300717675605698,0.5928884333434945,8.536894505860106,2.8611266869592495,1.7911418182386258,4.483931422866298,4.050926810354753,0.8008844993340882,4.866142151707554,4.651624562584013,1.5890379973099114,3.0514268316649713,3.201331471235467,1.3320285251578778,3.7720200076295862,3.633617491244226,1.8639793359872925
1.998230849689173,2.7009440247513594,3.0498699501210256,2.478901824713976,3.8639633916697846,4.328485067340096,3.3776878825767556,4.204778384903804,1.147440126510824,3.6261203499521257,4.828176174128947,1.8345930912765265,3.8155181964304012,0.8307370986919703,0.5836854480273661,4.062465746959012,1.4881507974843162,1.9368157333931315
3.8379226310854007,4.269634875669487,2.888137281790076,4.8636742980713485,4.248948495511847,4.6450331461971155,3.72019948542675,3.4601184971942645,2.65218590344795,3.8899828666119896,3.404402775615117,2.9629359620490305,3.413057456753334,3.7293490144024624,1.5270531406723193,4.325235915109544,4.531039456072291,1.8676863097561482
2.24789334900207,1.817110301711768,6.8594640847391295,2.931649612896334,2.1801136685021074,7.481036242604922,3.5588527623100874,2.0725351869181132,6.021793881997345,4.6796191436991625,2.6348493018007613,6.131481595407847,3.611035424236724,3.723671094327203,3.1168409224912232,3.868668632547758,4.5801370139945625,3.3524420468299545
3.1162111203070726,2.216282227205785,1.540044929265674,3.8837793476176485,2.72239024194996,2.731799904391714,4.01836296929402,4.5294358848528,0.918617042242888,4.529554568145477,4.768295999217948,1.471157357179425,5.538140431076705,5.305799368697172,5.13605372402147,6.435601406737532,5.978045773428113,6.568572112103939
2.824628926953289,1.5876544166848578,1.718834046530155,3.4708147216380905,2.2124542940134404,2.3758805680952073,0.793524523508521,2.3963434909202186,1.913144525582604,1.3540241655166985,3.5522522963194594,3.1102645828964786,9.804266129209383,4.608784388216431,3.160322959132319,10.736111931488978,6.431109042482608,4.0365563507119235
4.452540063606074,7.041576331515171,2.958578070990334,5.153979582133116,7.47202945966455,3.945679015694142,2.2124740700371017,12.342272571474458,2.29557168716219,3.4455244094049817,13.855053722707748,3.1293290646581338,3.22325687887316,1.3348846709598556,1.8432430445003636,3.7931183626618226,1.9073843456058994,3.9335709818868345
7.027299713889688,1.3628675335771738,2.5416107230455722,8.430192742478983,2.6164406986152104,3.2721753201948576,6.178449553428824,2.052479156276122,0.9215585490703992,6.2643575121365025,3.1407918852049157,1.5649951739664085,5.4373068726244345,1.4381368379530415,3.4393681652413473,7.764027436863367,1.879727418631388,4.031940096246847
3.084760764328698,1.916644088837668,2.79330862589526,3.939560694793782,2.870692259609882,3.3762397090628187,4.348106990358483,1.3966900084982055,2.71703773997162,5.161235139422809,2.1689645800044888,3.172745681022733,2.1610495382376,3.7439013646551538,3.7697450285561103,3.377961572287942,4.008954733499508,4.386699743146796
0.9693229800818219,3.1099664824845736,1.2432078523761994,1.3423093732661184,3.9991203748464916,2.059872516283702,1.6229934559693902,4.63360764239954,2.3142371487382807,1.7993726343680188,5.144060532367766,2.8641551216813834,1.196561811276648,1.1950261598497511,4.474441257613411,1.9379284943200936,1.9211857364038747,5.142133551170439
2.9132114736077237,3.8723156695139727,2.532294120991804,3.609379241178255,3.89556436527085,3.4603192670687304,3.514729973763511,2.7293720576579243,3.9784319774629786,3.4479582692049,2.7958742837228883,4.821297425626034,2.213969969474029,5.0473241352024045,0.9664126542056617,2.801062699965267,6.048620591952648,2.33532933495034
8.734188201787653,1.3210437951902432,2.421300463222724,9.547478797174241,1.7251555099322389,2.9102782353360426,3.4816356958147594,3.464164707273424,1.7224301585430581,4.119809274242223,4.231984012130178,2.2666096635997395,1.6839557086499062,3.2697487544339157,6.470611265403075,2.32212440411277,3.438168665211716,6.587785529947765
3.564462095436063,6.1591367406322926,1.774049095711675,4.35843606429126,6.9115036127331715,2.386696119790962,5.147900549833243,4.206320245062192,4.341100835550513,5.352374444002607,4.754871689518322,4.299753082671216,1.5706149990501341,2.1881433931272563,2.3161264597237055,2.073144143788768,2.9351637479502495,3.2855662702033137
1.9659421090061637,2.4042832781751917,1.768903115054071,2.3231358827952877,3.5144084431699403,2.46964208446762,2.530390988049614,1.328711293382285,3.919860182479294,3.3327454077337277,2.3179456685488353,4.471008216019421,4.272911661098368,7.373317806790742,3.511985420512944,5.098522541084406,7.627413193129339,3.866334800710589
3.36841762896851,2.976085983206909,2.922819708588764,3.965256816555122,3.9576837271144076,3.6822605694984025,4.428846459126281,4.297195481113548,3.4878791249430905,6.294790302492144,5.2659198027213305,4.150755854769208,2.9745805554157974,7.1414451547037325,1.5799639503951444,3.7911230326175898,7.337226341642409,2.4284286141603273
2.444520183339412,2.1670659968346913,1.4374154126943686,3.0965853713507907,2.0460923826564636,2.3337718583882605,2.346725628515171,3.395783590720018,2.6363706569817684,2.743072378692176,4.638395488302614,3.5457466787286283,2.7387346885881314,1.302545599011366,8.061800150657342,3.028374882235071,1.642897737116303,8.26368071073776
6.654197414772837,6.365818603368488,1.1662486892852648,7.629488461573453,6.557716117414084,2.100829192095275,4.6633969894010665,8.201556050373386,2.067853461235252,5.026885880167406,8.485609941825071,2.4074670224119488,2.900376539786272,9.186456000508194,1.6531673244992815,2.909226768554273,9.888653256146966,2.4970614827645017
4.616660619668372,2.2106552241516924,3.7156952889468466,4.773679697901476,2.9252883616427616,3.8901314177727473,1.2280636859732148,2.867994170074632,3.5494548452016637,2.3157724842827188,3.5808574323775666,4.884615788339751,2.183532590007602,1.4745421430118364,4.069628034999517,2.8790243509517612,2.0988722346185966,4.61984610100427
3.1029079979746554,2.8713320717324713,2.8734099353439837,3.6286301048111977,4.0977606682136365,3.7347608017462757,3.3327264569543846,1.2134477566588757,1.6829802741606004,3.9369689915879453,1.8684327067731357,2.535258701384558,3.1427968943102855,2.1812654304128767,15.059671759080016,4.877180467854216,3.0425201625177913,15.756274590787127
1.9565962425010774,5.204423182055619,5.9232204770979795,2.617315333105921,5.422762880069498,6.05097453673887,2.2443927947631335,3.307782605230667,7.753223515049631,2.378886465297526,3.953676212131026,8.603113435625222,3.594640709437783,7.809699892083727,2.889940174017765,4.014409001683332,8.060160789416964,3.081498105691258
4.479484530278013,3.89467220442529,5.191175904707524,4.6727313026004005,4.386326058611736,5.261866254316797,4.472742541162968,3.3472666461770864,4.065598613360309,5.8310346036232055,4.632097889725517,4.610288059246539,4.48084794851899,3.11534533727633,1.1577412386140276,4.756708262452961,3.9603931098390057,1.6656308571475078
1.4333086792023324,6.5984432216901405,2.66232077231951,2.1168326166578666,6.6054296776590204,4.080406484991625,3.1507043135800736,12.559560567088349,2.7720850830244146,3.6377591934671387,13.722598326343302,3.2702009990783973,1.724092784442315,1.394028340819669,3.152735499694571,2.4553152016433595,2.434957643099056,3.5562725875589765
3.6349378944778943,0.8736098465468939,3.405185498320226,3.73642781165985,1.7843071224491984,3.7341949854704075,2.1411916582716906,1.6572008500786013,6.356293189098522,3.154349083005457,2.156496261422967,6.763641697025603,2.7628791124916106,6.292521150242972,7.1056958023457435,3.65478236374272,6.389736735729608,7.888747002774978
3.1330588170333264,2.0063391568046396,3.3253777482988163,3.5858930010520833,3.1501031546563865,3.712583347454424,2.3154984039960937,10.190210620659174,5.884353761263761,2.6744020629248175,10.164067280173825,6.083641233272463,5.653298873847845,8.401357372649416,2.08287250961903,5.96494299564399,8.509870187275993,3.1414187668148728
1.6335585367243697,2.8197216081452807,4.6607741249918915,2.3834812511147336,3.6796939285387666,4.813201369919464,4.355779879507446,2.607581167793672,3.348813485425283,5.759263145035247,3.036087392693866,3.495083916076404,2.0995695069823883,11.25682679434566,3.9661683747469705,2.546037826077837,12.114193440839127,5.734800021688892
3.8073296276398514,2.9302082662497,1.8396107352530608,4.6802504447566955,2.9170444369908064,2.4398842936788894,4.362553704649059,4.546764550600021,2.345983651207285,4.781078023726092,4.500718529810695,2.4493234475364605,2.581034940170771,1.8312503476194384,3.404987270332647,3.0655430184402115,2.4697561318313914,4.095065344075367
2.8308831855736885,1.8073925377088267,3.1320756464311157,3.288582443097933,2.2728502594871878,3.15302518823508,4.606346122351064,3.0062332622143395,3.8784454011305503,4.861495315129179,3.3265254954388377,5.095151362525509,2.0467591081736183,3.7416310089444678,5.597691146321828,3.698390647973277,3.75980518393346,5.641578034596607
4.955015023438549,1.4862326995157953,7.471711593106398,5.260055890166637,2.0474540278460758,8.184816353939706,3.2612918833139024,1.8346449085116865,10.796105942044065,3.9524992076686396,2.2018847058765756,11.50432285155889,9.229917501546472,1.066691852686555,2.4138660950311093,9.593496852322886,1.7563647265331903,2.5421288718905117
3.4104044089483105,4.279566988754324,1.5456415354703357,4.036506657862483,4.749862623957451,1.8553367562906216,5.491722394399222,3.8872548236869524,2.9272527991226096,5.936124314221894,4.249369829157454,3.1601338292129637,1.5279618366365482,2.774826406149598,5.0032058025195845,2.0836919785000863,3.126860146028097,5.0060195201331394
2.133454765940655,1.992252647383914,2.447326942354309,2.7677230162385036,3.230485897185885,2.9499636254695742,1.5977553148519654,2.541555537240245,2.4552468888623085,2.351210837873519,3.192140195168306,2.764445503958806,4.278749848140424,3.7439179288144318,1.9293604300444975,5.468071294457243,3.933389156874201,2.8318233306079534
2.460116282024617,2.7104956774393436,4.329629193230786,2.641957746490321,3.027482314570684,4.324307434274631,1.8698434291412764,3.46014214076231,3.67182946745408,2.2077262855189415,3.803699315931138,4.438176842767687,1.624227179144325,2.3980355514716516,2.903789398071324,2.408319991311574,3.021260998302377,3.459483078559988
2.398017937228227,4.159111591187408,3.261940475299412,3.053701028909638,4.181571174040037,3.9163043994161564,3.1793712321271816,2.5079000216563134,4.018327698550774,3.9205429688957594,3.3610766791446087,4.461464657516888,1.6409155607752801,4.396222848898917,2.2345825697388872,2.025102709740399,5.443644029298613,3.174872052268966
3.186535817380595,2.4835070038324014,2.5445538821809994,4.001150327153916,3.019211956631462,3.032717756640958,2.8764407897187243,2.205077404143511,3.009339669287438,3.6053409022326366,2.690457310158279,3.353431565216185,4.196213348752276,3.3108202668674886,4.829350932159556,4.966998207941994,3.9570802008620367,5.048630041337396
3.538717380365248,1.6742983077074562,1.151853978515561,3.923238876501075,1.7290362007610982,1.4212308983476298,3.1372767317412253,1.5158048722650488,2.229034746415298,3.221776275916381,2.154408394466849,2.4500085370176956,5.224962113538987,2.988825773778463,5.497941741726738,6.058251315380318,2.9608273085372434,5.774400708389332
5.684531387514189,3.3603727465812683,2.7116408818928885,6.292011621958623,3.2988463314034373,2.9206959168555637,4.846771489110721,2.7905283146728737,3.4946299474526348,5.7935228067541775,3.3403440417719064,3.83233620115268,3.2844243112186025,1.8678766016001702,3.4114340869396518,4.4812698903960095,2.3736511437440866,3.7920897566464413
2.9848479322395858,2.165513766437249,6.3737365736960445,3.636537215729287,2.520203898799646,6.433278454671793,4.735265509303524,3.6569678819797145,5.126881855794428,5.830615641638903,4.0785548203787885,5.208567964709358,3.819883250742678,2.0903921905041445,3.0926196219148885,3.942540337719096,1.9995555782668841,3.539955601968628
1.8175246086670107,1.705228012002945,4.359577012662506,3.444068605640785,2.3035218905503494,5.545155626794339,1.7270418985136755,3.133734797849151,4.386025444158139,2.1087002405781403,3.511764033242335,4.786719749050089,5.410718700876049,11.18607201362549,3.9261194235017602,5.485579964547065,11.858800086370701,4.0616444271567325
2.2649132518518393,4.417565407300108,5.051126736078016,3.5094632982121685,4.402747095703537,5.2472670241681385,2.0660096082402557,6.348724880685424,7.973475655908974,3.3077180717033197,6.354819193822007,8.128901100598934,2.356961060733158,4.5189253962810065,1.0741861087236473,3.542669443683618,5.254077333567309,1.874375873453935
1.080133275780783,6.190916047565611,2.8069542823630864,1.5875827897253854,8.443478842097926,3.269609345803776,1.1973296517997503,5.297251759573866,3.4194721817598634,1.8498594323646542,6.204589972113661,3.8423446316878334,3.062618642622301,3.2367397638712334,8.938012318672843,3.3603190782769454,3.7640799650780914,8.959670460718469
4.091545588317607,1.6711384618728855,6.13696253963232,4.733803572851318,3.1828339346027916,6.3955367994065755,3.4856978431221024,2.0194205843143105,9.965205274633012,3.68841585279177,2.442536517593212,10.865116882083118,3.434987660384887,2.8821860875020264,11.512098205217258,3.5050914700757767,3.4211527228453456,12.075459801206952
8.24263000924953,2.2795251259885774,1.8175874270795112,8.434538034765929,2.820396141477485,2.4659622276243485,5.881265221986905,2.986933645371613,2.1477099326783353,6.7173771711482,3.6874802979810024,2.9675944038303625,4.4564082831437215,2.5165082052922707,8.751359730011513,4.6562441349007875,2.4540923357536566,10.754448815438655
6.038976063740603,1.599978787222453,2.27665477391464,6.050680111712245,2.194366337796127,3.256839749069536,4.283111912687926,4.163689598068411,2.962836250417512,4.687443159726301,4.882257416864323,4.61939781457998,3.131806953756266,13.812051543902648,6.745149884943045,3.671032272653864,14.232400138985037,6.7081277550798
3.3626945497687535,2.6031110169814253,2.376225972837546,5.399187933545491,2.9276514118719916,3.523117683744932,5.347909066454824,2.619693982367266,1.9928550562676706,5.965936903092266,3.1741519460526377,2.969497762011758,2.4311020616303893,2.4324620328861526,3.4110558685420225,3.2086655329446234,2.7839741687222004,3.6140782192301697
2.4294326654853244,2.209370735847988,5.665277671114136,2.5624132252508733,2.749918642541454,5.82084892586768,2.556206750421638,2.021145847331318,3.770836188668694,2.918346892334439,2.2703302795559113,3.963829831687624,2.7290011282177704,5.222116199497344,1.1855225393498094,2.708387590766863,5.276004181641754,1.6961135995454752
3.964257053826204,2.4028297188781713,1.0936909261536083,4.461945044701343,2.701882614608476,2.4360626236716465,3.8232061098173222,2.970339731387782,0.40875758655976396,4.084076556994512,3.8042659564626997,1.6474171236068331,3.227013818927327,4.6741283203038115,7.218564274105287,3.4216720663293883,5.495526215386064,7.280693760432578
5.779780854655758,2.3749330321702855,2.2000011998722755,6.113918420746032,3.132194774620146,3.7486059038562582,6.259627583355281,6.471622083695143,1.871497810604025,6.465163712727027,7.529432206896726,2.6605303468590504,2.3626960899706564,2.432671914183154,2.0994582528016177,3.1477129111604536,3.0665828646262927,2.750149832221881
4.658030834390316,1.5510506045893075,5.556851405554487,4.588536272923293,2.264667982466769,5.6792178838592955,12.985704884370092,1.5053377947203912,5.834641496574317,13.963820215652966,2.4578249738056934,6.54111915272632,6.199175569904551,4.181501400713403,3.0129064474678424,6.296418196769216,5.303679584279505,3.1816505028834547
1.5576926800638862,3.0838718125696283,2.3297334972898427,2.211528813009847,4.3425986325824475,3.3580565522584127,2.7418380628226973,3.9817278187129563,2.178952607807884,2.757683759633988,4.930099012941463,3.289844784317717,2.7257657015114263,1.2078800717742133,3.0401290553892153,3.5960455909859697,1.4847253601073074,4.238412582219643
1.927048008082856,2.958721017357316,3.8603247835732386,2.8839672151529903,3.8747683366861936,4.28602609472785,2.368303891789422,3.135186971846003,2.3841403598577253,2.9265352189144154,4.5747273101273676,2.8295272219242538,2.20140345970728,1.9274432441075402,1.9295035038307318,2.853247319016372,2.72231978702264,2.201301208703153
3.897131371613306,6.397325332009063,3.7528660976741017,4.604389248280568,6.701701666475211,3.644679042028623,3.8971731863720054,6.446216137696631,4.051694133359854,4.655875365804899,7.03326170775879,5.320412938245246,3.07669169298025,3.8293876560906885,3.113467593373036,4.878138141466285,4.177754646268135,3.8542700476804272
3.9472761699809973,3.4682104650471897,1.9607215826320976,4.610482124821488,3.503033853467377,2.3248164050111266,3.417592318768705,3.1488384844704154,4.456402607233895,3.873618675561929,3.6199489828946145,4.580074588549566,4.160260688391223,1.9320965522521087,2.3556054477978763,4.180719553848697,2.158714016502714,3.587422742891644
4.67454151998451,1.7707522783572722,2.3364603362005965,4.886174238361193,2.204549256045123,2.789218128127084,7.234686479682917,2.529468430554843,4.501255292846978,8.405837784790275,2.6390852957512423,4.449437323422631,4.082543003787355,2.2189585819741615,3.761034725988981,4.408519480582329,2.7872356590767104,3.787010228326766
2.5823878984764117,2.5417631260313582,1.7715351914528685,3.4751325125319887,3.3891982542485173,2.161625943105299,2.6070249382122674,2.253575208071397,3.6224806024131864,3.4744559964594743,4.029724144968105,3.932795452214865,3.8096484377359032,3.4061394859646366,2.636909501351523,3.9350235583569604,3.9560204072296115,3.579821439635696
4.466033166082095,3.2268909459884316,1.3223717447166001,4.385779668736354,4.505300072230862,1.874024669663761,3.8000223748197115,2.768772288652249,2.840114002493365,3.9509207110311824,3.9361780836895375,3.2647279484088534,5.289823602273753,7.932349121282987,2.750395009676451,5.327670969502614,8.054523168507888,2.95968043072076
3.0071904804319898,0.7519649401666423,2.7226363353794243,3.9822427923690022,1.4110486422333544,3.172943360651836,1.6107938523920982,1.5698190066144846,3.45593858243262,1.8809241033891622,2.529222547924527,3.9623453511707942,3.140336241270229,4.464641747266033,1.2847459721702337,3.3985375034053207,4.752958083680891,1.9955801504820272
2.837537215033944,4.452224255683873,4.51811577810983,3.457283870268503,4.479830251354913,5.0651252507272755,2.1432405133594026,7.136952840517967,7.250266416035991,2.179848603116732,7.828454048450565,7.979244473951956,1.1635046838502419,1.5307696443873822,2.6133411750455946,2.1909226590119344,2.3275024036469247,3.3364893452418185
1.9028690016984737,5.27597120084495,2.279930127072736,2.622595195367214,5.68482626586267,2.5461958014338655,3.3606443358890137,3.66377790353504,4.345585240501641,3.6834768543684127,4.765792712800624,4.349776687669221,2.24629068561543,4.217829525955636,3.5562576162190633,2.408532010654912,5.093425540959331,3.5208982457384637
4.240564207306217,2.088905719602413,2.3407452568339315,4.783088150053172,2.6335138165234246,2.910351619753326,4.207818487219961,2.1997431628657513,3.061484835213019,5.155275515450274,2.7015925703165413,3.6661936561714263,3.1209849745251743,3.5270599814885224,11.157390178291266,3.9558181823685414,4.144402582354301,13.247362511332916
2.9922557496663376,1.265113022030227,2.58527603729268,3.731422236611229,2.174062069289978,3.5146145426366058,4.503164684092674,2.452364235460684,5.403819852538976,5.820088995373105,3.1083842803726087,5.439692302988018,6.185021441208495,5.958059617275033,5.5157272775721555,7.036650023249099,6.404683462448212,5.6975730317878694
3.8562947215741836,1.7949399189636284,1.2663790439959968,3.9436940169244874,2.599738660646273,1.7838039134746673,8.388590035296179,4.232115633992944,1.5109167006270776,8.829441531337558,5.036300252352103,1.8970558290568242,2.7139006896447877,0.8899658894117416,2.644597771846092,3.1640812949018176,1.8523890469880209,3.3342158476194763
1.7844840240041182,4.3328772428874,2.9218528848452565,2.0504004071588566,4.616378965931252,3.3707211403522996,2.5932386851679787,5.535260326070831,1.5778016363536183,3.286848599300014,6.004803765547847,2.3698274405226254,3.3591065894933574,2.1144049637707636,1.9279981191931153,3.297563341937965,2.2578212676350384,2.8538465186874404
3.1677405056313157,0.9971685895524441,1.844973174613189,3.4286447377630256,1.459845115999215,2.9153439089076265,4.8432027374967515,2.9633488049038186,5.2359725371617785,5.178859594510418,3.696690240683418,5.437785644367092,6.13359347722846,3.1042736403297377,3.926086889411974,6.23679893676024,3.7085079161187604,4.033408006632282
2.5044628017114223,1.6417761653866396,2.3760163713453086,3.0631580059596466,2.25167357764123,3.1728778219646716,3.772870896526554,3.274900355568823,6.184852612558496,3.8580996730041073,4.776208783336951,6.19591485669977,4.325789830734637,5.764148337141882,1.3309483611478514,4.62037852307346,5.927431192545709,2.2272493948694687
6.276771034152335,4.709097750034018,3.0824042444878144,6.574615592567999,4.979987215337074,3.5631147946022597,3.4077391172998786,16.589185210835957,5.356794056678037,3.5279736382178153,17.905039146248,5.9494512322796345,3.0492566797102283,1.4086214684799145,5.178300841419679,3.467724360566388,2.246391070206849,5.397967555904229
5.15781092918757,2.2058596808516118,1.1768396878524694,5.138131500534314,3.165723622931795,1.5091143270282223,4.125068760363052,1.5045053640865713,2.2626748030978794,4.302585866390279,2.346418607330464,2.9439050526120267,6.151245528843556,2.427496120615623,1.7941906538765908,6.5065231976671205,3.2574362202339566,1.978528236137735
5.597134201534014,1.0609486548177172,6.135780206351914,6.225713006766603,2.503954312763057,7.674753642456782,5.319070000844527,0.795804771324754,3.601151418291788,6.277390284130124,2.2234525942007246,4.555811981869269,3.0658945712774854,3.541513799291222,2.5946694241748562,3.7303308468679703,4.212708994666805,3.9224321052461786
4.732295316707983,1.3054682736772136,2.5486368866706286,5.5633871227854,2.081053073980051,3.485426794724484,4.813102295692661,0.7186875968600424,3.490727716121576,6.040881955874445,1.8432064259145722,3.9418746448933146,2.1251705570852755,2.4734822875479408,6.434324966937777,3.027444851407908,3.2561452644472473,6.548250553997595
3.246428354705856,2.499358625276043,1.5536307418185074,4.306637073445279,2.9622164920705925,2.2540398383990543,3.6470150109613106,3.343372277831471,1.152492757480703,4.795509817511184,3.6070758990233127,1.404978548537056,2.1203202969179795,2.1135194433652456,5.07411607184917,2.7321815803111615,2.851478402060652,5.151422572570017
3.210804924063721,1.4891969929671969,3.078157791956335,3.900737747089965,1.8747023768508913,3.321414142351916,3.4541458874847293,4.875689293097098,5.8877528875578555,3.4336781204408386,5.71839116743961,6.802027858794093,4.036883092217706,2.2224589465797298,0.5107622109723723,4.841803155806098,2.9158139510918173,1.8367383725286406
4.060031005144324,5.226926067436349,0.8011508572656622,4.465202013366154,6.0900812064341014,1.651351639350659,5.2183728056946235,8.72680357660226,1.7126526977331635,5.599841596743623,8.856522345622816,2.018228610824027,2.542237045741353,10.315585272439288,5.663559322145764,3.27523237617404,10.887467997620684,6.844884784643923
6.400857691185258,4.907599265602432,1.5049809144812498,8.434934252374061,5.322628938071071,1.9431848570758257,5.033459010241486,10.553843241747176,2.2830743865738246,6.117037017024045,11.026342944765211,2.5257139125705326,1.0001570952827685,3.562271539186936,1.32033267958665,1.3895766755174983,3.693298827820272,2.1611319233552377
1.9486052034376087,1.6913014928265249,2.472795587507743,2.381881796674881,2.357940337946628,2.8903986794638734,5.069762077754233,1.8802954166934196,3.422208271166337,6.227433128215129,2.2231808047795774,3.9888366612404575,2.059480133381986,5.776970794748707,2.8759961137810786,3.1951872987324283,5.879541255104486,3.119509881021997
3.3232797456549847,1.808385039774349,0.9096121077563838,3.6473374702291306,2.6361340764636867,2.5667823836322006,3.1887958917498893,2.212434573260875,2.1594737688499923,4.531772915780524,2.4283187674677222,2.119999157205575,2.8333803593348907,4.228354224157383,5.712390454894888,3.4528402288650293,5.147698516442985,5.88703438898486
5.751751915942448,3.0395718282342252,6.408050862716195,5.749332620619284,3.2824832884460795,6.3108125192051885,4.127771049072167,3.348728360183901,8.353473395667097,4.962633620063506,3.8156302656255807,8.679494860024208,5.034899797444944,1.7195119699172097,1.376971047757572,5.532176216312512,2.460005373205792,1.7774577067993944
3.416944806058128,2.67396074732372,3.4136062371045024,3.8238042194710817,3.6121053516385406,4.07965926946993,2.062432713778049,3.2493509115478982,2.788610548109787,2.4651966059737447,3.914904027183318,3.103554577350354,3.3961078240489813,4.138756756872368,3.162349327161747,3.702907984365929,4.290588868832223,3.8423796891008526
3.3799459882690175,4.497312933288905,5.67543736160857,3.547796035186809,4.894634245167847,5.638852489585181,1.9251416047993386,4.563082515394547,6.009973248849577,2.04096147636796,5.376059417190319,6.777745206641304,3.353277551759493,2.9238581052864823,4.444616022976312,3.6260281602778535,3.1286310418633323,4.966858012300412
1.7328809524570596,2.598530265723385,1.7957100243352735,2.0869263420560342,3.4222607108801473,2.585068492167906,5.47499642656163,2.6172093187440515,4.686737936722984,5.797619999755018,3.639213820457799,4.591323430981314,4.3754132875307254,2.933584529769831,2.6732772769475406,5.4978080397606695,2.936678062493162,3.380820744840617
6.716376520532758,1.7862872006130273,2.2810215428258207,7.700751414469141,2.2875959902903498,3.123012767311481,5.740909159133969,3.6586169638109483,3.2226095242305215,7.352820097802117,4.141298786435553,3.9525119252610645,2.2702452480736546,6.662925288170302,2.166921026494159,3.296084380154938,6.868328689526846,2.5507580513929127
2.710032176417629,4.826028601503712,1.3428338499592514,3.547424171905409,6.317213499144199,2.5545816081302557,4.035158901394961,1.135265416769497,3.0364003145998146,5.147506473321278,2.0105764496606002,3.3460113824819135,3.9219714306261397,1.7993983663109459,1.8634688012411587,5.2564840342582935,1.9262996438744233,2.381898965231013
2.0880353168282286,2.6911497411836622,2.333891260181356,4.0003654880014405,3.152350545764286,2.590509881766046,2.872275170053547,4.232864143252454,3.5695242853529403,3.5945358002981,4.953653265302876,3.8114926486685485,3.1661181937834795,4.183805496362543,5.086864549256719,3.4900048754246153,4.962304326345357,5.123218670966877
4.736570943847442,1.9693522423859688,2.7918032755905213,7.249710801776957,2.239561929529502,3.227354337499853,1.9293443429105563,2.4465618604888486,2.301739617942931,4.008003799055212,2.5202315146389105,3.092747715523129,1.4151608845067392,5.894221730330881,1.6188588111164384,2.3138250068299127,6.010421846333451,2.268401861392984
1.6510337398483694,3.1231818346991487,3.0463044538700204,1.996727733007113,4.473603691106707,4.04011239987832,0.8709273523020838,2.4116075811413475,1.4578358566213556,1.4186886760632575,3.2762003429287647,1.9015112567877126,2.8725491474713802,3.7659764847580077,3.7184801145244353,3.3646293695842595,4.894100756682371,4.072243869513073
3.358664484494245,4.812065164823969,1.2720543513337625,3.8542237096670995,4.804554398657995,1.9847555404157642,3.7092682697742383,4.235684848368979,2.71409761997526,3.909926152928164,4.792748757137505,4.534133385558877,2.7425396949032543,3.969890800189728,2.3474542640215854,3.1546799283848412,4.26845522374165,2.902297857012349
4.428791099805584,1.7530708727569142,1.4724588993703611,4.9773788109811266,1.8733390958100218,2.0764741599253216,5.581290372784815,2.2049006829346527,2.102568677171778,6.464089732065615,2.774286832582024,2.6587837274193564,3.4163635747435546,1.1119131947562568,16.54166132094754,3.806303980836397,1.864857775522138,17.545949670791387
3.144819782956537,3.640566555184444,2.416280399111362,3.922438390218573,4.154702074156699,2.894759294568595,6.431673254722171,4.156454679483271,6.614709659802991,8.360034905442689,5.006621841609592,6.85447548721299,3.6168648475444742,3.726413425361928,4.331330467955141,5.115584927715732,3.8685545448744625,5.287914771673925
2.58123453587801,3.368219438258237,5.229174418936489,3.172995411221963,5.44440583848365,5.552527508419913,3.6746341118280164,1.8143719934406326,4.0768250105478625,3.7586735718101827,2.629421796244858,4.668928197559131,6.529881159837702,1.9643020607826447,2.050378497796744,6.7234768638251685,2.5266648490361416,2.5280616695733604
5.6488149641578165,4.611009685704856,3.181152336724654,5.8336620769358545,4.600385946436064,3.4153068939981353,6.572964974649658,6.584671346197497,5.713218480928289,6.520090198741725,7.0436207011014025,6.1473085926932285,9.374191341016623,2.9970643986517125,2.98299168737395,9.699834620668796,3.765580479934095,3.1919885929835425
2.495859924487424,4.650755770004764,2.6986144149764946,2.5832902936950655,5.02511603880913,3.376186147008774,2.9404192149447175,4.560879849003693,3.904032228652796,3.762130560338057,4.915809133280224,4.240005172042426,2.2636752792584147,4.647656514975816,0.5127215982685616,2.418753375142979,5.525826637312874,1.529512153386381
5.769569004488301,1.050238559557498,4.67314214548101,6.023146096509329,2.0223273461524762,6.11584038921619,4.902094395063081,1.066213967778664,2.0290289209050805,5.0399180290807495,1.8703437123199826,2.739405704926464,0.9347362446577955,6.900090136738074,3.7982687472075187,1.5232671553842834,7.228606026218152,4.702017338390605
2.961672540949643,2.3762621797771297,3.151504986037753,3.062521704371923,3.827184100396864,3.7873459660180333,3.1209888428435466,2.233995836621262,3.2503231734683395,3.2161552428390165,3.0923392754990577,3.9008298931757106,3.1687886275548425,3.800603973053034,5.100428086246101,4.215811669717848,4.314954607792059,5.2561621471415165
6.6041603707203915,3.8555534717805964,2.043664326361232,7.502192712978141,4.168834145038243,2.500915493411078,2.7333173596329288,3.6843819244241125,5.546856566282561,4.051627723513571,3.9364711525889162,5.672526289675915,1.764991511055966,3.7881139779761934,1.4396768331135363,2.654514782643178,3.969741892425508,2.6039379016664994
4.497404736598976,2.178385085246666,2.875724301247855,4.5057523964107675,2.9214704032258156,2.6022727630562947,9.655280612827685,2.044539949577276,3.4998785987863177,10.666940696749457,2.2399217663433597,4.311524710483982,4.3459468947567865,3.500050962974411,7.830600356193855,5.221300041566545,3.5960371993642206,8.072682093469867
2.0178313415982942,3.4335147427143764,2.5528909101924264,2.97018252945565,3.828428526684918,3.750322500377963,4.787681737866993,2.4198175959194277,2.9035134854279567,7.045449463958364,2.7237571735182438,3.993567459111295,4.896538211457658,2.293151518948464,1.9005995927432993,4.968770079784383,2.3876444486441044,3.044919334701564
2.921751719283276,5.0786658146162855,2.6146351977275972,3.613602143711379,5.5607229869186545,3.8047290748089755,1.116805052436077,2.534399319093175,3.1296022746193297,1.5638183602868374,3.0459453424772187,3.879602209497551,3.124821441147028,4.782534319548294,3.46193132725454,4.262043970031367,5.638242016984929,3.961736064111286
2.3938489117682864,1.1480110131271364,1.549437165094186,2.870215490133431,1.9736771914008524,1.6981316744714423,2.115554680932276,1.5092453980651204,2.6441386149713373,3.2470173459286786,2.8298604773927982,2.7791358014277794,2.9529611333094308,1.9598088319993514,2.779710833772522,3.2460382742337868,2.3676936752725593,3.4032735694950076
4.938469967755243,10.538463671591412,3.117134209110966,7.542557318838338,12.031535378133219,3.751046540748615,2.788785849030026,6.112785817067636,3.234632688734013,3.739216143647098,7.8914096830989395,3.4002796440329637,3.029492620427449,4.1057413307609325,1.2883636530734939,3.9606574977316833,5.063207263930088,2.28488231180489
5.877460876018755,4.235618312429869,1.3940725363268396,6.499581440719809,4.319368016196552,2.0154361838738244,6.730276571431906,5.49834168041112,2.9054366620140404,7.304578583601143,6.097233821915405,3.318271621240051,3.6078838547614422,6.968932963499068,1.8960414550286884,4.3013844191040524,7.083333769260603,2.7824739647909427
1.0382304027219853,1.2326540969657869,2.5299020617058856,1.534345318297967,2.4039562003265864,3.4627144523892466,1.8241533705539668,1.7229873811394034,2.388482691555915,2.521485668160783,2.5829422222693625,3.8148038510680964,2.4339015441695815,5.405915301481851,6.751617947145893,3.368598634516582,5.714492623152026,6.858076385514073
2.659239497187754,3.354999409057709,3.5816482534735963,3.5996062178377755,4.119833770545801,3.790396605742378,2.751752695104515,3.7448754668820685,4.746008372477707,2.909954618069924,3.8052618312981976,5.131769060201597,3.1278008380973237,2.725934149667076,2.6731710103434705,4.170894862232948,2.879880059631378,2.7778303840892695
1.9729395008733448,2.1012646361938585,5.029771294204634,2.5579073301124233,2.624503204704777,5.056201928598609,2.2860050683394064,4.379045791432423,3.3421384093632205,2.8293929695479627,4.730482822710315,3.5362565643707846,1.7895533479244865,4.832503180058192,3.3857732451958076,2.3164299827444204,5.279077224988214,3.6329830115636077
2.247908479140032,1.2878113005305334,1.9843434258755346,3.335137211779589,2.175389836581178,3.488406628546633,5.209997404725481,1.475552733098372,8.731683792807448,5.886853658758516,2.550138078247535,10.216884902535945,5.005984468930651,6.063350237170167,1.7234548459899404,5.778638279024075,6.107345246840348,2.5311882133077357
4.7567173643843415,6.971725089931717,2.322151581315339,4.861468714729394,7.329752170028893,2.7503091037712535,5.740093508430599,7.927117786279939,3.7200547292659967,6.037309796992187,9.57108965185676,4.081335638237955,2.7435652069755068,7.463100364255761,1.8893743039073723,3.0011260640779907,8.365419553431874,2.3192740706150894
2.5672746390816017,2.7131284822016823,2.3202289235839766,2.5458168025825603,2.866444265019428,2.7299692035797722,2.781311245202412,3.4402461736274486,1.4342172120551324,3.267932414043717,3.8440840160743894,3.0898413539463307,2.494558217851208,8.907386770692423,2.488681339800969,3.0140848518555545,9.26702514533578,2.7922335907268563
1.8196385869868876,2.5643495025650953,4.491266990276944,2.4497787421035224,3.087530552213238,4.625147712381277,2.2516595961687287,1.7235502056672394,3.715061226258216,3.2232358862364476,2.0757433119560336,3.714245567557928,2.080064467733839,3.928002455259691,1.7109340485661413,2.1662674681427214,5.235680836112676,2.84351237307851
2.582911204767934,2.0511803500687478,3.833578289569885,2.567775433029683,2.275924881160187,4.24260056987736,5.886684802616762,2.3748477192860604,5.078248691969309,6.207429332845134,3.2202045940366872,5.944135408984803,4.920897422473144,3.0047342806135453,4.25828109564515,4.942606228724012,3.672487947266572,4.9143636668046
4.71328963158175,1.109600443135551,2.4046980338619055,4.892771407440699,1.3360065106836554,3.2350631168504798,5.131727854784119,2.593436323271051,3.696221610821731,5.727928847358099,2.808531927612732,4.009283457782119,3.4780615166620836,10.080225704195211,5.2399081332424196,3.861806849160415,10.698434126992343,5.444773242416712
2.001092044446457,3.2730990667870206,1.8824195995016395,3.1004390853393677,3.640259481996956,2.3207691835870654,3.2287391272501487,2.7048436769032342,2.3088096033144803,3.4945294090702173,3.286549645144191,2.9750680071049262,2.8824125979552306,1.1153372912057282,0.3765438867485823,3.243872779918863,2.0869602607392235,1.243672092204865
5.799308033384541,1.136020934689482,2.3559295886888565,5.906725629351098,1.409373909606962,3.742148470904189,4.132202457240529,3.707978877782481,2.749072149763617,5.055348780999058,3.796076543325337,3.6128301777919294,2.0800202028926558,1.1792853819773106,3.0466958382445104,2.9708407603397657,1.9942125612511292,3.091429533249943
1.5226877586935894,2.765818984980209,3.021116675815952,1.9306266200116005,3.4436242110839284,3.4724302354068954,3.6563092161330157,2.6608770482706348,3.040560328738286,4.8512072576483,3.0629569096735794,3.382047777456156,1.8127320613214972,1.4074398358368347,1.5789258349795474,2.754314553183676,1.9819528372440967,2.183863138536548
1.5786676155631028,2.4691611868028294,4.044037608731436,3.2507748106110848,3.144936224938254,4.706322226169781,1.9318273654879448,3.3233316932152053,3.8669713099066856,3.94416359546212,3.788301158427204,4.364062614390037,3.146308023330993,2.41358786203435,3.137889108202564,3.2008662936850696,2.9476944349241414,3.8389249451069216
2.2851043130393554,1.6636564066879906,2.6705901480070118,2.479209159945209,2.454287545106638,3.1086393490401054,2.020101919729079,1.0837675170993988,6.2452420113313165,2.154422993687841,2.242155177889508,6.536554950054289,3.3676742378211633,4.210717927057224,2.919735680750916,3.4801205701896682,4.3063471458044695,2.8911964342134837
5.050032362485187,1.7663467529899342,1.1924289463654068,6.127389127498209,2.545238542153452,1.7017007038452305,5.603087779652043,1.2182816974383388,3.14991038857511,7.073768745911956,1.6766551626158088,3.873643680255488,4.529151889923756,5.490711913829566,5.123811329495903,5.342111132981251,6.417039077921539,6.362090590447341
4.982760366366081,2.2538766980614477,0.9332156120536886,6.079687722105901,2.788597776476685,1.715400498777072,3.85556057372982,3.3733550307583005,1.9802426817780496,4.007489280456693,4.045514288517739,2.1391647432395304,3.140548035426132,4.740629357413034,5.6585659512775,4.289368131692594,5.901283315426418,6.045624497851751
2.5505291768073834,2.1862471564853703,3.3964874284280464,3.33637405677825,2.8384999549462995,5.353185965030898,5.181260924346458,2.9524856079678794,12.855459278178566,6.079995134494325,3.3314162687365076,13.329370248971202,5.343477201555973,4.037368407335874,3.3185294408560693,5.656792277894862,4.631643171962111,4.141197728908382
2.155908615587239,2.593792489418591,1.1345417131664761,2.9052113383797913,2.8274603286072395,1.7051561258552657,2.0109170807860055,2.104159918505964,1.7739333588273452,2.508927788632513,2.159418882999008,2.3656064476590273,3.950996509803364,3.302750706841853,0.5456231419305259,4.137554936152819,4.1365979829522965,1.1593089577350568
1.764708632598845,6.281141481696581,5.557749956915462,2.079357669519876,6.3018801034592755,5.725292239030729,3.0456926458774336,8.888553667189035,3.3919085945635734,3.725294301051435,9.946388275630143,3.498875450449355,4.34762064164754,2.2641824388352667,2.0568093747701544,5.236109781432868,2.756326325183222,2.8461095506150063
3.6275773066108457,1.8719991717401525,1.1733588868420342,4.21241851808115,2.150042436501993,1.9929747220607819,3.5826607007248845,2.8808128397162927,2.3444763881353037,4.200436024704083,2.853050614930369,2.851183169640939,2.7553210767636096,2.967729935311938,1.1671227958299268,3.1147021066752183,2.830681797987054,1.8837342981016352
1.7650222859813574,3.1525122120114304,3.372299498598615,2.342800934848397,4.3867142980725795,3.5548899305118984,2.257951051625663,4.710005055424265,5.472469855628019,2.7291927100451847,5.486304816562956,6.430032986062149,3.440189217723395,3.121219646678628,1.9151185101838704,3.5448164956299903,3.303971681962327,2.3856997198751304
2.5344201687249397,1.791416232381513,3.13444285206123,2.681590408509845,2.600521904563956,3.5582610420522762,2.6771799731710684,1.804173871953846,6.67130637472409,2.552538603788362,2.6600108504243947,7.634036099219004,3.448647605657721,2.5930337112765405,2.2103050341112493,4.428906108435348,3.0002614491792916,2.513963473565987
5.272746274753832,5.583088019816093,7.276627769262546,5.449079077534025,6.516993571937613,7.715628142440112,5.007357416298658,5.488835361535575,6.8326113880831985,5.653533213541592,7.195519095139724,6.9470880756294555,1.6997922603711777,1.6291958953463228,0.912896101853169,2.4912066325495243,1.9168303733917025,1.8133533549494916
1.7926796895913262,3.0712769707613887,1.9958779936852162,1.8147453279905565,3.691718475418475,3.0809039738768127,3.51944698993292,3.1076841086724176,2.512522651102319,3.714715866385512,3.4048778283390018,3.4383301375527093,1.8693025164401942,5.049332171045594,2.6642915318928058,2.018829805367184,5.576893300080018,2.8381031116232385
2.6214667537831713,1.9300224358220313,6.810784708979852,3.3679375050741576,4.490169853493406,7.204518854920767,1.7760793597567561,1.3271399816941596,8.528987752972776,2.4736148158413185,2.4622547595721795,8.997737325769027,2.3694229085249505,1.9714573011389993,2.2446909924032066,2.8627345291331476,3.254763437401869,2.665989925044919
1.4208615247670418,1.1925678210362092,2.056352559651891,3.0088326004250594,1.7271937753236357,2.4773579265961754,1.9020309921681489,2.5494070881701028,2.765542916249481,2.8339523613310917,3.163396664450636,3.453339289004443,2.4646471861216717,1.4092764073503155,5.8512784744577795,2.502303309671145,1.8362816981652703,6.0476215466835015
1.895636665305962,2.8930842585407577,4.0448979796852615,2.7670576742732123,3.6411446952804494,4.858001130432834,2.538570804779082,4.461486953102938,3.6864550224518444,3.551595276489014,4.578770661416924,4.288093331896438,5.874262161931814,2.1585842027700415,1.6181531184792406,6.100089893544757,2.7327438918894664,2.590310278297698
3.699450196876983,3.189268371733684,1.5539811529396887,3.8018262197166277,3.6087004799121436,2.546968464124796,4.07498187573764,2.8726929570570072,2.3259010526402437,4.436824174527352,3.2749650781417285,3.2980188432157185,2.291089206870176,4.178079389090556,3.647503975584579,2.3977866309366,4.552151446223582,4.203605698842541
4.293469610860916,2.5774014362007502,2.2613296455393215,4.61004437519555,3.8072134424008643,2.287625060460755,10.489612468235496,1.6482822005309206,3.1885389095330776,11.046858265137123,2.3388186030889493,4.233158447157007,2.077279757067664,3.443262459107634,2.5244591189627243,2.742605136755936,4.202024745680681,2.6742761587454638
2.9269987237154513,2.581040979960849,2.491489523782438,3.1501809215829764,3.3076028598957143,2.6993878333423957,2.962894747114993,6.151820719264955,2.4868881725424896,2.947667775467496,6.420934009338177,2.327033271302091,2.13212948902985,4.306224518688819,7.2517814324023115,2.8834416171889807,4.452666895725049,8.100904503244593
5.748433828767099,3.0266221382144045,1.2344378713205797,7.353211206215343,3.3279536519074586,2.4241535613115426,3.389309914704936,3.5451821236517325,2.328668024846549,4.696296878195729,4.5691695411787245,2.4827081710910037,3.597728311733394,2.3528540211364977,4.585154324758574,3.5648015476927477,3.225678595742728,4.590286282626539
2.968920926458754,11.834717299579125,4.934465395517128,3.301739538647862,13.005750885663394,5.728427141304812,3.5776641154368316,6.37668424783638,13.207604167119188,3.5741029261946555,6.846626119043087,14.147338282593777,6.106041309688982,7.97583870960178,4.9140674065077725,7.890145354427798,8.230503894314896,5.0826442301625745
2.673458790422008,2.610433400714085,2.6792151701903286,3.570766870583006,2.925665930445928,3.4289740966023423,5.575176165255496,3.573535660821341,3.978893002811564,6.580672814029712,3.9352078829316652,4.003276331622866,6.0038995756831275,6.179393124332252,6.098858718253642,6.64871296846599,7.342078692127713,6.254997519140257
1.9160878261377814,5.424210276959926,5.102795912592211,2.8045468206234108,5.449974855512744,5.438768201383996,2.137875273446896,3.4054642206051553,10.911108000174133,2.3041339959189915,3.582789606171075,11.423201752487314,4.106807042731417,7.775065055411931,3.8218723050974246,4.20688383926507,7.897455786252584,3.856749357839009
1.077851376920516,3.8593509306076923,4.250706798575832,2.2235372962706976,4.673719542154991,5.764753943205236,3.36765117040591,5.528141945795839,5.581032051806544,3.4907043427129003,6.399141648624311,5.88766602682253,1.0273095486256243,2.3012470226395245,3.4642362691859216,1.301100568043762,2.4570811887064115,3.9854324969191235
2.682729379150067,4.306560220652794,1.3608679569024338,3.2076671131931387,5.76250526177989,2.5140896066790517,2.6237722317048062,7.943308536167949,2.0326614580012405,3.284933924549231,9.170846009257536,2.312602944733165,1.7206278006989417,8.907721440775239,1.8863724886692135,2.233504663789252,11.77683262391567,3.315724153557049
6.731526530756231,2.444276845603614,3.257032084891048,7.595107931121065,2.9838203466896283,3.489173942816476,2.655220294949169,1.727890788702693,2.4914899673564728,3.8974937446194073,2.1053701725550713,3.168554968173521,3.5328172273424654,6.070286735748765,1.6112214623723566,3.591169062627677,7.112250589019348,2.1598203699287457
7.229844577965512,3.6970726931326006,2.9056871861278024,7.251184190033839,4.755529017652059,3.7575342615155045,5.875204521789586,6.119756523223062,1.7843673650147949,6.218192952010933,6.176098951757241,2.0448112302047443,2.893149444490363,1.8134334504113605,4.2958304480789,2.961722382887485,2.8020378740178935,5.223060763066866
1.7997572852316295,5.557967099297534,3.8100956397350547,2.3741725129869202,6.74161216734765,3.9422159864848956,1.3924876429096085,7.739527666137032,5.092648544901333,1.6810384282341555,9.581277273729103,6.012832664462886,7.367604957453524,5.8201034215930765,1.7650127115113965,8.407909287316462,5.919129257620862,2.5940604968866845
2.4839867647134084,3.1839245475354994,0.7897105469320705,2.7138996303614826,3.4861260331597266,2.2002477458759393,3.0734713695258,4.674252033975498,1.208450309831947,3.407585652421614,4.809231642823153,1.9616635530263453,4.153412740408504,3.759421149624875,7.087722538682109,4.06188587379461,4.135395206989603,7.504005273599828
1.5741216598913357,1.3314849213644038,1.6295750381707321,1.8902880400870208,2.5584522526138107,2.489675343994165,4.165211772799065,1.2702749400523126,0.8983842663438697,5.047262283600128,2.1444377370206835,1.651263992606258,4.411352106342279,3.612100923770128,2.265079430898761,4.715897922165867,4.043323923884521,2.5727654592687346
3.563234588135755,3.5703787850881112,1.3587357163828724,4.577256680849375,4.6736390007664275,2.034326154533603,3.2426543095394917,1.4872268820989385,1.3450533415819521,3.8067354223884995,2.5713529031486067,2.5604925661192275,4.094901740778501,5.320916956682997,4.253272012261204,4.106136564573948,6.053474944066054,4.593997683385086
0.8227447991926871,3.819258022263159,2.8605714770065163,2.089183822979381,4.105644635222397,3.200489420138548,1.2959379348049358,4.431488287923592,2.4036132559953445,1.8237382238156312,4.86630410123002,3.022856565733384,2.0254808914849587,1.2024879406884426,1.9555800355441615,2.795830154525495,1.8964076563614378,2.947157504698785
3.699299088315177,2.857718818478421,4.093579122105491,4.334044601527909,2.9830212019491493,5.032000586345502,2.2876064300124557,3.323710578084654,3.7356618199407774,3.076025568681669,3.900129460455699,4.617321130538902,12.116878140721251,5.088626136103507,2.651877351936562,14.143503840175581,6.023534023985514,2.7941847370307005
1.3029587365337219,2.2776258101655316,5.583855508187988,1.5366984332507978,2.98056544120279,6.735893927869805,4.935538860976444,3.6620196052861,4.75881878509285,5.798558114316814,4.08601296692125,5.080454059785956,2.6795856737395023,2.8355496579739086,1.339319599287041,3.026083012580669,2.9441840252614115,2.26452316476809
9.630589252116396,3.0490036214846765,1.6014566989798102,9.685196122244175,3.035685643938648,2.2616850187517854,6.644247274291319,5.756021027935917,2.9655568524592524,6.708882127269457,6.219719020871927,4.124918336871834,1.3677436515055967,2.1783815534030926,1.567914658330712,1.9904926157636766,3.322398213000627,1.96443090692041
2.716663288387407,3.8704993881770267,2.4823876334972232,3.189762958704456,3.9154447605666687,2.7839515499128615,3.3054241878286423,2.9512992876129784,3.4721238624262534,5.176714798793921,3.3203245920896047,4.012153843389464,2.9023830816429,2.37842008324498,2.829474827286076,2.8416367608788566,3.4959428512568502,3.425908298988584
2.046644356491121,2.374438160587806,2.1579470833400003,2.3992944262497535,3.8072457163517117,3.7044519946393852,3.545807428194164,1.7953708641205992,1.6848937130481516,4.14349444492021,3.206458363124431,2.923601586188274,3.598080399991625,1.3678139362729136,2.347501977035755,3.8657985334204836,2.100619738643303,2.933676301316811
3.1291494947526894,2.1968864681597053,3.6769140123608732,3.5187742653030885,2.9271441978874386,4.480994247377651,6.938335416020054,3.07686629241162,4.269005319326391,7.440794324899645,3.7182476987562985,5.046564173409763,3.9868428077022933,10.045370105583547,3.9181856063049456,3.9906581567279917,10.620287991817372,4.112042547748246
2.2446620959784287,7.5670354789289895,3.124712117979665,2.6625366027516697,8.742712336901828,5.747074092939233,3.851509908108703,2.7625190563342583,1.1946293804217936,4.330438349185844,3.3291307191386834,2.050675159647718,2.2426758262025026,2.3449117126758927,2.1730824455580113,3.0847108680185964,3.214866532029286,3.6398898253172636
1.7175887743376133,1.168282955338094,3.2549601289731593,2.5223287119099655,1.7670960270161302,3.9223439319665037,2.822530682120772,2.270441652319212,7.789087390892281,3.7258376758433793,2.6663668388099806,7.773846475709369,2.907920381805551,1.5231720222132663,1.5224470084083164,3.3370300794423704,2.0194036611906543,2.2882754462289787
3.8371761096107266,1.5483326281597551,3.412147929172495,4.928869197783663,2.5467882477136583,3.5969640627343513,6.141314764474112,2.9527128629697,4.0423479470549,6.503855338361264,3.2920277344108118,4.633295208444696,4.2588251922351095,4.180287470830969,3.8980651445596997,4.685461087434696,4.533592342549083,3.978205355696742
6.758395317212418,1.1588413756916136,2.1822802618816337,8.454528517017136,1.9838714329532487,2.5453307910302514,6.0351138413154,2.042089670709572,2.1469225428970606,6.25170528998592,2.6201443116670764,3.762575979576197,3.431621587440527,1.3375345649650459,3.0449384840062126,3.5262737116515313,2.259621685875145,3.779542831465295
2.0179227936399937,2.7055364920687417,1.2062000489332299,2.126393771417113,3.0805676278419662,2.1761167918485516,2.1559487983821017,2.455247103711824,1.3220841834543346,2.8379436530935456,2.651456745834802,2.185772890871585,5.4450245341521955,2.0593108697218754,2.273149712061052,6.0257209245344034,2.289861220963253,3.0811255712661803
2.5425280289314856,2.342496803623051,5.520302271318724,2.646280766889783,2.8172702412444774,5.549739636831959,4.689098379643653,3.1262859970289902,4.267345110690318,4.989288219524489,3.577519139531978,4.27950399991854,1.5762510776823109,4.065810173649051,3.3342373465787913,1.9186708403768464,4.539574257394291,3.2918749476732105
3.678352527098699,1.9970413508774878,3.8197678940671302,4.180809462323582,2.5005941318156584,4.157122652378539,4.860716310390113,5.367068231195744,6.345031185765635,4.846854429130144,5.569385931651587,6.49786557430868,1.5288862785853754,6.80357555542273,5.311042989300187,2.4055820507717964,8.468069491472368,5.452486641131069
7.929832925514556,1.3270058245811251,2.3792696771654884,8.238318008130344,2.3922823255333663,3.1078722607281555,6.362247366232763,1.2105560694352364,2.077518049516216,6.748068701963103,1.8456142142737766,2.611265385014623,2.2688787690682863,0.846999792124522,2.237689567679482,2.6637174978292064,2.0428091465268463,2.677831262267793
8.94988101266978,2.4226428500763073,1.6614790872310068,9.542846680182972,3.694805528825627,2.223414282621887,4.372735844908031,2.9581276984480156,5.070436557848698,4.567546170646255,4.334630262869585,6.79239290082062,6.635479832807094,3.438538838178314,2.5054219257852046,7.25538096768342,3.4114692596427285,3.1719835835674535
2.267664497255351,2.4353968092614515,1.4658193327411577,2.495017258012798,3.189708001122669,1.9963366963046962,2.3227332075051774,1.7601629060394068,1.946427488698232,2.3779176061447025,2.262741293100212,1.8767388878685782,4.181786239786792,5.255047939162009,3.2183198806523716,4.25575162080942,5.34934261654426,3.6727122316398173
2.7631834316390655,4.443442619489582,2.75386504444501,3.915793447065797,5.6125426478231715,3.320712070963947,2.649610663616932,4.123275296092532,5.495163686614136,3.600709160331224,5.506064584593408,6.0025531835541655,6.329872508691034,11.48858378159711,3.147434380284032,6.437299555409853,12.70446793429987,3.2949772336998846
2.3586008317068425,3.477610152501163,1.197456448002526,2.70331753909438,4.643810809766474,1.9016814304782912,2.6722285452745473,1.7340366381241235,1.3332136420363907,3.2900622964158575,2.7038638430977957,2.628556566479582,4.7794724346611215,1.0411882312888456,5.224797276234013,5.448410181036456,1.6347321829193049,5.238665888861591
8.421216676847804,2.3780902914676223,1.7200507160460337,9.990293803156513,2.630285005145902,2.1317976133381835,4.688875257619473,2.813901012563055,2.1819932584517994,6.032022098905672,3.808456606377955,3.226647386704816,3.4510070081434114,1.6805336405023892,3.841467632849923,4.144497337751895,2.2761930495213734,4.492824044433857
3.1227528635616166,3.296464922541664,4.51332779688416,3.89731751632486,4.192268834883923,4.7405854972739485,3.2672936759514926,1.2584332740238855,8.796710418730356,3.605777535254363,1.8809180158614918,10.547836213270429,1.69806951339044,3.159651880850518,1.7890263535691293,2.164470933245708,3.853486871087862,2.305780173830064
1.8459741091478001,4.873234949239478,5.928224724698653,2.2662829216060745,4.921576420093206,6.197309811288148,1.823576419948799,5.1325805919624345,6.4462802291007355,2.237502832444292,5.20036645534432,6.644966593124369,3.0269699606921794,5.276509139878509,2.5381272500320824,3.6491236902809066,6.02974856962233,3.0091055070504487
5.407366747817502,7.263287604890897,2.04267395381333,6.194692415915932,7.936109915550271,2.833598554085762,3.763808044462488,7.101905155854449,1.157688101545822,5.166641474855425,8.141813487692197,1.597514970862804,3.276912566126254,3.0631666055459243,3.0564110385002516,3.227842107228437,3.4129305485807673,3.4461774453128133
4.094230389018983,4.532741269572472,2.2798339700890096,4.391931411419885,5.491325164417411,3.1302594760894777,5.094223754527228,6.334423966629181,0.9122834574372202,5.683235834700858,7.188273585351266,2.12640426814807,6.1052935427216735,2.1706317919559064,6.118978988773994,6.548468497078923,2.9337028483325027,6.342454334544768
2.154942623072173,3.149395892316323,3.326079258673709,2.1036876910684787,3.525164840491594,4.199726607973372,3.216415449003176,3.3465403357820414,5.728388081107764,3.5679724085744096,3.530675693502696,6.909848603501215,2.991238289437377,3.1019815987142216,4.771197251598223,3.236060510918181,4.25971429007941,4.7659172493872015
2.291294713757018,3.5441742540807106,2.608988190721179,3.692309974793378,4.22627922432423,4.27802966512591,2.64097756960355,2.6576392962469795,1.8531253892738173,3.2476750680199444,3.7468795704208966,2.798835303254773,3.2602910744163833,7.3732366085595755,1.6839967796703725,4.543968071899053,7.68264440580101,2.676223569404399
2.295112317342004,1.331524836383013,6.587115760478213,3.399346785658159,2.0298661885282328,7.049447056533087,1.489961754684821,2.852723749500796,9.74969283963321,1.9578741280479404,3.5910497323638664,10.286212822363368,2.820983817061983,9.943465462444205,2.0021636106773433,3.752852304990965,10.26064754370553,2.816461054811258
4.973324903647201,1.9381898001613918,2.47030518888985,6.084497837972478,2.334642662473455,3.112810386505675,3.315122976272404,2.819125644529931,6.665308915527809,4.387010396440352,2.9281516286310514,7.016375848423968,1.7092785140674835,5.696957899018293,2.3862180542458384,1.97003469933464,7.5481244554500515,3.086001000631405
5.3775394880052465,2.5450111870421788,1.3610801974230993,5.9374997340664235,2.957851558217272,2.502175113916906,3.4223103157029926,4.528750864554898,1.0718317997175142,3.7047063037731722,5.592428844185031,1.822546660001816,4.96836531471244,3.6543102512984826,6.410476311827438,5.805993949073048,3.665938192925126,7.512328439959706
4.189181215353042,2.7962427828520395,1.2969424747560279,4.320708936104952,3.2337677556730133,2.4887020812017013,4.375646312349533,4.093668737562593,1.7176332496007174,4.865984426180296,4.57890603699491,3.6855009397834237,3.0415356547910206,4.018349559442268,3.262661412404198,3.8217945403446905,5.120193537518925,3.7474883058243167
4.195092014138952,1.5816259373269124,1.8582468110385753,4.934163000675443,2.4485943208035192,2.8128801283710616,5.152586477309074,1.7561093281527056,3.35554649466464,5.74519156656935,2.3647574635848354,3.5543215312222523,2.6886639538415045,2.539857386034665,4.739134639816337,2.819552797053737,3.9049158837052156,4.962726965306545
4.375097439769693,3.06446109619895,9.311573674087988,4.464143300634827,3.1528537760092985,10.045619163293782,4.881835032770141,3.413369471218737,13.143047485442976,5.126710303616083,3.5208995120420776,13.76533479252774,3.4429012642337122,4.33371323612009,4.125822068045152,3.604668346571312,5.082935139369715,4.483012045323921
5.289287079044646,2.8426404716882074,2.1085735808885073,6.901227030679024,3.080026621999156,2.5869234679470643,3.701476182247319,2.4530212501841584,2.7258858147703795,4.475017487198155,2.542095184303576,2.9181434640025463,6.4702896822418365,4.786392617677472,2.565361202360426,7.180732523425348,4.722414393440614,3.1137190781682382
3.688220984498111,2.112586968367683,3.7655651585723513,5.201027411782027,2.8923524242608525,3.835127291285819,1.002891483969019,4.826991543955633,1.8088329923638309,1.7620785346405192,5.805928898423947,2.4069532928453716,1.0289218190022538,4.540184222050099,6.052524195862248,1.945367946340302,4.841024735903169,7.293540512387905
4.167591655743858,2.906563728572645,3.1832949979306324,4.467056374469028,2.86657849787331,3.9251382266498496,3.6301466436422416,2.7188763072603312,11.124823922484055,3.8059482331051284,2.5848001006342387,12.187436108422183,4.865361472261932,2.4056430475132697,6.347130819852914,4.850304681091096,2.6861394888807255,7.0301278625382455
4.104562154349883,2.2835019087436463,3.0675779520078863,4.31678796491159,3.136667661095071,3.355387342042393,5.422759252984529,3.9505642059201556,3.9147254892674814,5.683901224311895,5.236008172214177,3.966245219179615,2.660732156609949,4.427292698437097,3.017661619563623,2.716906599027722,4.540778566832988,3.9836368519223266
6.389152376664631,3.2478771415601955,3.7678782514880944,6.435058729101699,3.608014300441317,4.351984294465406,4.861587345553864,6.414543553686888,5.256363993694676,5.024819528676901,7.2668764627686295,5.300751495132893,2.869614870296981,2.361661538129479,1.84139399589274,3.4455842620520096,4.163951325194962,2.864295141789284
3.7427311960745873,2.880408099351958,6.294088210658817,3.7642358219193954,3.59446130838431,6.4992107000248405,4.0285630544457165,3.7615237394117607,10.601642269427447,4.34945233628332,4.072734995932196,11.154486544536379,2.484215028586811,2.4252221053975305,4.420273790041824,3.1823573766425493,2.9755060485565368,4.814902916555865
1.5942819099751513,5.624607009286974,2.0003873551846456,2.42700980254404,5.815528529475007,3.2172623748532727,2.9299766229615476,10.235712245805884,4.854429084935363,3.35071026835104,11.110706252963487,4.87257153039375,3.169337674475951,7.90643996172277,2.9185587432354265,3.916582825206808,8.584821720489655,3.212061256345392
4.525519787089161,1.4725656208369622,1.3213898298060547,5.712262423953563,2.097151391625721,1.7177758871473767,3.8993183223166894,1.1500806398832346,1.468475366551601,5.187524744435745,1.6070363422514076,1.8285039501351135,2.3889603273910134,2.1818675515979504,9.136128915229119,2.6058156855556915,2.5563532526861423,9.354298779689993
3.805293406758012,3.9694294185440393,5.480000610241453,3.847991143828795,5.269401358191303,5.862103433815604,2.3333216516882924,4.507855092718283,12.544906354973817,2.837538966828987,5.61206956636323,13.38696587733359,1.9682882230947654,3.606825713602414,4.038137636821624,2.318749795657879,4.72227017537936,4.427350279979296
5.520693677864259,16.386995451937274,1.6600450221204497,5.537171542190371,18.38914207285341,2.2238100914746335,3.200333146026432,8.177313136381445,3.5517762673518507,3.1398036749573803,9.980520626837158,3.85869959210527,2.665242326375298,4.016081978071614,5.053799090634099,3.0414635359893762,4.167217101829641,5.722833037832881
2.6081610395542527,1.9728726556244558,2.7400065294712252,3.2961453527817968,2.5304732504083436,3.1352732302907653,1.5476411130797108,2.020076998267293,5.270047043467354,2.468976101236841,2.8095179984836256,5.463220020032512,4.5057549930438,0.8734382277774416,2.569619106186426,5.061072620417349,1.6765911677425005,3.0712223888650585
2.898049410802456,2.3959153631342276,4.175486055147246,3.6364734236319403,3.3242912285122,4.71431685632389,5.763897451413071,1.7824899052693117,3.3429796925026465,7.783587403202472,2.6861007674718542,4.575471456567141,6.157768863481273,3.780549965720265,7.870053088718331,6.390545905569235,4.9273953610448675,8.340626964766486
2.9368764647036123,1.972444657546488,3.9288893227371022,3.912761886428984,2.8432451926984648,4.308412759111438,1.9346952988935262,1.6625157829280595,5.458752235696513,2.471045056927862,2.2866661949026654,5.912672666827699,5.539577065290833,3.923111575567597,2.2572283718834183,5.767396452437161,4.0729068808106685,3.0010893019981153
2.5466475864030262,4.6240453674159365,2.5448282230178974,3.096314502043218,5.289454828354287,3.373847058968141,1.6005598093819744,7.051630095517473,2.640105614680327,2.2926019491877585,7.126698841636302,2.770893439598529,2.796033396806232,6.18397414913039,3.009755507201848,3.4214125539148603,6.532004616599123,4.079137970252621
3.4630719708651627,2.7265291303151127,1.5518368554977782,3.4797217050005393,2.9719347602591935,1.9913471549298816,3.9978944247142842,4.249433374652862,2.059531326110185,4.430038397630723,4.261052040033269,2.461780844548942,2.699213679348693,3.0424015219663203,1.9388089360492284,3.692146101793491,3.584509066832856,2.3133428744270024
2.885431271272672,2.820704726828742,1.5467218506718048,3.4531274111467285,3.325195275030099,2.4166371230081247,3.5561360522780934,4.098461877219822,0.9626854532131651,3.89921004525222,4.948356993173549,1.497762136603956,2.133984705472522,3.0149590963443518,2.051489859227265,2.647135451429524,3.4865942082310313,2.834251588019197
1.9146070816952516,2.484161944844322,6.4417288517603435,2.4810393489930327,3.0894897888336583,6.422388578542079,3.0723643291750844,1.4435532407881488,6.215274330375347,3.9713438848885594,2.537349819083167,6.313138835608713,4.139579052900674,2.2230539756992433,2.017381416511363,5.148502709700379,2.3675864636173127,2.7770185901787525
2.3898606108870237,5.6118128716424325,3.1431540285746977,2.4502991679226644,6.165072278125182,3.7458286695369303,3.9370897434575327,6.536424381021661,1.9689676401735925,3.940046678438696,7.600232872959395,2.8625008118332174,3.013382633008506,1.1385329300984866,3.0394508774047932,2.981703187259231,1.6237002213398655,3.419861614306321
2.99383609948303,3.4703357867475617,1.5165822716944537,3.7199957482363244,3.685784382105408,1.9295523769857144,3.1641001974788767,2.5994097684337687,3.389478341408527,3.6368941442048035,3.292611767401247,3.4643791697323856,3.5804724922497653,1.984402047405227,1.9183819247265341,4.321446864118394,2.7176935400638333,2.729844467465644
3.4156342872956533,2.927268683322892,1.828057644381472,3.927669946443812,3.2338081806394583,2.7194870498711436,2.3421615885072846,3.221340933484622,5.383627709196451,2.4442893125768124,4.264211225515716,6.075412428024806,6.022554855436596,2.8469457381673755,6.705771119414801,6.153638292751276,4.325196956182994,8.24939557860404
2.4823580960802794,2.515598358882183,3.393153840392411,3.4635545883089685,2.8732040940292634,3.339222471094957,2.059310762441251,3.53803345182812,4.020060361033526,2.5966634669001984,4.220114803534978,4.983785486841036,2.870539646526279,2.457742334421644,2.257152030799845,2.9627586064527467,3.3478243326671175,2.868214522058741
1.0258914485525972,2.890023547711574,5.018429339408199,1.7068491060139164,2.784092147390167,5.003910736161374,1.8946119284481855,3.9029940092921693,5.378242187717422,2.053579967007611,4.484591908540626,5.635519721710337,4.6267267822896905,4.995545395342669,4.0485451423199335,6.054278026838838,5.836794887194478,4.173591062441705
1.5920824721534605,4.461880047852951,2.1509737941019846,2.40911997971607,4.408607314407756,4.2354879267175,2.1647658188159253,3.025545921549126,0.6811972877390423,2.924759824155492,3.5482297136365846,1.6362773251584066,3.029176577514929,2.903225373410912,4.8772025727076995,2.9320824030636343,2.849964161959398,5.378972711318302
1.6758982738183987,3.470541582109802,2.4673653755415783,2.5790155126182133,4.421606904260538,3.071371674695337,2.0040018258822516,2.988520555684209,2.437458560717937,2.7428925422131027,3.226548688453513,3.1248428980861114,2.876632323821314,2.9385221122031866,1.9302461678200933,4.044489150989886,3.745030713164408,2.4269110439054487
2.834312130810007,1.2274796921904598,7.197716458895268,2.8077862606957638,2.9951141637259124,7.310558801041252,3.5816351308261636,1.6101078263943502,6.803389496341811,3.6447518864138897,1.8790605665075089,7.301307926581427,2.673135489143155,3.8246516044799046,2.1658345355253372,3.3406261787453944,4.431978482914859,2.4776322042499923
2.9414710597629705,1.1133499942608878,3.3740991252777555,3.923714260986577,1.349481269429879,3.3348079262891073,4.030387754658509,2.1513171962912248,3.0913380687334984,5.127376425082271,2.928530612518302,3.505429077053482,3.184884447978588,7.677587642274294,10.53409743342419,4.245492276888463,8.556013740272137,11.181380196669835
4.290762576160005,0.5334836307880391,2.5468427169813466,4.603048705010405,1.7065611463649308,2.9838005859253154,3.4059286785970633,0.8759633151131523,4.039054837941729,3.978543392710594,2.02456249668755,6.14634784807099,1.1512371513189565,2.069725989142135,3.1934625268871875,2.47038521561646,2.5742251866940635,3.6112923465019664
3.934141461698197,2.081440661167901,10.12161211371891,3.9635861673184043,2.664975540195015,10.704913265432463,4.690840879381827,2.333961077580544,5.923246385590912,5.07107973268825,2.7386842825369384,6.4523687555482,3.056872597245865,1.668482942752363,3.015433131085159,3.2906892163872454,2.8507136464723315,3.8260215180814425
2.40810651964717,2.9689716162748128,4.870547235204119,4.271364765105418,2.965873923682158,5.229583338265791,1.7677181344125896,5.871679555684914,5.09592714374501,2.0064741861264985,5.990370160748152,5.456393976793716,7.405109842769893,1.851956009890216,2.1658685572204193,7.471617376904805,1.7464091671511561,3.394505102762052
1.485327544607289,2.021671323398522,2.7200244352248744,2.265663593093584,2.5828720214259464,3.0143947851659685,1.41927880469563,2.6163244015035354,4.9215909294417965,2.501958915457316,3.2893888120498063,5.339951762441008,2.7496979337230374,1.2198935936072148,1.399179000896731,3.0301312910726357,1.712888797478222,1.969374046639898
1.2962800337692348,2.4419140635657883,3.141427180480996,1.9898942548864513,2.416356763408763,4.119417364148327,1.7841477003585728,5.377552061121501,3.2488307754415597,2.6846530747617985,6.613431628954648,4.525308108977835,4.4338073181722795,4.988185863306028,3.625241733220283,5.43328783190648,5.396074914883332,3.7824049649205587
2.8062069942256787,2.885357561971799,3.997366491319425,2.8308222849749525,3.583950536027861,5.097568915969121,1.6537376662562666,5.07789443042047,3.016059242473474,2.4592007767992325,5.5929881785860065,3.918798217832024,4.663451847032575,3.972631711694661,8.0829239746451,5.363390201917923,4.343777329283294,9.675358405600734
3.211461234835642,2.3102000417401976,2.679681926046661,3.852110464642002,2.9429738407412676,2.812969337613929,3.676259870536853,2.6809828610957194,4.803433980162699,3.7630979211239275,3.1486645645719,6.145283391985336,1.957190287324267,1.1975685997496184,1.3889571304099666,2.7633526148338716,1.921009794195241,2.1333070863084593
3.4469539618992675,5.79415152178189,3.982870673517555,3.667732324466206,5.845316541943159,5.117605560516204,3.7841191322237555,5.861831107732503,4.285198052919103,4.210110219317089,6.027232340539078,5.382482462838672,2.4770149778942385,3.2560991931200634,2.7124158084717727,3.512354600064137,3.8703983843972423,2.859075621305447
5.755112083979388,1.918555211817235,6.8347663868702835,5.710485503748902,2.6834966421190214,7.574771355537162,8.526194345652202,2.158411265827546,3.418014394307439,8.901837081970829,2.784294316791901,3.592051896253772,3.6090408357610566,5.7321137681423595,3.4168880115780405,4.03296988564966,6.853007309973169,4.253260079875453
2.2564363535852947,1.2447684068821707,2.1250741043880006,2.543853601473886,1.813308677475634,2.4294002370148355,2.152637343049889,1.6734135888619583,2.03455653068503,2.822153219222138,2.0504536311477994,2.2461268554830784,3.7724653129900045,2.295384432245081,1.9705304158572814,4.30262237482417,2.948062343934936,2.448523341659624
3.1357890903635397,1.885727179791161,4.754601576394607,3.457977077180617,2.531091787492832,4.791420092273526,6.159934874829548,3.25077282752676,10.281126646801669,6.369525778215322,4.601523506941386,11.35655743820684,5.049946640283072,3.5807419483379586,3.752452532313691,5.892912538900748,4.44491295461772,4.441707288288042
2.4361708592822486,1.30883576816496,1.95225896304122,3.0505077870018757,2.226793237490264,2.604970563818178,5.028530638061124,1.277296580610408,1.6619548675086533,5.381935623351152,1.6963332559469917,2.3877764480606394,3.7799615845974768,3.9315656865460498,1.5452673260505578,4.060567469099365,4.640655246292489,1.7661858397432573
2.0832637147183095,5.186662507279824,2.2750181490563417,2.6256384761095157,6.086415338770805,2.471759995456988,3.092042461881732,5.488358063330667,3.934358107333612,3.3716255900832244,6.348671426426517,4.91123155770595,3.097451311279852,2.269562449647818,2.269293975377929,3.517345704028287,2.484295072273281,2.852378412354365
3.0962875899487154,6.62904331863918,8.02078730813226,3.196789098468711,8.003078295777609,8.534167644692259,2.825960728876937,8.096390539391232,5.060527890666745,2.945882864349238,9.224209715794457,5.623911151430478,4.068607814749167,5.067409838438962,9.451036415667124,4.669249795129984,5.296898460333186,11.284679194002168
2.281107593636472,2.762345267441391,2.404892317489036,2.4966299138728902,3.9066980042907358,2.550516181548971,3.62051778463135,5.23696328403502,3.0431195574746277,3.8596759871200694,5.344678087887493,3.0598861754278674,3.0002414353660027,3.117028047039099,8.2170721895282,3.5321940737877036,3.9734033926249386,9.077099079222824
3.1058873105932183,2.0975456168569426,2.023062854435256,4.285977838747266,2.514359351505625,3.3998800792385238,3.826172780894389,2.8763295271411633,2.1309413797940797,5.069487466619801,3.346071408662719,3.7450442055130018,2.331604518902014,1.4237511965744563,0.7521909562598965,2.7236793716268335,2.4305520554505424,2.4236315002861604
1.151336612885229,4.56872188159429,1.869261453954103,1.906289768827337,4.80216510116051,3.023461049171992,2.039775914879593,5.85954643544984,1.914960344776993,2.303629937593727,5.915132127408216,2.553642465637843,2.1129692836557736,4.592570386260257,2.9958475150569996,2.9712075304603305,6.186735851441179,3.7098029277610007
3.282988844915656,1.879338614473875,1.4355603948685727,3.877274102685738,3.014304298762643,1.87645677072771,2.5539562398846214,1.5367971560075344,1.0177056016423334,3.263227530360222,2.8589525990455193,1.8444614668765023,2.25778683629038,4.159057621907609,4.939741503450304,2.5761216740043125,5.63276695907435,4.94287260432929
7.70944245764064,5.593639915972108,1.4125354708224607,11.230790240151348,5.736137216439077,2.1917794081761786,5.003752099268187,3.3783504562453044,3.69021935828556,6.377436558985992,3.8680861466538907,4.228218064285872,2.63574909859836,3.139509893593852,2.540146304395636,3.4076517881509845,3.2170746101043046,2.8613653429349206
3.223412533522688,2.8994656858576864,1.57581713593694,4.1471969411105665,3.3061967069094225,2.058987075431282,4.318166774048002,2.306365148616589,2.6911603127530372,5.803739426236561,2.6810991488396962,2.99302157916196,5.832134749517788,5.852525004405736,4.166429747720682,6.912211129393274,6.741068306108304,5.055331535338312
2.573620747988832,1.394290053838839,2.02415979579252,2.8134779163330768,1.728397782262332,2.9480659149939465,4.471197784538802,2.9640576563121224,1.5536400564847745,5.180241807239998,3.4607549662682215,2.0256954097521924,8.368291228090973,4.241806710810591,2.4277315729797886,8.795224252275746,4.795987464327344,2.616937619659724
4.078108067297892,2.153674088471898,0.9327121448567913,4.2577329408943365,2.834949157852791,1.3696363716137085,3.496351815239714,2.399669303168639,1.8506323962472047,3.5071861840993863,3.2160052197161955,2.370833555123962,2.176117442671741,4.02343861864538,2.3724284925313985,3.1104964654766833,4.086166863702363,3.0277857553365726
2.775757108869093,3.7060951095411516,4.686919628545018,2.8794490070509893,4.352194007150845,4.577066256728404,2.2155508781725692,2.8264650908410607,5.116504800877595,2.1792074816756934,3.885529072313871,5.129744620737275,1.3839712715404915,4.830355770551952,4.4764197186550305,1.8931682596296884,5.723361659731161,5.431338954143482
3.5019428603231386,2.473047104605185,2.573482607852296,5.016199274177656,2.766871411002652,3.4876372382002185,2.297465726854079,1.737428763457723,3.680824697968244,3.0806024562292804,2.510511913192682,4.069746227970026,5.427518346481063,1.4012314663392682,2.560879984106577,6.291543248432703,2.1980589721736767,2.908414739324729
2.184232029919723,2.7470325850642556,0.865386371946363,2.542286528485851,3.147660837040963,1.4842390265742562,3.2507189648485273,3.9085717332132037,1.3715032604301995,3.228196341991426,3.9375467545715694,1.7719708726509913,2.918541958387945,2.665824594674167,2.738022825493684,3.412141571347517,3.2011435771350674,3.397458744579954
2.3333790584094087,2.936576724368887,4.0591422239118975,2.860666968048143,3.038265000640716,4.53675346112776,2.6382271680974254,1.6529194458754481,2.508837745007843,3.399526476218647,2.3604332243093373,3.29297882466013,1.7460290262849165,2.67051958856483,2.9395182389310714,2.346005531032285,3.4834603630875507,3.0137257817270764
3.3645251327687786,2.9801469256692545,2.6441972057720777,3.481425117660643,4.4967494556795575,3.408063964640793,3.0420478218268974,3.184183309459745,4.607748378585611,3.146048966384763,3.593545798470442,5.113109166306765,7.474737493682317,3.0448722343242243,4.377687693792014,7.4882522252940475,3.583982082156496,4.604271826228281
4.349122333778378,6.435036667081807,2.44043604663362,5.581721541864583,6.618173149288983,3.2890648790591266,2.7978847685576134,6.111838585518452,1.9738247882537756,3.7612745688348164,7.592244826326427,2.96959039651785,2.912993844843792,2.1233242710730686,5.7999144747972915,4.490716974521499,2.4668124014857273,5.798210444050068
3.298495878596747,2.62412430101469,3.2181082817472006,3.308215747263476,3.4406401954230756,3.281745545864311,5.758721892870507,3.185143945066691,5.397139682005902,7.359160558287118,4.0923021857282,5.58150384079594,6.747573892794734,2.8942413165971077,5.341655544291955,6.9005959452147705,3.2336762197502202,6.416242107098275
5.2305954173135545,2.4112494924834262,3.7753167113435113,6.367990876566984,2.8552475353056552,3.800777755632956,3.259971948021523,2.211532314806484,4.723221361372942,3.9361736795556928,2.873789707710995,4.788357984908026,1.640230419308328,3.008888701763116,6.110531571140105,1.8873849445640236,3.0506444937196964,8.230175705889156
3.1436148799022434,4.725387307116719,1.1908473663437134,3.564473534948395,4.764438529341038,2.1392925188002123,3.0251043805455975,8.39578871233024,3.2291655213016255,3.440338144424269,8.722135920167496,3.22315945272443,4.8916033466036,1.0046928582744123,2.212842643744669,4.911637748251873,1.7369765632574723,2.632486115313055
2.0073284826376745,3.2692499216701854,3.601317861468029,2.55511333756117,4.544423180606411,3.666922026541069,2.240922106531571,1.1362912100732714,3.2848268663808238,2.609006801615295,1.6025717729237408,3.552615940220695,4.55522833219112,2.982226285516129,2.583671397963368,5.23348209698761,3.4195990439733275,4.113496600085002
1.8959784116797933,3.116207777718994,1.3992280113720097,2.7338231859650595,4.015142798167879,2.8116907460211658,1.796930598350036,1.6849209964950431,2.886021171173459,2.3604855452111315,2.3633901510027977,3.7044450597246095,4.98964837648067,2.2787290639142297,2.269504960990932,5.484116544659629,2.9839606286889673,2.4746829581459715
4.408933076386019,4.071222984079207,2.533992123734387,4.902704834631209,4.470376392735824,2.9540965092365954,3.8476230673405043,3.415210280878863,5.209194827929743,4.242429824798348,4.108201573771284,5.274319038838376,4.562846122012061,2.295476544615166,3.133228466893151,5.493312049871503,1.948151605013361,3.5779711028199044
2.1761263725768525,4.245424786175915,3.5693744373207594,3.615314657683396,4.781035246628614,3.5426243587370037,2.39102644177228,3.518857653934518,3.515036674833495,3.9416883146158637,3.973472143792208,3.5979900768508757,1.8700942189524221,5.454534648927828,4.997536674556054,2.3678568641072437,6.275395055525292,5.185757015975451
4.5469464292972575,3.6412690738387563,3.4456853926099766,4.733937768180191,4.946268735817883,3.8812374797461033,2.402471365406995,4.250715618346598,3.421229191454408,2.7014260837507864,6.702046615169344,4.356135953750207,1.8602982538796415,2.996355138371184,2.994184705337906,2.287225629760069,3.5368950094424623,3.437202907203254
2.624421341310989,2.701195858407135,1.3830115645800232,3.2822928144133825,2.9757491675763945,2.918495395552405,5.349240270423637,3.557729431335246,4.564541033360965,5.330435400318697,3.5564732550136546,5.8937169043064435,2.5400595965062784,1.2616047049014076,4.029271124482661,4.476920766384764,1.9072794713824528,4.011524586528347
0.48843975768778797,6.493390332240385,1.3615817591501478,1.5688734184580189,6.904953937806341,1.9064431667290584,0.9621940007297058,6.254700501209686,1.9091069090413666,1.290465645614231,6.5292596182224365,2.249675256836036,10.078374622954032,2.6850853415633607,0.7779145475011302,10.494512690223225,2.8782330243463785,1.885727308283131
2.2539214256371176,2.7482773257458804,2.647941223007746,3.014722126420782,3.1297805449462803,3.1432804478125083,1.614063900873667,2.2083615400267176,4.987140662377211,3.081552105550898,2.6964897938197123,5.110043136964603,2.9955052658924917,2.128591647271227,1.4543104179881507,3.42792270979828,2.665695698383252,2.1243322535046385
7.297803125159477,3.6523181031889718,1.4353112825157295,7.742666388813399,4.574206746500314,1.8170479490036147,10.206277002461723,4.702530947093073,4.434743635573993,10.905806132098956,5.258389051187883,4.664652516132751,5.8037759668527364,4.330450085829222,2.6653842717372256,6.8426720270032995,5.143864400600376,3.60672227186288
1.9321443673008147,3.439250078667175,1.7647993155848998,2.2577248526220015,4.243829083286205,3.0648762486282513,2.5714262279761417,4.313416762432205,3.61234384152868,3.3515662854953354,4.722192962759762,3.8830567762667463,4.467753809589978,3.049059577711535,3.1349108590747927,5.046961618962189,3.3342171714482003,5.666155964959484
5.343205492964188,3.044239637548241,2.57116600589454,5.315793542266148,3.4667436083355416,3.0737633331958008,4.620574425281087,3.450911295429283,6.914044920313969,4.875051955882546,4.160455042670532,7.502644798877899,1.1988966854302772,6.547267415356789,1.9810079464535362,1.6980461917629812,8.15440309786094,3.557882775553012
1.3115109125100475,5.601848367822369,5.5414869479916975,1.9283020129606676,5.786294261817955,5.819878032271683,1.6033297233816104,5.202138353033682,3.9050603518596128,2.411587759894299,5.874415292840557,4.267966681922017,2.267635084206774,2.9956965940653126,6.364517832910997,2.915339942422239,3.0223510142693533,7.219316681827784
5.114201045435134,2.1761311393496086,2.7491617694635027,6.278548475537835,2.914111109087838,3.1151073376860317,3.876209628234692,1.2077105818519571,4.769452146100363,4.906796001887747,2.126067777385765,5.292131097782624,1.6055708678349927,3.872219608224467,3.9014116702935593,1.6610084482104472,4.340444658591842,3.881952664394295
3.0556065855744676,5.05437666654927,3.88985846061792,4.026921614566672,5.583823072422922,4.840991971563828,2.5460929027090846,4.9111954632386245,4.342861335813469,3.169444441936864,5.4294352688317025,5.144085089757926,3.382376481510158,2.6625328805710398,2.9815197187326503,3.4552173409378693,3.7280100323009506,3.880896293172521
2.5215034948221864,3.455834106701122,1.1613680803469801,3.1444261091694186,3.6337685394303763,2.0697547505115588,5.736755536549805,2.6642420775220854,2.8040797091503546,6.9965240231408075,2.953245433448739,4.01595261404636,3.285937576631718,2.0972366283219563,2.897617997711293,4.639004691536361,3.507170666728399,2.947755154138822
1.5851260116482624,5.516635736968118,5.56554600503804,1.9219927189956154,7.493426296468861,6.039342591185057,3.4166649972328607,7.748825805414094,4.237274782714893,4.038901715331219,8.665832704866261,4.411641134001999,3.6774629624210937,2.50243976222666,6.981945274831544,3.830079944888207,2.713414271146197,7.3871996880593
3.197932415236133,2.20785478274355,11.14723971661951,4.204791484223638,3.141020622235923,11.460720116088826,2.325031543816546,2.1756306282188267,13.99548266833586,2.7950719835315314,3.1944078153806252,14.88881697449541,3.087376390029919,7.210840055798419,6.695060715454641,4.124288913906355,7.844569390249297,6.9660759825809855
3.5668447950402897,6.4621508183307235,4.1762396027612105,4.23058941658322,6.704311775358444,5.295305452547837,3.4928031391872376,5.445287902853224,6.303737152155873,4.277450943288235,6.418198935784065,6.493489258620618,4.047630129027682,4.252004967676245,3.3691001196304367,4.925666497270641,5.072800037190541,3.9399626006302704
4.295315070366222,0.5434897205127163,4.931016071932054,4.948944274552295,1.113385296570928,5.41716289562991,3.2606764604435208,2.9968123391369437,3.0930565275324375,3.6784418165695105,3.5249917816108725,3.6988581771413167,3.1390535376911073,4.034663239881785,3.1730084580700573,3.656793713741549,4.569135069054009,3.633922770356074
5.183792207130679,2.8706099417434032,2.9902549547940334,5.764305176291437,3.303262203941306,3.9864271356949104,3.9051803228630395,3.2996780177988088,1.874226588310886,5.269099001939781,3.43152123718777,1.9270385281870313,1.8794857990643907,2.6435863178860552,1.7829436781477457,2.3827459899500405,3.464583122153715,3.1550300552438957
3.0896213716290064,2.501188767373393,4.453825294818719,3.495618375432024,3.050815710469501,4.376385112665713,4.054652715031686,2.5296297711870173,3.3868973660641024,4.013047867655258,3.1729596566468907,3.8101329561674206,2.3336138905151587,12.879388987466715,4.906617087017995,3.4592527631399927,13.213035981972416,5.3438428252156145
2.5614649551408397,1.1353769907454907,2.024478108569395,3.3219022285527338,1.5539042207401286,2.627745836129984,5.070068843035698,1.8093280662413636,1.6588740118971421,5.497507778136487,2.265685888773523,2.0752228163604967,2.751979633218253,3.5045690792300186,1.38413737999764,3.2840518379867603,4.3145702078107,2.1325255242978574
2.2933901267807357,2.913533505868866,2.7046772153358565,3.848981669921786,3.215650419220817,2.8076617219370834,2.379246767368902,3.307233615934795,3.4938202131076284,3.709183614164763,4.364996632472591,3.510591804327138,2.629061134387565,7.545308816269625,2.740149267931652,3.629340056194603,8.068868486558145,3.6261064012759863
2.602193128242777,1.7470448979067443,1.9725274592189743,3.853499410506515,2.2620943592651956,3.1469051669887165,2.6682935120000963,2.2084392366805856,2.935679794534064,3.4633014396064308,2.4115056961530072,3.3305053071308013,1.6928394038732706,4.790715535705812,2.0415768731402286,2.0424336274455417,5.464684521231533,4.5992311538463095
4.284257847149238,3.727613679029582,0.7579763031027075,4.342646276497144,4.022469816695257,1.1089521333121302,3.3286898549475756,5.956835862261342,3.1667861671400432,3.8018990184445522,6.133029161676828,4.440881087447564,3.461149509594248,1.4988434607479872,3.2311125782770094,3.4462929873768107,1.9123327522148021,3.87187501677576
2.0270215538679506,1.8787240968645107,9.179083550957822,2.4639904857829973,2.5995021510166407,9.527918968040813,3.1753726293244777,2.5704592824716537,7.450776275438843,3.410045152697864,3.1524432602755015,8.204199897404116,1.3117887664982182,4.612288666842781,1.9297088819983885,2.2029893675557095,4.7164493708032955,2.497621990965035
1.8043499295395893,6.351281013486813,4.8895293063003935,2.5549749217609543,6.573928884348626,5.709121675891639,1.9267134846909373,5.981939750287042,9.082261617981787,2.2398589448492725,6.541585092459098,9.469801495086656,1.3733880322283991,3.079780953067551,3.4423104320755855,2.0564298945385104,3.3438633995624776,4.37948991256156
1.5032268585820532,2.969504075920338,2.279151629915596,2.250207528523344,2.9385437924164326,2.746186866520037,3.5301721914270567,2.8454515351650826,3.8390444319139894,4.014221316454674,3.0073686842800536,3.8890931942006595,3.6524599885668283,2.2538635066038304,1.9952610445890864,3.8282543348726668,2.465500112328384,2.2210983812258336
4.124954834827455,1.9816934536825763,5.897995934519405,4.32634390435351,2.4083372079177168,7.225057795147722,5.61386176112588,1.832807085605497,4.283735021659993,6.644247367637636,2.284033488886838,4.865041877365104,2.826144494567975,3.6011428645814947,2.4626275654455156,3.057607169584895,4.164739693324089,3.498843048773391
2.0071714323755687,2.739000302835735,3.41005241130419,2.9339405783511654,3.2438762494735305,3.5272770786721663,3.966284375443754,5.632494219041532,2.6521847540205,5.607277260889072,5.606445057703401,2.851235025175101,6.038398993049741,3.003166147645564,2.880256004414646,6.187470436006027,3.471744736308363,3.1430430559937315
4.804440950953605,1.1286339475313043,1.8937718301765123,6.815180567738674,1.6582547368567444,3.041099673772171,3.562787196829726,2.447908726261391,6.399080907287712,6.1656321650699635,3.1142268418133727,8.543121039922585,1.6582391258636016,1.1309474099686034,3.7577275561238297,2.7338319950014562,2.014035873581921,3.658784592691235
3.082062642330531,1.5912590029134197,3.511123267130228,4.190871586299366,2.113489193733457,3.938654229767496,4.102858383385909,3.11642748643558,5.7774854894225225,4.531505374553122,4.085415418713219,6.00019705240345,3.219860996356824,4.121945351962621,1.9113836537648126,3.7741320219005217,4.73192020271042,2.8790045834766085
1.2087577378266874,3.7319626560329033,2.8675732598089074,1.852964055685661,5.064409488685917,3.533863380832463,2.3134168235177044,6.281304760443852,1.6173517807256133,2.528458807300169,6.8455115411004686,2.2130737010463233,3.8526589706058525,5.322706544871714,4.684232321900311,5.473687319725699,6.600678199576213,5.881155316577361
2.9009464316764544,3.0264515508760192,1.4775806398878566,3.722684705190785,3.2773783206854255,2.4200496808631757,2.0496054721235955,4.225982859843692,1.6727241309526948,2.7763039072096114,4.447909259049403,2.4610016392771006,6.566711667677093,2.3582104642863917,4.55344308379611,6.575092968063764,2.6595024628390598,4.944201091838899
3.8383553628603075,2.867697773704432,3.449852773473687,3.995673110384262,3.0192229111981757,3.6461165897164123,8.746817949098073,2.6596535509530237,3.273339520112998,9.065843618821894,3.0927015473836974,4.445590586566818,3.008381036896692,3.202721033640332,1.5273501402834795,3.465594788862381,3.681476907423407,2.280130549335774
2.9401002624106627,1.6268107618432877,3.147183072357433,3.2517139120542358,2.232292614495878,4.357847224048555,3.884566516298408,3.6713422899870904,4.7068392315291225,4.156960008480068,4.269935743701411,6.203432952866046,5.821686199836232,5.203094736371035,2.0956964364089177,5.887919198115402,5.27126432668058,2.795869242892338
2.2589463711861644,2.5716846769222057,3.7026961591778766,3.319478529581816,3.8112373813957445,4.407377780579268,2.489453414295346,2.928544417648939,3.8060182003407395,3.3045089945753636,3.332209735879809,4.484824577814018,1.8852787892280314,3.4569645509411564,2.5966667910806005,2.3546516149852623,4.576768122305736,3.670963393560879
5.762008016358264,2.3265064276544094,1.7098362173131405,6.733889129887778,3.1089703164785045,2.162699162878189,4.932451944579111,1.9632295394641297,3.027342028169897,6.279663122064379,2.7764537863485392,3.404681668867497,12.133561931737153,3.3711558123292154,3.8205806584305195,12.952409807369362,3.6860565881668363,4.38328497394298
3.1651924204736845,2.155317182614382,1.3046582693638042,3.363156405725845,3.3505893263575945,2.2504454226191393,4.3324377949163475,2.216575583336201,1.412479071077942,4.386479028882327,3.4449896725779587,2.54348081299993,5.174781351937168,6.332760843311384,3.8315043561449627,7.86383710324967,6.79628895327895,4.119725893553731
4.033472905365148,3.8686191743034724,2.7001001518271557,6.391565859291837,4.84364522869888,3.905213306932615,3.1652024852374248,7.304489396915991,2.6461149990230868,3.6733720548622206,7.602946953672608,3.275655045862591,2.977433442676217,3.6352958654658525,4.414228681584378,3.787976592269916,4.497488115334265,5.055447120289617
4.118604518823932,3.667551887494069,2.6232470394100194,4.423208535631398,3.667368221876148,3.1428646906845965,7.548848098792959,4.926352762936062,3.7296324618459615,8.54674579017448,4.9153683592458295,4.567871539051827,2.5087745487880087,3.0565228288858304,4.309353763871804,3.0365014219392683,3.8060123271094106,4.336409373887477
4.033978179934393,4.05039445917652,1.7095321818125506,4.0789825985383965,4.327189177299451,2.857146671469328,4.819703621660015,4.58249856402642,1.0090012539183122,5.053411000549176,4.857719376992516,1.8621849373957147,1.9075042084985088,1.0664104865280541,2.0098554035733365,3.2908591756965264,1.9476658219058267,2.7756685196116524
3.3247488554893123,1.996911410081603,2.007881985717887,4.551468058078154,2.1940996628061815,3.1191609660071435,4.163296981944377,6.459606750823904,2.6097120331811503,5.635312500174623,6.472604576097008,3.533065162776942,1.4187898628327709,3.9308100969876647,2.160547085572564,2.1891778249507485,3.976458692087676,2.8159392787345023
1.5257254496113102,3.3341033389697814,4.111390475277578,1.996749244673835,3.4589511275722216,4.477770112962142,3.4601399707018903,1.8445952336964424,2.8279703170877815,3.6329573166539832,2.2392683562061277,3.6557456079769413,3.00564910714658,2.159734885174086,4.340566624144655,3.3005015306259256,2.3636691203923146,4.684680991164851
2.083975609722236,7.016636287998324,0.8532145018920249,2.3756753562500283,7.953132407667674,2.613106962047646,2.2804326203022,6.553752249502624,1.0916013800805173,3.391058043188892,7.185454253839862,1.9535363636030174,3.815756487926896,1.620183052334454,4.087171189898166,3.9210550220635683,2.025156022669815,4.756551687924571
5.801120321459925,3.9323685269740527,3.8344342916554517,6.575143757987996,3.908847960677012,4.084524976556362,4.189716715699431,5.775655336570356,4.868034223243741,4.914857473833256,6.098077950209669,6.570884248464513,4.0234309512912905,1.9537412313227889,3.9466746732793987,3.9817891716758815,2.360641656507339,5.155118556448675
2.0678927106499176,2.2103176993162306,5.8637357697505115,3.043227986463968,2.880639716370935,6.370148238809376,1.8351094142580864,5.364604709325482,6.843205301835239,2.4514311970979783,7.6117499839885,7.357221616872967,10.81281798046899,3.3214491385000007,2.4201860771328985,11.887802017534028,3.75938451802124,2.53069150904945
4.664149242202433,3.8976563242643874,2.849396586505963,6.604922789795759,4.7258959065087,3.34904846917581,3.4922535414851907,6.107452699856224,2.5625370504185203,4.865747044649633,6.567483333697704,2.925161151024772,7.5798640646214235,3.3781825873639364,3.1367939206135413,8.933483120777387,4.139438951945212,3.47587557138935
2.3149314646221386,3.808028829309243,2.2960346441061157,2.923133300016299,4.466672109655436,2.460094441393931,3.029311837660616,6.0685999600076,3.6160032477585995,3.944276620990239,7.252344728591099,3.9225791623033306,1.7645407595329414,2.6648777199763285,3.4257951746399686,2.521805608122864,3.5969192075252336,3.6786466642047326
2.9381838784966887,3.136896521060866,2.489071273546863,3.2051686993154758,3.109853188575067,2.816103094802494,3.3761911626556445,2.7092181926877896,4.814630896155581,4.6451459484778725,3.091189897238257,5.447927292719496,1.5914389616024818,7.829971925793158,1.786204216022809,2.3186164188431473,8.640571795862872,3.3252090195046837
2.656993083598284,6.090318285701046,2.04480668358327,2.848210006405188,6.169068110118816,2.496238132429439,3.47890598628622,1.9775797408254934,1.6267121640235784,3.842797741101578,2.6627518170292803,2.0238476991338614,4.010956491603136,6.290457718330149,3.0772490541642883,4.328215282567487,7.165217760387347,3.320832203105974
4.521812976460357,3.6789594115784645,1.5633868423143886,4.647484720324901,4.289754048315587,2.0737507440499936,3.67375693501399,2.9639332213223,2.3199552791905926,4.128483737154688,3.3696248262077093,2.3023479369884394,2.162958324581552,2.9418992251752982,5.89735697484567,3.940140464955446,2.89714646725223,5.989150459234036
3.2420453132252836,2.6557144317857038,2.908788076599813,4.319428568995778,2.7101669729118165,3.357433324106352,2.3645305675062245,2.3446900310689225,3.3435208508570735,3.3665560377266353,2.576113548823408,3.68619733681667,5.101561016822755,3.7552825583400087,2.4455049218479763,7.269823067295356,4.03922094200223,2.917848800763717
3.0453021766523407,7.6709295867965395,2.855368342129355,3.7142666101817685,7.777703858939837,4.204437767818616,4.795849359206498,6.76585515621624,3.0714606286279214,6.1092641063826125,6.89607176507653,3.847065205360155,5.353102589220303,1.9194353892017266,1.8668984256847356,6.004885992987342,2.2145732544014622,2.3092539750175565
1.5951986327059682,1.2306213870407359,3.1451638891411036,1.8148581385713098,2.086731971322837,3.916994749223869,2.8846002629360425,1.07530399144259,5.256900457106942,3.587555924120336,1.8925138902901006,5.587254944735401,2.8074402749812175,1.9165121166480867,3.9054092058772,2.7962430582111866,2.5241128428105584,4.019361458746161
3.3930762051038066,3.1315597729775777,1.4776930016773662,4.609845232924657,3.310429165609282,2.2574619784492134,3.228381164321077,4.096105616504901,2.4198622843337803,4.483458699755502,4.250269345904492,3.1108350544740415,2.7765771030051583,2.757418271560933,2.3340946321852867,3.378006799721842,3.3417597804939545,2.49318724602693
1.88996664505367,2.8032833062581854,2.8907780408993378,2.2302454138282584,3.3096868372284116,3.305412755588194,1.0191379429836707,2.3993290011372017,5.041913724265909,1.4295141321474814,2.8862736589571587,5.510789535722381,3.4840126593480507,2.1098622921025614,11.256328003429337,3.5908001993133163,2.275110640203859,12.112041753939973
0.8956042326594238,3.000218239494598,2.885342777265266,1.6008682559833636,3.555164498582037,3.45408710651486,1.0650385620480185,4.940280194269516,4.308716203221506,2.244947763431071,5.809871095158573,4.268746748851392,5.329012964056195,1.0043918855961462,1.228124518075784,5.602541532008545,1.4322161038907206,1.851207309452124
2.497314541117104,3.416862528218253,1.5041672253355662,3.0843772101829225,3.9921865035860558,1.948899017088301,3.684073830294004,3.743787391235215,3.3979948864603644,3.949801981840697,4.326122595772377,3.7339116231807705,3.593225691036545,2.838355445361617,2.3159910679291693,4.422901324288138,2.9721384501554353,2.5833297828575095
2.8777052667104543,1.7420291124820755,4.133422992731084,3.4525284931705085,2.1703086072908935,4.529295048617412,5.273773199126237,2.5333849461405173,9.229489559625781,5.218313330055262,2.772173467731218,9.594291812453884,3.815222945746416,1.852137077950253,1.3442280144788537,4.429698853189622,2.8602270677036765,2.2067156599198747
2.807566083684959,3.2733771529064386,2.232577616376103,3.133172019064659,3.275311217694248,2.6310171554619415,4.636260609339434,2.5557828105005793,3.1542425178336257,4.64769891701759,2.718426640724997,3.2852896152880886,4.655053340053439,7.972125490142602,2.952441522039804,5.019097226549885,8.646510652823423,3.4943912503402443
4.17772971463075,3.871830048417877,3.2715542404370876,4.290567712426978,4.531288963046188,3.6418858662764486,5.721770987526285,1.9994238434705454,4.980544443362272,5.780205283288561,2.696757194475321,5.685486021698063,5.193988626280654,12.998878444499573,4.902077883868761,5.278492953690588,14.87239849818478,4.904704448871587
3.0563634717945782,3.840974123303128,2.5544459095958776,3.7136045764613175,3.924318662496637,3.0323031751224554,6.195264481004102,3.1066608658326644,3.179987098168753,6.653556025909619,4.28352997318008,3.7697228005580987,3.3953896815233247,3.140275403593912,6.108366153421308,3.9343079072814047,3.5800251292139635,6.878917556043241
3.3058896591089644,3.225805697872672,4.172968372405004,4.058141449846988,3.41480098585975,6.430552189653035,5.331061983548722,3.917798447151082,3.506346486612091,5.87677442434438,4.421764576313382,3.7463204767675706,1.824908188879055,2.114200370318962,1.3590823081491492,2.016189767416355,2.4185730891569897,1.9721706495533937
2.1025185859849618,6.0364910498102615,2.424130126821054,3.70330288120076,6.166100733602512,3.275790168046924,1.7034392016346243,6.483743082560738,3.2292507175119844,2.493189493625985,6.766635678522746,4.082335546143246,4.658282356273976,2.8549208984136674,9.783462851943082,4.610572522476226,3.0918029925150727,9.95902568566836
4.263081155661,3.6986142368770603,4.291479495172849,4.893164139076323,3.8297832561268454,5.109019341846613,3.644976847938075,5.3022750487669725,11.36624776167746,4.757513227182775,5.685323339045732,11.731741706969721,1.3242625422927283,3.614982214174321,2.9398492891328356,2.599672879971807,4.381310044955731,3.4551091478105875
3.78394782453201,1.5235838574720635,1.6340780530676327,3.8563796765978995,2.754290101826341,2.1578613766804953,2.636492027354641,0.8128221763859218,3.2260397637606535,2.9379807381135206,2.0992712661741746,3.690763054297098,5.298580484562586,2.8538756316543785,1.5835706717025415,5.6409737502726855,3.327853833879761,2.6265689102360947
3.172667182869969,1.4370601960645693,2.9667507065132726,3.2125813692719833,2.2931128563219465,3.6543301642236625,2.390640550593175,3.378558368742974,2.823011038090593,2.9309377166138817,3.3845136714727277,3.647329914530052,3.257977177862686,4.0489546548153195,1.5504308602751324,3.9803214304686643,4.55353543802889,2.525920146715791
4.486095328239254,2.5150477074357696,3.934441867568535,4.7654090885029925,3.0790726814030713,4.243438426269705,5.484536357525244,3.174761305937751,3.6422237769519996,5.736960242650125,3.856900929515451,3.614672821622342,4.131545151665136,4.087852926117881,1.3846339112192925,4.588607484830076,4.294195703865788,1.5969241177134248
1.455574248100561,2.568177453405365,3.1332561276136386,1.8942723018611756,3.18688552434287,3.4748423980030356,1.838749260192427,3.5476797326828904,3.1642821245426926,2.542241603138225,3.8953820356978714,3.699061126701429,3.5189588341499793,2.0859620545960236,3.1910135850062264,4.581885231114107,3.0715115250526903,3.8816150545163617
1.3865269652318806,3.3357730697593677,2.696958170756369,1.7521655609153395,4.854933951920564,3.410704342679447,3.2563602955227924,5.042302874415989,4.876092790740437,3.394315268146335,5.416169858452028,5.2495760384049905,2.8098836482279292,2.5885964380021713,3.1046440663609802,3.1535520268449537,3.8291250866618327,3.2278458676191293
3.1149305826777627,1.9651930182537751,4.941205307504435,3.411920618079347,3.3628543717284685,5.349048851269608,6.3599918946923175,0.8760805587245654,5.503681345211894,6.63010071856442,1.89220061373853,5.786978544818336,4.413708691612029,1.5539089313312566,0.5323986660079266,4.83485175378616,3.350134230766045,1.4320586893829208
0.2971555151886674,4.334263174095718,0.49840882984495166,1.5003602483608864,5.042903650463861,1.2164832112673893,1.2635621178015586,5.571532276622046,1.541457814083627,1.4377888654374948,5.789413253267055,1.9199620150519336,1.7881841139630674,2.8457665626313915,1.69750152642157,2.277720318195109,3.2361672886211212,2.0985195395702427
1.9055092825495443,2.888067883312141,2.1357812930168216,2.6488754127056335,3.8245524670195192,2.6309802949806964,2.468392292186367,2.3321990485736226,4.6068247532016,3.1845934560296727,3.0201329821739917,5.73231924801398,1.7082485954216053,5.150107319739648,5.59644937501018,2.261880773947831,6.164065445148345,6.39473103440006
1.8721281808273267,2.0371402901711275,3.007735312968876,2.2988968892180197,2.360403970859714,3.7441941245352255,1.559022535784273,1.3542863786022203,3.582533411788316,2.2094655707174544,1.8050897918851638,3.983640013269641,3.9596813546909146,3.636144169721029,1.571933485139494,4.288405361714101,4.381970081488355,2.6381381788743004
3.3552834779635465,2.6109449650998884,2.490783156410236,3.5829779734546903,3.4144368353561,3.494693310599477,5.025838913694793,2.126227921528533,3.2002415008218206,5.332134808600476,2.6816914786850905,3.956986256974799,6.431930732892438,2.9120743917985497,3.7139434465179573,7.398264652876249,3.6211031603850223,3.7451579156352404
2.2469763865186,3.1117185070545195,0.9231115070709062,2.6803694060373258,3.583106875327554,1.642427983093887,4.2202062679125625,4.272857286974337,1.4877546558143029,4.231077205198726,4.416537101626527,1.830299860955261,1.4225627728165537,7.214486761236999,1.7029457782790258,1.6212328896987798,7.888193551306918,2.4319434106650593
2.2131731207380057,2.046770678922987,2.6524375428386566,2.5311724931195254,2.5350078871485158,3.7775274537447756,4.279202346982042,1.6748260555203425,2.6899648742133073,5.074030875843182,2.517663967105991,2.9755635162524317,3.268189828460394,1.183415002928423,3.003844535179167,3.555344299402941,1.9833679442146497,3.4593637989503145
2.5137533859435663,0.8132717043143163,1.0343783927199997,2.446234773447785,1.7352556439521298,1.900661188122694,2.633923459989626,4.324636366838912,1.3855733256979792,3.0987966385038606,4.4924351429795095,1.994874675549046,8.671993653422142,3.4935152696874683,3.6212947653972165,9.095022413754446,4.098931948604412,3.713517306809091
8.664094471977924,3.628181443446755,1.5934517550655733,9.5512358966111,4.545502862667849,2.5442384188449405,5.50330523097794,4.404393551997548,2.1588005579660887,5.784200462569251,5.804774098112901,2.3367518548066712,3.5209201610368974,2.189018649889157,6.54972921352068,3.400310740121949,2.747867080131877,6.822151345761452
3.7427892523253266,3.2515313370927466,3.6720631439077978,4.3302757423619385,3.4727884643284557,4.435125231389716,2.4839849805270076,5.64114525552989,6.868613509379328,2.807980495898256,5.7926303943005895,6.956064199426806,3.9689111244797246,3.6305120737236662,1.5832231534366459,4.191241031506314,3.9671466044878496,2.775980533781912
8.04346825911541,1.574214685206367,4.349810145385048,9.063510727475833,1.7681055642799366,4.688973019592646,3.7947969710193687,1.9327270071871,2.5412467677981785,4.785186748734161,2.36061964846933,2.9036334584517878,3.520573842166886,3.1740957103509087,5.165932704293217,4.312855339998578,3.5032846469121752,5.485575858281865
1.736431179636479,2.4756796343754424,3.241010030267201,2.5882893010811365,2.9915491679673183,3.6450196718402297,1.9672137549987019,5.537681530066806,5.244500462388863,2.5360746424081833,6.590149455117662,5.737335111454675,1.6398614857579854,3.827322221417792,7.817683934696265,1.8787288694034912,4.591560290357943,8.690138798722543
6.466605845451001,6.592946076985297,3.6345591818093044,7.239027795463705,6.9990105868027515,4.041844060272301,2.8655233827651934,3.2402691652305995,3.674787520168045,3.080016379614815,3.2366643670496664,4.2194022953940005,1.889752657347836,3.334654612020843,1.958556906272228,2.4502896296283128,3.9668427903580548,2.930987703658137
6.704424363413001,7.159926957544745,3.962132866845552,6.686165383260621,7.765559784710931,5.577964716922505,4.409350713244276,8.604681893380643,9.550458878202528,4.419543125788492,8.934164072747375,12.817209371517782,2.2204520150200966,4.133223740869949,1.9315161705334316,3.211013466887984,4.88848135091057,2.3022033931105406
3.1827892528137234,5.126839875937832,2.052194737932218,3.9916346898787602,6.2028703772063345,2.790586844900812,4.347098578718987,2.9960309225577517,2.2751321280582806,4.85104611072522,3.3831809206260366,3.031337072026753,2.9297771934392034,1.1415168557545858,2.9463473804591307,2.8065613763496957,1.7907619695648695,3.0113734834962846
2.424373466429252,2.5481509344363995,3.3123779390500414,3.435032606279903,3.375736258688256,4.7766631225640355,4.311053468805834,4.422470946073339,2.202996484898549,5.15779892672801,4.922752529616267,3.3409336164952723,5.2770398614534315,3.4563492565636094,6.575140352563485,5.602087464379111,4.463363499163893,7.057288544927998
1.6889496665187071,2.356492810638987,1.5018829650871002,1.9861908673751354,2.6825836201487703,1.9293179471788642,3.0574580434181993,2.270634933731342,2.135002437423445,3.2304333931813285,2.5407030868509244,2.847901234896819,2.431056602143934,3.5296400487416073,3.965291961948659,3.151831184632234,4.1841910249942,4.173755126715014
4.433196813132078,3.6422749135986843,3.0640060152683337,5.194463269863091,3.6285314755204623,3.9765462614341356,3.7393639588421785,3.3590798285305827,3.1609925179471827,4.75291141846614,3.5208907001079695,4.14601473406906,4.469274767172534,7.405640341254129,3.5710384760934524,4.69133114083247,7.88945386620344,4.211171144816176
4.970139174630324,3.264079175961794,5.979684004889618,7.416805428507606,4.045730808749932,6.1031895133785685,4.160241895365313,4.227348916890819,5.912945911088545,5.3287058811951615,4.714918669176673,6.440917872046602,2.665502263710427,4.797327955165332,3.679675635654817,3.030269434774763,5.200393372360275,3.670804103662234
2.875526384864241,2.0316803783507864,1.408747270373739,3.3054966665836085,2.51673119874718,2.9609144834330214,2.753814055662166,5.518398434725681,1.0786386374003754,3.273867067586523,6.399416325738438,2.5869186590255637,3.631656463373918,2.1915851550679544,5.0939552076531145,4.505891885300461,2.6373813378339377,6.017197155000133
4.046460417263846,1.8292246459712382,1.4341835790525492,4.419736965404384,2.628648554082756,2.698891114675215,5.113754305170102,1.9994416733767224,2.3077809932188327,6.320697429358185,3.2046908958211473,2.842732838616072,1.970570046556917,3.321390282387629,1.6271648972848904,3.0303794226412957,3.676394044615514,2.117283767100228
8.625988659405367,2.8198514782525406,1.734459891335252,8.822817797636446,3.2701907982401086,2.3501107997937365,9.000921492138971,3.5473461858012016,2.1323598454690313,9.247655179464457,4.038878689249743,2.341783172805249,10.071480363780061,3.574460972559201,1.9679488894023696,10.899869631283439,4.064794941242014,2.8835592316691065
3.3430999472209884,1.707391263460264,2.080635038447986,3.6332314063119973,2.2805124225327265,2.8740857742394903,5.144979153526168,1.6963601572536073,2.253926991119043,5.1563577723416625,2.2048360617712564,2.815134087938435,4.042188472974596,4.535148806911382,8.806945746678439,4.351536760600132,4.583521538003653,8.936993239682744
6.707218775988848,3.420393422770923,2.0447654167855815,7.904124436255094,3.7544570772713293,3.026932385702138,7.981525606777893,4.189712453558949,4.322479746626534,8.738314130046101,5.895303880769897,4.58374753528336,2.1793379090607345,1.851356126282698,1.8910165914500197,2.50117168735031,3.7592804099675865,2.4611152220825008
3.148266231502288,2.6651142062476207,1.389123835956832,3.9336018106606763,3.7583441243623827,2.071101997218616,2.9891363115757557,2.1872892459996716,2.173572072196218,3.4679975096014335,2.6144577929842385,2.868528322632376,3.850486071396314,1.7442400153854476,2.790320550908131,4.518483469877666,2.355344668430578,3.975539043242913
5.83952872687744,4.717193927210052,1.7127583359878185,6.876542357819376,5.572655089219775,2.4086162502001476,2.105319083718742,6.3709149989488205,2.2291554280368615,2.6520306541438297,7.432036712810628,2.7408333107059155,4.964627143100037,7.150285682981485,3.79055546481518,6.004586587184791,7.975041789428993,4.191602624969104
0.5590386950173746,2.904833930130317,0.7353729110321041,1.6259056774448486,3.0811107402169005,1.8082385536005556,1.418896022340085,4.92597946303713,1.7340260221654165,1.9011428284183352,4.915264876323778,2.3096521346772834,2.6573133142277925,1.7505114944520233,2.4913495170687336,3.8565808722153525,2.7115946580052452,3.101906630497465
2.0081844189986384,2.249253372050834,3.4495618962085635,2.6144173419350256,3.2728845310625396,3.887781243619567,2.003974860206244,1.3686792215661572,4.352255218367678,2.5875653897946176,2.2318527987747316,4.580972292966337,2.801264434363007,5.717375085890118,2.81056108040618,3.709281791289506,5.97220456557342,3.4764832508097308
2.421029554155457,3.395705896328356,4.8218436829214255,2.585239293591707,4.094460143420546,4.934474018341649,4.097635451130343,3.5003392009708394,4.997525022405646,6.017770654989062,3.987983911378652,5.80364467226644,3.7113967472924156,1.937505818491129,1.0536169489482803,4.397193499859842,2.3104043452881164,2.3775199890599925
1.9980163549431698,4.8187310251660085,4.032979974272474,2.407913812332777,5.647227785977833,4.186824483673039,3.122615644804119,6.398641150085081,6.7116205539101035,3.617205588049764,6.554784612246726,7.004796091667961,2.858038882196562,2.554846554609109,3.4229052138531606,4.406350228154391,2.9203284565376277,3.99319339612766
3.635791661220167,4.576499227333046,21.720912105291333,3.785811331837999,5.075356719022617,23.058113895491616,2.227818259919749,5.295157231755803,8.509030009862181,2.5531516968887678,5.842174140649087,8.745061415297705,4.687023744275558,2.326727803652103,0.7562765444827209,5.882094650314573,3.214600331113719,1.3910613975947625
1.390486938690762,3.15146188341628,1.308767280702854,2.0516260255284093,3.400727158317949,2.2092737281389394,2.5607148320952797,4.374794075646116,1.619785245811331,3.139947360496809,4.915319227898675,2.268902384406238,4.477842569852742,3.287038910166412,2.311554159571625,5.644610433414998,3.9633373936913565,2.838973236672243
3.089735214950977,5.556850494116021,2.502164502719362,4.074204800081638,5.516887751317946,3.1279143320413922,1.4653074388991907,4.20522887809278,0.7763776347276508,1.68270068016834,4.318836683967842,1.6194265275687039,2.045962352750934,5.8745560989717065,4.1931222737986396,2.9776028571933537,6.527258742610362,4.740061300505809
4.9682409895987405,5.066010254029466,2.2924408042319353,6.70959563472605,5.309783395671645,2.9600170562858548,3.6899495369345536,2.9652092459467383,1.637291108748045,4.100699028485925,3.4045827666955164,2.187374570314101,3.3404822649498014,1.6615303086479511,0.5927546643698974,3.6116175177480048,2.356410621443455,1.385988648212587
3.227423497339341,4.4147635313639295,0.850580828614535,3.909493683459609,4.992765479658019,1.1773542741415182,2.6572887706957293,5.707128933632198,2.8597037106097853,3.0059809216682107,5.817893334021521,3.47177857898237,1.2228966797262228,1.5555204976566959,1.295986792611426,1.659349237852833,2.0874997394768213,1.6963991205146935
2.065901413728533,0.7041051767368575,3.946607052456575,2.34415688458589,1.7167591684332721,4.609932363545156,3.290537741577381,1.015989714114936,2.729874622230831,3.6046243311957413,1.5244776527785313,3.7852496258842656,1.9979632402124299,9.335983735252476,6.11827347518783,2.5362000346348434,10.541191718556147,7.334047182258344
4.851502731651298,3.000607570309981,1.8064932557623836,4.739970217335026,3.6416040101229092,2.6239713793025277,2.1748940839767674,1.5438860767329372,2.8606206855914333,2.514260548187334,3.1101525442953126,3.463394359800714,8.488476661403931,12.574625687835864,0.195233443046367,9.158202529235993,13.79822243824163,1.17584218873622
5.611134087420308,2.8301921060060238,6.385901398614275,6.769091914159374,3.220770352461456,6.882525371057045,2.7020745683417964,2.3338805296653162,3.4702189221768176,3.359698778806996,2.452660096373058,3.9243011964589813,3.971278202037317,2.7710407056607664,3.4344761299847146,4.496386635286681,3.486146723302209,3.4979019241428437
3.375709806238558,11.485111604637847,2.1705197442030375,3.8803443724946725,12.863298141584028,3.335591388813078,3.172530303155849,13.374907029111391,1.5636845395766568,3.102478698951491,15.053276651489723,2.6026395299244864,3.371580014890406,2.231178467565265,2.6142917383380526,3.9463999798963334,2.8110205491000757,3.469418796123405
4.840424857209062,3.244276748359972,3.154866510208022,4.941331266963108,3.7941214578976497,3.3636640618554843,6.667326942112034,4.404955630892557,3.2802965521390264,7.126130467855736,5.30519396539716,3.8185813973131877,2.488361779400705,4.083194519850519,2.1336948886659646,3.3154593688918883,4.022234115375031,2.713121369451745
4.549139082631696,1.4059127070081687,3.2582438254923134,5.615824678977563,1.4802445688146793,3.559967508275426,2.550790144945253,2.2771640592586135,5.645072104154245,3.057581195061974,2.7480557383490587,5.853647619515535,4.909592023625308,5.694149114564126,4.719061564487833,6.80182663108785,6.389925712584808,5.066500766998364
3.0125240952222967,2.1681517943280033,2.905548262145478,3.7684237867082464,2.5174506715026492,3.488146261592421,1.3429703761332439,2.370089692923171,2.072118390417633,1.9476677054250642,3.301975149517518,2.7139775427062167,5.0992531669595165,3.865361590510426,1.5213339653626687,5.162210370972688,4.726414771317624,2.64321050847004
5.063909589589191,4.8916713216900085,1.4617202175756534,5.646062206829118,5.432308763676357,2.3805985938430316,4.964563543194124,8.968381428175531,2.941017959934664,6.485750790572982,9.543410261241071,3.866894300605134,2.3358173657979484,3.9788063956215662,1.412492475544861,2.505855604664361,4.956709076382705,2.3068419179307913
2.935053882675512,3.8500944571333333,12.11790441621211,3.4632970375680894,4.376496854650879,12.957161336716505,3.650637441846087,4.579680202856173,12.102009541571038,3.9682279669198293,4.692141266315413,13.556023565859913,3.9691770356106364,2.8913174311396164,1.7591314204375061,3.9066059237572675,3.934330547312245,2.3222305769813447
4.815190535964483,1.537042446030853,4.752208338178559,5.7639482925990615,2.161413048751688,4.940118379214703,5.622259110821226,1.2906554334108755,5.396522126597477,6.612380501767576,1.8446542307836458,6.55436578774526,5.445153347759876,2.521819417816654,4.389660774342343,5.876105322164392,2.5614575274090647,5.591297437667279
1.352511346641465,1.0245790384733948,4.125383453137339,1.916143430920704,1.6862755073653064,4.215099859941238,1.8954527899109748,2.2415707948638564,4.37258081809619,2.1016659375124855,2.762292687668171,4.501944145046754,1.6740855605230947,0.9501808221273152,2.8147740073261724,2.091257893961576,1.690302197156369,3.1438363292817058
2.5992742777075817,2.5873817710829865,3.9494452876677038,3.274977728777357,3.4772069472312817,4.619470238099627,3.970404586636822,6.218538223667389,5.866764068244154,4.19012017586518,6.165940099566701,7.963642594656182,4.8538074074145365,1.240866052961338,1.8086893712286791,4.827153314954842,1.646306478212244,2.2015736297741135
3.799323622316577,2.1456755508916965,1.4328121309061572,4.905070550615262,2.7324918639766587,2.0057627095947366,3.0158254545081484,2.7159127955252975,1.1819448899144387,3.3763973731223316,3.3795423136262417,1.9966115103884177,2.16751498496255,9.085922418534897,8.624069122155055,2.834122069335449,11.779291586263296,9.237309809612977
1.658665783972658,0.9246829131269462,3.940722761458218,1.8883297045705267,1.6159578135689305,4.2493231894046035,2.713156290479157,1.5719808546854435,8.139546922173,3.0990172003514007,1.6400171899101794,8.259141335969602,3.8130841023071658,6.523261078601995,1.208455279028801,5.030992304230632,8.474051817699587,2.8662725347638056
2.271214208400465,3.4180411548348726,0.8140905188129671,3.150831027642331,4.068294078338059,2.1339721203033934,5.0610333301104875,3.566423061794662,1.690975953479469,6.862856661430441,5.108077139912756,2.7261670222456784,2.891211235746683,2.037751295378908,2.2811167404957287,3.2398153361852353,2.4968352777859786,2.745273620444865
3.917593206934735,2.015028800078771,1.7833785176355432,4.054776217398814,2.425467518080412,2.2731708649521574,5.408962408977426,2.1326321382676263,2.3873971794503017,5.567994164109343,2.30586136134592,3.063174953265767,1.2639202532433724,2.920804954041394,3.3477961877643643,2.4371806232839477,3.2773034211721557,3.4257183725008487
2.019250947635251,2.9479051992137135,1.3581052838304994,2.8208272487521144,3.5518408694131804,1.596299237877559,2.3227774726437485,4.347129260103454,3.1108150560322487,3.349909096677834,5.158888382408488,3.3875059146250623,1.7530520619381178,2.1867828912934697,1.2295610991158266,2.633415999242026,3.1116717094533413,1.7554557456875126
3.8064588027029838,1.206854344324242,2.001902009028735,4.383716278099797,1.9994759838634937,2.205882692316826,10.127557649403608,2.4408867315510308,1.7216951297307168,10.161273691112347,3.1522708789368865,2.076345162766318,2.6125874792251715,4.788043813144698,2.8294976110362415,3.5911835124898195,5.26114688910952,4.191643092501804
3.395074715247734,1.8824047013506395,4.441847516697397,3.705353763388896,2.854581660192939,5.1017916005102375,5.812559009437843,3.8176850267425135,4.522160203650597,6.129207558972836,3.7967983264532355,4.957549565812034,2.701268597202541,3.4216699801710284,0.7740178320812646,3.251750807623588,4.382494129765357,1.423059199323306
7.405620519262779,4.380512875463007,6.380382013897328,7.772955844604494,4.442981008474348,7.451950240773888,3.5679481864845712,4.662784666810752,12.091416031451844,4.23977740288786,4.955945844081903,12.721494963426286,2.7690168838493316,2.9277407668848765,4.26613107861104,2.755250226900732,2.89383502955669,4.592978685098784
1.6323280924919747,2.1253630938554333,1.6784980462465418,1.7683797748090815,2.686269426395912,2.77114564080899,2.765486888693606,3.3057114318863174,4.424250370363497,2.91860717560087,3.777026252439826,5.402054308745879,5.793416550193974,3.1844797282091637,3.0609829900431804,6.592448237179017,3.7880656936168937,3.7134256065515854
1.451504482369176,3.510943201072502,9.097375543408246,1.9873168385210915,3.758719589926992,10.677968970411339,2.093924923014823,3.1308341101873243,9.60989119926991,2.8550841078715203,3.529882498053948,10.669652637498181,1.0279016662739746,6.693920334201804,1.7466449171105922,1.8036206062231286,7.001349763699991,2.5350898927246126
1.4342977315750423,1.7798062650881943,12.511596181640966,2.0105165717718347,2.8706541751510115,14.568948221505583,4.223123089929412,3.2500352115244198,7.176956628335091,4.6452226228850035,3.345173456319358,8.557960267103542,7.326675246161779,2.5999418578926554,1.7979007379043401,7.605338864127697,3.2896706473768704,2.5815400245019564
3.1628636667637977,2.0671338749607973,4.336530116617401,4.444994360943045,2.506080234075361,4.529384306471838,2.510430136083023,1.9276920248062566,3.032266561078397,3.299288939321285,2.8141638229669423,3.498708360664353,2.8901447197356256,3.8082685926408213,2.9525468313819365,4.059023675327901,3.9332044665617154,3.6754745289906414
4.014789935995405,7.564677726623345,2.2130392223229327,4.8830877190081905,7.770306812405266,3.5204029434909376,6.983301693277653,5.08470719402625,3.59074338682879,8.032891081323438,5.386901644641207,4.374171257724273,3.9077124053085877,4.723868732220028,1.9456154235793772,4.66789637145878,6.193507816770029,2.174126395050752
5.499272722642319,2.2224567005974896,2.246289324830849,5.992702222806011,2.747189687115061,2.7707343260973536,3.9428893756010126,2.155181980348219,1.6980274155537607,4.333376715190886,2.8130174009849274,1.9476683386426896,1.5857382029846934,4.169793204853022,3.1579307444058937,2.1187524816550667,4.222980759046526,4.965344420809292
1.5091996514350168,5.02105519478381,1.3393215784057546,2.28025802299596,5.113790190366722,1.8097902574102234,2.2562706710353986,4.146389932597366,2.5697377666116106,2.8020921561969026,4.581827085974585,3.285874365795934,2.8639192463462897,1.641647202942946,3.4851993031327315,3.6354655633077826,2.4742185313272103,4.096286118704875
3.892621036352355,1.4595931857096953,8.365331499130882,4.237888194564316,2.1509424773445756,9.060542820174042,8.06203945506543,1.7224248506797986,6.199592005696201,8.457995844232379,2.209849793172086,6.648249933701476,3.357101263899179,3.3540221972218056,9.063429488127479,4.665157571263745,3.8414043880886197,9.242498835977665
2.9993983829308712,2.109499614150371,4.13482648694059,3.2580016881948937,2.2426744305635755,4.376296186257302,3.8926717331807406,2.4323815066740355,1.3219694475523607,4.906135051380638,2.6306434384695425,2.2356307761009044,4.883745675060636,2.9332363101176164,2.783342924981811,5.123859300009668,3.224513736715438,3.5912870270497725
5.366542406854213,3.281806422746661,5.446202439323238,6.8289606898070145,3.292585248303764,6.0454826080507456,2.8888150291138577,2.861801928517272,8.124530639664894,3.783275049828443,4.321552055989497,8.786073249087554,3.595860175420565,1.3940047959457604,3.892089761844376,4.034534119595514,1.8640706607926154,4.452788852365972
2.297815066902016,2.771895279722667,13.535506816888308,3.3338756072909526,3.194356344053592,14.570768135876296,2.1846936877992493,3.867201962176488,2.295424116405345,2.750981484537742,4.504807008912465,2.9532829218387224,2.3946444167641356,2.444323651186493,3.9799348412954814,4.007285292382145,2.6478854101126124,3.9455202720321196
2.57108569853482,3.31101385167465,2.351527840846519,3.5052458887844193,3.5894709909537017,2.4865684422473056,1.9746097251683907,5.027133472728195,2.0413681261842282,2.522392131212759,5.315523872953302,2.3016553776791007,4.94816736134232,2.337220340043743,4.148997668463765,5.0742602960394585,2.760466748959293,4.850496155628473
3.012956924005465,2.0569757245963087,2.0924749387766504,3.5503196473127727,2.4726633930078616,2.9003280971323866,2.4733694634810917,1.5252826545226856,3.906334735954289,3.351477960714056,1.9212577291196875,4.63585725113004,3.7453451500902184,3.3203412619927506,3.7394837690205294,4.623446511031846,3.7807683605214577,3.852546757633414
2.525171110922844,2.015511852199941,1.7272434455613432,2.9162076037812366,2.5275604975189494,2.0816132433151298,2.5085022368416308,2.105252150101648,1.6986831752291,2.699824705311696,2.910691718171583,2.1131785966689094,2.4975024596100943,2.828039987253035,4.553558511298768,2.8242578137502545,3.226323400644018,4.629615662635867
2.68655755307956,1.2435049901235722,1.6687796114600322,3.119614365853278,1.8279698818365184,2.330989499003372,4.1286708990849075,2.54024668005543,3.6819952754953884,4.829032363979408,3.6128315389093535,4.0268628095952,1.8063158026828132,2.6308855079824767,10.289461783156591,2.2374527012524563,3.0530823095561597,11.488099837566404
4.2195635164143885,2.168815377912006,1.618693221706108,5.599253286890883,3.2071265991137725,2.6842479055710684,3.28381436846557,2.618488747668748,2.55968593774294,3.7184188334502704,3.6786316170410425,3.135573511671516,3.8775792080405993,1.9767344510260634,1.706727896565386,3.9752529547799,2.4941229003301184,2.2112815270552604
3.435589994067677,2.803993817658569,4.142543667718317,3.809347921377379,2.867995955427355,5.467739887718401,3.144959248723809,3.145269832748659,6.678057922228846,4.0344344494050794,3.4838057434831757,8.326717325989005,5.201081670629782,1.3053073589798387,2.06973895252114,5.2291348904735395,1.7513576936769815,2.5397713355220106
5.847459792023342,3.0013163928684943,3.0467360111428397,5.842234922031001,3.571427488507646,3.2986581676764857,5.274588556222236,4.154741854502253,2.400103224691455,5.936554237055409,4.487696451736183,2.570122389173705,4.1974405937480785,2.405473974368705,1.6812964463337343,5.60614137024923,2.645086128057399,2.6473392927874935
3.279888030919578,1.942882997084639,2.363882517206234,3.2828609310305605,2.5123843461463444,2.8420308372645446,4.051474071913503,2.0771022737134723,1.6974537742958857,4.080610357403283,2.5075687115085916,1.9556720228766675,3.463028364483755,5.896113601036311,1.7938950531692344,4.339716348658153,7.299711184481546,2.863350949180722
1.9595254522952865,4.825132386821952,2.834602679269426,3.1375008162100304,5.850938689688019,3.5287678475657005,1.4268506261163438,4.881343611873362,2.5425206523864796,2.168269099087406,5.330147025137137,3.2328278405240027,3.812305660946753,7.51307988916216,5.551347624372678,4.308330780764092,7.579632643765904,6.355246255044882
4.838426571453455,3.7977942189003984,1.3611411058476661,5.202591926525724,4.325228578524111,1.7570950045427947,3.1331735285654334,1.5510595700875347,1.8261775607096122,3.4993804337320653,1.8232598311344872,2.2516603527233463,3.1989102699166647,1.5375898918425468,4.206275992349871,4.088604984396993,2.45151353637476,4.642133288033915
1.6057961228994684,7.767806471348929,2.8784266174613773,2.0643745006200045,8.090179671481508,3.505146237867575,3.3640442340898975,10.130876982437183,1.8291164358163288,4.382939398451056,10.97127969346333,2.2899859306214077,1.6970102613459856,2.7703911362971185,3.1735146849746427,1.9102280519544743,3.3652036109230132,3.8300407316800293
1.7659529650447015,6.355441028398373,1.330538313537138,2.04028052053949,6.695346607923119,1.8092462766372026,3.0568766428840157,7.026033677040641,2.3692194226082046,3.009935582634021,7.5253914342160515,2.862408743973452,1.9318744332125015,4.303052288590421,1.1887816742422135,2.7978944237178625,5.245315681535572,1.6103587413970524
4.056209233849189,2.0561856341422033,2.3284170268295177,4.457581833524986,2.3043547744424075,2.6517586958759654,1.8940704532600166,2.871077319731638,3.727007109749607,2.435651097225485,3.5333358980445766,4.6584493405707565,1.6368704000871153,4.235938710485381,3.152936689157141,2.131749330646528,4.881115838497202,3.8148457729258545
3.853325519607652,0.7977059770604059,1.5569203003608356,5.182647668558245,1.8585877199590854,2.7746605870497616,3.042703484769488,0.9889773420795676,2.2054398992545474,3.369538104147776,1.3293711891009397,3.105635197581648,7.763753234583799,2.2788424786636177,7.603425447968445,8.870047579662323,2.3900334958671996,7.763125918899759
2.0004291701491086,4.784617755978399,2.770213990592491,2.706497791055412,5.028262035308179,2.8492010523445117,2.3735790348728094,5.878885272554807,2.7065437855819257,3.182073227582291,6.298696976075704,3.0868838726178627,2.2660497201572785,2.0214141244258323,2.1120811127524903,2.4403127364850556,2.7294240330404875,4.250040846593246
5.163252012313571,3.544361468291326,1.4999909284455653,5.27017766913207,4.522588848816542,1.8823319493780655,6.000307860499938,4.563802636690222,3.2082356328599824,6.214179642791883,5.907483086954088,3.5467372667082397,5.545449220475728,2.6147314473811485,7.865278629440591,5.631084340938323,3.3868511232896434,8.297082626011033
7.6159821084919095,3.16093274732587,4.0800210787530276,8.671608599169396,3.663481450815645,4.386078542697588,4.736815837220642,3.737343693123802,6.797374574427423,6.276462029118822,4.485505643571582,7.087778718828623,2.398623038568509,1.3801966997144404,4.042890132334841,3.211114097808627,2.1459086530782194,4.091012348418619
2.204814362177359,1.769615865627175,2.2373881512796823,2.4953037137369356,2.0921026337029986,3.1098489593929255,3.6658964692501668,1.08662341724818,6.301694271830897,4.206809889298851,1.7151704068670615,6.779456873978314,3.3983786050845723,3.5672844993866053,3.36939838061274,3.739634329585499,3.7219594694934153,3.704505549493286
2.156261195918131,3.5726053530521016,2.6988957347776523,2.760777269864272,5.323418281156227,2.8948865922404314,2.007009591661402,1.676233793083675,5.159163983126978,3.086110386833996,2.156885871419707,5.162395956060312,3.300648741413604,4.418904744856096,1.5052470378644902,4.0279900441361445,4.464601470410837,2.0551199683975554
4.160348875495835,3.2377405881972803,0.3415804874980377,4.81631105818781,3.612034400081473,1.0833284050767342,4.6495326071033425,5.2867071135115555,2.3813971128704434,5.171388420211691,5.681381875733442,3.212317496037033,3.089958200179866,0.8308175259903567,5.336759247544287,3.4037035599384566,1.2957174026082103,5.426020776082035
2.501088388257973,3.917884585496143,1.2039686587469784,3.136188155419733,4.3976294048577795,1.6310919887947084,2.650958361237484,3.469987904576797,1.2317070540232318,2.590101142785445,3.5262625619826307,1.61781137714355,3.5416501272170096,4.440291720800793,5.42686840199132,3.8644905567155594,5.005996382306558,5.731707255021231
4.723366187400267,1.4547401409268255,4.042199959317088,5.10794783294238,2.495690981962951,4.050253929275246,2.318289656117853,1.0255851177926225,4.497010534469653,2.5614591255906634,1.8635470464076034,5.678259042129421,5.19248458778145,3.7197828348560793,2.6338259068393843,7.585448991037599,6.060767915392359,3.4028978117007096
1.0116566434703567,4.0302418121762,2.8813187908733617,1.5378352323003768,5.663488048365946,2.8728100140990813,1.5105467741950098,3.615278794560912,4.60655046067042,1.8059572031534359,5.161057886775307,4.633650372723268,2.7788044871246704,1.9191759648839033,2.5617356445426602,3.0652094096108238,2.268377607047783,2.998922873947565
5.607499226786456,1.6401142366330492,3.311808351048108,6.651743881949723,2.3352431287629534,3.8355736117295254,2.862569017796998,1.8553276211116703,4.3227408057616685,3.49171470123578,2.2753917859553714,4.62926107866553,4.426703522888726,8.31991159907037,2.7727097162002967,4.874370980047916,9.740200102180044,2.848402775034374
2.8647443690429815,5.482871311097847,5.09379275470574,3.3630632153565423,5.750599133971198,6.56272856699847,2.538645370383828,6.152249565707608,4.909279537028626,3.1242579110825557,6.173776994791528,6.119490659526251,2.8527201203339896,4.758326785236545,2.4794549689664724,3.2851993712292695,4.87485188798901,2.928399302524925
2.6764412836710667,2.6400711131909835,3.738715068262901,3.5797926750522886,3.0698685305065876,4.2349301832660995,3.0805608960613275,6.109606180268555,5.929528946410178,4.266967648325783,6.375791976684923,6.315459926569788,3.8344807454183885,2.3108416082500467,3.2053527138733675,4.330192249012985,2.692440953652541,4.134298308645083
4.0249277578186415,1.6925602504061643,1.4553759080718562,5.11822986556335,2.172795448539872,2.2755052521342183,3.645190577526013,2.9190219478360424,2.470747054730987,5.465225714010373,4.171288601032028,2.897967513720184,7.314556648703186,3.2529274625639837,3.3622513978466526,8.087071230556628,3.190294363863573,3.6095363046103293
2.212958897464553,2.1674341346813444,1.4336859859468416,2.1660031640844863,2.608615481400516,2.7470619483367273,6.817561677009768,1.806192810594085,2.208893777295652,7.109341148731466,2.196668057925437,3.5985367495991256,3.127822013612381,1.7807277838875424,2.263372443041871,3.1463069703672426,2.3508371236449803,2.773672621547132
3.131909219686114,1.129088281954288,2.6306550137449674,3.5768362211756286,1.5496160987464167,3.137696908895583,5.976785656742071,2.3137115815247076,1.855241717729314,6.2934634846532225,2.822114958450031,2.4762011030964586,1.3756718060286968,2.5836881654665937,3.3859511616267652,1.5428923862785848,3.1228460806997815,3.6604087728067607
4.056277355469238,5.758404973438195,4.75702791730228,4.504540228133269,6.365519140473031,5.016575737713129,4.214869590586651,9.894828792894701,4.201573179563514,4.4574189170029275,11.089511616044874,4.484628552699418,3.0867487800227225,4.705558231420463,2.003478187904766,3.1189779852402486,5.69958728510462,2.625494109944204
0.5764396835094646,1.5784944736580766,3.5722930921868348,1.482792187306197,2.1237763678013786,3.738748052393016,0.8079106305933743,2.639280148602278,3.504513660807468,2.0615115068867866,2.8788902717108136,3.6685755973405323,5.236953882914938,2.2921383106757385,2.7500187438116983,5.571133061367692,3.051072784825292,3.185315524915527
1.2625768382363762,1.7465772435587432,1.7599887336987938,1.8518865413984353,2.6897395956934784,2.4593226001654247,5.576361974716503,2.5870830633478,2.346315941289816,5.645444215303679,3.5137110241339387,2.846765681582579,4.667637576183276,1.8114940402944422,3.89476864891218,5.17048459101299,2.5507067507876995,4.122735511096474
5.058999509319481,2.363058381251044,3.8002622096538414,5.843320713784978,3.655420868625247,4.6082692916397985,2.821263818928686,3.810468426992357,3.24221580087149,3.3055303078457206,4.423741543703568,3.43816415240019,0.9893326363689895,2.581113563632714,4.097859095544262,1.5338171196008663,3.598973621198568,4.483131223639095
1.7211501016607067,4.275231099493013,3.903773939678158,2.7006206869221487,4.54788518207207,6.368973728413032,3.566903986219868,4.172287290268504,4.416736931539648,4.309339828593505,4.404244051997303,4.740413147608005,3.3610331410225287,8.388872902909517,3.411337862463908,4.373803243491365,9.156963881014791,3.464514588168771
5.007828213154728,2.0708927485107878,1.2356229856039254,5.451058591243085,2.159969643998486,2.259038599397302,5.804131539507427,4.198070055193701,1.7259545795059705,6.151669865252575,4.719597911333038,2.3919004431389763,2.1148187717798903,4.3440272730216165,3.8810189612879666,2.373806555443825,5.430684560806876,6.397644168415246
3.5228733963903216,2.2230042249268553,6.482808591860631,3.6014289989477177,2.400508146753394,6.52364140250534,4.523550201454272,2.86182329924549,5.895353233545906,4.588975983158651,3.809567585661344,6.336091206636477,6.748968399754671,1.6439604389940945,5.30856736916939,7.553140927227757,2.0539205106329526,5.376606041980699
5.79926620543096,2.811919278805031,2.093166583688569,7.128381393078613,3.065943230948423,2.234171176183858,2.117100706081942,2.9552792286792147,3.4080056999412416,3.2035622738567224,3.3173116520814085,3.371636246351726,5.614945325591816,6.32920423828175,10.611487945534803,6.968600777497218,8.106423302468984,13.076172716421901
1.4891080913596204,4.6069423426420295,2.2140148105574684,2.4283300452191017,4.7785155252754326,2.4314636306168,3.4357348401651735,4.684616254988117,2.733169818807786,3.724433686537425,4.883350493403117,3.0986139508369015,3.5122259894767662,7.978201705366018,2.713609453363732,3.63686274550015,8.360867205465045,2.7178541462237225
1.6191045717335448,3.1276596726174244,1.608205686730728,3.0637893176323443,3.3645004414590534,2.081565498453841,3.446583438351939,2.5193907127271693,1.3765283464018139,5.754933183896808,2.5935084914313338,1.9141355934816817,2.3404378303715125,2.990967435439309,2.7383818554642922,2.573899486586602,3.6417738482004665,3.104772509429286
1.5644325771451464,4.308589884733947,3.1561625048961393,2.5877788240129536,4.73614590664016,3.288250341771495,1.2953321651360674,3.465521604343252,3.150028927096306,1.9020047541948313,3.591651493720803,3.630992840470072,2.333629538372327,5.149656379984974,2.097319668911735,3.008699415456893,5.502320754811537,2.935623982396112
5.038387795932673,2.3288691732365545,2.138440346072835,6.035114762787329,2.8236461471598555,2.5296904208926563,6.099002635052511,2.374254134536759,3.1244538110697193,7.446700359895514,2.661797083702227,3.1867864744275174,2.6673288059944786,3.9716788427315515,1.665222402580874,3.2887206997312313,4.386050610121396,2.6752920880903415
2.1674853191832817,2.414780607743944,3.3386014179327588,3.2310069423130026,3.0509543795867864,3.4575913325794594,3.0098297679895096,4.06229282041001,2.5343727507600313,3.763137110891888,4.9806792109397025,3.269871136572495,5.3310835944475246,1.9364332801174822,3.2395436977706824,7.640397215180693,2.8011527203203963,4.010676607331051
2.594668484149567,2.1702800407112517,1.9887946213838295,3.942959575344986,2.637529174657258,2.7759824238664783,3.2488310506118747,3.753479214178444,6.641004776861119,4.09792318658504,3.903556194872406,6.636613729976857,2.429723816947565,4.882298242987721,1.9033526183176144,3.4454897740617936,5.051614109627498,2.1756471728466176
7.191938242904676,7.343296906850038,6.4265411416268154,8.832356185871577,7.328625316652573,7.025103511932198,5.8350700416289865,7.718720465894939,4.870332413353569,6.312821135272392,8.655147504483352,4.894297870676521,3.3825321843739995,5.475774717379738,3.322815035533695,3.9231056020610664,5.61146303843647,5.2655484792060525
2.703138771825233,0.9530436843124355,2.8610117762045517,3.4547145650641697,2.1599510842638625,3.75501281549636,1.941999998841252,1.528053744481753,2.199737278996922,2.6742730697332022,2.4947081507114723,2.7810930896265496,4.2097882420395125,5.928414349604021,2.047308081053331,4.572619015978197,7.370037859054139,2.3256005629259313
1.1991758101739538,2.2355310520208476,3.143244374961727,1.9703162224666446,2.5218724033252666,3.4119168579732335,2.1684038172172717,2.0200633159153183,3.875928558042008,2.427380511772199,2.2335814105757748,5.737602209948174,14.714397325038831,2.9749332024279562,5.822080690996837,15.405719719522772,3.602967536233357,6.170057962128382
2.802672993857424,2.9270932699996868,4.035512553720826,3.9340308277908367,3.0465212237860664,4.04670939434227,1.8405047952628397,2.315849724410936,7.336818830671483,2.9196420335976323,2.7186625619257696,8.159251816222643,2.3510961082192465,0.4127205210389818,2.4466720567756117,2.438713897884188,1.6494441042811168,2.7582540132393745
4.422401642453032,4.401428051508072,2.2008826591630566,4.901374613046834,5.129748884420553,2.2791937813323027,4.3565885412153085,6.454902864813373,2.4947992692686567,4.995344582400236,7.268872154713796,2.994359429902305,2.992215755764462,1.1135112191161192,4.921926475258195,3.3969576993338353,1.7023770319544953,5.408287841554973
4.030958687797177,3.0002358906693045,2.928364632349125,4.449848417370015,3.581165827325474,3.5023843492909066,1.9005783974095753,2.1626090288110413,2.7545297489123817,2.4988079657089832,2.675029975374986,3.0529280780359183,8.088881755581111,2.158097033558263,2.8707695847262737,9.026065341432655,2.5959609838545896,3.337744289071191
5.815837195655339,5.336446092086256,1.4167110327127659,6.377263229045077,5.508506016409682,2.348812335299086,9.056832728736689,4.998197500315544,1.0864930662732406,9.293010812544347,5.070655532517954,1.7775318762767327,2.9581930440422872,3.8923930531429587,7.841828572637243,3.4739006278385487,4.659599151604434,8.868407127626888
1.6073792887419218,2.2316996220370218,3.135246010272092,2.2660961477804964,2.729717717400383,3.459553928004197,5.786363065711813,1.5269455084289383,3.308110119155913,6.195204218826515,2.3413800083242577,3.6567106803212797,2.502677373496781,1.7524398964492944,2.8506037591720657,2.8988226368088355,2.4672448722827496,4.066372402713675
4.993497521797598,2.2026953004666456,2.2589058028668108,5.633668397398505,4.596073284621869,2.872863643615103,4.548579122476309,2.18530927331478,3.1726284194851484,5.198821771939752,3.536448706632142,3.712907020045547,4.481038325078173,4.506578645242863,4.786272005941021,4.698379036948673,4.5806708704059815,4.851609609153234
1.6259546801700755,3.5996533235657107,2.0297573121876966,1.8958868427697568,3.7648127455175953,3.107683471543947,2.587496437476519,2.7951652814992323,2.321251638953955,2.6233086149102554,2.8599356918424603,2.874371201868483,16.136377485317688,3.585310587843845,7.2433852498613085,19.995471576088885,3.5819071128828073,7.422370916300868
3.8308867464185785,6.616421836670002,1.660349293344858,5.024363929686977,7.00498532294547,2.620070240932929,1.7815701257531282,5.296035398355777,2.0392126752315747,3.263041632270128,5.568844372562746,3.3865370330959803,1.7576083101859785,3.554379976073624,2.6150921651319643,3.3725960779549986,3.74230885051982,3.192239136565076
3.993657281481329,3.626224067410948,1.115664143620416,4.928178985085749,4.206325764474431,2.0184800280084048,3.600626143344602,1.5669932216770346,1.5732584857132468,4.735433593121866,2.800443365031781,1.9386397774218826,3.6301725083705114,3.7302258712296483,1.0329892507947842,4.884005566555531,4.144224222544135,1.4766574118617428
4.156419246709773,2.140060504958284,3.928401451546552,4.496637003811607,2.9476111698723275,4.817291800059375,4.972232982933458,2.1160987678445102,4.243810667234583,5.15547493154652,2.6314659184337845,4.599477781392274,2.20608062691781,2.8312758893458483,3.186747116631312,2.5501394866196914,3.0717138257657384,3.468887892371232
4.954161734553742,2.2103853903919553,1.4641330804693145,6.0215499964067245,2.7080118818249113,2.304937148050749,3.0568496817699464,2.943926351632976,1.6606170423964095,4.351862997622897,3.3459185162838825,2.0888438656999093,2.2418375456024124,5.316312558614438,14.498401385002119,3.016544991110144,5.277093079402437,16.269453796512096
4.44754359491975,3.2128155709318356,2.265300746711215,4.530071702462538,3.206766306957475,2.9897587561395054,5.578737441298072,3.4026324161608676,2.0640759221736866,5.810580805004479,3.758378680597544,2.5858155810767487,2.6003106862087297,3.4541304609963914,6.526665173895468,2.9400720145306423,4.062995016443201,7.471141132746344
5.09174931364301,5.2428426482761985,4.706083571702254,5.542022561914841,6.248786848891162,4.828373387516626,5.004810965587431,1.870585191915464,2.6861440798901066,5.58018830282338,2.560177057460011,2.9469062108531268,2.617609820575611,2.661584015930916,3.1152189146547475,3.148353326514037,3.291501680692375,3.644220755171611
1.9877044355162534,3.637565077058269,1.8282669610521005,3.0023902023659312,3.9763881446021276,2.71712206450703,3.439053340372152,3.579434735907115,2.154634878389545,3.369147961450874,3.9521827107860594,2.7887464322811337,6.341578396429207,8.058954045585926,2.2354141167490904,6.367595291811091,8.496767963084682,2.780484108496781
2.3230581483412522,2.59132700299866,4.153126900296461,2.502915203282749,3.3443033393075834,4.800128346861082,1.3034750661044963,4.92330424802944,3.984952696567012,1.5329848765527494,5.110768881319483,4.336759727112742,6.388774747880341,1.6910857596259716,2.5955597681478815,7.526824508798381,2.2591296947514783,3.035313244056633
5.531342589185133,5.265167047483553,7.505787201974264,5.8013832503470795,5.373419949778279,7.7537593565262,3.3211569429894934,4.015979403869207,7.559081608750682,3.5448328495305215,4.4767244626517915,8.623855537019217,2.4033379818790563,2.5079215729418407,6.036345559104195,2.6720458809066203,2.600551982978367,6.599471891176765
2.4431795881163274,4.5300334466741345,3.918506912836549,3.970510566039547,4.8118859245142,4.9770945022288515,2.0326365356606124,3.7468716133469893,6.7078082485104815,2.812644068277623,4.215288978177882,6.759205276639233,3.387159447242204,5.263357524487661,1.06194180421132,4.103042801711515,5.5873305530344,1.4628766491049574
6.793912911478306,2.0641613565101915,3.4762953522653812,7.403357378519978,2.738126574512265,4.434136503429309,6.4114643822341595,2.3028690788743065,5.380573159463337,7.383086707740725,2.943383436052763,6.316812052138695,2.927024197715366,2.8051137067607024,2.592379758140792,3.7546442296428153,3.3549422529404858,2.7824823789846276
3.132459883410176,1.7169710560634435,5.5879644572054445,3.1253761121384156,3.312032513690179,5.557451586292555,4.082394061153128,1.684419373551524,4.13988860397068,4.357464076484829,2.4512605593188788,4.731240198746172,5.340606941509505,1.626303768057927,9.987281072097792,5.873552086648842,2.3834950198928633,10.75851891992939
1.4035473097402544,4.546000553854081,1.471001938569058,2.2597577152829773,4.819445694408983,2.048270489035509,1.7689428721810918,4.7801044055236845,1.2051775523380566,2.3212190366535808,5.800290292513412,2.1460176954713948,2.202048470848303,1.5536751034764638,3.0886963580466116,2.5023712634239716,1.7209838665533104,3.1542455069214235
4.926004063405832,5.452233216584668,1.246553342353326,5.097229710621917,5.470603150350148,1.9554026452895437,3.2561732225495184,6.141577894596711,1.3905293169108568,3.663731450095987,6.131257213025106,1.8950786407454479,3.7005730894567366,3.8295497789305797,4.591875375294501,4.800902998464374,3.806539655165264,4.752174846620172
3.36467309370915,3.427059454924494,0.7377153100793042,3.31220792073496,4.443639657746633,1.4452063084795999,2.1140530197994924,3.80375828879477,1.970884335048333,2.6194850715575964,4.013995454872781,2.21448150368314,2.580694127476889,2.3474177662184044,3.428484735905391,2.5329399576421436,2.712146312010837,3.783636331524869
2.3824224815411665,2.7623542762337454,3.066969215917863,2.7567575947249994,2.697318749553507,3.3335897100628546,2.7226416427878513,2.4755055633977507,4.0055454047669725,2.7127727200626714,3.4150587829619337,4.573634105491711,1.707903418054169,3.3431101760323085,0.9299714592992974,2.1813806555232125,3.7943726947404524,1.6830704043851044
6.314931621544746,1.882349260751291,1.9379098970071855,6.4896977986793365,2.7167357680651585,2.482156819725491,5.279458457678454,2.370925428742486,4.434631142359768,6.01219269878747,2.5679337793175625,4.527862867744613,3.4833367817711123,1.8178943503422695,17.805792111543028,3.7574627515678354,2.2150368564762597,20.1054583294274
3.6874020088885344,2.1918738410259513,3.0462728711560225,4.3106752530634855,4.5771492947976276,3.0125696724656525,4.871031523387052,1.3489915498049796,4.706671429050069,6.158392698560741,2.471489206580686,4.799252396034371,3.091198521262114,4.803519068310594,2.8316514253283835,4.363145968928835,4.886689934449648,3.216514382614262
3.0533531720222555,2.3832048333405855,2.9763370906636526,4.9922656038767395,2.7396302028160675,2.9366188727259868,3.679397628567445,3.976464000070014,3.4172695857360575,4.9500521132266435,4.3883062471633005,3.5034251808712202,2.182778250489382,7.917027741262162,3.669998704389193,2.8796549302664145,10.331556892136811,4.176957931738501
3.800398244697523,3.5955909555922356,2.362108266227758,4.616110439317861,3.5985715505368714,3.289165591490566,3.082472750792824,5.734032212698479,3.0900220392672235,4.160613146342556,5.954171697652927,3.627282114262439,3.191333341755401,4.217450520260003,1.5684902297929055,3.514264437441777,4.390086082698101,2.418444900354848
1.591801442555724,7.649585677643445,1.32988711794747,2.1624938206757633,7.857440787728818,1.74486481503833,3.510818605530442,2.8778893147083475,2.754145861021274,4.294034442574833,3.292028808606585,2.7643249195150945,3.626160018837288,2.2984629393976377,1.658322002389457,4.1129982179123346,2.667940124721002,2.1855544360256083
1.7173163687586945,3.7224871247996365,1.300022440122485,2.397063073472409,4.095069047731369,2.1651841127956817,3.8469740296361463,6.565736658094172,1.2816114583498186,4.32098302597642,6.544500139580492,1.6156642682758833,4.359524421163987,6.950981508378615,4.208812919574827,5.253273827477123,7.45560898375181,4.495800178757812
4.144510026764264,1.879508915070138,4.357226986872884,4.714216362740954,3.534877979166397,4.654263615201954,3.811533423939623,2.1037453748388617,3.413351465117824,4.479662416344802,4.039523821603817,4.191741894689439,2.7834512241346965,5.439293579398022,7.506198812349609,3.3674715875461816,7.569847953767689,7.690214361466406
6.671432832888524,3.4503208195603063,2.2079591369101634,6.757546370785522,3.407303723449045,2.8514770277906263,5.9575694442587,2.2193722924289823,2.2108473712149963,6.127362510936647,2.549786088067341,3.076645442153618,2.429207950700716,2.595530234983935,2.851450301124838,3.667842069662079,3.2161121481454096,3.5122336374568413
2.538685500796875,2.7115215786405757,1.7861188707170095,2.7577207219168285,3.416102305165465,2.11746138654351,7.22195565260235,2.0597277551979727,1.962880206842387,7.717043454778672,3.236687958068993,2.4162249861120393,2.13493396815242,5.396690880941985,2.9377749086252254,2.1430425332161516,5.957786463146306,3.4461593296015414
4.240055054561291,3.918684573247471,1.9453030151331123,4.1569210228569355,4.493395069648776,2.8821808123722192,1.8279676079154732,4.373698698033179,2.110190442513656,2.2766283847254463,4.662676515059626,2.6408598098220786,3.693065183808249,3.0922474352833356,2.669921126081621,4.208179922346823,3.6897215331352387,2.881160565606644
7.5021939662205686,2.4577571540357868,1.0493704475562267,7.739863154165176,3.2777452807718075,1.8132060847750358,8.241149217249578,1.9327805115143808,3.609480789932886,8.68102704983716,2.257686919976031,3.592002425279078,3.758905512794666,3.6847765039069276,4.219125190517425,4.465080997931868,3.7872699304482906,5.002013336961257
3.363281314413205,2.4645214692799495,1.935843433305713,3.4570436975210783,2.751726270489426,3.3989228045300015,4.608228633062015,2.1132217394350055,3.551994374962261,5.3147380456027875,2.607930204231419,3.5196384283081983,2.957721630523928,1.5828428089096593,4.8012570205520655,3.2939401763040586,2.17996025436374,5.147323691711259
1.0653413845007047,2.0643490487526424,2.2485044701687342,2.145203988117758,3.120990193672106,3.315139800778846,1.211915311281075,1.8437414229856572,3.3033097748228,2.375413633392149,2.9217272996294974,4.855396862739467,5.786707141574038,1.2170271175640686,4.0113672779549105,6.319590214398153,1.5753422291628674,4.04719479993227
2.0266807351178926,5.291202353458527,0.5715305438461946,3.247185484553703,5.594137482390093,1.2927755255107454,1.5989428976684625,3.2367009933729074,2.570242498266579,2.612546978512029,3.8704700645786256,3.7437291918726765,3.597752032946375,3.2178833036129784,2.964901281766697,3.824695257675841,3.937966182468933,3.999427885181562
3.2033541450588725,3.2131035946679147,1.7478743352773056,3.727047073300883,3.4776692949918164,2.2738939213070135,2.0117221144078306,2.7227950386563946,4.542123890191966,2.424473337724906,3.048638975826772,5.215701840557828,6.206789056574667,5.258296740191681,1.5030994117350984,6.25430301626323,6.268783429628801,2.3658395808850727
2.6099333476783744,3.449133935917245,1.6724161993518742,2.7096774412547617,4.104641179969894,2.173506450467028,3.2637189419057693,4.851227341689503,4.285435955809572,3.1743749782447495,5.984022418916596,4.548654496385479,2.2182060407746955,3.763273605366184,6.788763453210657,3.5456525659688816,3.9195133914745317,6.781693829189351
2.2995117831525387,1.358550256822625,2.5064333596816732,3.056419515842688,1.9961394867020184,3.1239256823069717,1.180277124938414,4.648915307021578,2.571935104564776,2.1980509352792716,5.395159641908408,3.1685970400627794,6.055264990244691,2.5738214345720536,4.6814344628061475,6.466554854814712,3.250531837253098,4.740446098311639
4.081348451567251,4.113929951134236,1.2439820927945995,5.091616319671122,4.786945017133,1.9512561680670235,3.5833006812338475,3.377201049577646,2.3941437349575736,4.591806825638937,3.7105248387460663,2.699325781001417,4.988838890078969,2.136243318321454,3.5916670382780485,6.227013952762121,2.6625977412220156,3.9874898635812217
2.1218556242916518,1.4506599193806857,2.8692749186643973,2.5248774154484304,2.0065125439138964,3.308514125680075,1.3344601481862275,1.968256032387759,4.827144346488618,1.4125024053298918,2.5262424796373018,6.01994393878347,2.0516091133631975,13.755707419640926,1.621999012595396,2.165218348314192,15.949993612087013,2.4530629702665303
1.1483933412801346,4.293330225530331,3.690541408565237,1.5404845738308692,4.272937964826175,3.799647402985034,2.5695286831511717,4.773572554404733,3.9838515705203275,3.148877808373326,4.839129704859868,4.026864323649091,2.4129553700145174,2.3995838545780734,7.4368160701178025,3.0320090870832312,2.7472593488912445,7.588613251763347
1.528881910523843,2.9803382760428976,4.146896733081409,2.0625287039949773,3.2630050795300916,4.158310147432994,3.9088839488594918,3.31799232856674,4.454191204001406,4.664970094407114,3.4706747263478976,5.35301398607967,6.745400269661799,1.8622283365327839,4.5339407776160465,7.705725342616075,2.921302753580617,4.8615499633836325
2.4483643032278226,1.6143831809193472,2.434273590871264,2.6812261003870077,1.9767688900492226,2.984796839898797,3.463294490277958,5.908798883436753,1.049374382558573,3.9825899512841296,6.04970624988564,2.3270696054618893,4.17667895162152,2.946779713627259,2.23492192186547,4.2715988036094386,3.2457479070318267,2.715235321013328
2.0511893049758667,1.4032375481692416,3.8975742009137666,2.795695225570177,2.4321517192918174,3.8630924346852473,3.974635592021782,4.06337745776987,3.8936745154485766,3.944343649336705,4.04881510608942,4.5499146792666,3.821540093060698,2.21691765076409,2.192897922544317,5.055343122355734,3.5978340022278887,2.468633067926301
1.1374026356201237,3.2585732679797905,0.8221373146367208,1.7443099465596015,3.654126736971273,1.717911748270615,1.94612176960462,4.155981321750769,0.9019418709380899,2.6133011189974575,4.830406879628196,1.2938650793574633,2.701128430920742,3.5348134936468023,1.7093151538330777,4.116105519507866,4.0571454095887365,2.23758914819085
3.3949799610256566,2.5795761581654664,5.008880537424958,3.6115542607992905,2.9537572400721817,6.537621627182197,3.4527877412677164,2.015829286558906,7.010054404905566,3.7656327990557106,2.51116845001747,9.131929503295796,2.2013928794462014,2.8953259233747506,1.0814624349470834,2.4903930122920976,3.870897860677916,2.1548397560565347
0.8733024463981462,2.2379740248600046,2.346320495209343,1.3539591433748523,2.6442021817511008,2.440599922170744,2.056696923406286,2.5085704942666704,2.7435037594137053,2.320446740580588,2.984935225040019,3.116288638550466,1.9553375951440182,7.621771448333296,2.646965125314274,3.2397779230962285,7.629038892485361,4.305547716413087
3.5906773300225883,3.588900515476809,1.249043555076387,3.8468351955177242,4.064572989570593,2.345827628253198,2.7955236561910035,1.9552079250681422,1.0329262772708412,3.1638252504116893,2.8201952846128693,2.2104532894044757,7.278921322541594,2.242549836853208,3.5984454939606714,8.711418509035399,2.3931557327844,4.229428715770658
2.5968557575184463,2.8628660013460996,1.5862699110380922,3.5338295734948897,3.187019949164357,3.064152418370901,3.861145449649875,2.08887378140693,1.832654869089398,4.264076651575903,2.3829281652038627,2.565120698972727,2.5293886033104673,4.129487185552921,2.619633243363854,3.601179019243268,4.462555422299596,2.9173448214788946
1.142205846603294,2.1327240190569605,1.8349812812062656,1.697001733835388,2.436157717371364,2.3334497845553,2.3866021873122487,1.4732725095026675,4.06423878433603,3.480064272199441,2.4334627312725314,4.784544511235666,2.3832933496956215,5.394301880989,3.607246758474377,3.1889641693325905,5.820780928078286,3.5741686735739444
2.381026419394333,3.275194318006397,3.7552377035675537,2.6108973127471784,3.612873420322938,4.300754725702479,1.7944794754760474,3.161590016906072,1.8582279675408115,2.096160298045959,3.3654075406102195,2.4435650908555697,1.8577156050918777,7.79110164797341,1.6578155531845717,3.1190442731435297,8.180010640810671,2.4176920668592983
2.1600131312448143,1.578223245031467,1.289240359271662,2.6976316980519135,2.3821848248890563,2.538459936555593,6.357970901781555,5.913266381044975,2.8750475434440523,7.835541984951802,6.224119330312862,5.398303622893979,3.246151226914105,2.7389293694729497,4.0841837088442565,3.2920018931168187,3.1041806882054517,4.513222827860146
2.4074742312233934,0.5442133110696048,2.4019038117729217,2.6494332907125777,1.2951515505847093,3.3863698572962715,1.6500841191207127,1.9051398865629658,2.0635114865866027,1.8526588329565636,2.157058376750452,2.948539633265074,2.8438241864847122,1.8840711332845257,3.253734914220577,3.017806721949076,2.4484282161927737,3.939775174332726
1.6062270051991314,2.691550877478124,2.116543253480554,2.364615471966887,3.640837002984303,2.609818174440004,1.1320954204912212,4.0409232236626025,3.5138278024030543,1.7819250355397351,4.86845245225339,5.151209554349964,10.071765371747462,2.3902831520154004,2.5617210546886318,10.912585005203201,3.468620250526112,3.1444120460458898
2.381661387528367,3.1506121219943335,6.698124816383823,2.9620694407651267,3.8166563825830626,7.061690521680584,4.735398560322877,2.138599977524479,4.128352305293455,4.689655580086804,2.625267965662568,4.731606121030929,2.964904789468919,3.4274184686245923,2.8318287634524504,2.9769425396395746,3.529877467467823,3.5883823070440655
4.706255547182502,3.8473853142990597,2.204892458031717,5.022137727713286,4.0538178174015655,3.07742028210155,3.9250904392237755,2.927338198486057,2.975360808154905,4.214231525958204,3.157465279987194,3.459623902967424,4.709567712871713,2.100464572694946,1.569587414399893,5.685325369596221,2.977344696800058,2.0018159131657143
2.6331435833927612,1.9056901645708055,4.146215966681954,3.384186495099361,2.6064699675114555,5.2744605813842504,3.2058890562894846,1.835308982701682,2.183930617143334,3.7074031729466332,2.167689094616723,2.950567086032741,2.9450873510302413,1.308336523168663,2.35741691274005,3.7906737076573083,2.1751428347098964,2.4535272778588464
2.8939258727578974,4.903457447244282,8.15665113302154,4.051036375858054,4.914749688184617,8.568056406070712,2.475879199095167,3.811790065203795,6.746213947851754,3.2586276974651467,4.8760469339235195,7.520610274766838,1.887392866243064,3.055717678476131,2.324836450383346,2.82466262896339,3.5393961610662314,3.6439738184613084
5.363699580915903,2.23818602068819,1.286086648876577,5.549945277570021,3.0455121730266392,2.0615600654757436,2.806811001495741,1.8347081744422649,3.1654641590566737,2.8795156539678723,2.4997128797006365,4.494082649221442,5.056151553491455,1.2834727609153536,4.176214688579675,5.447712836322862,2.084749308168379,5.088988999278523
2.3169159784417346,3.3484687119779264,1.3763983805488014,2.622636060118243,3.8474911344606655,1.9667644293296649,2.293496076540912,8.402481679344646,1.9713683443437457,2.7535635876207127,9.068961396532869,2.2126169131344846,2.421596830798985,3.3013973665640797,1.5448480422840434,2.837102085944905,4.054754165098392,2.027888247152071
1.119917679795915,1.2883211701939297,1.1849116875458343,1.4352523823824785,2.119488059884298,2.0400647498427755,1.5239638459172729,2.0948611230115985,1.4570933120017568,1.8293359072178477,3.1109332062144426,2.7976112379261107,5.200346058869601,3.9605256842551726,3.923244118694604,5.4965782298008214,4.943799912622147,3.9611251735132234
1.5957683421801068,5.327799516095693,1.6389420835378254,2.6289772471771355,5.99341436196544,2.3671085752432868,2.1508647901200706,6.851276604734404,1.7463471742744834,3.273416330418335,7.311347224847305,2.4696738877430016,1.8346044997250426,0.6300617693582116,3.1480305454412427,2.7467393849633726,1.1405928679225215,3.410369975411159
1.8491880421702875,2.8307467686691155,1.3136410848182862,2.147239110243999,3.101900827431663,1.8469194395019912,1.9616739481582306,1.593610611552298,1.564719533701508,2.08611309708644,1.981629287934193,1.879259223575198,2.722609330191119,5.354887058978358,2.6007302519327906,3.2732088111453006,6.021033233847461,2.6093289819559646
3.784854925941357,6.2762818850140505,4.8397007657861915,5.411478480554796,7.228267146283,5.259481287976787,3.1552590945447254,9.695245838605752,1.7364208605816704,3.9593486971274143,10.70168780630581,2.244441874642328,1.1105365373539136,4.316848518151675,5.213588867263192,1.8499751057952278,5.192483006835283,6.140341526501343
2.42599037246422,1.229504828328297,4.269235252704605,2.665997824329561,1.7486953009962751,4.271555470512288,4.162904260371003,1.334304417776111,5.411280057341247,4.887585075452619,2.0047042398906454,5.77813632942256,6.9603451057484715,10.612067995848776,2.1061052746116413,7.532278726350713,12.18257987643127,2.7114216719381936
0.9575659925867319,1.3248532489165037,0.9906603352828991,1.6872603583859176,2.1091537594450736,1.5033900591568687,2.079904703784298,1.3979377872162173,1.3048169890241614,2.7608464793741887,2.065017033902382,1.762779144597299,3.133134387097472,2.3546164251914514,3.8785258001324205,3.391144225977336,3.022691717766101,4.068857946021723
5.640001412453353,1.3169142818867083,8.33556348272079,5.63853708198947,2.0410011311595024,8.918705930234827,4.9352083264769595,1.5648967505131783,5.003029722862499,4.983029483604664,2.4463218917615137,5.008015134327161,2.87875323692287,2.475202287308251,3.805942881375278,3.5158841245103005,2.730913894150743,5.601547217472064
3.0428383965877437,2.1665555896006827,1.5104354891391665,3.8527577793620678,2.963519315999516,2.875208961795637,2.671248247855521,2.8379068443343556,3.0424493493075677,3.278171629043894,3.060502229449306,4.502004844515934,1.8186741037365095,1.729868326752165,5.84989450691545,2.2938455813630645,2.25383796657579,6.024581948945622
2.9395694667876446,1.5886026122668062,4.181637167419736,2.9374093701800037,2.1651350869446584,4.78562381395678,4.469903023827771,4.427355847379115,4.0851396171900785,5.453192110686406,4.583430249422171,5.243245625556707,4.088610842981671,2.6930174250382914,5.61048462800289,4.194090242133157,3.317507687908177,6.167702364250659
1.4863322026948782,2.627853791581914,1.818148595059352,1.906873355352088,2.6996334891469043,2.4192588789270815,1.488463118896454,3.189655504414798,2.6565109069050874,1.764398081305979,3.2155099575917676,3.497830389678595,1.0392919706264898,2.0625780789076114,5.07782069734167,1.7631836265352647,3.09352863014197,5.519486864508739
8.517019473911096,2.2770419570449696,5.239523759282708,9.656309667826656,2.676068709706608,5.730676103184101,4.9825998721835525,3.716964213903601,4.703974374300036,6.125414348821763,3.8931047772452705,4.72587119884869,1.8373034135552606,2.516483186349819,1.0711237754455134,2.04439162391209,3.351485610944246,1.6677505422466343
2.3424515001406854,4.417373506572212,2.0633920369359378,3.3124659713871742,4.487479464618273,3.3953833729165073,3.0588743218062233,4.699833141716613,4.950342288086587,4.083257113851657,4.780558474643005,4.875423205388127,1.1482356275070862,9.385877864472075,6.743234877977094,1.6489821716558346,10.135209503874806,6.927643441162068
3.749536581015431,2.6393526627680663,3.179820643595622,4.525613124556219,3.4227378220616176,3.617355795309538,4.811092225153469,2.3374784168259826,7.432355537922288,5.520045900556305,2.6410378064147344,7.436842642374492,3.562536879783973,2.6420190655436944,5.213725243502521,4.361957031101303,3.1203217496415916,5.298166936937298
3.085872096041138,3.608956568908796,2.3101546872030654,4.804792254213883,4.077383904950627,2.9445157250786136,3.097009484928734,8.159119314413164,1.215360356524823,4.524483253267505,8.966218949967924,2.021536974024329,2.7583145537049996,2.5512504608657474,2.939823565935033,3.128623182088478,2.8073632121851664,3.555131377402825
2.2738794163987612,4.488886015007776,1.6758943081515925,3.232094162509447,5.711561958141251,2.9126125538979477,2.2690487847889815,5.905953245720198,1.3201387739642052,3.4069782300745515,6.971140410168373,1.6416944211569537,2.1857973420820165,3.5905692603071837,1.793431457549604,3.2513463240590568,4.373104763729427,2.0769217535204167
0.9550072192109784,5.1562955060387194,2.4193154644758406,1.4112202475082347,5.179681794006983,3.602571255912393,1.844580907926205,5.6427336588222925,1.691339692940045,2.298284537440639,6.857840637774268,2.2367079394793197,1.6442860282646283,2.8621132871974337,3.024592496628629,2.3146290008932078,3.67356941543875,3.438710970560704
1.6595473471406341,2.459737205098232,1.005480917194849,2.621532985306022,4.508843557587803,1.5543072525311379,1.7849038146027871,3.036795535440085,1.675706897196077,2.0594739112658096,3.77078861445435,2.0586339141146768,5.331048081395104,9.614079294420277,8.222059956068192,5.680447595590407,14.30606077159737,8.403269236333532
0.4752041922715403,3.3778633471993293,2.5337285219832584,1.30277313549112,4.061534127854175,3.627466649564527,2.1566587749559876,6.312702313327651,4.3236539901256235,2.718329558121209,7.44752097774708,5.478522177695977,3.2585608395944585,3.7560581408940927,1.8329414644471933,3.4508993244939594,4.276037030175076,2.3475974409337415
5.502351642661324,1.9557820633056024,4.830054790542153,6.838079377265834,3.0337639884403176,5.94008072618572,5.378322864216901,3.3584222509980477,3.9757037198083447,5.673414109804798,3.8783511392102104,4.621112071135301,2.610360971818795,8.25128090103513,5.562854235065372,3.048381679527266,9.295210621632036,6.141578140135555
1.9712209779555374,1.7123521945197382,4.369567437480384,2.5605547751891873,3.1980451639383625,4.705762508408454,2.3601984875958575,2.675857145964435,11.163338264802878,2.780517047778471,3.1381487338667378,12.916930655828878,1.4724502847122414,5.25223004618139,2.2504528831982498,2.3401632973244992,6.506068775157475,2.3589007325602567
2.607196828753857,2.3974170864132116,1.2442531791990918,4.092684435250806,2.7815219590290234,1.5720586587126706,2.963879919604804,3.5139007689100876,4.579398559231116,3.8359297126614744,4.291211575712208,5.631517383461879,0.45357438176903453,5.027708855135369,2.993469312604022,1.0916288288300222,5.720975000348172,3.257935641368399
1.9908195656342798,3.7721529570169428,2.6868729970029173,2.179999232646581,4.569992453992484,2.6259563850892573,3.3366267770444176,3.6459703926064635,2.8983148429885888,3.546538972632158,5.2215379588324655,2.8743342005532346,2.8768176070420823,2.644136856173258,4.662078596150069,3.258951292261,3.3901474714392013,4.938660971608095
1.879058390762869,1.281387757921858,4.230764219894965,2.9049261938617033,2.3395165970762437,4.654159616616082,2.3825753733235993,3.6857986674228087,2.5766771190880298,2.974822454832554,3.696375614910815,3.030020564968923,3.3098437408878607,4.431481803297674,8.606144855576217,3.4023296680498847,5.820717437348284,11.184941384730557
3.6023942479246327,2.000359324147892,5.9368373698394725,3.7770213205645167,2.851169735446998,6.001573865901637,6.175189420209642,2.4639329343771785,6.793553442291275,6.3432857728855305,3.232218402293877,7.831367802920598,3.1950401242937674,7.2542604137245466,2.801168378870539,4.481418685843704,8.048516110005586,2.87089217866765
4.201711896160795,3.171236981846314,2.9636090500944574,5.195309000681162,3.176528745746994,3.6596968289234453,2.5617323005666726,6.239092739167894,3.6102404460456903,3.1612431969349033,6.9491408259056335,4.140781285300437,2.878738859015217,1.7896056251426675,4.277916685020783,3.2047385266601647,2.6662207994130145,5.013234457123783
3.8347865326057353,2.2678130564279173,1.8302129718426252,4.34839300089621,3.1226604773172366,2.6185880121599077,3.924375096103524,2.891236889787825,3.500520887914747,3.962773912443875,3.9261481153748017,4.4536609644141985,2.6167950276159804,6.713420990726706,3.0094398080997915,3.706934487772647,6.675638114282224,3.221797148728564
3.4833801786883294,3.092569426120333,1.5539254136999896,4.685394194241356,3.3082401216554937,2.64202714906641,4.318332263212939,2.750693289592655,1.383520356618386,6.096014999601997,2.9941206625246113,1.8224311663906854,3.3801420198112426,2.077424069960137,3.0818712473955503,4.075247218340536,2.254607562266791,3.505837631373093
3.3862079825710185,2.3111006032380237,2.002429856210129,4.221127283649891,2.4147355894737133,2.327579264675807,5.6850028448414855,3.653157224934803,2.131596264903521,5.670939956170554,4.378531359958881,2.5951412824479183,3.0377255962767538,4.409012373154883,5.989636604657472,3.391682217223835,4.417428919216776,6.285066399869468
5.4307078554850605,1.2150416012589564,1.6322959696176407,5.542719317168161,1.9310005784467486,1.9245225143117044,4.286079459220605,2.686460252368867,2.058837986068868,4.567891166655619,2.8437806514987423,2.495324566395274,3.3571145822281148,3.5150814970719897,3.940182927739898,3.702228552008435,4.4372619952861365,4.73727444700766
2.4647792367075323,4.286335671931149,1.3522454432781976,3.0616716433054063,4.9533469365429585,2.6208427441301465,3.297194939622586,2.579964447263057,1.5029506595639612,3.7667577581215674,4.349041329566469,1.9471058510274881,4.5549237079705795,5.073592947046674,2.1582561258585775,4.639372083920127,5.11760115437142,2.9533036585860852
1.1450663218377253,3.574280606588609,1.0902514641696248,2.052981417000863,4.518559771801383,2.15073762978229,1.6828949637731039,4.6029694348790935,1.5249978197962195,2.9164023226020857,5.019970483933464,2.8107631747654143,1.8384089077199564,12.464016718338296,4.4293846644938,2.504863400307768,13.45623427338513,4.63773128181164
2.20734634677644,3.7669109932886555,1.9383974011869585,2.6015798980615816,4.5433717988146585,2.4143960015389774,4.875301174833226,3.9724950951651685,4.324413964249515,5.550279836863342,4.5725739806076655,5.295141102766866,1.4249395363800363,3.1782997546931004,4.688862405208054,2.370829599210343,3.4360135766876896,5.050970807098991
6.853746553670516,6.8408217556147175,2.0854845191142037,6.817280950544846,7.047292007407354,3.8408834589970247,4.9805845256905705,4.790267935242365,0.13379572304261664,5.242278985164657,4.781155130341956,1.0622014975218035,5.74157864867694,5.05133507331866,2.301152557254203,6.179753177493005,5.7999987998524345,2.4934608044093043
2.023015009371598,3.838461792092336,3.1766394546803984,2.35908921233682,3.8931583905972564,4.041477286839142,2.4596503915807832,3.486584084829711,4.2338455411367395,3.659694096435742,4.518988623431276,5.696284829064713,1.9621251575945555,1.6738040787062574,2.172202146789141,2.3974638373640995,2.4630930519547856,3.5552236763127922
3.89961556543383,1.3880999252386557,2.330366964933009,4.255509801485945,1.6758268573035644,3.260067991167774,8.186851641920386,2.0315546237448423,1.1165372169227032,9.505500952211511,2.2719958957444635,1.7033298331013103,2.6904151381088397,3.5727222004041708,2.5930040348352774,3.685360121556753,3.699104746517577,3.101313687209894
3.2572218284169026,2.2332239205126974,4.402308035686979,3.708136388346828,2.6780125493020708,5.301706912024258,3.18190960747002,1.455026819459769,4.182216425808941,3.2522449980976127,2.0266695184555896,4.740479876245174,4.076084086607257,3.201012457386615,4.388826733554618,5.1086097259498855,3.6065161786643203,5.17216040871611
4.485221053565212,0.3410387835935305,1.9852098711666553,5.51798710726346,1.556764891172644,2.1546992183316545,2.6143549770508505,1.653076512623613,4.798792191177987,3.3378913024779404,2.4464658967049964,5.219833251432985,1.9263446884824813,1.3836353769904683,2.036813674951393,2.204043593480362,2.4435688723982523,2.43091991350714
1.809874188745284,1.913483640448008,3.2446587103581837,2.160227232744229,2.646756893663235,4.1010959601901895,5.086038442659134,2.313424320894327,7.584605288939805,5.364510760443658,2.989640873709386,8.31688283571185,2.9612616244559784,6.739871886437368,3.3167218044002356,3.56700606283874,7.413661716397355,3.91530884770604
3.703540923925184,2.828532179082099,2.615489596178872,3.7133483496739506,4.205539061209459,2.6924642435611834,3.7973731624893756,2.2117476955504176,2.401405759345764,4.689738726564749,3.3560928176848965,2.4246022291300813,2.70012113785623,2.6764020730996747,7.416125383895496,3.1042073087001274,3.3411912539414894,8.132569534569809
2.0714612434353743,1.7773659991227728,2.6210277743299364,2.75771566284505,2.506292675117098,3.0994489948433106,2.5441778867007603,5.224632635307154,2.6582334666810272,3.039324256859122,5.359134571952192,2.9740963226760564,4.136951537356825,5.721224484143017,2.068805191299079,4.147175344902855,7.382944036156488,2.4713502089547004
2.1064256691986483,2.2337616690562623,2.032078664383802,2.879907786306611,2.7289666647804434,2.9621671584030564,3.822741484776009,2.9159449401031563,1.270160178704103,4.27911853267481,3.09680392642289,1.7704295766683822,2.122034787075829,3.6744501398651974,2.113593474655643,3.554511111901534,4.010823561551195,2.5916691522114865
4.468506186293877,1.840641851206413,1.5217866515213694,7.069765441445627,2.7099352579588762,3.0431937353256022,2.7939555853666724,4.264495665960484,2.227762312808919,3.7757734012586948,4.518474058712948,2.336042177076811,2.667901347687602,2.2140670059516037,5.57006803803707,3.062900606631116,3.0608872371776843,5.887662979398235
3.938634467860376,1.6875632019555467,2.393255849420878,4.656419393285423,2.6473031232932023,2.7140671898765714,3.855988625154129,1.4117221114796812,3.3695315612893,3.947955957292762,2.3268160703591514,4.033388806593011,4.03601825950119,5.195688983090943,3.315510190084588,4.147413933342853,5.549164665596053,3.7892718320970458
1.7334852492416881,4.181304511268405,3.33846039776236,2.947212761645186,5.020814230307807,3.5890074060664925,1.8912015539463345,6.186139463946582,4.317718311849707,2.6171378493129573,6.453030485470405,4.5836896767065225,2.381923646849325,0.6219970816004217,2.121476008866919,3.4599773312996107,1.6891994460079323,2.6461367786492187
2.1647079639214954,5.288162873728964,1.5335648753998172,2.5346085483010383,5.309618723833772,2.5151185747062645,4.4362675866195955,2.316611464008122,4.592540184510369,4.532929292684871,3.029912362901857,5.7509322876833995,2.5559861814656553,5.194316623421557,5.759319075650313,3.119489599220368,5.190595747041287,5.848877583754487
2.3040845531947904,2.7724169414289683,7.462326202518648,2.8798083955113323,3.048459003150853,7.6412350309995105,2.055781665256457,4.392281856278371,5.5570747944406085,2.949359090133902,5.782829412774365,5.754846635982752,1.3545572075888457,4.041135101721195,2.9487202959920014,2.1010059275678596,4.602883835886375,3.8626475750102367
1.5933010563173975,0.9696902163940824,1.9608598138782265,2.920423212867042,1.5453432710251134,2.4997721299539126,3.304245522756871,0.9475224825176746,3.3972807720451423,4.186538704256529,1.338833389057047,4.651193583091068,2.4712310303555083,6.637363804621313,1.4665435335647694,4.182412667730333,8.385304775043512,1.926005831086777
3.943128363676248,3.44359742833091,7.396202978498418,3.9791871102707197,4.204100225495973,7.98879160300258,6.565532146470404,2.3333146672693976,6.445760142648739,6.767549690866137,3.1043694163466875,7.608187981425647,3.2566754210800735,2.294225482059766,6.004906111872,4.113313966548437,2.73690315454271,6.092865766345776
3.272160343375087,5.446823639784047,4.41852870854233,4.1226616472802275,5.796122376493419,4.3998629825784255,2.6870190221205084,6.852378575834951,3.5225297182202477,3.332553941078824,7.802849769294071,4.092277627732613,2.20599383595192,2.859581731173854,3.5029714553437077,3.5758027182999066,4.103434340640003,4.106226509164443
1.4814459035219865,1.638181092900371,1.5315203348117923,2.142946342637076,2.054265431674699,1.928008691429751,2.019680665600935,4.1694535149308125,1.4331548632755162,2.894464992711417,4.614643065211777,1.8446066441304134,1.829634108384749,3.3937150384077923,16.924622255320898,2.8623765024973022,4.1629608639216364,18.885257206521107
1.5518711018237497,2.2833634391793036,2.3561239232597444,1.8706898856670828,2.6499070825465085,3.647373919290274,1.8955561033013517,5.662196501946849,1.9894532680199295,2.381205896030192,5.952836436856865,3.00940162648683,3.6915417332931693,2.707149120527747,1.7098791109077938,4.074852838557341,3.2024271495778156,2.688830757597579
0.4506326631173298,3.025629695268976,11.393490113229308,1.5395419544397628,4.36007508089211,12.050062405683386,0.467813629622719,2.551299767685393,5.692958065962135,1.585835072403667,3.0628685438262266,5.785117169818533,1.8346033928093877,2.010076880498256,2.33977437117109,2.3725905668292575,2.8168629746634237,3.4899498323014657
2.7048913380465787,4.008863453064975,0.9923721218749315,3.023001950341536,4.287482834811077,1.7922199841820095,2.593158946103071,2.5388039579711053,3.6040306162545765,2.91315578640018,2.6251145172064674,3.491487903861736,4.190719724178174,2.671315526070574,1.8823741751548149,5.341460271256327,2.825233891383111,2.536416324175676
2.5280116001539708,2.5403690697594143,2.6015635603807157,3.12613342195328,3.7148159688436735,4.199189926962937,3.8899113746357665,2.7351627375604703,4.039784921549626,5.40496070419217,4.788026375595091,5.049855209142339,3.1408942101980317,1.8661339552112142,1.19631566861874,3.599551731158734,2.616870691614278,1.9117723521345151
5.363758792773472,3.6182088303623963,2.5155390343358475,5.78557591709088,4.0644186824199275,2.8916463777094825,4.543565808472428,5.962775596822822,5.212163381295707,4.545780921250057,6.8449814061562595,5.705424030636949,6.421708301266111,1.2417166450552863,5.389457817774722,9.003702338281128,2.2478495116176944,5.889251048247031
3.895801075622187,1.4924839412675228,1.298505162175053,3.8596849870920664,2.3625306181852177,2.3902681065431053,3.1516791714590906,2.6680488228149057,3.6081933034742764,3.206359800785144,3.0578004671641983,3.486517021155211,3.7705955825878714,2.226818040215656,2.2400954573577945,4.4760282258398485,2.626439285266038,3.2110915440212393
3.997397753740296,4.4830180598822915,2.0951153470683335,4.574206744216604,4.457703721075735,2.8592864895379733,5.891810650016491,4.665950842335118,2.3500604595251624,6.303610398683544,4.741589575555414,3.1393530616715153,1.9617870192777758,3.0007235496962155,4.073603448517022,2.3287132963352977,3.0168310639264964,4.504232245198807
3.8746477919429676,3.939527755567285,8.840811487724773,4.595388651473721,4.713440248746567,9.484089916786676,4.188022012470416,3.947153533096438,8.733205539026901,5.2539753591292495,4.494765503146022,9.33111315031854,4.473832741616116,5.124987399043412,2.2820303487728175,4.552823735434249,5.257339780506703,2.963677544074823
3.955662793093421,3.3798686052972324,3.4648011381044905,3.9313789848499585,4.267611778596523,3.6328921572089743,6.00127737377292,2.5976091572866493,1.4449974980684483,6.876828644701729,3.70373115726002,1.996132220216182,4.204387493114157,2.29141519374845,5.556088832195736,4.899754611669296,3.124944089604529,5.557999617075907
2.6248219429326207,1.538433625646104,2.301733307893063,2.88426338669175,2.2410971485990703,3.1441811721908177,2.3038509587210747,1.26564900276338,3.748035389740971,3.129867037103925,2.2075810423606845,3.8050758099779483,3.6966519897108343,2.775534705091555,1.8373027028640223,4.203793068860886,3.935467789547516,2.1460317525707078
5.81929276059222,2.0017901089360675,16.281620940111402,7.012947295474911,2.3731784928960624,17.303693214994166,2.5471522932493404,6.335323450059837,8.213695293960349,2.8747583531830148,6.439055710204391,10.887473738943251,5.425766109175423,1.3857733250156743,3.2510510943834725,7.132879319489231,2.075046302405818,3.560669283998731
6.3684051509621495,3.914409153517927,3.7827218983243323,6.43113446903038,3.9362053961386465,4.702650972259258,3.8456707400042616,5.30600511211662,7.502758848484094,4.453775859988294,5.949741949589773,7.566792003408851,1.866660587863352,2.7541299385123494,2.2558015120026433,2.4915345132432503,2.800896923129641,2.4789190289393876
3.2432257700664606,2.303640032286871,2.159790041518857,4.312081223226277,2.5001480393133573,2.2871747403234663,5.884186309208898,3.736386853324309,3.740023786798056,7.694083511908403,3.9662132644215187,4.19293557151181,2.033191817138834,5.606626698080559,1.2937073058709032,2.2241238599102915,5.81763280162903,2.421720329405599
1.5579140026778726,3.818309895533093,7.535004718122157,2.145203037789145,4.719000921592868,9.120142987797532,3.272116343373946,3.2393223289699855,5.634556755495806,3.5505582700838625,4.02247835715786,6.069136279669747,4.742133284963346,4.473029468103779,1.758082648801298,4.975993754721235,5.109422797752394,3.0337271395732928
1.870057249824545,3.7124303970522146,1.3600917863959714,2.2631156386487428,4.397048559354412,1.936565052340155,3.2887463942073754,2.854419818277725,1.4031937863898944,3.34029963035315,3.826747035034712,2.223634521221914,4.165057507115604,1.8706316504641538,4.147287165032969,4.260953175810294,2.2880457333701902,4.563300656310033
2.428112408530485,5.600957577256863,1.5381050450272102,2.799800173836908,6.343335392784584,2.045430934744155,1.6961517313297412,8.982212056408311,1.416853620117994,2.592876251420114,9.999576756708917,2.0302821539114855,3.556154253782447,2.612643712560202,2.631629397059011,4.363614070766005,4.078267260790689,3.299895143550775
3.541211313152158,1.738816512857346,8.301974156927892,4.127008495610727,2.1980921974823295,9.639060333570235,2.993158637440343,1.5205444264502144,9.416627363344565,3.600934316397173,1.8754477723886782,11.072802925556571,3.8488698752374164,2.0464978758759798,4.419600953169103,4.460263203687743,2.4718480342218525,4.507709778029952
2.7396312394729434,2.892975098807715,2.633215797655314,3.2431611506718365,3.3500795815838593,3.0476897575555175,3.4499249656182935,1.4911269419766378,1.3404723664305873,4.3191330897182585,2.595093596115621,1.8383018613933368,3.0840870520492274,4.409406699448725,2.38964051310366,3.3975212743901633,4.417107056698956,2.8813940655210195
2.3632259853240014,1.8806615478489772,2.695346798994513,2.57539128803627,2.321183087359853,3.331112644363051,1.7868032709654824,4.0204963142348715,1.9070759312547096,2.041303745333335,4.894778651633307,2.8176613626424585,4.335326172082467,1.675716215883988,4.9048912017526565,4.728088683386025,2.1236387484879784,5.106210792281692
1.233891060679288,1.6405670700036639,4.539207876249239,1.835188059244131,2.3503170168895515,4.68255290412954,1.6681230513270622,0.9266349459048382,3.2667573057200867,2.7553742358482705,1.1421427904702772,3.835630183656317,1.6155716333316779,3.750189215930276,1.9440171541678417,1.9500745298228086,4.444722457534579,3.5250359066284283
4.321397167683724,2.3314769403554334,5.819773050166503,4.267552832240905,2.757392044651482,5.974084803633865,3.0643487386680905,3.083987674192608,3.6496172172365178,3.627236826221731,3.2499439232151444,3.5642892286743373,7.460883948663381,4.129238300666334,1.6155467668417733,7.923951303215182,4.176877463995637,2.3032906416645043
2.427508729531434,2.26159978790648,2.366116978507818,3.0337035925365448,2.4855785302219404,2.751323291586559,1.1130723928997674,1.62751692513849,2.3106116870742994,1.3944008205991034,1.9409256358287026,3.0842708279068782,1.5172650868796578,2.6373882167230707,4.382251447277426,2.5140355778208003,3.5003196243797365,4.655605143909154
4.679589679704622,2.1454786035321107,3.6040869591604356,4.757713774442569,2.2899573690163053,3.6098223836835652,4.9746568493180225,1.2024626208145566,3.1396933322062415,5.201398130753875,3.289016647319099,3.22806943707974,2.8208819954823303,1.8419695110079475,5.384968821413162,4.079887913403938,2.532036741961464,5.396573924649214
1.5951701973675039,1.4968106593044506,10.494724263481496,2.797451491959455,1.864577764643516,13.615655885596418,2.66083150004525,1.7594326837984897,9.95312303749579,3.2128273523980684,2.0957115438961296,10.674650336566787,2.1501378486643143,1.652322899335917,4.592587953194457,2.4432894509379905,2.8490020562987515,5.5571257003825405
2.4450045578615986,2.808609115920215,0.8004956144876936,3.1184176162319064,3.7709998023606373,1.5481471928196406,2.740794459974786,5.107833934872239,1.2063541046950947,3.788604061051551,5.597049861889823,1.9178170644385655,1.470504352213167,3.3678394107006713,4.0192133727396575,2.2817177563504267,3.9907039546601535,4.276147191043684
3.780501244041142,4.778566873279894,1.237344590762677,4.3212699266815795,4.810365746595939,2.4627114345074914,3.34403826583746,2.9911629508603226,3.175927224900706,3.3250073502416595,4.095151408460534,4.871077904496173,5.81546832129559,2.0776280463223684,3.7424047469540374,7.766347742568724,2.3939519755777585,4.56567742616325
2.728753897496234,5.013647527263678,2.7088632302687436,3.28466671566534,5.125043998036915,3.3956194444016528,1.8632222361837525,4.280537732730412,3.3033164484753588,2.447850809646183,5.227296178585981,3.3448587849131055,3.170544543860254,2.051184688872247,1.8931199331578052,3.320309111122561,2.9810397208050934,2.405082959698051
4.333947037327248,2.4331913196457666,2.6804160621662403,4.339609415848572,3.090787812550852,3.255651613996839,4.769310880285283,3.241286611143236,1.5643178913134321,4.886824698760885,3.600102636400365,2.447330499692188,1.9338646733372011,2.341509738194514,2.1176280795846925,3.2190576389671284,2.3802724254153285,2.596226617849136
5.7484130280336885,2.3437167455677623,4.776356597772344,6.110595358689897,2.7327888825648787,5.460484854899608,5.595291509659948,2.722170997945551,5.7764586576404975,6.362876703920492,3.3894734754387086,6.05837524114259,2.206507037889647,4.35621065153088,1.425504257972993,3.0604628092672326,4.8817164372215744,2.1970957927073353
3.665087839154289,2.8364053648013634,4.628973660005312,4.224119649674419,3.093655245355986,6.734832445293822,9.518046482530465,5.620327067230224,3.1615199203138156,10.607223847292508,6.314445709126389,4.709691349078419,1.7681136477514403,2.951522312091302,1.945114588629344,2.524500930515434,3.205141085831584,2.5390738215174515
4.1864476547884,3.2274711776761573,3.4600638210414787,4.25011130114154,3.234253663846511,3.4753295897113694,3.1845500533295845,2.8403110961060043,5.953398476665782,3.823508774873332,3.1642494540474058,6.614143089519574,6.099453476448627,4.413671506409789,7.508059128108595,6.267231601829584,5.362501240881571,8.187639557561015
4.013918902327023,6.886546244325376,2.2333491047625964,4.303122781665803,7.577466696487082,2.946984375795881,6.629884317695764,6.642631772737013,3.888763078882282,7.6879442340554425,7.605947253616572,3.842003280773939,5.706988053912646,4.138472697594732,2.421994399953857,5.691894051236297,4.25555998271173,2.508265506748408
1.794933585791268,3.7412396236237697,3.829052093920062,3.156948794886637,3.851794251198277,4.546963911838365,0.5891589970381625,3.6581074545544086,1.4659866122168403,1.3489983742767224,5.067807189070134,2.301834231332679,5.288487610582341,4.733346300032236,5.041472037106893,5.270698355049933,4.976626289211568,5.63020224694353
6.392175287447643,2.0896063000530716,3.290012635346672,6.885166504899809,2.2402454843184754,4.073397991525641,2.80103021461203,1.335996639005685,1.5315510804702963,3.061218826952783,2.39105454350993,1.8450030633799999,4.218228339397595,4.15845462494683,2.042250524826589,4.7914643954260345,4.88124514202724,2.843408775825215
8.511451678893824,5.443151982932987,6.86180337009243,9.769255677953176,5.5155747041023435,7.652273675448102,22.15983248555203,4.619582605235302,9.857522828773108,25.523955692639912,4.7726289373527555,10.28836832381063,3.1833149783101486,7.003534877086278,2.961083665091928,3.1594594893477144,7.942638553358548,4.49609168287289
6.059744445472551,3.7658922528804135,3.9024852442149505,6.1935341780460105,4.273484959996052,3.839190746443131,9.045421193853164,2.7399875311478508,7.132290827393927,9.436706419422572,3.5490076518122216,7.248568388758924,2.806962198071843,2.7865098489086386,1.1250415819131598,3.398874934711721,4.650309378009447,2.3700897953176683
3.7218547572847025,5.928655776135579,2.690484315890542,4.496744762237723,6.214362825154408,2.6644457349733406,4.193789418083663,5.053297190260899,5.572337979098502,4.362634557259454,5.363208301806676,5.644568950370275,3.3466083810603835,2.5180036777255728,1.8389761937443914,3.317910667625182,3.0955872067109618,3.0745422916603626
5.618689031622514,6.322101535422749,4.363855381196772,5.628521798868408,6.374172664900052,4.37774848985649,3.5363833302860184,4.780718599905074,4.282324393510938,3.427944756376251,5.487092807891218,4.520269207818642,3.7220050810141223,2.7927995928475986,8.34712693951143,3.88720749289257,3.5382361723403393,8.97365995041188
2.3209505079761352,1.3240953894459135,2.8220628141960136,2.9816563591808767,1.9259349785996427,3.098884009116417,2.5481908479851016,1.7911501842036268,2.8593247130134007,2.9252032426192414,2.391839912317119,2.879090317146644,3.796471637664537,1.3473580983418736,3.026528300621433,3.683164719618044,2.058987832795554,3.1791360407723626
9.745294477445487,3.4074068000536655,3.3175408164258244,10.090687189507861,4.281741591516451,3.5186254531743106,10.031113149198465,2.953262645889654,2.385548108353533,10.153973789141743,3.6953184780402912,2.852653063020288,3.3398006865358245,2.8577544887732866,4.965404502705129,3.312473988851719,3.3147288346903765,5.817982296887166
3.3485801697932955,4.954936328635916,4.517793426978615,3.631306268341591,5.195657584256035,4.83712740332659,4.788218037626569,9.192162414969372,4.645579041352103,6.271030391525669,9.668663335139488,4.978627586532688,4.090588492042652,6.996296976899889,4.630046653679596,4.9302850573242765,8.149683600620593,4.630046653679596
1.4021443545349743,3.5132600696198675,2.3158654353697434,1.792652056231267,4.1703398097970705,2.289316240716728,2.033082979136121,4.101134655336274,4.433491238771981,2.1204737427497418,4.271339820395704,4.592358672864322,3.581319485688079,2.914950911046722,3.8748970897820496,4.03761181832239,4.327598457862645,4.7166255363624785
3.5625432283250453,3.8683442792783493,4.291375518759651,4.452439948610479,4.221702805885383,4.55232762262702,4.0155456976555985,3.037666663231329,5.845192240097369,6.050721104591166,3.139315151731144,5.955922093842644,2.1764668979036816,4.045788113608636,1.480343506465785,2.9577871589114326,4.185283289498422,2.340684007790662
2.5539809209031317,1.5718995112709666,2.5380302579328013,2.820096397351571,2.1450836970735434,2.7512284106970912,1.7588440805514007,2.363893998077677,3.8577564109370446,2.0534303109982788,3.110858393581276,4.446728144825,6.382203048467183,9.4337078727289,4.323334192359406,6.727720402858442,9.8396346291213,4.3586459517093585
4.374990128069725,3.060647906401063,5.202029210066021,4.364379523073904,3.2656667056294926,5.935754788782828,3.230692539382615,1.6459922768996942,5.7635156252404265,3.939542800028954,2.5277768479169835,6.224827100742214,1.9785121941447592,2.1734685274865684,3.175015313214828,2.2904144135651703,2.9149448862764498,4.010754394369006
2.6886093225314234,1.4732716312257157,3.3715804206722493,3.9000494506076886,1.9852170087053527,3.6907439117778362,1.4398954417292558,2.8111514548410157,2.33936010800538,2.2026267366628662,3.47787401116232,2.885520403539192,3.430275146908695,1.7024866074889151,1.9200273641917918,4.558757467665821,1.8133953889170358,2.805830161034997
1.7643063708087852,3.224975297047504,3.807731804731313,2.540262516604752,3.923714608361439,4.8572061372040185,2.3626539686510135,1.8994921803735878,4.367841440689263,3.3463008246156134,2.1694053745865767,6.2389587378859925,3.0016097275256226,3.368431422599524,2.070952925136809,2.920464574152215,3.9121596999517627,2.5275509747286877
2.4835850685694134,4.160015257996693,1.191833503747997,3.1372711302532736,4.350734481426607,1.853690738673427,1.902135929474505,3.4943707607208365,1.7691078013242243,2.0848690373277696,4.548707401326633,2.2976334095419806,2.9732163635539,6.113267086552415,1.545809116175679,3.083460742412208,6.087418741257326,2.561062180273315
2.8393418952561684,2.278145919071471,4.248693600626939,3.7326033311725335,3.1282685497053935,4.836753970198199,3.4846426222303633,3.01090802761191,7.534211307614201,4.247037516962984,3.743545103122893,8.645301126135587,3.344800676134596,3.360068157811039,1.7376669140023584,3.49298070976164,3.3716610635331077,2.179378316768746
3.6990662447159863,1.903523729035642,3.5495522748655652,4.80932587221586,2.2041210677418683,3.8551309785232966,4.0960603434513265,4.231630394787666,4.591576470859822,5.134152365398173,4.287547562879775,4.756997528793734,1.954948304123897,8.945710241002441,2.203200269084493,2.4288106856285716,9.489500986595054,2.824366421461118
2.4681346994053546,3.103937930399023,1.9842915992490464,2.603082529954394,3.6355821350890904,2.3295083807630395,4.259108054601527,3.9750602268794184,2.60257483015474,4.936467351362148,4.678413535626092,4.188589349219946,3.368479089869603,1.9336135854254985,5.904879274583999,4.064626951702031,2.451368046428728,6.764077597932458
2.5196881814941143,1.31784968245262,3.589440563477312,3.683024874706624,1.8305459587432473,3.9127498259431355,2.3162309954162352,3.3135829236535748,4.739793928820323,2.1835231180744334,4.0225884377930194,5.113625250340619,2.8692894243663294,1.6996035588933964,5.872564766140981,4.275817790863195,2.784132794203588,5.909643327882909
3.131263598111839,2.632124848408592,2.366919315949659,4.164008097946093,2.9705373818593483,3.0649365906789723,1.9752139193248837,3.484209358589109,2.359104176038556,2.5352856660329977,3.3778936726397513,3.225861495002998,5.52688679524829,3.252307832431175,1.8887750456001222,7.847905238121369,3.255909517898195,2.1685309338228755
3.9236623576230167,3.5452444996472123,5.64776796415612,4.063745134732391,3.8479704604801577,6.016884057926885,5.164479959969787,3.6244910312514604,8.40502100109609,5.697926214479686,3.9093792677676125,8.727600804855735,0.6833002349022235,10.106995085807188,2.098535165466223,1.821915958770173,10.737612833806638,2.660892538945233
2.21780472462601,1.945506014269813,1.119055725114832,2.733796987804088,2.193237771610948,1.9319847597601016,2.849888792429152,2.7951179013274956,0.9894005354082841,3.5520431993265897,2.6975224894400966,1.707064273456828,2.8576247124781022,4.503583657327095,3.3438127052774713,4.322210717122844,4.948217679784341,3.839046876814326
3.355849235328473,1.6766664035816747,2.461157586225159,3.320457043822708,2.2660737224608183,3.159853064056383,3.947515182860864,2.130808508494395,5.247251391384119,4.135507612824236,2.1087969523353625,5.765366421704787,3.1814311001261864,2.4546378529286863,2.347389848534642,3.9983129545248692,2.676215697326897,2.891730287880652
3.373800911006243,4.914007521418587,5.479799865891198,3.382111161289744,5.264640582078819,5.663182320657994,3.9401831442107436,2.807639452361386,3.636688533811801,3.9237529553585766,3.231276195495207,4.18756204360256,1.4605245681439567,7.527737369430248,2.8497894748102066,1.869687569058625,7.691708350082876,2.9749315292188
2.9391118542405192,2.1337145215030198,2.4022047763263576,3.4912779603425927,2.4225989443010296,3.0539126345127197,5.467787786892288,2.6593624903637947,3.430280433997017,5.632041963325563,2.931532634722004,4.356452675534021,3.9683243231564154,3.8884340493682528,1.6767421005557703,4.374022836229363,4.164891945558262,2.12313825650787
3.1604845892477464,3.4585533347774065,2.2499488984171636,3.4638548063200676,3.5899625982261774,2.807358920652308,1.251392811462895,8.55753112691684,5.289002918519987,1.9783267804907665,10.213058193373914,5.578211112591305,3.352151753551291,2.3991714958236545,3.0459146800523604,3.4168830388428284,2.6385084422728737,3.7309797708919494
2.1674016269508423,1.5331937047151265,3.4984693342799766,2.762655039794431,1.8771088610766766,4.525976149915695,0.9356245292847055,1.461665133308541,1.159224046513758,1.9175068885904862,1.9040328551446641,1.6642478669524188,2.550043254690005,4.268053828641673,1.8350893379550408,2.432447815219789,4.308642671927735,2.082053395069396
1.782483308276755,1.05009701159589,15.201414757893069,2.508631299126923,1.5278401177301892,16.82865234621818,3.5886659632942965,1.4569691596964889,10.691236460193716,4.333677361403546,1.8065512756374282,11.98953362039736,4.57673195248813,4.893741747440005,15.79287812031429,4.834363141864895,4.975005842389712,16.509764108590232
4.284231921809401,3.6784675611560442,3.3873339321932803,5.020421995022721,3.988623354644905,3.594912492875319,0.6721163806184461,3.442135552012584,2.1750451269585467,1.7070990132303803,4.40032072591413,3.035194538201427,3.7832448347787286,3.2918307865331085,2.0397262883228535,4.481797769087175,4.383557242669789,2.6645556936069825
4.338819412581229,4.147291917233771,2.687850820190929,4.4290983001362445,4.802840612966721,3.391337636906977,4.312896325123651,3.7045208428929075,3.401658751943655,5.869188816417603,4.598604418593947,4.253699173649712,6.635851294564231,2.82279174985623,2.5398072935346554,8.348530875190406,4.089594012120197,2.9149620704088455
2.2315957306897807,1.5517908552170656,2.164983343024312,2.899241585152642,2.0106444767236518,2.519389947503851,4.784258956847204,3.9104226086963148,7.140486967956325,5.653260238719812,4.506421351967153,7.393428862928801,7.987306324025598,5.4125200348805365,1.8694570511710735,8.417951796974773,5.6636080691664965,2.3624771944730982
2.081915444907308,3.5844857559960315,2.1500617071759325,2.4311752411845116,4.769929379556151,4.0094473906428965,2.4828150356720724,1.5136373546505633,1.6743623633602163,3.591641300856985,2.765239586724752,3.249130549887349,2.5030512198073813,3.5709142909101814,0.6802328942973973,3.1222042272801898,3.6472083751676645,1.4421753665976251
2.051530367027908,2.672459921514275,3.663576667662466,2.468458453076711,2.880307795135155,3.653770014221978,2.4889123178000316,3.6672877035329643,4.884261839054169,3.328728642201437,3.6356052763487336,5.300002016078823,2.863253533579437,1.5506944617618137,1.32025218185752,3.4825467687242755,1.7946447911541388,2.341267794894413
10.583817059129073,4.250751829820334,0.875968122878191,10.856225179532677,4.679502462449073,1.979879126738411,4.056635894521738,6.896676504801162,1.3524635239072471,4.791683493434704,7.0609678581069755,1.970339667656664,2.480809591705512,5.675453596452806,2.447701738392877,2.9612427996150554,6.8230276750784125,2.9776442222735824
2.6649106680013492,1.2466446877478403,3.9835416557654786,3.125989837274581,1.6683652236236153,4.085782554324953,1.8904162333849155,1.6994693291834353,3.131435609192104,2.7419860047764897,1.9104177778222393,3.763655904744108,2.7234361992974465,2.8836003270127377,1.6713479596569902,3.348849561438057,3.4768285057296078,1.9482701493607073
8.79505775314196,1.4162689886644093,2.4058120779495824,9.982993656106208,2.0662253336631267,2.9098620200318903,3.092966969851165,2.0658450646959867,4.037697442376543,3.187453611920196,2.6285978854779843,4.746236800453668,3.6933066701413044,2.1914450748584047,2.546185738168907,3.654868717683509,3.5745732618810795,3.1467428592195525
4.777535855132834,3.5192511899639474,2.7601616040112624,5.608213724972502,3.6687049669631717,2.884992110905469,3.07682887091825,4.677758881186744,5.632369656298288,3.232107451301939,5.395347971615366,5.760003368626869,2.9436832983174956,1.942826318956629,2.151079222136528,3.0020270457306366,2.348829799252142,2.7016786776395243
1.809491796514901,1.8602755960120518,2.7070631780233,2.2013299214527087,2.516602896317331,4.0302969456791,5.695227933187231,3.41336797527613,2.3668323462645997,6.3983678233399335,3.5565936110653684,2.984876881982096,4.803452584963344,3.63117080362038,3.6971978602123636,5.108670205441759,3.7821430518132626,4.149401003133367
5.335124247739069,2.9947862606581173,1.4411165431699857,5.483787754278906,3.699727860725554,1.6569712871022666,7.524987066430476,2.8098347567290323,3.8525876904743046,8.765242565288826,3.7253779286052393,3.87505435164989,6.102042502295477,4.765740513035113,4.033404207673224,8.159618553496728,5.139648920170887,4.761252277328945
2.1196863769650003,3.7782086056492497,1.4570481450895447,3.850649616695848,3.752821222684254,2.96912744738994,2.5557197702121113,2.7373027981635696,0.4920944589398025,4.15668058755293,2.9020096969863856,1.9877090952477416,1.8255583124311534,2.14705023658724,1.8031452675458104,2.8188425426231953,3.766425404321576,2.313160276678463
1.3216247303009456,2.4205530173625984,2.3285584029221282,1.549464427035219,3.17378544367108,3.43872717169555,1.220120895862853,2.562006462451326,1.4713472887609969,1.2845844060039362,4.469025906208064,2.295012718143114,2.0158077499902656,5.886768379226149,2.485108609681863,2.643082323203077,6.356949329583941,2.974198840577261
5.618058249763096,4.302685165375618,2.4531613697928014,5.52412496796359,4.380857489195075,2.630944373806946,6.3447584354196636,4.265944907852001,3.078689409005828,8.38191596681897,4.896216383098946,3.4089741222981913,3.310884845623396,3.781379371396458,5.5457279532680035,3.873837517442624,3.9485350167439535,6.122140129596223
4.557690213386755,1.1977788301749708,2.6738821205557484,4.538673846887835,2.1952145193411945,3.1621863471488894,5.26286370821615,1.7034967818052882,1.347527126088878,5.249286961897117,2.2080069442014394,2.796881963858722,4.671571201923531,2.026591146190982,4.427941436986695,5.226796947010101,2.6914397336899243,4.406657462068852
1.7584430972056573,3.3736899319304867,1.2027411109423582,2.3554168570063783,4.095786019391308,1.823357357707546,1.5117904985110033,3.6944746451542216,1.459418262255723,1.6089256691011442,4.340273851898255,2.11940176436888,4.333390451831576,2.9068478786122123,4.290094526400107,5.481489160488865,3.3475761700641273,4.671840968397912
3.470654635370174,1.3895272038050515,4.915920657281048,3.8627951461951677,2.7828001319178997,6.433298233546063,7.737832652308516,2.21819150469972,3.7221281295120683,8.3186585501975,2.9409483393912077,4.392489728798542,3.437641189214499,3.730748718721363,2.035673296653879,3.631155006335663,3.9745433525328995,2.8100786023027515
3.2722216455026656,5.414739626453975,1.8499032596110219,3.417502061636486,5.556396900680562,2.6071688811021976,4.129494573649314,4.365124929805363,1.9786323290928385,4.497487280059424,4.540037804066012,3.12328151939793,4.556534138680547,2.7739877371446084,5.841557671421709,4.740894579740761,2.9942797604048454,6.778158421626148
4.392075286607182,2.732083390457084,3.2584487678564824,4.342021267580337,3.9656434705159267,3.242326847492621,5.703599721073948,1.2741211995241735,4.47700420612421,6.169203948484957,2.303454267197024,4.779472357009258,1.6765826886945148,3.174936679310875,3.196820480196696,1.9832596173854458,3.4788725857195293,3.660488086105958
1.5329100614204767,2.9451223711617933,1.4596157721309362,1.95790777415329,2.9286930768981043,3.5297007863798484,1.5187276042010878,4.215415982334008,0.37028855825018087,1.5588060584233898,4.427156707344586,1.5705704936285128,4.972063801133222,4.37958519250644,1.4354569298482827,5.459138718141498,4.896678440549628,2.2168258347721053
5.756637483741471,2.5840996935832306,3.699230917741977,6.478369030195276,3.1380652514483827,3.7884397237795393,3.479860015752169,5.867079036817353,5.377300125886525,4.108144056182675,7.154599283489304,5.640865575400259,3.2510974207626515,2.1296560275944776,3.6813118636233817,4.34633846357367,2.5965176950044917,3.8771323685303125
4.00434036508663,5.375540104808042,2.301616084152237,4.39670472474344,5.847154672435628,2.7513349613205986,3.1979975149286193,7.479947909556244,3.663619255467519,3.6030306859661225,8.262018664359141,4.658602196675328,4.5938394593319725,4.552368071594396,3.970407650922645,4.833390221648871,4.9534023627111194,4.360929226092653
10.921124027870828,4.963352093046038,1.2221413936973995,13.149778452609674,5.042609684681721,2.013478523088914,7.204133632588784,4.791340186753415,2.4643205974260765,8.18581176083529,4.933154381268064,3.0224017463917603,3.8660170683920025,4.993131710323875,3.164331973002084,4.430356560943348,6.1019740913192555,3.6769436657916894
2.427106859749509,3.4071401757047894,2.303778574923884,3.0998082955616697,3.342480559167941,2.6647151899211283,1.8334292589677919,4.282856018614887,2.6348199277525497,2.4709072977918756,4.2343872018232185,3.106936978369586,2.9349830448937713,3.3877310771699682,2.2038883804747984,3.0663891165074575,3.6289286760173387,2.7491748048179527
1.225686959357445,1.1111342801278938,2.3481780985274194,1.8468381827033284,1.6077392706799423,3.443727887300799,2.8356692630553306,1.476190505799243,2.285576329114841,3.433419257498986,2.082898050413166,2.7904740021203334,5.447439252916669,5.341941350876203,2.480772484292245,6.600116123566082,5.446026408352477,2.5152673228908218
2.1458479335992497,2.7764622931864857,2.0847943713499335,2.711876563024374,3.098348333079836,2.9981869280445483,3.8368733476850942,2.5841751640794057,3.668591617480209,4.238390735130913,2.88782568994569,3.6504573750080738,2.786390058735402,1.887177118251263,2.975494734986299,3.4648067978933583,3.6154905778746085,3.5759526861040296
1.5486965356715319,3.2282792894666823,1.1359453537633153,1.8687548269020586,4.456803220084777,1.8468463236438128,2.5755454652246708,5.7473381832507675,3.572073629289622,3.444578524329098,6.21071088057915,4.205389794526883,1.738613789993095,3.850065881413434,1.1712937575989486,1.9658536444191455,4.56701282305113,1.473173680344157
3.9636025997135493,5.803812174276059,8.453545351919631,4.161174024362323,5.880473636292865,8.515610522097411,5.266743859980654,4.078942476521483,8.605863809021766,5.2847264305285755,4.941730346580139,9.96415480558195,2.2057690387276145,1.6194093368413744,0.5532741405018979,2.074204895794166,2.07539047685409,1.6808005299992432
3.473408084817307,1.5927685193648662,2.879295513073856,3.4687205476134717,2.727088316484848,3.5684528717311723,5.860328662655852,3.8114413985951163,2.796723518112389,5.838712882321685,4.82304269267168,3.320244291773375,3.851188722635386,2.414657382578633,2.5653418505897183,3.938883001566667,2.952081171542801,3.40564097012964
6.276741897330478,2.3465827854488173,3.574329531239718,6.471203515086854,2.3326549764990747,3.4991145683749947,7.393856066598718,3.2812331026174806,4.0660285569195596,7.888090488204544,3.249303920109265,4.655626979604134,1.8181158180261687,4.998909646477956,1.2141966651646057,2.64190131878085,5.847380538044098,2.194930957943862
3.299270568192832,2.6541367165210823,1.9669832530199445,3.6209099656461823,2.9595780246183008,3.306457733852551,3.0740941817752407,3.207525930969712,1.0430876510209177,3.153522831255733,3.9376355541058636,2.492285231636785,4.61182648620298,3.4364070776915794,7.806469577996717,4.644969361345978,3.8031987770948157,9.17299210875967
3.07925371342362,1.774269014570037,3.8686597039644037,3.991756661615172,2.187549261474353,4.982710697008258,3.4606021274128427,3.7313763329245884,3.866289881867563,3.6660780122538537,4.38088295079024,4.152361144170934,7.11071389836261,3.5277711362995223,3.8987024547619016,8.364508102520759,3.6725767509529077,4.822118359312361
2.754328358667713,2.0338585580104893,4.2814622562868845,3.3955505012760705,2.99151867984221,4.74360314601119,2.9798078015628984,1.9499253472088727,4.458227451158522,4.113108313368122,2.8124078201790415,4.945002983893253,4.887754096497195,1.2454334134260803,1.9284556512568394,5.976782618031006,1.6758123917602123,2.2699987163531383
4.393716112210072,0.928834012281062,1.9840737456782738,5.075618990211016,2.0604671669892896,3.0419615830112368,2.9465000674886905,1.31766335858584,2.291799176689033,3.447196435538353,1.9970193139690873,3.095104869715148,3.3820265711510973,2.0126002591681633,1.415595298301896,3.8431629192330736,2.4013668689547796,2.4703643141725222
2.9595233270412975,5.3213306488878525,8.041099386170577,3.4284696367479857,5.626135189109177,8.007128797090488,3.873121744805643,6.71492582753121,9.376705241273228,3.9597719452482574,7.056151804948938,9.712518186221821,4.264868741188844,2.9382905499808234,2.676941704557816,4.207865264015508,4.165465950794809,3.4084869632166863
2.866111341310327,2.8192388618975945,4.734517995363339,3.176773811653378,3.1033239645863633,5.842924245757046,3.894161972374189,2.4441987270312153,4.337840258960522,4.27830008511053,2.886330798057574,4.96751278051152,1.9119346397141703,3.538981598375261,4.2330315830225755,2.4895724694856285,3.483271579332997,4.630357787695595
3.2036454063421713,3.245810113034198,6.254930417888492,3.4657271524930096,3.4756929177059663,6.876244144192318,6.3468211515513016,2.3247821674337974,3.090089663951855,6.679032294901276,2.4813229923425815,3.7236635161542004,7.413956746525335,0.559673225674153,3.9447690844048355,7.984895013079153,2.108585834094247,4.8260827826647725
3.4509422979075373,1.8094370067671757,3.0674359849766706,3.7449560958530497,2.870149554248325,3.718426938874287,2.5158224012543453,2.5520980997185134,4.091857385487436,3.046513220448793,2.8893752743073144,4.24125116852975,2.793397294118167,4.634496894443023,2.4979870694495494,3.0302681434929526,5.145831921261341,2.9468038951610205
3.971323971609192,4.865841008180289,2.8034048486122534,4.730498277844163,4.7861683089342275,3.420184378671387,6.892557588860108,9.728648480919047,2.3146189693354025,7.218638199284388,10.164654858751343,2.9214587892990402,4.414704725303741,2.7565793726484893,3.797394164605479,4.386303112795735,2.9799061839313663,4.159068717503973
9.145978848139698,4.949874375227287,2.4462892474269546,10.005739591963065,6.073173552185854,2.9144379646330134,5.4272207299990365,3.4423803989374675,2.6651518105224223,5.9176567813145775,4.4079495915012785,3.201568267473047,2.47878113353757,4.506840479038454,3.477894885427824,3.9929222951363235,4.5660693202970615,3.6066718044109876
1.5726814987196076,3.4633399692791076,3.5882188202707717,2.1314038096799814,3.5155821339433686,4.081184296652321,2.8809357771362563,5.306387441319058,3.260840302818034,3.8963460795842764,5.787098775284369,3.610420267885348,7.629545081733645,1.902391082986431,2.5919129770133624,11.019758488037867,2.5787186337880135,2.970647942143415
5.171812963653403,1.4907914553418349,1.2474488195098026,5.916626089631771,2.598826029575871,1.637361008269682,6.69853349331744,3.2784605763957257,1.6817373287360564,7.610600867123003,4.227962641283313,2.3865062180129017,8.713703173887161,1.4306314355612684,3.338145687083499,9.048036292666684,1.9965562202150606,3.664764870251436
8.89013303539563,3.317674733695226,2.6131051824051967,9.461398964752942,4.0499907279830145,3.0287266966151636,4.860121948132887,3.678828323785113,3.307505939802176,5.100720723042719,4.677365852024428,3.9148854312683574,1.5116334847062238,3.5074933952932614,5.529230235557638,2.2251303656666344,5.120526276412324,6.238426771086309
4.028050581512187,4.035544100161198,1.2127101536675342,4.215395783337159,4.283295603200065,1.7404844251189489,2.515098049434251,4.956122933654043,0.6922780698655049,2.822825066158426,5.080458139909912,1.2939856424700857,3.052010201713475,5.379539467618257,1.3503922384328857,3.6782977370918277,5.628189892718118,1.9354920863495495
3.5989923910369,1.955528318310812,1.818683434930352,4.112259499530079,2.7757505553313435,2.5270141517382316,6.314638508093299,1.7918614595395865,2.8622714463173407,6.363959750443021,2.349372885039448,3.65700873761784,2.9978511516969855,4.395616346756039,4.600666351831889,4.473059204017544,4.803633940238512,6.2514532978005946
1.0798038457613313,7.377625886431903,4.705783628582414,2.3240079818089088,8.249973713519198,4.772871557504564,1.0127536693976626,3.73615467200114,3.872299011167916,2.231864044985005,4.52884163486629,4.30723841174064,4.290067005207176,3.4978882713150226,2.6891892085980995,5.431320970260116,3.5702927452903923,3.0234565720451285
4.238920596998079,2.53280692022466,3.5817683693765305,5.501547068972905,2.753606179478836,4.431318077259571,3.535424571924632,3.2564963715898267,3.707661192299446,4.039981357705864,3.2429733657365567,4.17980689781148,2.747375427201928,1.3291273001495432,6.808019256989548,3.5879346745533147,1.5265689305055716,6.947114931208815
2.6801789679186183,10.449922559645293,1.4073083271552316,3.33650800462985,11.141181947878621,2.0371197420682923,3.1925606658684385,4.631159834429114,2.6551900684667524,3.209954620355101,4.9874487727133365,2.939946435307692,3.5467182499188263,2.20125389714598,3.789120559295592,3.9488696004964927,2.5395113361286654,4.145394985233896
3.6171617666276386,4.955747066635401,1.7814473211534254,4.284929526680084,5.1322225718095265,2.3379034784812056,1.661835534741571,4.7719181422080466,3.810087901058719,1.9666319179187466,6.024140841117364,4.2957523945831015,2.4289127385680795,3.0820497082046754,2.834386601291651,2.9999705494768647,3.2664874344571846,3.322050720358487
1.8190030306132188,4.5156436497287435,1.4704776366224859,2.635473914336817,5.908801833750597,1.8256044936414062,2.1513188050735557,4.416857072492439,2.1861741131352868,2.6212747231354694,5.315253854321728,3.509005197326529,1.2279977142641483,3.121801708024011,2.4715798098137185,1.9960130021141458,3.5233326667461,3.0789880866936454
4.330390968456271,7.0188099205878025,2.3453396196452956,4.5732593384737745,7.3560941760814,3.2923290462232218,5.591963465141499,5.456428086717348,2.9323656434190792,5.731611551527758,5.507103702496061,3.48997789714831,3.9090015455568663,4.108324737149018,1.5896966205867444,4.636791847972759,4.1333668966418164,1.8714527783013892
2.0120525500627866,4.603563731993257,1.7919851960540876,2.6274236096339543,5.292444331001137,2.336667567432169,2.2680387273146083,7.388317061478167,2.086319745195071,3.2284090814947413,8.207090075303029,2.4894638542105,15.356278039018347,2.346842219628748,1.7813684437554889,18.958470112531163,3.349742637254148,2.419442667052995
3.8115659493621568,2.8373382648588765,1.7008809464537826,4.359907949487217,2.8617519286380784,2.082882233081962,4.921964801259867,1.7002756906406173,2.61960865622754,5.4962650178903045,2.1672111317374174,3.683504745679686,4.831402467773116,3.4354847050055985,2.036163444510269,5.002023564004154,3.487273117320237,2.8237631244092114
5.546257759810735,2.6847509759456485,1.7657978274362105,5.532906025723603,2.713159152617288,2.0735710875331415,8.389634823864865,2.7908309087959635,3.384936185301588,9.000762962440986,3.420086802666934,5.102758244659559,6.456711603202176,4.829336711013508,7.1498361258781955,6.606979192126481,4.869876882183068,7.810175707796946
2.018608756774553,1.8837203222143157,2.475508218959815,3.265489577284767,2.2587345294601433,2.9802709614939835,2.199811854490128,3.4794839544974763,5.10767088179924,2.6370941679640234,3.758272018397561,5.253843319011989,2.2527688037817963,3.978583692917697,3.7184134850596138,2.877729720960087,4.349220259662948,4.436379174298991
6.780346384096932,1.4215752765431604,3.55454923120162,7.760780610619558,1.9898980139458557,3.592240910853902,5.104105115520961,1.431591026028932,3.015287781805438,5.655896181442732,1.8270084882257256,3.160382421474101,3.0973355501228594,4.019891179989831,4.945413289374256,3.4887993904039583,4.736703220616915,5.764124814076428
3.3836374174064208,1.0616911356932917,2.263448852329734,3.8254242937152187,2.0952764543253375,3.0539613620710417,4.308148552291236,1.6290853298430321,1.8962654046453775,5.2435467389474715,2.6227258903013433,2.2858747864378333,4.468477235941084,6.0879891242294315,2.912397898041678,5.126831110226827,6.1921114627434,3.2650271230425454
2.271814669038638,1.472049158505384,3.788713814203721,3.13550516710069,2.1176824518588266,4.530395904838772,2.027065609792928,0.9318063193263507,3.6192468378361373,2.7854650100183624,1.7303887954357533,3.7418845597672026,6.481117951517892,2.192442521759646,3.3618456164106814,6.7765238526582445,2.5588978161896274,4.2474359805231
1.13133239763211,3.7193145879176317,1.7780731215421075,1.7220587006544485,5.50448270131633,2.089290133514218,2.0788713649950084,3.725348349916264,4.266026275661574,2.303980215253764,3.835471786239991,4.806868907969172,3.002682584806429,1.5538272827892674,2.1874645183850028,3.2844404715129234,2.385437213994765,3.231336556399246
3.783482477576667,3.2584003742017407,4.645752988929321,4.585868981294042,4.036406858899332,4.792350994643803,1.4578602168466996,3.351101845077015,5.712993148950982,1.896489411360289,4.184925029493588,6.046015155157568,2.377860536927951,4.349093916037257,1.7369787332377706,3.172604294211135,4.966587459745633,2.055263991384852
7.477651764110252,3.391051210481979,1.3403215376503488,8.526913061470733,3.3931799293656884,2.2713606697397264,5.302682588076122,2.624659257745922,0.7524851671191413,7.705961846765374,3.152587990955057,1.36721970130304,5.0464532761260745,2.247705319382482,6.474076615559869,5.455364582229337,2.9463999005897494,6.779900523380286
3.201273108205397,3.303525397560365,5.67851901751991,3.9136060282606513,4.4055468478699575,5.885402251480571,2.3544685239242944,3.455769699795532,7.911259915727348,3.1133997993939206,4.02074885850845,8.103192373121828,1.8156182626744366,1.7678414213671192,3.335620167699134,2.833558000853967,2.226634636608379,3.4632755658333965
3.4677214239686203,2.7209369706902806,2.034755143525777,4.243597845612031,3.0841657130010582,2.7826527340090106,3.554789192440769,4.859016548458345,1.7023542329818935,4.700223348492146,5.752783379528966,2.865432982272951,5.307883132376685,2.772327052978087,6.285102762487248,6.646929352028429,3.1488056384710594,7.1245849514573685
2.318820302543826,6.846863406509773,0.9109514781863268,3.0001702916018913,7.26055213646691,1.6033646735043205,1.4004918027320372,4.3232115502427915,2.3246622454495,1.5815653458399928,4.60958302614705,2.869070890023592,3.946614986261424,3.645904069092522,2.588607914559658,5.27333073194249,3.551855988407997,3.101589914874543
7.425407849724454,1.173481507510389,2.0633268875023636,7.51445632889434,1.5129601725245199,2.0330950547850586,11.213242946298447,3.2754577801155444,2.5085187331788275,12.466361117414813,3.2580139101394794,3.317968320051062,3.268420801832024,2.4536052138027884,3.8435367875209305,4.699126705043614,3.3819021974349517,4.158930234543049
3.9054324921543526,2.16311850961875,1.6291124537719912,4.010493241247351,2.680397575802485,2.199267591505969,2.9738981119268577,2.529385867611584,2.5392339610846384,4.129627342033605,3.147834492178377,3.5601340214826935,2.9061112856055966,5.085814393361264,2.3960580715924107,3.0666430575842307,5.116984899135131,2.6460324005475613
6.2618994879198295,4.401033267609454,1.0024978263130728,6.825824037554073,4.423422479793589,1.6883338591857908,4.324857608588473,3.9475480468618183,2.209126607790194,4.489111856057886,3.9144620030004162,2.5215687169176015,2.2401401834728936,5.517875829348697,5.760185477378622,2.344992256669675,5.565375632104611,6.758037173027599
3.979139661695505,2.3014166948328474,3.367265380226812,4.599101215102962,3.3383634821313772,4.109590901786648,3.1705386302462766,2.631671565488228,2.196426745016739,3.5751498449721626,3.554666128180523,2.6426565212003843,2.8979945141205055,6.839574124755354,3.3292125314833947,3.279581211181819,7.103821304159864,3.401223929785013
2.2601421824292345,5.697592282560503,2.192017774782198,3.13394338789044,6.006094561442222,2.760300724526359,1.0510875682064027,5.485348308855893,3.0132862234146303,1.6349298796655312,5.727948006518414,3.8377382376979656,2.7041938563984558,5.884433794984368,0.802693500690046,3.5916742272352407,6.6751885266153455,1.9588070417948786
2.379854949420684,5.716114868127528,5.663389625592094,3.9461673106038626,6.153234290221861,6.284049794176645,2.2437683791591705,2.8267176743807534,7.1085860531169525,3.351560499719147,2.9380915171000157,7.9062939160783055,4.77837775346708,4.159418214817358,3.373577145157203,4.839574885383446,4.6105780142074355,3.623796336553457
3.6074375070555926,4.449497643652342,8.037439522074925,3.8491413559814585,4.584223855892194,9.21572695493338,3.664100479613664,4.451719939995573,3.9596642217942937,4.219740445699099,5.296368286016227,5.862138403958596,9.255394768266056,3.966584282739769,3.064456385592969,10.402554676504447,4.686054097365471,3.5759807531497647
3.6818958422545234,4.306490136050291,1.6946309201221155,3.6444946118505213,4.5866891421688045,1.9952524499648017,4.389030259983252,4.699472165304853,2.2117082677861704,4.7299339532981515,4.851354387018498,2.9480810980719245,1.2145033268970942,5.087848987784604,1.9129195732081323,2.0050862130098963,5.414133697446486,2.6198612423252463
2.599530754643493,5.397692145389085,2.4455755220565507,4.012280606926955,5.414449658847203,2.996171651418458,5.19042239368401,5.42810135565376,2.058375093943699,6.241736333611744,6.7041607561663685,2.9021512762609616,5.0535016181980215,3.244295117254421,2.8543062866979354,6.46346909286569,3.751080247973182,2.8511837603081642
0.7533859660068635,4.12530646777544,4.593132425949875,1.729244690471313,4.152696989184457,4.844323703054019,1.2834525319133765,3.6200481278714944,1.786732445255141,1.831665188647235,4.356741342509571,2.308554331134712,5.944801075783169,4.243087676309636,1.2790174645333563,6.011752477446052,4.610767833723407,2.2537033013540997
4.317014583944667,3.734077219975368,0.6066653863324123,4.443497490124864,4.307406563997168,1.4423940176484906,3.8700401690259603,2.403464980469588,2.7216668223808376,4.015167388685169,3.0090777186476783,3.2826736709901314,1.2112398583675654,3.8614537374481643,2.7275686412125295,2.101934147345545,4.138321244499286,2.9130905964425793
2.7492040072945727,2.2505273631431137,4.124769043771053,2.9034240387132773,3.1010206130490037,4.1547393754880115,2.300540948248699,2.9016817150841203,3.166965348538999,2.51906820224111,4.220540548035638,3.191506158204408,3.927103483677982,4.604720854132366,3.115708508357285,5.344173627168902,5.33149598362463,3.35557375547752
4.240115048729978,8.513115480889654,1.6533102680048999,4.410792732381899,8.622604943639333,2.964801936697548,4.72123992863377,11.615869816856003,6.0667581076804495,4.7775463461748,12.034048384826992,6.176017239913526,3.720043891939144,7.447558963072554,1.126075547693301,4.131071836050335,7.522501553803283,2.042075096094795
5.077192397393205,4.665088808531397,2.7338602236637057,5.318233733313295,5.525895180124131,3.1836658858217577,5.023362551261257,3.6844094595882364,2.9698988547560456,5.235551365865809,4.073657162089035,2.9292526996936394,2.332728933533221,12.271872768008246,2.2406451900425775,2.7160208279650413,13.4560217096664,3.0724229257698856
4.699201696768524,5.2350114835555255,3.0768066194901627,4.703563142981674,5.463741094852543,3.3036895332416876,4.0981293155502785,5.792550510187176,2.8104653747682167,4.067920397054642,5.951392526590312,3.2121936696981104,3.2141771911822627,1.898209307851851,3.4897395562337032,3.2800674041704605,2.6358898538653106,3.8072801904893416
4.957539025797095,1.9265236319518217,0.8987067765060175,5.755631854927206,2.54030880371349,1.6402655013553307,5.363383958165659,1.1607388034602093,2.2626560236703535,6.2037069023400235,2.2025993847046417,2.6405163224095434,3.9800420539958155,6.072131028254557,2.7520807415975987,4.1854439903872995,6.5968146059336314,2.717409814307142
3.2320544283496284,3.5116894998557893,6.253835893182197,4.54190104526659,3.8579980556361346,6.913383652645212,6.427721326652787,7.299972314268303,4.731881873746175,6.538719364867679,8.560931133864393,4.796483251573794,10.648232630741834,3.0654271896884886,6.095081818920507,11.360930277255967,3.591298317531214,6.536855168093989
3.062119039212662,4.300943250930236,1.0872219257592097,3.4540650473893844,6.9787822778810025,1.9626582080156272,3.617054748949128,2.5045673032938445,1.4799783259122574,3.6700255283751506,3.849341506624972,1.8552254795876293,2.082835412794197,3.4194228018982713,3.4362150138213647,2.7977445756589416,4.290245134916508,3.4753051621593274
1.8890169159752674,1.6322319696984262,2.155373634754803,2.040602352117028,2.162716272622828,2.8818022659986218,5.049800601125677,2.569650814334677,2.947662881990663,5.087751152996629,2.8843248505383734,3.5690112755239243,2.116885675584956,2.5223857948916377,5.5281830421994655,2.8804680861997167,3.2768280832606798,6.263966952465294
4.412824948642494,4.559503591077518,1.4923132169549824,4.599670517680592,5.876364061488014,1.5646334981032162,1.8397380903843514,4.942439690481634,3.124343187370558,1.7633609026263712,5.256308942962432,3.6036001533388373,2.21040239334955,1.6395236377336724,8.89889330150061,2.413316336450415,2.4569249616831934,10.25304267548128
2.6443393059233316,1.3451402987796843,1.7846528998320763,3.1331400963603073,1.7190611992458038,2.608138340612287,3.8155287221504453,2.9946518089426943,0.9485589004256505,3.716211268462625,3.086913457639638,1.9878475429626612,4.015983198159188,2.930187069046411,2.220068125491339,4.0929384595994245,3.4670469137810023,3.6310330959743404
5.27502024075323,2.910906980345417,4.936366186746928,6.255490668028042,3.5464667115001536,5.779583301971708,4.5376471463985455,2.354365364843906,3.7170347261931043,5.068510282253926,3.020856273201069,4.309025754754256,9.335449438084453,2.252049353246903,2.0207303461643393,9.491914823268651,2.2593743428006436,2.3103246816411325
2.7909750449331563,1.1101081848811598,2.670734180356359,2.925091372945774,1.701650007270569,3.0128292920039317,2.6447145215063825,2.243361568016311,2.5370927658734006,3.126267113943573,2.4268529187462877,3.758085985812079,3.480851013540172,4.244012714058027,2.3420235397232814,4.005267381485437,4.9933578826894225,2.8530136106865127
4.74243703125303,3.9643147022876435,4.285163412117872,5.01232323564671,5.177706434606734,4.277045438086935,3.997434941704535,2.1867745702382706,2.8875140571287012,4.0057351255383695,2.7389564253200613,3.4722588735267617,6.417530240191755,4.184461659357229,3.171447064667392,6.8351590796066555,4.506208840698984,3.2838292586535514
3.3384650033281846,1.914662393638201,4.0304829999999034,4.914025478763236,2.918981852882627,4.823856680634267,1.5282011780359768,2.072097332471738,4.129406942951477,2.152224947108523,2.582283106893324,5.284211568919919,2.3417791462267785,2.4986031984497816,2.7765599367848632,2.7278739972709136,3.0930620096220864,3.4219734254371046
1.2082568244389276,2.0057925456066092,4.96683655810707,1.924610589360574,2.5876358991677977,5.592196813097612,1.6450218721941317,2.4863899317002764,7.667821820216039,2.1196739867195182,2.7098846400690753,7.899946318113584,3.396129577584043,1.7512523053807778,5.207058108925358,3.683434876942999,2.400239307105993,5.472043625423606
3.1251029533818695,4.042688770740733,1.5198633264868562,3.8752852859209264,4.000338990849978,2.4430545340034566,3.4126636903276237,6.25260239565453,2.0197849974929434,3.5032138969173223,7.0013776477776934,2.8756761168906415,3.3522854040584344,1.5878493441013548,3.3892130373631226,3.2406031842751926,2.1752160993937033,4.092228035764066
2.807766493640177,3.7406863717852303,3.0038010422086043,3.1452168522497663,3.697581250245964,3.3530251032015856,2.494287436721557,6.1136688890653925,3.872727524993436,2.5855886512821877,6.6969503996073705,3.9754787416866995,4.173608700237106,2.927476694775275,5.105839436136797,4.598134134080509,3.835721192113493,5.489944662059593
2.740582405737654,3.642745629832028,2.6819224962747397,3.5511466193667323,3.9550571518102773,3.4953178115676065,2.813177045758932,2.9322115878777417,5.7595939290825875,3.0890066018629176,3.0370567119234817,6.330613475792163,5.520039474079017,3.2975393995816242,2.5564925357571644,6.155364870252877,4.021222138999229,2.541730857746576
2.327340571684091,1.8623936327402628,2.659024977810331,3.8224076495289268,2.811966919097013,2.9147640390223875,2.502207111443442,2.6158438037317606,4.301786117012974,3.5130167406720614,2.758164713973934,5.060587580400633,2.5388442992212696,4.940750933574962,9.087187260434746,3.0774150368980893,5.8438301165927475,9.456646816796015
2.212834554193086,3.996614900741919,3.79540330525994,2.68331172105776,4.419593073288057,3.797223845706963,1.5360595965605583,5.733691955870805,3.9858066472835874,2.047866437016647,6.752593394703156,4.718682188273614,3.435893001834858,4.752413195818702,4.320194405751698,3.3830646304039593,4.815932973586515,4.98747584365541
1.2402582263319786,2.0124677351043117,3.997546385506752,1.4372610461140403,2.6103062178584175,4.81393801418691,1.1803532777944483,3.7104692379093978,4.142001877158128,1.801958507345709,3.931715820163266,4.6910167447242515,1.3808651840996553,2.357465391895638,6.112838811516099,2.3032624744171413,2.8726555662260065,6.137951530591792
4.787177392249135,2.9698123886985712,2.382530742735167,5.6950425565877065,3.135350670688023,2.990635679531754,6.6055044311314015,2.2615647532619,3.7839721036114735,7.588127404209488,2.483966680575147,3.91830469295026,3.985127724874431,4.280938250362814,3.1393333690249543,5.247848068558654,4.316068000573285,4.5767589484511095
2.1460826840661404,4.295035153009858,2.647343957990246,2.4454013340731793,4.802787265564259,3.692488319696118,2.792882100699385,5.164196264596508,2.270794835786555,2.994919305564511,5.7226710174895805,3.1715968566134864,2.102003152304704,2.149149469536907,3.868582360121564,2.908973869564867,3.121238841853356,4.531505216892915
3.050344048457168,2.131644848576665,1.3249012801143796,4.061411046125189,3.7203436714365115,1.9024655992396475,6.307416995696329,0.3080772239323668,2.717010231740255,6.766951972352126,1.3160902953929867,2.8255652467249845,1.549127881403422,7.511919230660334,5.568270372036925,1.952945244581616,8.20600957507151,5.682291701999765
2.41607811919748,2.354732050253853,2.6323753467059974,3.1787853196655487,3.2432831361890084,2.7534835342308117,3.3836264435335197,2.676095265079419,4.703492862341527,4.002238648592225,3.269532407483175,5.036789674366869,2.72442221422411,3.765039146244184,1.0990007355395675,2.9798190721150095,4.53339932903304,2.244890299433353
1.9373854844917122,9.242517405340152,3.0206200451162486,2.6626751441322556,9.539972941054657,3.4753568139526054,2.850446573875691,5.466488838282469,2.198969424150586,3.8310031880401145,5.945011381154958,2.6490822196179913,4.129110438629188,5.031334690936541,3.3623291483798114,4.849077185636458,5.310059133528901,3.4064321845355985
1.4996635884729035,3.6368530787092723,1.985526399780727,2.3075452766956843,4.099960351273765,2.7140810444185974,3.215084039115427,4.394219815954618,2.3738219965100575,3.83374815225049,4.805953479269442,3.0800017644220015,3.0496874012794852,4.559235040244562,3.3181874770166297,3.649182954910442,4.7802137515463174,4.196060834062882
2.055322810045256,1.1519991339585287,1.2155073122061268,2.4795110188061753,2.2444184784250423,2.3085441538991254,2.214545076227629,0.8280461049883573,1.3719735053151663,2.428783740984355,2.0631564252031303,1.5702405772513566,1.898350660863604,1.8047809972530602,2.965630617244489,2.2141667334651545,2.61177099340158,3.589595295174365
4.590231724936015,4.776866665407434,1.020479351126528,5.699344694255172,5.222961305680581,1.5848740644059107,3.526302307579042,5.37560193871233,2.9561096093974673,4.116727564938526,5.535341305731519,4.212724855098563,3.015300615557119,5.490082964030885,12.279470577873166,3.21671066566189,5.693915114467717,14.292431705950074
2.673486851156888,1.5988841666254443,1.1996220440488594,2.8343554832124243,2.082417428993721,1.4724214658081374,8.446451371105791,3.5538039191699102,1.6026344660787872,8.851512710410457,3.9794745428143807,2.3337688102964975,0.7377647873985358,4.66956477357681,6.892873776661674,1.476890944115952,5.067800593884396,7.00132145451805
2.7837134743089966,4.579039942258613,6.089032145017807,2.8386956414692954,6.415116630931141,6.270105443807475,3.9356637995965604,1.7409973175677533,5.755359990383812,3.8616041599704864,2.710696273878486,6.125066940402736,3.9646819767505734,2.981292106888374,2.3318987802455533,4.047140563879182,3.1812130031382213,3.207411978416167
4.652827055770288,3.031841675668037,3.011088736641992,5.218616804523095,3.0235272996172546,3.779123396756887,4.201771350292654,6.450759980481333,4.161760838874097,4.947279457780827,6.973002644665431,4.876076456679593,5.101957695978245,1.920801664881323,2.482572643419588,6.046329273617326,3.115645285234552,3.009044044694547
2.235313456520239,3.141793225621197,1.5085517923582936,2.8858088287761485,3.1440666337320793,1.7695351627360107,3.2253772423435247,1.70428408324229,2.1225726297303833,4.981842425148544,2.40902366022993,2.509999073955118,5.854129708904619,6.73383613958854,4.932725975688533,5.908612639732839,6.7847551115377325,5.186883770401124
3.627231596807523,5.559458373582338,0.8200344231554482,4.468438243964116,5.605183903441902,1.3278637553321433,2.4544017692875957,7.993832114450643,1.8779952587757467,3.686730144709431,9.13395500705766,2.2984862210008097,2.670640234487257,2.0530259370405357,15.426613686276868,3.03013810753767,2.412757658292938,18.42959700753013
3.5273528072490525,6.025015257982047,5.548317100794596,4.440984418477223,6.236669213510684,5.759017329413902,1.8484792274188255,6.8571747544382164,6.894004668687497,2.342872863166647,7.883709534936508,8.029913881380317,1.686975090083637,4.318265575787,3.278970606245377,2.0415927792706654,4.921806082357592,3.9790137365249554
5.997764067425944,5.711465423068266,1.1968307716165174,5.985082235519816,5.688710139314772,1.6883420866396226,7.31970046218857,3.2977426319041507,1.886383182569769,8.273915523389626,3.7800409985393157,2.4358617447635873,3.0110759757116683,2.057503874282377,5.921942576421717,3.5499384230502806,2.4818339115734322,5.918789917051105
1.9617961829004398,4.920359630765591,1.632105198231442,2.3473675179255524,5.400136114654706,2.3505851119932997,1.9955987733030076,6.0247506064659975,2.0805760529951196,2.6670113417441996,6.506866821666868,3.1057690976138095,1.7233267206621092,1.3399099312814542,2.0416445258833167,2.354073024785471,1.7055769733390946,3.501173034685232
5.364872382424055,2.6066055023953374,3.4445793969192193,6.0523913360686805,3.1157094369964944,4.362285322915584,4.711392038262072,3.503122454280944,5.923476785313087,6.718177827040121,3.664710870685797,5.932888413739265,4.88695050539453,2.429216808501836,2.651735199153634,4.901801719260616,3.1603631232342217,2.8045675417875153
4.113483200961038,4.010298801491501,2.19618776850583,5.125780020751762,4.339308575446268,2.414510328000371,3.9182133053111534,9.126981663635798,2.667159388679974,3.9337886913620013,9.986950367544365,2.607348975273569,1.843001348408202,7.036429170423712,2.9468328855947106,2.108798820072325,7.085224804828977,3.623678001308055
2.582500593649597,3.627111239177784,5.556002780488421,3.66722628445926,4.296201465536428,5.965331014685934,2.170529112601802,3.7529705760392,3.096933100511826,2.9090879269571004,4.035454294664148,3.222799263135111,5.628617960298971,8.037105816121773,2.510919559202277,5.956135197607412,8.874578124552643,2.9879638708850234
4.655392976823098,4.077609591433029,2.110333462376307,4.808292196205539,4.191058004878995,2.121584697580617,1.1325756377328817,7.34068706854661,3.1135241523177863,2.515767150596052,7.464456097906769,3.4262390597905896,3.415263557175488,2.8378739084511007,3.7310639872818805,4.105955426581351,4.30775433528645,3.9926901109918265
3.5182765268991836,2.1571062869065023,2.5292697706797886,4.399345386102359,2.7697058200738263,2.9905512726891055,2.3762110390206286,1.8120534015751018,3.6986376910751404,2.9193641373776633,3.2578842910637045,3.6167531696368957,1.5392099631455118,1.470635071379836,3.6070497391101606,1.6836925290881588,2.0207991547350574,4.395981398880796
2.2734361446515603,4.82845404999738,4.045884349930187,2.7089067368697988,5.7187174237021265,5.094927126100533,1.3018821515285801,4.7594174855432945,2.7921728084723325,2.1129181243221247,5.135705034874029,4.038567839663239,1.3114844169598774,3.3839594889193076,2.81322583976835,1.9296394109723949,4.375985505046041,3.737581283227813
3.428709824912636,0.9035958214819478,0.7703744793299212,3.5283161050286584,1.9068538079004553,1.453271646594225,3.84111827923241,1.5631379721843417,1.2231219348398932,3.9806703752046535,2.3883928805180012,1.8290087066636982,3.7847908462783826,3.5582254462935206,2.547294354773938,4.0915703617692465,3.5151381388702703,2.9132803186024816
2.955827536037574,2.2458381809131858,2.4741700239674556,3.392232535471171,2.678474788444968,3.691007042790372,4.169682550160102,4.783334437283239,1.6858053698043032,4.871662298603923,5.118731721308979,2.56634403101303,2.934587865397076,2.933585384311216,4.617023787123467,3.8648095110369267,2.870988395845796,5.2252129351083525
1.3046921112286536,1.7435319333015558,2.337790665066318,1.7350098167404426,2.586327456070416,3.1858132196682427,1.344425945586771,3.875561384512187,6.181403290371893,1.4830006729491343,4.853102580273158,6.6164678007243465,3.5718689991608863,2.9672478901156483,3.305813976858776,3.9369294748215355,3.4424781329089615,3.313651299813206
1.5596082337831922,3.399961892233161,2.713241713919125,2.568496297043301,3.5143548769044206,2.9071295622093465,2.732106108337698,3.2522973469804506,2.9918690536149004,3.628636878869666,4.000578680383973,3.3349797681573388,1.930547732545105,4.055571794294944,3.6889986815917974,2.673449787028393,5.025738996390647,3.8644333573015563
4.556280695071363,1.7546538125142699,1.3200199836747002,6.719348265131948,2.3717940688431884,2.352503859089532,2.5746103671017737,2.125515258391323,1.8223332299866235,3.877581674004327,2.907679065920251,2.861945049856809,3.840851685722832,5.759223876282455,3.115352382423596,4.330231787743033,6.31788493761358,4.014823356111634
2.0029871666203167,2.4740251360736485,2.9976635539484193,2.5479876238955708,3.0569003539676682,4.257011351359301,3.0136630447232653,3.185223790766198,4.110050495589583,3.533790085597614,3.823299019695047,4.693609185094521,1.7082778885929488,4.898779651904637,8.186417033104465,2.5154084265690795,6.390976187653916,8.835087197812376
3.9554189050104753,2.089343973750495,8.917290327942897,4.189984434719102,2.5777520976329003,9.310373603185067,3.5545726680315384,2.6025160784609676,11.944977472821677,3.520573195037415,2.811582901523315,12.542267687190234,3.289753585374652,1.891326885318909,2.410324948497174,4.616491515412238,2.4217261852208183,2.8453428259624327
2.452314923236023,4.575000997522222,1.6662780381025455,2.9451758625744233,5.753022258125651,2.4694329822717744,3.444536218856002,6.718324282984324,2.06363335642293,4.454657040198697,7.7365263784727425,2.5401359974366646,3.9341473586067575,3.9172914841501774,2.6098796434505456,4.577767043806423,4.643743022369007,3.6170495182208073
2.025074205606814,2.347657059278967,1.6221290662722987,2.554415369307317,3.286909391974912,2.241200832053914,2.390505799029645,3.3407130313400426,1.238115119200032,4.0980538940977835,4.112594458906952,1.7024180024733295,2.8768675133689863,4.7267900815381445,5.561728180951876,3.0997211675155305,5.266553460687945,5.531863589770921
8.994009829584602,2.2993877793597535,2.04738126727713,9.256740337719085,3.1620911406198533,2.8617398701685,6.3951411730829335,3.4753912293745293,4.057502537772373,7.600872184047579,4.6118856478673536,4.154269077626271,5.368461675419708,3.3719831172185244,2.40469118653499,5.433069074723173,4.443181261688761,3.1785495591244755
4.202839368767555,5.947045971076289,3.69331594717362,5.180489694452212,5.898531926458113,3.7839380534190354,4.048594049606945,9.024797572036494,4.370579181029934,5.247814042858476,9.48929380834368,4.816501148495616,3.013584142003156,1.9377797436295316,1.969557355425649,3.60776880722861,2.371120424332732,2.2271850043099026
3.291672603017844,3.64326380543741,1.433796711368768,4.100705779516782,3.6696421886276807,2.5614070202542134,7.389117914045329,4.725195891710031,0.8652116783120313,7.517232918916272,5.096027730618856,2.1865306146024692,1.8602136540973429,4.2987529473767125,8.838850464125063,2.1994320903945392,4.651470263446551,9.466647471282476
4.73837204722978,2.501087587298189,2.2166299005038548,5.118954123723488,3.78363007949442,3.7871902967847024,1.375970451025336,4.461552259030602,1.91701999015426,1.46533974779908,5.318540900404245,2.7898978592450496,2.312971897099632,6.367603225416263,3.470881814404383,3.0665865285878593,6.529133016973797,3.6868469986031895
1.8397888750367402,4.684912097079461,5.466585557868185,2.4756650971540672,4.687558964760569,6.188429161321178,4.027877424921745,4.357517784001406,3.5200843153177037,4.141423444838646,4.621874614423587,4.051302643200987,4.311485068889294,2.371556643721219,3.837651686874457,4.551166032821564,2.7649082688706494,4.327292309730609
5.291117974342416,1.723096599661587,5.225432354570017,5.341775022468057,1.8142404891457808,5.75049009986777,3.790638855334775,3.165710199249273,4.751038994809279,4.392449595908694,3.1231304349884796,5.3385513135131655,2.6542988101040343,15.226720024083308,2.134151059875087,3.5703604966343474,16.484847961101917,2.8545630885880464
4.752552648192286,2.4430521574498316,1.167280380618861,6.416187639038209,2.966144281900257,2.0282331706986367,3.418468902502995,4.339007524124777,1.6166583008800959,5.267048019031487,4.863706543332808,2.42953438033753,1.5475971805322895,1.3339705446399306,3.4375561170530435,2.3929037715829433,2.534994812443127,3.7716938699591065
3.4634581546580177,11.105415453907586,1.3465762354685924,3.7269498274682893,11.714875163403626,2.1002294470005514,4.814913670188447,10.616927594664046,2.4363800273631653,5.518713471320089,10.846129595419928,2.934179873793749,5.358910874230376,2.330312456132287,1.7642451506906116,6.403205179040361,3.271372810473503,2.7206616852099748
2.101767392905245,4.157445208702549,1.4985832005896844,2.850238330961218,4.971353749983822,2.378464174256203,2.597199366379434,4.705782688733872,2.9870126257182,2.8454152075783656,5.347570273229013,3.8072495550258965,3.428611865589406,4.4442503526248185,3.632363176580846,3.5390362704115956,4.674577094655466,3.898321940809442
3.3553735971119485,5.138666468097799,1.7932883246914795,3.5690333026206367,5.143376714248206,2.603350201121122,2.622110312412279,5.897560535519433,3.295153778619764,2.784604724392637,6.218388770734423,3.4736451722936805,1.6649073259529488,2.0371703452037218,2.802969688997675,1.9363718402428582,2.6181683012511465,2.9348512387577954
1.704958209001745,5.553111706538696,7.292471761627612,2.135743012975489,5.955728479550035,7.899365876209772,2.2716045769617668,2.85841650506928,2.4801382317381524,2.9426293850846386,3.5702983647058577,2.8827178179451005,1.856713950311571,4.680407524107886,7.199888815630208,2.1754713209246184,5.029392893358453,9.332076436026034
2.5996412807405673,3.204632563728649,2.481198370597067,3.7684579508793297,3.6524556934314085,3.1698891257044477,3.7559132640338455,9.552239022494945,4.806543563118787,5.623262079425474,10.05030732727076,5.2056975682133695,2.9811430975176845,1.665843589813906,1.555113852454975,3.8419188374190147,2.131440493094491,2.2659953080529007
2.6931787017843485,5.04247321518374,4.4320556728594145,2.8108393085593475,7.248498086914073,5.330639911577322,3.2619159182245,8.08366291143506,1.905295283780838,3.7163310199102235,9.348945153277068,2.6173459957154734,4.467751062945432,2.4643463303244197,2.3782189913204563,4.764320252382165,2.625666967240959,2.8808374936544987
2.791713341604019,4.578631101881625,2.7723842309640405,3.231449836927226,5.529300500502503,3.9374543929535357,6.729544785075233,5.856846947879229,1.9022670143658607,7.937022330163141,6.06032726447645,2.6719549033508394,4.764206442060408,4.854504835487029,2.2155439621081867,5.9860372421646195,5.9632327610949,2.6379018086759385
1.2717726893322907,5.369040608862821,1.5890001173319412,2.0795032907610147,5.641713779387015,2.2535465950804285,2.225650667791084,3.30269261817292,2.6249690623358855,2.718866302964931,4.519968794844226,3.025275957609563,1.9853376304536214,4.983729263268093,0.9689273729055994,2.3242521904238704,7.061254855194677,1.638194760432352
3.092829310675428,1.2351093780828364,6.3044672694689154,3.427426403440362,1.7928241168467318,7.0306870178798455,3.121074288189082,2.489630776121587,4.109403853867018,3.569782854811502,2.5689413399268206,4.6564756920051975,11.953051142805192,2.6671816929790806,3.7505938440983226,13.560815658822884,3.4457230394080853,4.5090070186767495
2.6940435549744013,1.919511506247802,7.38205246776722,3.302518785362709,3.32017075963868,8.374318319327436,2.026791319867192,2.18809543754056,9.177492807543524,3.5995100373117865,3.6543916195226323,10.296116401472934,2.6225513716807605,2.997092175560014,3.3134283626018854,2.9628358800513213,3.8070151569291224,4.636638095947457
1.3030754283955217,1.3327058312426612,3.390651111015414,2.225391241250485,1.9488585338133648,3.983600025594934,1.756558011771586,0.7677657758431361,3.453980900371728,2.5863121248327947,1.1665628524083143,3.892417782204073,4.902981593490637,2.6160809488404335,4.985121769115787,4.932959988489554,2.9690463295388105,5.349718838924419
2.482660008477127,6.561401431441698,1.5376289447581253,3.2690571505005788,6.740222786655809,3.5603596961584842,1.765480247941041,4.204165630977572,1.1454324977759875,2.5773984943367534,4.445321937143501,3.0954389710115655,2.5827861952376585,3.5493715493129887,0.5205617969308015,3.3284583774552887,4.032062510846996,1.4564341429530316
2.726583377865476,4.962602834384703,3.5101598913525387,2.8539733453259215,5.936413639557332,3.8410496879435034,3.137939345673905,3.672570828286148,3.635361197363587,3.4838970347523204,5.507859094433431,3.9950905205118126,2.3547414819954895,1.1442913259472436,2.990064672930877,2.814423752419502,1.3501279686861531,3.731187859640682
3.904652819365356,3.814384130449972,2.9879648331603272,4.502164671361084,4.880387217248741,3.561708104828801,5.956017514813696,3.58920152987066,3.9426376302745227,6.168797353277893,3.984892728496774,4.310177786128878,2.8622604667591274,2.3621077678115734,3.8989345209413626,3.390728163875989,2.7051925817387965,4.313036135331356
1.373097024032935,4.5093437687720614,1.9662656580853421,1.9651460855580911,6.024487141115924,2.202765420950712,1.7663784868270664,2.128697715932489,2.5801664542445275,2.311776569229719,3.4221875199141154,3.716729337398669,4.17749163316933,3.7696250086581973,3.333670293460019,4.480732023265274,3.883193431301306,3.5312723751947326
2.1248258114296084,3.281818173346274,3.2862420696002825,2.4614005958710963,3.993048202341036,3.552427363936057,3.1547415022919156,2.8174922377738634,5.499069932043131,3.0872291139278167,3.184927334289125,5.961330463772666,2.4389382657088787,3.500780980951781,1.6803304159285786,2.330554529010928,3.4881323565567395,2.0596812881868116
3.545976225318728,2.172457247547273,1.2875797594229588,4.574577221367768,2.3326402552054093,2.1291950556268744,2.365439361101907,8.230105584280256,3.076598449207224,2.8655743445644912,9.055463294453427,3.647741602199084,2.404835614476303,1.9997075440984098,3.711889404980023,3.452966997756686,2.3169581003942237,4.335113688977476
0.8845763682082194,10.748422828696363,3.856731777073428,1.2668179449515908,11.529665282845924,4.433970794789334,1.7338072340255837,5.409373671755571,4.371675846494032,1.9431982456103025,6.41551092588868,4.951532607852921,3.9422859791282945,2.733248123709343,1.1105239581950943,4.441790551119297,3.159781268565295,2.4313124061814753
4.088496968124496,3.7037729976831906,5.311753028638668,4.755930301152709,3.84752609571093,5.957473811700216,2.6061538493985745,2.7111602753004562,5.468200096799603,3.7163653117463267,2.853107002468023,5.584579560831965,4.041861500330371,2.9882119691662115,7.04142910578644,5.208824985848795,3.0408734991096944,8.382859732347965
2.805521012585663,3.2415038533356304,1.7719547673009408,2.8500566271720125,3.8434527011999586,2.0640495544357114,4.35049858817926,2.725197801514058,2.2686540754661677,4.719971748135785,2.9262488904884965,2.7111549832848936,5.879992871472338,5.228650012816611,1.736086106566036,6.278565224075746,5.676779798873545,2.7441476715791357
2.26634367839618,1.5952077965749618,5.3489068248246125,2.643266078375586,2.4699973286023074,6.545550821070925,2.5569074705178623,1.5012172987736396,4.618159309980053,3.1670501990271323,2.186150222782946,5.070385842498369,3.1975764896670884,2.2124060795234617,3.781829385541567,3.972194278927158,2.570560131029071,4.027663837406176
3.4987399666974675,2.9062629312977055,1.7879873735030047,5.117699040881384,3.4744915420319646,2.3261799106412355,3.374143174575489,3.3073207445248434,4.360930471463668,5.219518001732754,3.9699147280879696,5.72788520791596,2.371201142090048,8.51970854079283,6.634715324830525,3.2641873839384923,9.254544264520234,6.860890314593686
2.649467814401377,2.7613596168238095,2.2687927900314713,3.809574992810857,3.310239688924451,3.2082987122364437,3.7297205458496085,3.5322716456948466,2.1994421457134385,5.11660845645462,3.4414770689841023,2.3781671251546443,2.4541153222660306,3.3163602806758017,1.6663153803922792,2.779738917236941,3.6314356610401863,2.279109379298561
2.7272032720444916,2.902790639529888,1.0640442589726296,2.9714858793094248,3.222226440824589,2.0246019147345145,2.31265662937717,5.480808267404583,1.7835702895755101,2.578051389717452,5.9744335742680725,2.1722950980152897,4.095672470400372,2.4792303611114948,5.657066133275377,4.22398677780217,3.164551411162203,6.305829488991891
4.042442572312291,4.595940439506294,2.0849387044162953,5.2600125304288206,5.579646999913928,2.6276245284517574,2.6858904845045695,5.019977610566432,1.247972501874779,3.432127074165194,5.058561238169064,1.9933787422954228,2.9715636341979517,3.1018024953302787,1.6651398186216388,2.9526189012499655,4.640289670460136,1.8771555582541288
5.542994601346248,3.4791590862934827,4.3449655138989165,8.367638044235164,4.745707979047498,4.350594143347082,4.519826904758381,2.865359546748382,8.268373118784575,5.434153092155052,3.7377771808193203,8.562674734678525,3.7002109272358443,7.165195049193571,3.562937217350182,4.564520475875158,8.120103006212565,4.630422131031881
2.2154268737514338,3.6777432794160134,2.90906799739127,2.4729531157028215,3.721025305461045,3.3476741652584243,3.3068239530412202,5.532090253361496,1.8436972686148398,3.6651900253320733,5.667013395577209,2.4884562223017066,5.270984776808327,3.5110577798142444,2.867046680350933,5.793357404768264,4.153234925149394,2.9798803942499252
2.4218167069231447,2.415022969677788,1.7248959171301874,3.095341565411647,2.8466872101014613,1.9279723378145261,3.2193108915188966,1.7472278426086665,3.1940961888902293,4.214719180524297,2.0794301082554685,3.099320668993178,3.3317771472151434,1.3788591899405562,2.66453484499045,3.8049571401074442,1.939269590213932,2.801978938545892
1.5177094743817507,1.2524094624911046,0.9735842055586135,1.9069514507088126,1.8536119127586557,2.3330555385565512,3.455513712080332,2.692485141917805,0.8900672682387902,3.589904085089247,3.2920478933693946,1.9601695397825112,4.881943690639936,2.3917938410928645,5.7330105959173405,4.827067359859708,3.162532910723472,7.595884952309465
2.209610725692136,1.4742334350963318,4.08012382426238,2.6159719843433633,1.9978752400403461,4.656915866321943,3.755314103130134,2.3078784173009934,5.767781371568353,4.061434011817681,2.801145021532039,5.77502541708342,3.906150500837539,2.2330090112981797,2.538500934467696,4.554233646807818,2.971358335527435,2.6211930011230775
4.793597679340559,1.7076112255296725,2.6388785844560716,4.963641525254258,2.0458958283792414,3.2516557973768294,2.3330208090797386,1.9639027827835474,3.2513911722463806,2.55730001232145,2.726515065034432,3.7761963938776533,1.3638971051364188,2.029230930182983,4.677930425968842,1.7446105337106792,2.2437636734193735,5.542270330992019
1.9309250858769875,2.6748707221020687,1.7869917791536465,2.726873338437669,3.4998721116233833,3.3075540156702803,2.2836794390212205,4.292317784358962,2.244440020051919,2.6404406883454077,5.126043559610276,3.181540522982192,2.854538446943998,2.8308290981551303,17.36716754494435,4.034577318820989,3.106196736797713,19.69194513862301
5.157782206556899,2.2871473257360493,2.2880187544302864,5.5048387474613465,2.755980679924997,2.3620422392990625,4.131890658337858,2.7198602253162187,2.4262645596562478,4.172627001086115,3.128226030189043,2.8119042926532973,3.817821656678256,2.1230170234516397,4.086183061577212,5.2625303108226404,2.0567337023210928,4.640640485019589
4.515710543701807,1.377173113857511,1.7079199130527158,4.996465791093148,1.6368946753652986,2.8624377899623283,4.478132187919129,2.1963321519039587,8.742816733292353,4.809970117262346,2.7517545274946995,8.922573235610438,2.0514738768259058,5.034673439620894,4.014717757554904,2.947555013192079,5.039004394755607,4.4443710835242305
4.034889475416717,2.6768895335608134,2.376011748410956,4.8906621231385135,3.353876470320297,2.740450876332553,3.4213619668415762,3.072529563326362,2.704347981417593,4.180348343843898,3.486804117789263,2.813742199016767,5.769474476285225,3.3892894875584165,3.5961518945894957,6.931104084300115,3.4964681728207068,4.0790397670321
1.4868125483052312,5.796475641443473,3.5773252037736265,2.317661684542333,6.366998168320101,4.122204431478416,1.8895320335716774,4.401205201680924,2.4180658763942278,2.3916552256593944,4.862174677086179,2.815647942313668,6.217818500737335,2.708536551401126,5.11699220741029,8.332734103092413,3.5114877589669895,6.644952677166836
2.7282808849888975,6.13846116919194,3.1691386718099004,2.8675158752521535,6.76842289850158,3.6131191044612514,4.089446299993813,6.194915836844803,3.512130909709644,4.206897297098447,6.825536848826852,3.883691909036675,2.5180003849299495,3.4733622312168815,1.5942592295231777,2.911804216807425,3.6575576825884704,2.4435577333769176
6.2872594853424015,2.4709044055545766,2.5594547982058935,6.566625672422695,2.6359880704911194,3.073873059274917,5.673282493296577,3.7506523970950423,3.0565940388736,5.944367696181005,3.73888546538671,3.694027575377623,9.727770362036743,10.736827204482204,1.1090583447439435,10.074912782092154,10.801654776963355,1.3994945812275774
4.371069387147968,0.961163215835863,3.9605285712996507,4.609847475491551,1.65989160749588,4.795927343054482,3.483109634565333,1.7693802506828453,6.069412376855194,3.642628574508037,2.1543217537413084,7.82214856242025,3.511061124303122,4.244393903335756,1.925908355504959,5.390727302201029,4.166496104724712,2.8134445086858233
3.2089040710764474,3.433520689568214,6.496205828229072,3.969121072264877,3.6946729688541096,6.564589716849019,3.621763107171253,4.793556256115068,3.124902755978002,3.890369132706536,5.1809547842913535,3.5751524284214273,2.5054115910916424,6.291612341315932,7.158601401503605,2.691277605951519,7.677550474061105,7.816675379430345
4.289747133485673,3.1561750766887737,1.2473477026056579,4.561439242080059,4.228101677501936,2.369201187309959,4.573361838146266,2.3188998146482733,2.618925062513902,4.864467172703332,3.647972081296649,3.2656728675761437,3.688671463421394,4.551795869371224,5.924052087654345,4.341235342396786,4.564808270413896,6.403982943908132
2.419760074188593,9.53764948671001,4.459847045027912,2.5720085543229967,10.142534081671641,4.594484680770649,3.510053156437768,11.945367902039266,3.6680905487823585,3.8538252522920833,14.608757791792392,3.909942159020752,3.4179629107894645,3.149086649516198,3.032029146851125,3.51877325739865,3.910250949483076,3.110548317952904
1.9572131360644034,5.164869525134133,3.7170635369960148,2.5985561697808577,5.642827828607205,4.800214471171464,2.011827009125966,8.664704706060384,3.745931677135607,2.649229739745511,9.099912162025417,4.394067615324539,3.6316766917767533,7.093335570786365,1.3901150602036052,4.994172363562291,7.1227946109448625,2.3054185889144145
1.1711910426900802,3.822378628260558,3.41559189534011,1.8824742814929056,4.236146376553953,3.870151794966408,0.7407424879962415,1.6357738210253974,3.105630569820963,0.9547031866817147,2.66912733850474,3.6239564187657374,5.67111180741996,2.073328139612195,2.2085823551898325,5.830491212526361,3.2877673637246736,2.9155762305440818
4.496007720324848,1.972916280034707,2.507700813927427,5.15663684977376,2.7734102726086767,3.0710129114451123,3.408478920208782,4.866863645396507,4.228905262986053,3.9099367666415925,5.192992416111782,4.59385978575853,1.2384631862449573,3.652891334875733,2.268414779496667,1.4124861172946328,5.410134650210137,3.1105751096938565
3.2555289817818545,4.297409484219267,0.9664697410401221,3.7305691000148107,4.969629164992431,1.4478969111160784,2.262762615618727,4.205377259099669,1.3928126832935455,2.641985256201754,4.980331934056337,2.1220834976536183,4.075235682342039,3.0795463118908026,3.0372779668173635,4.076347103618112,3.9110148205792323,3.0888703753802176
1.8220009384597446,3.5782041479804785,4.163507066155062,2.3220122599464634,4.2104820827297145,4.134363680299946,3.5440583440625852,3.880025927707262,5.1846727134662585,4.259083538333865,4.990356294901083,5.3909841082383,3.083300111146689,3.818634160042679,3.14198275479307,3.9483030259777996,4.350568383876491,3.1420016984809678
3.2756387089633523,4.834840031243382,2.250051299633951,3.1865648558260085,5.4779378993618995,3.275387474377575,3.5846503482581364,6.003369766063976,1.3753455739554756,4.248382924751116,6.931099413242552,2.265703016190388,4.223265163170741,1.983077784444114,3.1792370268609593,4.209800096520895,2.4006149840956748,4.120123723067147
1.8688834611354632,2.726090174909601,1.5915849769213213,2.620797251516388,2.7576459394333224,2.299800137055552,1.4117706714927332,3.3906321690736902,1.6367271102895362,1.9742131960963616,3.9644470788899424,2.453381177600955,3.2290325120891583,3.727276702487328,6.78401852834464,3.5441902506414444,4.071684564850567,7.599121392451777
5.830932437060389,0.7203285094702326,8.746672901114893,6.274673143947283,1.2689093054767435,8.894706129706094,7.7277483040709605,0.7844716712196184,10.670403119661774,8.005062283889343,1.704459615202429,11.600864751850041,4.877449139808452,3.6104889727746916,4.492551317381357,5.571614957859719,3.815116799532446,4.610449155678829
1.7927067697567163,3.9474347668573198,1.3059361325428915,2.8266782039967833,4.603083860632249,2.458788606255665,3.2310858477685565,2.9129870693815136,1.4590290210208336,4.186499303284052,3.341469277092085,2.5463872769364464,1.526306628717457,3.3081564178910954,2.4014701343195264,2.5165150672121044,3.456305081813726,2.739154396161874
1.284003259567183,3.510312625198931,2.0707011874037398,1.2793954460395462,5.554942927615314,2.908706924068802,1.7385753259397356,2.8035665586265996,1.550735625960711,1.8713303351992503,3.2074748852423203,2.1927638576092807,3.2469594023495802,1.9254782616078832,7.5166114347164825,3.7418760022552,2.368981954448356,8.176684507397312
3.802585587060645,2.2626183864459954,2.01885955977049,4.126557872298761,2.867467450024619,2.3371561577299924,4.417521934967941,1.473895722602929,4.853938438482747,5.171469092647198,2.0512810421469294,5.037589670765073,1.9973974254815754,2.4875501760976775,1.5978878032581454,2.1879334666681918,2.724026762787375,2.361611101755006
5.715596963623774,1.7665787204302024,3.4714108964864567,5.812711016907104,2.521754453876081,3.7668204400027063,5.266712516362537,4.123856288964748,4.877662463825565,5.4269209691900455,4.500911800215684,5.858208139812498,1.5929982113205667,6.113923863095635,1.6671314080299728,2.0029992238989864,6.233909027925063,2.3587833668242992
6.160155902288903,1.8546254792568233,4.5784046843642745,6.613742695563657,2.888997717853922,4.894567930881651,3.6850485718695793,1.0030195459702214,5.211193148706122,3.8535476214644704,1.7222827392866031,7.103453815500733,7.390107248760661,1.2364839890463544,13.924656519122356,8.115843453448607,1.678328139242988,15.028776662839581
2.002019047057899,2.592228800384707,1.3516485120786887,3.265549652090506,3.1381825085808277,1.7875156126783511,2.5333884439536876,4.474481186443467,3.3000437591704492,3.835139931908216,4.488387833058217,3.7797469830731836,6.374064167826617,2.9299166286591736,2.964017155822409,6.456736107244248,3.2249311506242866,4.09722811488514
5.818124820271024,4.054886112397664,2.53949267230465,5.804576404623925,4.657589203292627,3.8053441564973323,6.987590034471025,4.87913822006775,1.6592942878485524,7.197497900369837,5.003915698809142,2.5221310985104317,4.977743526589629,5.318194132308911,5.444470538947187,5.020729159707241,6.71590951163359,5.523014779340007
1.493316921121479,2.7593741500251485,1.7965358669033242,2.120067617030251,3.61364503051006,2.464373015941502,3.645107369971782,2.8817446969774454,3.3846311200096943,3.758823751628548,3.2008815827160677,4.252510340049417,2.8418214135678355,2.8299393591177338,1.4659206965759028,3.045504569423436,3.505744557130363,2.564547743418792
4.4393574319653135,2.6556089981065862,1.9862224839292504,4.429994656127028,3.2292132743073734,2.6558918938162757,5.790001664792773,2.067387644999599,2.6507936137067962,5.8344033947014315,3.0609914799125857,3.449744280748552,0.7599991273516209,6.328641554660726,5.136024408707619,2.410646518432423,7.031970204440463,5.530054028154028
4.882553662838089,2.5771611572565436,3.333468384932029,4.996608578706904,3.049148873686508,3.4317533075549047,4.816825288609823,2.669475817877998,4.314992201184309,5.38366599409354,3.5143440971415054,4.583140039746515,2.5042291674555894,8.10939198619603,2.4413765681632484,2.7998197349206193,8.164547301238187,3.070216564901797
4.126772838160146,1.9532359310246559,2.576874234282278,4.610217608050966,2.3794388948499234,3.507761458022419,4.1205763702334535,1.5544611345392723,3.197695812436056,4.522772657359632,1.8056464922327065,3.3321778700171922,3.412817986609545,0.6685279692720992,4.545462569134352,5.20173498144704,1.442627495429957,4.520223325495493
1.838130521567758,2.081777110382457,2.310107467299669,2.7363439618945664,2.8037786176671755,2.3629285055624702,1.3480713209063866,4.342355997078514,1.4367299129237558,1.9182638748409706,4.347079622409601,2.1637913009378296,2.4989078806400644,3.359595414105035,3.8706358080499537,3.09205110700596,4.659078533238999,3.9124020780796833
3.7100390750656205,3.4380482126499183,2.8904658369134077,4.881095212302025,3.444565467187103,3.6425283244499362,3.0059689739879007,3.9432598446238543,1.1100884603627812,3.464009771663365,4.459374005401891,1.9640083849621879,2.2015396649891326,4.595763961792835,3.1362717827593647,3.245685036395687,5.832907233365454,3.364367035964294
2.8867374686524365,2.7162419479344075,1.3938118191242304,3.937543368461012,3.042146332824967,1.9226572222120957,1.286800656016705,3.409886386776514,1.8864922076208321,1.825413154722182,3.435164782031987,2.2872855177142863,6.366726016575193,1.7289874836002226,1.706426154727089,7.129724541021567,2.1711268978916682,2.14809744521613
5.336764429829268,2.5265349301747633,1.46109632532927,6.326391044350282,2.907414943721941,2.143162759918448,4.598074418501775,6.6772615404532,1.992324936907782,5.746779424020932,7.046897235621673,2.133013856107503,2.7975034989836245,5.2508973640812275,7.356076376795316,2.739876951394842,5.591340937705287,7.789290627015924
2.500515571661644,1.735024840865823,2.032465596720322,3.1679209172515073,2.393786508587936,2.1750202504646223,4.524361792380868,1.7770638418663758,1.3927050804134002,5.30191277133408,2.8014086724897345,2.571818456152747,2.085710204259191,7.96721068066311,2.0487543831753725,3.4898673289150923,10.361864630339685,2.2253901943334977
2.341255380017609,3.3945015963368976,3.873832716168426,2.9885371787185107,4.202383137771721,4.852704927166888,3.582857205327742,6.784349857309962,4.986544104118519,4.44773512186465,6.921682860518543,5.496371535318395,4.0577273571811086,1.3136536877153941,1.8284812031248672,4.836344614930494,2.0930656631523705,2.0497650234979354
3.865496847950818,2.536532249652627,4.246516429949403,4.568697775918107,2.92614005277321,4.826173668789928,6.076166367918386,3.931177160649426,3.1609084753043772,6.467880847287186,4.572132571537783,3.8258612656947815,5.695543910291853,4.156601489372614,3.2836477473030516,6.076798789855466,4.212672946648978,4.078319882468547
4.678254626743921,4.8182607679073035,6.486601167452253,5.398498249921115,5.0215787275682535,7.058981176602063,3.5227307193359945,2.4489367965936095,5.182298609808064,3.8168463101342534,2.8516381074414183,5.647671655158023,3.8633065649115412,4.938851744503221,2.3365276738644307,4.237392114308005,4.937106591939059,2.721662075825408
1.1086728290088517,2.8370210605455473,2.5901745860983265,1.5217587231498526,3.9080428840886263,3.1529697419534592,2.2569596719839478,2.4720070678910377,2.3279519693865933,2.750704102351023,2.5690368211111396,2.784073333148546,3.993652034984168,3.563292193318608,3.495164106581335,4.126045113353403,4.267486572274199,3.7265493114959427
4.539569694313838,2.76194885061618,2.4217870303002047,4.550090255088709,4.087372480917318,2.848271788374915,2.9311490799325797,3.1750254419548276,1.834039692615867,3.0304404157344957,3.66665973326421,2.482070141177494,2.928991636678501,3.0126922122199304,1.7516666596993111,3.0835393455678695,3.227915587141607,2.7698278190670154
2.8380929941374275,1.8529693088317472,3.987139925915427,3.900843014842626,2.2020464975751595,4.247645318228224,2.788133258741854,3.154644702263149,6.214608508673525,3.6218929400895523,3.5543099462151733,7.475024580033567,13.792645052709325,2.539125642432982,4.969691373689327,15.450785808029138,3.322938564706996,5.282950296519463
4.142614059289165,2.4699589437011054,1.4280970894935603,4.120812576592201,2.553362913733159,2.3915897806333577,2.7819242677454077,2.4335292328232683,1.2253147674368678,3.3138454619901725,2.6672492609425698,1.929492675177951,4.528423505985493,4.295606880314656,6.798217743234834,5.37330212000102,4.35568964875171,7.1346947233933475
2.610132992095007,2.639813045820398,2.11173361698702,3.0546540389489896,3.760800528498272,2.029908636194479,3.344002948878616,6.450566661838471,2.2821375903081353,4.229674448718489,7.397910428258086,2.56240825689392,2.6938204762077147,2.0491352030532197,9.677368777166253,3.092275203786007,2.774117173553121,9.902754494321407
2.227822434665222,3.7022148792616902,2.223622224455534,2.9816348774498453,4.886774763523496,2.5747710710289478,2.7259766526067994,3.645778927609997,2.8397398793597306,3.2227629283748302,3.916840563638125,3.454851463090711,4.555384810752469,3.1045045173102626,2.6497411358919964,4.891196360149106,3.5955941209875695,3.2803416187214696
1.961750540549999,1.7775556060156237,2.3747635502851443,3.0428510175689687,2.3860332247473326,3.0639844770868474,2.6253795618215086,1.346864379204174,4.2340234353472255,3.4317292872479164,1.8204071860225821,4.708673803700116,3.9259883230653934,2.1194252396726396,3.946183925028698,4.939296407787898,2.9993278259759797,5.1025754271893895
2.1656779365276826,4.598741903559476,3.55195165539469,2.784224721636773,4.8344039949947275,3.861066535359125,1.6782179844451248,6.4481883468585615,6.245420113996326,2.7840746134756778,6.689336158832216,6.371736869041169,6.2089189781536085,7.188356736179999,14.825137547423271,7.78615906588657,7.165029264062009,15.185537041795856
1.5323149928776816,3.394646419636149,1.2347390788930528,2.9502042782995757,4.007989724191775,1.8850910871537827,3.345965038889431,4.52586347154752,2.54321790539061,3.820978632261501,5.209640372104194,3.1364310508119013,3.0944098615943427,3.5515975449459174,3.8737573047699407,3.474495671942524,3.8482362175109195,4.084834883201356
2.45795670144225,1.2765539102346555,1.939334730042736,3.1376012493029495,1.5091317896377634,2.069486177728724,3.402477115843765,1.7370145681738796,2.3445629502753844,3.6395142992788445,2.189435203226098,2.903538129704136,4.023253886714505,2.5767713408663133,0.9412456086532073,4.1392735725756316,2.9900061935408955,1.7925886911778082
3.4743802308610947,3.0118968748810078,1.6936405484036416,4.301868050734516,3.122195305688344,2.110300935070811,6.576478603509385,5.890051644555026,2.7202168782085057,6.596203757820694,8.414149158388364,2.8793765676327534,5.617209946235315,2.834267426437041,3.969079203973875,6.589190680801396,3.3628062502033753,4.3785925897688776
3.9759616348474265,2.259832343522724,6.900199853025048,3.937956465590781,2.4548505112711365,7.305786858572172,3.666826249537801,2.3762561523006447,6.350548409341576,3.658756068517375,3.166880302048823,6.485196064389482,3.6994262295973557,1.9843913450012276,3.0444420052095067,3.64742982914734,2.878590777309713,3.405105034894251
2.823214794055523,1.3621729219140324,0.9146696017731009,3.398227317417615,2.0231506210052257,1.878212930335496,3.5210694500801214,2.0094238972087384,0.6551417978152722,4.518804828274202,2.509492612686236,1.4949680206488736,4.400011558229563,1.2438680982332886,2.025775803371412,4.86570295551889,2.2676252365419667,3.3543986237449257
1.3024299933399044,3.4270759193061626,2.0559481797117827,1.8287482455955768,3.5472994162864815,3.2101235370171826,2.747778462197065,3.90905243152256,1.841561901928579,3.3548594284280555,4.501980991672016,3.202016725002802,4.222216003421295,1.2048935261380487,1.9417888241479961,5.1186541667205905,2.6551061384841073,2.4147602407830044
2.7447056334354794,2.3341973000215503,2.8134024738579027,3.897556975202974,3.783756491271928,3.2452980908485074,2.6613060695575235,1.2752751097317252,2.5202144019410753,3.361217001747353,2.405609690889263,3.247924287910927,2.28695972877368,2.9346900819759942,1.0314148362392654,2.455374130539408,4.247504433889748,1.7135021444776528
3.93689378141816,2.8667598918176247,1.6734622945590638,4.433534828806844,3.104336405923265,2.2909637276398422,4.4179895113506875,4.6398405345258915,1.6185669876285544,4.699144265587372,5.2242271837315135,2.3685143156664252,2.8104991319208605,3.5462909222983137,1.9052216762803045,3.667503711447351,3.921456894386541,2.8684421217901357
2.134422694649395,2.32885845122029,2.3365050496312447,2.585013250386299,3.474586146323763,2.593210971629385,2.3802851259284203,0.721537123896208,5.365928244978551,2.403129360826204,1.4025793948893495,5.543989461958517,3.0050561007529724,5.178568844920611,7.783757675171642,3.9092510183281597,5.301047932354675,9.360637814320436
5.397780465660691,2.0206039560085833,4.476117274701538,5.5235086996955145,2.2429371183832685,5.38625498852451,3.8567267537873815,3.5148185211731393,2.5477723966848,3.795891229195136,3.978998777271378,3.3270373022677213,11.853624336570224,5.10751120327664,3.600300093493025,12.116458590569584,5.089784477878325,3.723362707061145
4.286822063974756,1.3248630828081185,3.776661969041577,4.763681752087839,1.7527777839538368,3.7342229180365107,3.497259282619439,2.9732026235764817,3.1098970297564628,3.8187866090300755,3.132724489195345,3.0766656410463504,4.070910800157459,2.725977547465786,3.1524391678959804,4.940474204839328,3.9696900143785245,3.567553365226784
2.5895086329765213,3.0253758260182764,7.711007422530081,3.1714014658424405,3.311346132512561,7.806103504984618,2.0156140939041585,3.138768062672525,11.06145875156381,2.2286210050951683,3.5341182172915757,12.324799365496888,2.961839888180107,3.233024191540349,2.894595633135365,3.15709189688073,3.3067407061645087,3.6862883924201735
3.0647839588592474,4.910508727035952,2.3476219419044777,3.221635130661005,5.703768412170452,3.1004151233606665,2.2619116044859395,2.7485501324135098,3.9960348959335246,2.412673361779408,3.6739676221970154,5.284903871807709,4.791736525906069,1.3361717253994108,2.154181404687744,5.214895709550022,2.6337666673859976,3.0635169067565435
3.063093882398558,2.9678455602270803,1.8678464692674681,3.7949203321910865,3.1432299948930376,2.078966636057289,1.1120886468197686,3.4312390562825508,1.2745498556180879,1.8745169172393303,3.621744016172723,2.291171003932205,3.760132426396306,2.2069897214298586,2.9004556500820833,4.242750299824867,3.1116427804222133,4.870246317795582
1.9793447418547128,3.321628139845477,2.0831881332564905,2.331071706927434,3.8995926631827316,2.5790828294551007,3.1714481685799547,7.393858910061102,2.133039176050845,3.6660198972758584,8.04976294425238,2.8099652431326354,2.458314560426655,3.8286904744135515,4.721723956756252,3.2331019328538635,4.352547912137859,4.788269326966246
4.78467660457191,1.94958754644376,2.16611898820704,4.722543665634106,3.1470233865696087,2.5158584858283204,7.468627367446223,2.2293422426340452,3.159652875427353,7.450014614506851,2.8841114541294584,3.172035264756643,2.982468815716874,3.4181008385208003,3.5551802723539345,3.623779972075803,4.119816519078939,3.902502625251674
3.3142212590642917,3.161413805685699,4.043650291928445,3.446605131041487,4.2097465057702985,4.664980487080665,4.360503006962071,2.4299071785627433,4.704888664088534,4.403408206711453,2.921935882281575,4.813362082431637,5.283264664537387,3.280621561095056,0.9989680229806691,6.402241479224956,4.228159097369646,2.0542229071740374
2.0258963235459877,5.575961227982234,3.0794148275122954,2.672050615896913,6.4053213719037,4.575110525700586,3.7602869126165577,5.9455771580542685,0.9409799778806647,4.574935169323396,5.9542934370993414,1.4337938356826767,4.53788567272483,1.8639362224269322,2.352130308384868,4.4208352612458395,2.712786331687862,2.476803145453789
2.786755671944514,4.2046513150758225,4.716028504558005,3.69430317070605,5.360997610108863,5.048653359769522,6.090942406981875,10.555662571154063,7.648922910238837,7.735570190888168,11.74442419940167,8.534404083728344,3.1545360469722623,4.828212971023205,7.207931084693743,3.4731889879294817,5.036567635369111,7.317244280165448
6.414086929308213,2.7827151911384447,10.171100253919652,6.950905664184601,3.1778622004502175,10.386332495327144,3.26874838314667,4.028003864756672,8.800707199568613,3.5464540016621595,4.01742418997848,8.985672758224796,1.639225811681388,10.656432015137447,3.095612410917095,2.0563308434857452,11.100947770792537,3.898087108879433
1.6705654620824926,2.8085845967921337,1.7258216371673978,2.1873369390123973,4.051804494499405,2.067917285977305,2.5945363297457167,2.7521120848998435,2.4256481429995786,3.613377303179212,3.017959686295177,3.2224351199286625,2.198174994389864,4.1586431353946365,3.508374726121264,2.9703002261075704,4.230382739457057,4.235799951839334
2.382676919663486,3.1201557125159556,3.5770745435177402,2.936633333622666,4.233987350858429,4.754364099204955,4.654521729180375,1.0704867445512167,4.267007150012646,4.938205782806414,1.3897148881381722,4.888854906605363,1.5238874646515754,3.668110148283602,12.203529813328602,1.6777915185522683,4.602209281880219,12.719808737742682
6.90789507728275,3.2160989676370075,3.9730400358642917,8.303548263271628,3.310564125858127,4.4176565940155355,7.26505606161354,3.9349607374653814,3.655603765541796,9.086623429527423,4.563097928017819,3.969938497595423,1.9384124346084155,3.895386178267496,6.169781174536436,2.765035484905107,4.231827629618458,6.380770631137047
6.695368357233952,4.667069324414082,2.8723220756242185,6.68476625548913,5.63134282251744,2.975691495707019,6.77993153102167,17.66716680156406,3.3215145388986107,7.000463934989784,19.622850046278383,3.4135313087670247,2.7642788647394623,1.9061225228536425,2.258884558360006,3.1453155917775875,2.6353062378240595,2.312238411080863
2.0206239684764276,0.7117326855373899,1.929450406679838,2.1014282314555364,1.5024587347376879,2.125008510549201,2.810970414441544,1.779036323938931,2.3282104971499007,3.202426816472759,2.206917823711404,2.376848581216166,5.810189913395222,5.100555266609154,2.368592631509082,5.792799073086412,5.636233454865156,2.8694809712888065
1.733960052420505,2.2343764224121343,1.594494507536963,2.7154383940186757,2.45504363439774,2.292660498653474,2.780344058359385,3.5217455700256814,7.102255979393446,3.0617497845628243,4.096155101672651,7.814805529272711,2.152513148945092,3.6522143914492977,3.6007891165494303,2.7179795805389553,3.8196095994175647,3.9076260767189397
4.071534559527213,4.512254213371218,3.032654417198774,4.287862503455276,4.633598160547339,3.5444955155133258,4.132388410460738,2.8573785774583866,4.937290817003012,4.249781807032184,3.8308371074092946,5.0769241202822,4.484102174692465,2.169850603394439,3.326179249787858,4.736755466252197,2.8738899455065767,4.153188654561069
3.8827128635678756,5.031078014933372,2.0367009265573044,5.235177785621711,5.2189249615851425,2.320410534301444,2.8880276902698787,4.5728330890484665,3.1159119479610777,4.447162168670953,4.775689738337334,3.278213163530991,1.6619177622377002,7.988672130271485,1.5059448246430982,2.069395772220566,8.397925543309137,2.8711076841982512
3.1869815686801064,1.7267804555660553,4.921661941742144,4.1087975344308125,2.6702695743279743,5.018127394511601,1.3739077729105447,1.3149304639148423,3.391677273733275,2.4980749948210956,2.7630534093483186,3.719907246152102,8.476073296174638,4.981189874235826,8.364189074637721,8.892359186347935,5.66109259184709,8.774299925604293
2.1946243667741956,2.486571253820381,1.256077529012598,2.6487736773320316,2.937378044332027,2.3577280317694553,3.0180859632493893,1.861148771871354,3.19957207992752,3.2384496398777736,2.3013664956976725,3.620782367078532,2.034981401335742,1.1773520106145297,6.628562650801074,2.148762443755041,1.7842992012002157,7.446978090186364
1.8838014486477281,4.49971140057729,1.9686672826248848,2.3632218142356667,5.255127837770249,2.4454505360397754,4.697828995670873,2.57173681860525,3.217721186229196,5.298376377110793,3.2372266672397614,3.7834748859316285,5.183529570688377,9.31138341377882,1.7500228213337212,5.68059068081425,10.970562953985425,2.4156408589291103
3.7788524189341777,2.580818101136867,1.0547884965347363,4.498310458243325,2.8164602648436685,1.7022735319441347,4.718390019046978,4.083956842071411,1.3544416608819632,6.0633628589105015,4.994263685259327,2.049176673910182,6.874196206425505,1.6497013988641314,1.9066491356375577,7.130719691666991,2.519926215776443,2.278002819037734
3.6833265765525476,2.4281420574227677,3.2704943578025354,4.887145178275842,3.3244344585974637,3.848559938037861,2.1064018646943015,3.3335953400106075,3.016352121239258,2.6237410862039265,3.385197258697049,3.6871625316438297,5.963465554130517,3.9156681815056857,2.0397695057123277,5.975186972666258,4.451114083683923,2.2400206140336674
5.431147907462359,4.149496329153131,1.883582891058977,7.62319824506479,4.686203883691386,2.7734537180387404,5.232774322474631,5.283567494963196,2.8469176451991687,7.110455850829685,6.023415477709263,2.8281753287848064,5.457825210649661,2.485059765479068,3.185714744440633,5.425790175127747,2.729422578137696,3.9295980447311982
6.160717214601674,3.31674104686492,0.9935797444997939,7.547600209192014,3.7400606454220013,1.46646899625907,4.296512028889137,3.544264693536533,1.4416037012971756,5.854953051498594,4.686427516174265,2.08919807141084,1.1568530345070145,8.313542188867793,3.4718156157157343,1.7182444854341632,8.6153320572334,5.2127430129095105
2.784041516875282,2.933823632878563,3.612765514737561,3.362713083427322,4.084407612857476,4.209455367967655,4.601008914337894,1.633280966269766,3.1300938027916225,4.958644389126088,2.27609709976807,3.5279624489280206,5.252706451566218,4.699160375711783,2.7317169899233495,5.2955831962499875,5.059418734960779,3.3404463021606547
1.8704762718136931,2.0674337036609014,2.7414661309927157,2.3555354894781,2.7806272993345487,3.3544177202262246,2.9302260726320304,2.3648072711962986,2.602026670710911,3.586005958230498,3.133270366482957,3.00758002046435,3.397989365419197,3.5411877900739497,8.912277202310717,3.664495094171126,4.388151207474058,9.98530072698656
4.314650597797074,1.1916899583819605,2.727884127432622,4.270343908804554,2.1355622395118243,3.1272188422165663,3.455675570329175,2.8857860461819675,2.4354170216945885,3.930995089355523,3.1625741215441763,2.599908544187221,3.3357253150423465,3.0208450428252216,3.9532782878198796,4.439684905232805,3.5321553893617397,4.5597374393078445
3.526700696822436,5.88038483766799,2.498950701246063,4.827843332215613,6.020394383711149,2.7389391529708633,1.3559259193932989,7.949052611637497,2.518441774134759,2.0748753829406468,8.96459603331263,3.459255003602026,3.4326344192293106,1.981725309029876,2.698415192897886,3.760148236468795,2.3608081207039326,3.1122548221358413
6.771520402195242,3.222865156889071,3.566322126797785,6.861685964101524,4.751047330026176,4.297199818062214,7.794995001760578,3.8372454363552673,2.688810927821079,8.408230965646561,5.729934153257699,3.095869093472998,1.9295152517923049,3.5840403503559095,1.1469791380187988,2.218414274263394,4.3218002698121545,1.9866448773251908
5.430687560809139,1.4318298465309256,2.948063974717706,5.860690740033016,1.875431837083275,3.2716396044761207,4.027768824999896,2.0593158613740274,3.479336453872984,4.410811088967754,2.376539822269837,3.903187476581007,2.4250068082257292,6.532874195514567,2.4763371870375086,2.922079290843822,7.028898699602771,2.9397506026363946
4.9023111161825526,3.9713714718473896,2.850121445930482,6.465733260414131,4.567350441052271,4.215301298290345,3.9324652399297095,5.523632624009971,4.302089699912789,5.658207022405991,5.571488779647319,4.789834088473833,2.24337867395111,4.824314083926765,4.013688176086237,2.670477071922742,6.545270983520909,4.050292606293481
4.4928218790902905,1.7291652353358988,2.6654082824671668,4.870055487295727,2.755375629300062,3.609424621595103,9.91601790255488,2.404554364864967,3.210206424702977,9.96065028157434,4.091696953507865,3.5218081224346682,3.834768594454379,3.0497751502459267,9.331164292357748,4.803850563420876,3.8873501369823735,9.804447579627976
3.901376497354597,3.9173543887029485,4.004834837834872,3.858825940368994,4.525734723382664,4.013833413790428,6.200061566297458,2.674594898304474,3.810117599753678,6.656869216020284,3.1448152622544665,4.594556467770523,7.827845810599581,2.4786451195511807,2.031932023185208,8.463862899903885,2.9239502587847923,2.6182614266297364
1.6599278785005325,8.338877143463211,3.2205346556015546,2.3944152551873152,8.783920973905316,4.384088543043584,3.0003462433058377,9.561146359880741,1.6198311848239724,4.557685336614863,10.123765588514582,2.230598658694952,5.167499604822927,37.15139217778177,3.083817370889613,6.623888992045055,42.843087921821734,3.866881708486227
1.6312768333664347,6.890077593978665,4.270918885472263,2.267398058626004,6.981788115783547,4.882366613450742,0.9737750039369364,4.712197487740234,2.480349915877609,1.2495452103142275,5.614424385699124,2.63654886698121,2.4226845555031398,1.7672589844454492,2.384552577761719,3.369663076527503,2.327100090687806,2.8065663095211693
2.728274844566249,1.9069680476666604,5.524529509531399,3.9777513055015414,2.2143967877762236,6.498599378849363,4.080733045203439,3.1344935640558926,3.930796458034046,4.183242422727834,3.6823748150142586,4.457880785555998,6.841578431445741,2.6755031421025732,3.4812968347668476,6.975173583977731,2.9083582949399274,4.030500488912497
3.9077616856555313,2.430621417405279,4.051982719315151,5.104582241955145,2.966899368160141,4.088216373981688,4.4668335310090495,3.261807755386045,5.031485858427521,4.799083431622085,3.2056954473581896,6.270823376357083,7.650492724836439,5.208036482918775,9.145932129409104,7.899144746937714,5.257113529051021,9.795930648977158
2.852079302430082,3.625451273420244,1.318385500817957,4.125407393459406,3.8723750011216027,2.9407305385559845,3.0566424303739197,2.5579976326252134,2.2127552516549756,3.6629019737132746,2.9885504979934843,3.3081349508540354,3.7914896807160368,4.077415274386521,7.674675391018937,3.8382810636970275,4.364591004713526,8.27268278568486
0.9380615162529136,2.3047826067615973,4.474119094249126,1.4466238312187412,2.4141951250494973,4.469115723424741,1.1396674415085974,1.4829671299569296,4.025509079613437,1.7197203289822889,1.8925563393754379,4.094789177773736,5.020203104939955,6.411806790506736,4.183168657477249,5.377889601916338,6.887661546548588,4.6733615459202555
4.1820318137687105,1.6778942418476042,2.4607516683996904,6.3471602815946655,2.8060017013796004,3.1658948809895793,5.1762803481839175,2.4649226670485778,3.142129881118648,6.517231656110841,2.473073697737434,3.9065998776858946,4.855931845459812,5.194174769992398,4.705538086104248,6.018349909438743,5.369632404104551,5.753686761525842
1.7692148309568798,2.002909956738455,1.6447893507347675,1.9333121908887194,2.555073195626822,2.094360216106661,2.673786033689247,3.3717637893066548,3.402610916558825,3.8216078378255673,4.571515864372901,3.6983212717555856,2.637616549882298,5.950990129967418,3.2143804884689318,2.9809474537764302,6.37981337503936,3.4458620637486126
4.116498968096913,4.63805754276614,5.474786146077219,5.0862757761573105,5.26365488561113,5.677966431296295,6.246484441728985,5.000651550903103,3.646882450841973,6.333466377372229,5.714646748041526,4.225544323343429,3.5975525602043574,1.938642178339629,12.196005666112184,4.708583062328708,2.2317602683925797,14.499852982342443
2.9368996383377604,2.842559655952008,1.55500635011872,3.348686891953473,3.0714932816298846,2.4075563897001584,2.9610941908171258,4.124030960244628,0.39205108200023525,3.438614242407675,4.5576011357449575,1.497866494957216,5.717422406748168,4.6729142690471175,2.173942858147221,6.015990279906706,5.774689553946668,2.6895544282034254
1.6819154217337413,1.7591474109484213,7.2049920355613,1.8470372991874984,3.2929731855608986,7.259297679618728,2.5740917226322737,1.3071180075689053,7.046810159146552,2.7107318725604985,2.0308318613916088,7.079128454689152,2.16954014480188,8.079134404572034,2.5565672681515372,2.478508286497755,8.649984379978546,3.095589867265105
2.840904132968629,3.324846622624665,4.414557905503615,2.9549979109079394,4.203143949493458,4.889557243136614,4.221540104533138,2.432709679536374,3.2645181687065685,4.736714740847356,3.5576874144725514,3.512610281257679,1.9791575832281865,3.4995193175597654,4.723638493946912,2.5144213538112963,3.6902312443095653,5.735847104060108
9.457700221246986,1.3252268392333122,1.9071067921593103,10.331001782861708,1.91770531230212,3.1270706442953795,12.104061585997723,1.7822863205514181,1.515053923183515,12.727176186087124,2.365832403743308,2.4315175183405717,1.8497895824959338,2.655315454212118,2.539476660609654,2.509451041205455,2.7465765220551295,2.5797404200539478
6.961938127937978,2.6192575661978963,2.103247167396025,7.699275310174851,2.8894556540213956,2.133665217376599,4.501738184888223,2.5136640619888158,2.4901470508101617,5.176167893763538,2.882866336097767,3.440253177597292,2.0742390897238154,1.3386502106113012,8.915639297058837,3.0896363680501273,1.6598711468470377,10.317414540182755
4.280709028539822,3.664920644882418,1.170538839082744,4.972822974343565,3.9506056623192976,1.4699298409545702,3.8667209318128264,3.8389917081404024,1.887955618800979,4.033614357490995,4.237585435324123,2.0325063322110206,3.0924393992137236,0.4447078323873972,4.329419090770847,3.7838281861224226,1.776408127863602,4.449433389577291
1.2734859790581394,1.8789550552688479,1.3778373025078667,2.0407521339617447,2.5361649339468832,2.2631421206469358,1.5061844132373536,1.572428547749262,3.1996501992437842,2.143432362643641,2.122629450164123,3.368310065705563,6.354402877513414,5.980999251343064,1.4141658252229332,6.776366392025333,5.99959695489786,2.317818198254092
3.6705671091703316,2.1340285895985853,6.451874001122543,4.2739919950558765,2.479334775657969,7.780125172161038,3.2810695911251178,3.3769317171078796,2.830400335121596,4.0854698675549335,4.016093978758438,4.5180585205427795,3.8952284556388483,2.2212587511180177,1.9411408524666918,4.360759113761777,2.772573894463964,2.5456899611936925
3.414800454922681,0.6405218677831612,3.826342331241464,4.195951190676778,1.689076443746836,4.436042976557155,5.879337584299736,3.5166551288495764,6.956885875232451,6.295707242676882,3.724134578765369,7.115701989270764,3.4121331145135945,1.4906427461779996,1.9633728983134673,3.4015942385096967,2.5102208772086745,2.608985283889829
2.3506347293876524,4.856681473639681,3.506467377182386,3.4196662755546305,4.932813373985984,3.5649203109514023,3.9413222124589264,4.171070341308631,4.982599203009673,4.887229767027546,5.5251670068608565,5.209530632984142,4.372260197099897,1.7393382099112609,2.2053082711793843,6.146073540853489,3.004358933809555,3.095920371218558
1.921353963388603,5.1041505666826765,1.2902478883402264,1.9238396887660179,5.05684393206794,1.7963303484230064,3.079228943986227,6.051187705946052,3.0241078804158255,3.3345430983358026,6.553721471415204,3.165696548461352,3.4659371510598596,3.3506415169952986,3.3764972044045463,3.349901651222259,3.501786094844137,3.422387352326464
2.6154821294017583,2.4141556280171272,1.864322833090191,3.6158434106334107,3.221181957972183,2.581234599016934,2.0763391550983274,2.4358500452634435,3.181731441796843,3.0652630879320895,3.3544327990981744,4.134109177631394,2.736382084856912,3.8754376561567287,1.6658830857811013,3.741884467760478,3.9053662079226,2.588472770827931
10.788156652746302,3.2114742619354972,3.2891152460679,11.674121709202026,5.594542161679817,3.7243620536385484,5.0787125830055615,4.1606095711981474,8.2416392378009,5.844858282965907,5.232003208908434,9.158345118335177,4.210546700521813,1.9889016060295885,3.71910493164526,4.767532975122504,2.290713626540812,4.411383031589202
2.912601089997008,7.204279184404037,2.18488594090224,3.5546053362234327,8.422717106652222,3.03808979890986,3.063514665619481,4.942096730558966,0.9761307056589479,3.543090292934721,6.442023955380179,1.2757455128291637,3.0128545832307445,2.256554692936222,7.001758867050645,3.873799505890047,2.562483102741073,7.328822360246884
2.080569656661986,2.085661464037239,1.4911093285703996,2.8726608958967024,2.4712781499262984,1.7593422527563425,1.92778067647565,2.420249080916839,2.0856978571126317,2.386437814919614,2.9870200332559795,2.1721199276309733,4.862859108121332,5.022840134099535,4.330499006971529,4.932102611067103,5.444195798924011,4.543818998165747
2.1160570428003984,1.188307124254946,4.300308779678113,3.5858268115503344,1.773563437458176,4.247084169002496,1.2566001358028698,2.762116672256354,3.8922921499865804,2.1432619690435466,3.067859834775724,4.654058979798952,8.54259896830312,3.4480137678134852,1.6622827646401956,9.090636933620878,3.823519019698863,2.6078146632676615
1.687186335432739,3.3582878619190586,3.020823925681338,1.9320767500918654,4.019910569738028,3.48764791416511,4.298615771280693,4.005202058006428,3.160789672153114,4.314489758283243,4.782169792184269,4.070747676773614,5.208963434916639,5.866422639318405,2.5163873890428783,5.260480243102473,6.657715785085583,2.8347118634453294
3.19581732870517,3.6105095734149444,16.6958476097839,4.046849597240629,4.035422854237416,21.65034959545358,2.084576034787609,3.9088194313534266,4.40256487025231,2.813829446750718,4.021092503950774,5.7473032465780625,4.09277963467269,2.4008503576541678,2.7062142908335596,4.758649648514951,2.563885194319702,3.3308018133066466
2.8050111459140563,2.1392730498323367,3.047110436769167,2.9735425566820575,3.101857253775692,3.289163404226774,3.263879283474155,2.754701759227759,6.213687914917399,3.4128436828236453,3.3532765869852206,6.932237774772922,2.1627888841438554,2.197680823471108,2.4628262516809447,2.1786285180289227,2.883645960219814,2.483693212999219
2.6232697965656007,1.3243689730047856,3.2401408442376303,2.9106204798739697,1.5282479812824477,3.9841464410532104,2.4840463424269736,3.286607854173752,2.118623283857147,2.7500097301781343,4.123803611832947,2.8487223615338793,3.2950614327117695,0.9289884527418605,3.8844665632823285,4.285376684196911,1.613042864720953,4.428166294221458
1.2404410153545318,3.073017778931559,2.125631771305401,1.7325716798019446,3.7375332392481964,2.9966665877026952,2.1228122588441822,2.118217676356905,2.74624263019197,2.375397967866268,2.4815516601913994,3.5864502022751883,3.5122240914081444,2.4461381950343983,5.026998559002993,3.506124675764544,3.131721384716573,5.2826266146761185
1.4883520986269332,2.832581608659978,2.3682663702192204,2.4043627579873244,4.36557273512841,2.4948872888969156,1.594429922187993,8.619226547216112,2.431807073737463,2.7855935357062864,10.418606030794319,3.105349448096325,2.884617329506541,2.4930251293588688,3.295138093934134,3.6847839787583343,2.9218703594837865,3.433058623295189
2.606846945989681,2.3304504933612202,1.7120577258718328,2.649719686485444,3.038376430551091,2.171817803504688,1.5796110069367721,4.08283052682734,2.5567297001950395,1.689524994480313,4.06717718306901,2.9635270714808226,4.517358560855108,8.64433707067768,2.749275289406527,4.634371049437561,8.716915599925114,3.5299787836766328
2.0676416101341712,3.709784446011356,2.016521771520595,2.42708330595743,4.820701311577351,2.6220759350361345,5.222840075430656,4.150257610546235,3.5957767950706083,5.919535930984446,5.462869694299498,3.5887946590992676,3.5179881601339025,2.292094366384931,3.020199061337116,3.931348004185966,3.0344684229460013,3.0030351068613075
3.4734008219083368,1.8608885338431482,1.7919774780593596,3.590006580695659,2.8354999761343853,2.260009811321813,2.2582828813823896,2.261494221628036,4.113545858382428,2.285301541436688,3.2799905885601484,4.777691798524724,2.9476990487156027,2.121751898176494,3.3449300330004235,4.00637065244752,2.3617099387774383,3.9518569471038525
5.7162583928343915,4.237264474257663,2.6396549849075153,6.099695296747135,4.64964279441848,3.0467611949946685,4.273146778608661,6.85622384564896,3.2974348009654406,4.399502544476578,7.092995768638987,4.171276209349707,6.71072493647645,5.663528778678781,4.033320655231393,6.793295647813075,5.5986745825050654,4.709988536137745
2.78116747705986,3.7992298363764103,1.202241516045543,3.375395194035566,4.934600198307652,2.396234275873281,4.239788438340639,2.5269586469786467,1.1724973337692108,4.695757465374413,3.6809757742232416,1.631706606540893,2.799495600205756,4.229715107778384,1.3742430560648766,2.8727616107604823,4.288041687262657,2.55687515294342
3.238081463336463,4.280812024259907,3.65473214291896,4.132390040309492,4.435008679963961,4.398300041268774,3.977104690677689,2.637390057785149,2.014264798008633,3.9788413157047104,2.989918277331387,2.8322835652203877,2.51567411397415,3.793119155177594,1.6679893149059557,3.3410944746431612,4.547442422062241,4.106463262823233
3.7951990125557473,2.2816055481677875,2.1559551750464108,4.38797947297445,2.5408698441704654,2.9053329486408694,2.332199103541319,2.463224933730721,5.050020197113363,3.1167301089713426,2.6860552968089126,5.418150721933986,4.220403366567811,3.0566257272535435,3.42694050934629,4.530510391538526,3.6554512814989826,4.0466381534662945
2.1657988097411436,2.7007382981256587,1.5691767968118384,2.7804324354356647,3.358571103141841,2.4118768529980046,4.352998325560398,3.4451424739181435,1.2607551909247505,5.126460623982821,3.6293244054834752,2.5114813263633393,2.6818853865740993,1.625112872749515,2.685155266487942,3.4936035777481864,1.6986419363210647,3.0348484427409796
4.772470077913796,4.562826827432537,1.964508236319906,5.1417006548254385,6.141449907713534,2.2422081502627322,5.924980747146255,6.506819774267043,3.079165924047135,6.2104053522532965,6.535076408028692,3.2376686541889637,2.809702511302308,5.088759686598847,6.9841262084466,3.3339042101446856,6.00601803107271,7.121173989394585
3.043503808032297,1.316598593567344,2.838521291549601,4.10577202631709,2.211718185444354,3.242848970842562,3.551909175793251,1.1535348200280018,2.7664497492656897,4.947683312650038,1.8210882493546805,3.4842954917837714,1.9712962786367505,2.1354910885817366,2.540247815927904,2.547864168512796,2.1131571904683404,4.029586882711653
3.000858982631366,2.929728214111354,3.3845065079414254,3.356975791504941,3.3784698944385734,3.554338475607119,2.927900541602127,5.067826260432443,5.459629159898153,3.392482087601342,5.146432311650169,5.910997596149423,3.810978364497553,1.8745710650868688,2.3951443907008274,4.236999072075837,3.396335282282636,2.4183894709574885
4.3016969010587305,2.0452507682681103,0.9769510923008905,5.892026005509014,2.523821907963859,1.3527467347199469,3.5014580004072675,2.234017247807401,1.6324326787898935,3.7959915505746955,2.445653782216032,2.785892627061478,2.6082426930721896,3.2157854183273504,2.9205360982294253,2.965255556910633,4.097986725838852,3.3959583137326375
3.286145918432953,3.922895966371071,3.5558239172184916,4.589147743527709,3.9223663697657947,3.537346282653483,1.2534105222853915,4.724978891784597,3.9913136982549386,2.3517764100348764,4.644567807038892,4.6525975319358235,12.036583939887246,1.9591633277468812,2.0881710327804175,13.123858729556842,2.1903812233294433,2.708147509042823
5.627350205101571,3.3439282317516335,2.2579622475079577,5.714114231845453,4.153982413234721,2.6813199232531337,4.7637694170743625,3.776632798609862,1.665010990237598,4.9801581038508935,4.989030438768699,2.0745101701413122,4.096721581264309,6.302486204178084,6.859340164727843,4.525638809611374,6.533898395002158,7.306630395202469
1.3933126650684193,4.6703534479429045,1.1843391619030639,1.6783204921987078,4.705190895724635,1.7051398019072628,4.064989963229773,5.2108254475185705,3.218027474122967,4.364267701583974,5.732937932474137,4.1497730067961065,1.9431084828726948,6.836797488642977,1.751092783587757,2.4749523706831438,8.190611679493186,2.0302170428442037
1.9265110524364626,3.7348575835924316,3.231046792141726,2.637665364238479,4.310384130011799,3.696888149837175,2.3783536494974937,4.6279904364451445,7.3561872240857396,3.943790216376673,5.38355383906502,7.72405429743001,4.98491833844431,5.285060248037799,2.480950958643942,6.155504446490025,5.549277191046201,2.619019998248059
2.967071838763097,2.347654865876021,2.5522845710071604,3.0129209011726297,2.841027656204622,3.16584035368415,2.7711340264297224,4.020693555935857,4.628060344437468,3.3640373956461205,5.109207660988572,4.883415705374722,3.009747632211464,7.487301867142262,2.5989221695608964,3.69787613908974,9.164351236442641,2.934392910743764
2.226336295362352,6.294692153500768,2.7874285321573975,3.6019870000910674,6.635785233948873,3.1386732086116442,4.567334597077177,6.408464726121487,5.681345586489973,5.6193485483532495,7.99145349991995,5.902489544640969,7.533510024318563,2.5507006986329444,2.095972836860309,8.745307214772552,3.4594066888812693,2.157383709914109
5.454395085967861,3.12702325958523,1.5030295700817617,5.528291393075705,3.423495506805365,2.3285750209783536,5.277551238842526,3.21635336068096,2.586484417557593,5.361099798368251,3.7786431837192223,3.5006399509765305,3.7155011125188193,6.2075168737154405,2.2754183183007815,4.216626684925494,7.235021111554635,3.2277008376517458
1.9662418371949013,4.7405966954410115,2.367294133503209,2.864253047016569,4.762190328904178,2.539300658877972,2.011173566026207,4.759931119322118,2.0925681665251674,2.747860174177474,5.713067533391311,2.6857777766272743,5.626996707392789,1.7694368319009741,3.573620742380796,5.742869177626123,2.317308459941485,3.771278399501279
1.5280720501614344,1.6949495433284383,3.3753354498679577,1.787396172984312,2.141047700476321,3.54631806671142,0.9320194082299949,2.038450982131694,1.788887252196487,1.6235704164664437,2.166592781061417,2.388032006229457,5.278276026545,1.8676707130144097,2.91107504969452,5.334235570906398,3.1995986569584027,3.324830372903029
2.5385613483312994,2.617691026786714,1.8704980044234494,2.6729147890683302,3.3948535803364526,3.0962168369064496,2.61673142099306,2.2137488362013316,1.3350260080510494,3.096180637531458,2.703988882779194,2.409410512258958,3.290162338788706,4.730864946074516,4.961009681500664,3.5324139227612186,5.027879241266898,4.8983169938503295
2.25842669858192,5.638292817103279,1.7435579288955312,2.7400530470908153,6.250482892411291,2.237319798757877,4.214922337355614,4.940186662415511,2.622394319652754,5.228308558279259,5.745308855878246,3.2522080127693243,6.809712192809786,5.2398369369167215,3.548997880745154,7.394917603899053,6.650182077674487,3.5393446580378716
1.7449218639182942,2.3885522061278937,1.112267768308521,2.2339445544421723,2.4733638581854995,2.152380881674209,1.2088795025743269,3.963502822241748,2.2602603669154364,2.3992726163576243,4.047933375984311,2.972225531995671,6.072544540638419,3.7993381186349366,5.841370416257986,6.304737797938773,3.95815111240011,6.944694864807087
1.582234191811131,3.401423471082499,2.107712618895069,2.438579340155055,4.2169868586501424,2.6813799739768998,1.7938350931938392,1.260188614033026,1.76321975574268,2.4758349526873573,2.0081616424724134,2.59419349341312,5.0102415367715745,7.070260401313885,8.019174013735947,5.283740207777705,7.726115295992841,8.349014258700482
1.2038367180639713,1.717215425219884,1.4816220604777368,1.7079687129686647,2.2815423370269725,1.7780619454575508,1.1606007191194319,2.1617997891336325,3.056617632131737,2.1386993526387794,2.7696149564015102,3.1781385594780813,2.7643344626262385,4.923955410696316,5.565741952568217,2.9853454444510152,6.676441604192061,6.447806483889396
2.4198489543941633,1.87306854728105,1.504371429967409,2.7582319464706195,2.5100307184279687,2.432879863900307,2.2048789394728265,0.9516547305267626,4.593519182704432,2.5057663840201423,1.5848587578043045,5.0539852055107,3.2726019158438,4.594877622625774,1.0657590305513103,4.3033746321317405,5.328410174243147,1.9802326247669901
1.9443388528673933,3.5198892958552976,2.051246975283431,2.226917852264663,3.9658182131998303,2.8419806703104533,2.893367909509392,3.781063703996656,1.6954142483690886,3.764054151279582,4.45141430208989,2.656206158975791,2.2374673067369897,3.6521070543085106,2.343991732812751,2.704544718984875,4.5859785013307945,3.4779242167441087
4.081820990038916,2.6837416280877613,1.791902491895039,4.97157117059042,3.5841888745583708,2.462581623602759,2.7666050763581587,3.44733731225612,1.1646565368849493,3.4661404772990885,3.667230557999158,2.0822093847819154,6.6004680998956635,1.2608451563720982,2.2446561900797244,6.998011631965426,1.8152664982533697,2.987481947863503
2.598064834219753,2.7801004007374863,1.185152862774686,2.8816388327697444,3.09514665826287,1.7654246497073427,3.064724082886526,3.9123462678068543,1.9094788912022969,3.6250880609887317,4.713707561440758,2.396967078667316,1.5009198550931462,4.113149330734431,2.912889454827209,2.1857288595264324,5.102094510159857,3.7525251413707004
3.790495173956288,7.964153853710644,3.276963996691075,5.715461507117294,9.198332685412657,3.9816121636179904,2.7565992454396713,6.69425097284224,3.804392066568939,3.7151127591584143,6.843266420619994,4.6750454992829535,4.182040097702485,1.8424750041224032,3.3407885567341524,4.881042537644601,2.493963256233087,3.86246071098583
2.350626396418429,4.577218340636171,1.8209564801488576,2.6796760355377462,4.870775557241602,3.202663346320536,3.6791913973850727,6.117799229852728,2.852147173724517,4.278016533010952,6.852479853682268,3.5564605312980992,3.827724574412205,3.2297628028104373,4.771793682102588,4.706138943122563,4.87466255735683,4.821043173187153
4.866306326491531,1.7558344109135038,7.850642848119921,4.843439420174323,2.09841488188405,7.987471701920603,5.563791758705978,5.005681978261621,2.776837150169863,6.129828279095361,5.161505512525406,3.2478304796205943,5.826132460078624,2.8165261441377654,6.243929168579411,5.860347311947042,3.0962469584852568,6.689283818671808
2.6560829059763478,5.165223362012661,2.6544766719887622,4.486840521914758,5.589985067217002,3.2768775446346234,2.0137325323571313,5.35357322989368,2.5970725020372134,2.2300905774937108,5.808208561866366,3.5622050584700977,2.534496594899706,2.0104623613490036,3.798048263714586,3.176700432210242,2.433279143755716,4.744573175053697
