n_above_p97_5,n_above_p99_9,sd_of_S,median_gap,r_squared,leaveout_r_squared
5,0,1.2896452146488984,38.71858518172261,0.5812296654886016,0.5737977279153812
2,0,1.150054262008648,40.69802157663942,0.5946451905746166,0.5993870106432728
2,0,1.1398834115374028,39.879796712425076,0.5770942065882758,0.5723117200481853
1,0,1.2398551686506427,39.7343847759564,0.5771347962256728,0.5672302762975137
1,0,1.2038776175294823,39.901562525825064,0.567500608088378,0.5477640795159586
1,0,0.9821214784087212,39.24717103005369,0.5957153406048126,0.6055905836501614
1,0,1.2705951991040247,38.41130481759215,0.5771849760519638,0.569961458424763
4,0,1.2294223185537856,39.86072327463336,0.5875924160323529,0.5769451860588954
1,0,1.1786125289062759,40.09659336282675,0.5937974316873682,0.604362419798087
3,0,1.1193929293476643,39.94074518817141,0.5859865464654781,0.5781994668950677
4,0,1.3534293500870764,39.53470088226232,0.5825549347471257,0.5771865814780301
1,0,1.0872235332432851,39.683777301964064,0.6052481267956296,0.615970577479272
1,0,1.1558518386971113,40.1058858707707,0.6000872201527587,0.614516024862951
3,0,1.19110320058475,39.350430374549504,0.5944746051570811,0.5957518504525696
3,0,1.2604189936716894,38.47495627260935,0.5764030973497241,0.5652414754942869
4,0,1.1692337308160121,41.09167975071798,0.5933777366577769,0.5947711693182539
5,0,1.4108512846277133,40.81068370640646,0.6052847267868734,0.6226985106630568
3,0,1.1823420099573656,41.37412078221128,0.5788162223430025,0.5626885050507235
4,0,1.364158926809346,40.09310632357109,0.5845485983200935,0.5820637540617596
1,0,1.1355035188245934,39.01733674066055,0.5923493543880263,0.5939638118848594
2,0,1.2733544135644435,39.72938632481515,0.5825487977833501,0.5829352510524872
2,0,1.229949028768318,39.78594600108155,0.584050768322524,0.5786878436259602
1,0,1.316803784552813,41.087674220896254,0.6139417868060186,0.6355267520464825
2,0,1.301632696823275,41.665951761882766,0.5855262811556399,0.5828455743573162
3,0,1.1507811604238736,39.242455633900455,0.5866719910082342,0.585212996871489
2,0,1.1390151684993077,40.09763057584448,0.5892056354345221,0.5896644092901523
5,0,1.2629125251445399,38.86901229857075,0.5925409486876037,0.5924012216963879
4,0,1.2113496848817475,40.146963130568025,0.5893164075002124,0.5842895659023288
5,1,1.2297048185179897,39.05426055292005,0.5782360755636329,0.5687993524659855
1,0,1.124462957918748,38.98202773648543,0.6010111071435595,0.6091813163718824
0,0,1.3167278036743213,40.35623445615432,0.5699867462534007,0.547177654279206
4,0,1.3359165753631717,40.49383090956115,0.5862818498465853,0.5790011519936527
1,0,1.1544791626021478,39.198807408480576,0.5950305230895736,0.6027833148594388
3,1,1.240211665970118,39.20530635824652,0.5850345591609485,0.5815745203351845
1,0,1.2256213641132447,39.3467762550102,0.593025993841741,0.5983422523033761
0,0,1.1538635832634896,40.34757392613043,0.5762894129221463,0.5635334753235696
1,0,1.1600982547044487,39.920792335066345,0.5844694224703222,0.5747215821747257
4,0,1.2303992837128825,39.522345858342035,0.5919470373226422,0.5926360506278738
2,0,1.1782409488758836,40.20780550301281,0.5817128960824692,0.5669206684316781
1,0,1.16980090967663,39.43060118397725,0.582923511025961,0.58151231813409
1,0,1.149609868638794,39.45610619200283,0.5817398252504804,0.5754865905876889
0,0,1.0701969283020691,39.39637267185543,0.5990020348000606,0.6059787051387743
6,0,1.3117829646785861,39.170493122625594,0.5725286195684147,0.5564746366936486
4,0,1.1477820574347477,39.99669671864029,0.5830338499570945,0.5773530669245506
0,0,1.1221095315394627,39.6126855319428,0.5903927738930914,0.58721697338178
0,0,1.166477234037074,39.33221891645127,0.5813958697162864,0.5766542879659861
2,0,1.1985507418102468,39.074378296624545,0.5762349154430559,0.5623529994360387
2,0,1.2306479012964737,39.8771068454329,0.5838216497103765,0.5859330535357845
6,0,1.4057666033604959,40.11600694412314,0.581441884518262,0.5756395144602424
4,0,1.3191820709311277,38.674396157866894,0.5728628619346717,0.5598293919660693
4,0,1.2784138844668131,39.180209276522184,0.5842106926991328,0.5771691248522041
0,0,1.2431693343215517,38.87970518888174,0.5903113703618561,0.5930486653152799
1,0,1.247501877498195,39.180779543738495,0.5891495912644202,0.5846816936988198
1,0,1.207329159337198,39.96301057078529,0.5756736790067652,0.5676140658550114
4,0,1.3935641536150762,39.45867461764405,0.5968179905507578,0.6023091258404263
2,0,1.3532526628331465,41.477295712545356,0.5832717767690018,0.577188224574992
3,0,1.266110180785541,41.47330810937168,0.5878513669780562,0.5900626520074743
3,0,1.1921875153294954,38.66771438524164,0.5826164860430896,0.576825477101204
1,0,1.1350781127745642,39.28664737548413,0.5865025141508698,0.5875685143076892
1,0,1.144249500193573,39.36630783477631,0.5837429695737331,0.5789468463344218
2,0,1.1956758105919125,39.90422452513593,0.5941021773921992,0.594997650297505
5,1,1.3733774412001807,39.939270181397305,0.604338214417611,0.6154387660708254
4,0,1.2789970899047172,38.76887228859914,0.5868538499869621,0.58414784429141
3,0,1.119450010161863,40.03937264025106,0.5939439257526067,0.5966081122255391
3,0,1.2936442362451324,41.14873219678088,0.5964718327412069,0.5990048925742884
6,1,1.4254952866717097,39.87114182554223,0.5854526967025695,0.582533996508193
1,0,1.1300441849659428,40.62787075328478,0.5830465158152538,0.577731262736022
2,0,1.2499825232961874,39.56384989720503,0.5853670708169372,0.5799812551970538
3,0,1.158833517322357,39.67649759954433,0.5922753225008242,0.5928500299116324
4,0,1.3148965388846443,39.83314167597101,0.5880796823993149,0.5819674699122097
0,0,1.1331395488832274,39.930290511218104,0.5961025329541019,0.5990635230831368
2,0,1.285279917616004,39.20252367954493,0.5995052607069431,0.6047063183391599
0,0,1.1573649889456399,38.534770151517364,0.6041604579675579,0.6148616352037388
3,0,1.2162361547841138,39.43025587304392,0.5777857637316706,0.5719530003197992
5,1,1.2419752342121078,40.418534075988944,0.5807636733366547,0.5727484716660185
2,0,1.2292145609430194,39.152304595662635,0.5999142289459148,0.6021516196383909
1,0,1.3395236215585582,39.81276302304809,0.5998982627459494,0.6073666614187394
1,0,1.2822073060449675,39.94309142833613,0.6056744415529962,0.6133428270747001
2,0,1.1102320747019605,38.363665145615,0.5795947286610282,0.5676394475169273
3,0,1.1775214527698021,41.03469066293602,0.5888704944720718,0.5950190356163886
4,0,1.321816891644227,39.29691474151977,0.5705765390089907,0.5458282298451244
2,0,1.2472692016383677,40.287310583592784,0.5838092446800054,0.5796312035285727
3,0,1.2796966757446966,39.01424207846353,0.5794882899231109,0.5681797278079292
4,1,1.2812248072684111,39.823450038287376,0.5759968956483669,0.5528494152687868
4,0,1.3088114059013796,40.742224423173724,0.5854890492912888,0.5770649313266515
0,0,1.125859355349308,39.009351187991705,0.5941148724486426,0.5937681088659208
1,0,1.1447646880531952,38.50342608251145,0.5825773999640687,0.5669087294649581
1,0,1.1805152079075965,39.57228704407524,0.5861316620217443,0.5777529449651012
3,0,1.1580955109836686,39.37332138287255,0.5915943797238792,0.5911755072353857
3,0,1.2842150283276363,40.15573637349925,0.5927494424483033,0.5955514776027409
0,0,1.1684190312085223,39.73156195317586,0.583415175226065,0.5696646815995865
2,0,1.2460289619683538,38.965022958843996,0.5992060021761245,0.6101565905143431
3,0,1.1266139501945955,38.58403998120448,0.5823966466905983,0.5778570928926343
1,0,1.2019379838160886,40.21178415169786,0.5947197954178638,0.6055469418972275
1,0,1.1926455457365057,40.430175190179995,0.5976099748953663,0.602349078367233
4,0,1.362080591255748,39.524834285816745,0.592296139865917,0.5906649870973704
1,0,1.2810697088349396,38.19349237083508,0.5860410011667069,0.5788243519536673
2,0,1.0293195746936556,38.67212763726484,0.5789298946324217,0.576187597524705
0,0,1.238503102811356,40.23965150485438,0.5759402551983803,0.5666280115256709
0,0,1.1484724736957803,39.90059533814034,0.5916555253602713,0.5956311571790343
2,0,1.2344291017161957,39.67693601185489,0.5880832386863316,0.5838561932574726
2,1,1.1674889639174284,40.619794210056746,0.5949715352466864,0.5972623518826428
4,1,1.3277913947860722,40.98161587352378,0.5764904198009193,0.5673604764995362
3,0,1.2213963057700383,39.86701782104588,0.5768181538775083,0.5688917866537502
0,0,1.1335842241674758,39.53771845927162,0.596127308623178,0.5924230902175279
1,0,1.2122507847587805,40.07576019778454,0.5919191459104585,0.5879676183764193
2,0,1.1993644376772028,39.799756388347404,0.6075290733474488,0.6235058851383508
1,0,1.1606916493210482,39.225304921036944,0.5958597742843377,0.5948863773160166
6,0,1.30142020862541,39.84017828537616,0.5724414161549323,0.5514705161879194
2,0,1.2272471417050976,40.08061948098316,0.5804634799347035,0.5726755271380357
2,0,1.3383633573460867,40.27884785815221,0.584542899475989,0.5862772622701147
2,0,1.183280183850793,40.359797152603015,0.596740236340066,0.5952179475928818
1,0,1.143595328434231,38.86728280966789,0.5976291273412618,0.6030751695084652
2,0,1.2683218522009565,39.45632180575589,0.5786500584721226,0.5725520588044513
3,0,1.3379811357741866,39.10161381952314,0.5880118655369986,0.5874985593361124
0,0,1.1519880909219407,40.63220510260949,0.5885588800061672,0.5885343592340214
3,0,1.0852638725602461,38.46710716580507,0.5819776653405959,0.5710863492657354
1,0,1.2032023876397995,40.308786007653765,0.5816515437855636,0.5786643076287814
0,0,1.0317771379934633,39.14456009702967,0.6014596679620469,0.6114620475668502
4,0,1.4058234700698784,39.28257754444784,0.5836907036990355,0.5794566389088022
3,0,1.1873590112457266,40.1935998140013,0.584411634110658,0.573512762211063
3,0,1.3721113844580837,40.14516698854329,0.594469106783087,0.6049741361587342
4,0,1.2790631472925045,39.781674333834225,0.5934677249080438,0.5962032020141117
4,0,1.282291582651476,38.723011993084185,0.5939332740272999,0.583461001662988
2,0,1.2035882887137246,39.574624607902244,0.592468412898604,0.5983652744917156
3,0,1.2549677433093562,38.65627671962951,0.5817381383596911,0.5769800847067513
2,1,1.2222360015199472,38.99853871919204,0.5902067669143162,0.5931019797149435
2,0,1.1070919079999948,38.16601438568541,0.5724271493586908,0.5611464274486591
2,0,1.16375851736449,38.45905231205887,0.5921748361874264,0.5943264728875914
1,0,1.0995099873356644,38.6253314723575,0.5922691588450569,0.5946743602790794
5,0,1.2790006750126306,41.15706445479689,0.5747356914173729,0.5592043365694532
3,0,1.2593918487017688,38.80111900035528,0.5956224103335126,0.5975359855554798
2,0,1.11209213446443,40.02671280309518,0.6011657362738073,0.609553991894146
1,0,1.0932050025601936,39.415675366511124,0.5893483379896858,0.5886869913833268
7,0,1.5512644705454748,41.44372806252436,0.5758534351036986,0.5631065230723371
3,0,1.1193256597950325,39.67455997836045,0.5905868886696768,0.58759312513023
0,0,1.13632937072644,39.34259729379254,0.5692076746104806,0.5456082368963566
1,0,1.2427903330338392,41.145902604810466,0.5956392290280349,0.6035240637501078
1,0,1.0646544616251816,40.647386367242056,0.5865402903087064,0.5895447240977447
3,0,1.2000885345837595,39.71144851439623,0.588685169549526,0.5832052366993943
2,0,1.1255035135733948,40.06035823232641,0.5831845214167488,0.5648638802370037
1,0,1.11057700549234,39.73626495030982,0.5762093902809899,0.5618161830008588
3,0,1.0585705559733196,40.456296271193935,0.591489821267617,0.599331421680197
0,0,1.1125789990488413,40.62972895813374,0.5817183908765794,0.5753467630541027
1,1,1.2512879796375225,39.56447521832427,0.6028586073359077,0.6160285125325544
5,2,1.349163284824741,40.155813009647055,0.5780467497428043,0.5687480952896211
2,0,1.3275402013158402,40.53241353133519,0.6002442086065229,0.5996696090623586
2,0,1.1909339229137479,40.580652840931755,0.5882379806335873,0.5939070930082391
1,0,1.1954948036491282,39.68154402164408,0.5841182564389662,0.5788613078949273
2,0,1.291644107705943,39.04681237009352,0.6004629373280199,0.6095371831940763
3,0,1.389853379369136,38.49908782821498,0.6030030594443306,0.6112829367949326
1,0,1.0602769744856846,39.68561026562533,0.5925861185102962,0.595742508837132
1,0,1.1787837182704182,37.933576976158214,0.58028227846855,0.5704881845665271
4,0,1.272308824994961,39.99374918517433,0.5928587677829369,0.5936315637057206
3,2,1.3951584228730034,39.33499593580232,0.5666259671781406,0.5302598706911024
1,0,1.230248569239974,38.02896521235852,0.600054662417207,0.6059010839437388
1,0,1.1980419750992812,39.774217004158665,0.5783767778244765,0.5656482624682155
3,0,1.2459133055301133,39.842033433447575,0.5953141532359261,0.6020846248288794
3,0,1.147999696781371,40.04590901482599,0.5877066728804504,0.5778988823905515
3,0,1.2205586988682369,40.7336662796533,0.5910824976521838,0.5915714155253986
0,0,1.2069659896871232,40.00419994383266,0.5857614945644214,0.5871996694117907
2,1,1.1222276213176008,40.05248501177236,0.5794866171108816,0.5730356527011251
4,0,1.3961942468502366,38.79103982170018,0.587479908599609,0.5833038327038267
3,0,1.3000162552754861,40.2147049191776,0.5972477815995528,0.601319883412055
0,0,1.1542496372851352,40.144124794366974,0.5851374977116899,0.5831176834246538
3,0,1.2266178079794232,40.26128465514746,0.5742912573132333,0.5669143263962805
3,0,1.2260035999558831,39.21561486530037,0.5813689019451767,0.5725637742319236
6,0,1.2804834888738665,39.965426541186,0.5861851540023586,0.585577882567148
3,0,1.1808175791804207,39.85759373716816,0.5858597653102089,0.5861852924987347
4,0,1.1837425464333797,40.22652315402612,0.5927656129421885,0.5912628981034943
1,0,1.1671497611784802,40.38640288125859,0.5897465080773268,0.5881996494344949
6,0,1.3735749717245225,41.03043157611486,0.598151431019729,0.6039110071327805
3,0,1.3157153853577155,40.184118794964675,0.6025949380981788,0.6043120495494121
4,0,1.2130188920358984,40.814983582703746,0.5751196785224602,0.5635401030292753
1,0,1.188192384336999,37.50592867996723,0.6048262391050774,0.6159678503784307
4,0,1.3216350474585266,38.66790630390964,0.6137687698370735,0.6330718836899898
1,0,1.3240080315091511,40.35546517748831,0.594357849233957,0.5967478447615925
2,0,1.1584558544680854,40.27232024223495,0.5939872467505753,0.5978608223425721
4,0,1.2593406037845523,40.4135983436382,0.6044862006369431,0.613400072021705
3,0,1.2035722129068693,39.11563719320183,0.5858630316936426,0.584461288908922
2,1,1.2206271978642673,40.37009233743323,0.5961388889468455,0.5913194445184202
4,1,1.1666455507320612,40.16942586190487,0.5976351630854255,0.5985507644381522
2,0,1.1489893981613237,40.01826550742182,0.5917607901515505,0.5909970523394956
3,0,1.3885119033333222,40.581778437656155,0.5777275997429867,0.558153185075436
5,0,1.159731063216374,40.50155447519007,0.5805426530857356,0.5747505752364457
2,1,1.2944193629809617,40.544144113769654,0.59975232672254,0.607145380185333
4,0,1.2796157039179232,40.212101714373375,0.5752289055821537,0.556895659264973
1,0,1.0719177719027735,38.98930805404673,0.5848835479775716,0.5786127426942147
4,0,1.251284073157394,40.365402291716535,0.5937424385257462,0.5947412310168312
0,0,1.0993834392060808,40.40468851419918,0.5832811747277264,0.5764798501535809
0,0,1.1085044607381194,39.446925391749254,0.5767529486359116,0.569089470656156
1,0,1.1671838572722097,39.02971769588382,0.5839339273343825,0.5734275900458259
5,0,1.3195188265368136,39.36866238565848,0.590642468012131,0.5881841918126618
2,0,1.3600920171696027,39.33468723685238,0.5924264429777084,0.5974225789637371
1,0,1.0643879543906116,39.5286161453583,0.587551292221786,0.5892088586881958
1,0,1.041729460446109,39.27025407031911,0.5950183589574748,0.594247411500754
1,0,1.0830744058869937,38.434154477085706,0.5987705368695481,0.6018724303438161
3,0,1.316194798549037,40.14664905834137,0.5877417970666634,0.5857004047139008
1,0,1.1994106665681565,38.76778829305646,0.5776438927344772,0.5734857732809788
4,0,1.2946806821549077,40.01389099985965,0.6044673774946223,0.6163813763163934
2,0,1.2308981372054444,38.68443040707953,0.5916970059318467,0.5938357015955547
2,0,1.293968952220494,39.48642187918537,0.5851801878057264,0.5835634080037624
2,0,1.23642536652369,39.88194540548182,0.5836292468796018,0.5771359583433642
2,0,1.31090142647123,38.82925532549566,0.5855752908411671,0.5845334545935486
1,0,1.093787843557771,40.54440564074881,0.587553367888702,0.5863396864905952
1,0,1.198614538294543,39.2174748024128,0.5987990440780744,0.5972018567029724
5,0,1.2235646676996434,40.47325756541535,0.5683428134002648,0.5463618598622385
2,0,1.117517712318906,38.416064547344206,0.5895034442835725,0.5853885918398622
3,0,1.2833414543841852,38.85128093684492,0.5856349173705779,0.5774517401629898
3,0,1.2178924434147886,39.777411590953484,0.599240600317817,0.6073014215293603
2,0,1.190096415840097,40.52362369778238,0.5875915552347534,0.5909721429844983
1,0,1.0924735894658848,37.806653352761465,0.5897552033026578,0.5899466030577681
0,0,1.0180657295983975,40.6889749884813,0.5893275670240474,0.5850719300299049
1,0,1.1282689419290302,40.64125072811472,0.5922005949484379,0.594936291645302
5,0,1.2395668210035553,39.211344601168705,0.590667870061018,0.5814587332732972
1,0,1.2918410999478005,40.50876021479032,0.5871009622030952,0.5842817085077476
4,0,1.3264056831790887,40.6487275272184,0.587497838441546,0.5821516408538077
3,0,1.3322617540692625,41.23138009942377,0.6084739822374358,0.6226549500185737
5,0,1.3824218188305586,41.537978395640074,0.5606029797010601,0.5361458358450248
2,0,1.2803398236740264,39.9398384878392,0.6051750166583187,0.6144285432124517
2,0,1.1625076647697499,40.347503648377504,0.5751234234300745,0.5649250728323667
5,0,1.162726843439765,41.000249802697766,0.5907990971690658,0.5894031410415863
4,0,1.1717786149311624,41.097432457407535,0.5833338495309679,0.580424944775083
1,0,1.0518665529050135,38.25920290922925,0.5765393674584806,0.565048336414801
2,1,1.3192552467909582,39.995730787049546,0.588604965757156,0.5895792954745545
2,0,1.2716028243657116,41.0230744650105,0.5968905016268663,0.605496479749351
0,0,1.1674095639163882,38.92553479285266,0.5857377423275887,0.5806993156947668
1,0,1.180382413803239,40.44971554883347,0.6016461331664875,0.6096517194310356
0,0,1.156966097614091,39.76888855912778,0.5899375869126067,0.582480067382924
1,0,1.1753436623378202,40.937155252900915,0.5913847688886518,0.5909000826044744
11,0,1.3971659101063092,40.30918047616529,0.5888290457614349,0.5859637877975885
1,0,1.0879102410990487,39.5325394095718,0.5785798117813037,0.5644585537076781
1,0,1.1907027537733947,40.3901356534733,0.577779663065374,0.5618317408536281
0,0,1.1733205134979308,39.704922499562,0.5890619240856028,0.5913120919327932
1,0,1.3071743581375,40.62903774382548,0.5800116985583077,0.5778547211227505
1,0,1.1230430961600886,38.85065509822794,0.5833580144277726,0.5751884981062587
4,0,1.2468870571570085,38.7715632555873,0.5792987024766537,0.5672750137667742
2,0,1.1722342818402567,39.47621332159144,0.5898762533060553,0.5882710196056004
1,0,1.1799288084589978,40.888664632261175,0.5983639031646402,0.6060162806422877
9,0,1.3543046648645465,40.71646658892205,0.5680352313463867,0.5533505353068862
3,0,1.1298300287992422,40.85860219927036,0.5829268096419139,0.5779616190132826
1,1,1.2147436953680495,39.45062018197003,0.6055735162703975,0.6193925842671222
2,0,1.1446957377162787,40.279310281165834,0.5911004463094236,0.5950385146737096
0,0,1.076291955263126,39.253872445068126,0.571964143232127,0.5612872386956484
8,2,1.3990355680169078,39.52598995189337,0.585485706884588,0.5881007012054214
0,0,0.9912268675152038,39.64844768199749,0.5975886372146878,0.6045025898616456
3,1,1.2492452419577775,41.579215186396276,0.5940732054126161,0.5989856192518601
2,1,1.3001784035246557,39.534483439425536,0.584311033787835,0.5796997770011442
3,0,1.2655884720591504,39.72238861454742,0.6077314211465856,0.6191394646435968
2,0,1.2149989520996538,41.16471567811361,0.576669272973244,0.5660240530370753
9,1,1.4618394907992642,38.88374350888728,0.5749237018698719,0.5575714275408092
2,0,1.1323444425740705,40.69565822008032,0.5903826037895099,0.5935294656208494
0,0,1.118720894111266,39.2015489762822,0.5818254087693104,0.5753875886779058
3,0,1.214258731830614,39.667071572234015,0.5810657038266698,0.5678469395798083
8,1,1.4536107894358532,40.81981989595664,0.5749975724886156,0.5670680721118666
0,0,1.1981117361900133,38.696221596419036,0.588034670110217,0.5880083426600251
3,1,1.3263821482008014,39.20229628079438,0.5844554454195375,0.5747462109211254
3,0,1.1630164830652379,38.374434277738224,0.5824671811635883,0.5730049736547503
2,0,1.1846251582165008,39.9861871243837,0.5824785565138011,0.5786189336849175
5,0,1.2917347008064535,40.3201876027922,0.5739517909603266,0.5594595539200412
1,0,1.1299487773987908,40.419326047494465,0.6040827178374241,0.6184800626535851
2,0,1.2556251969773649,39.59216617662968,0.5980046106519727,0.6050056987820382
2,0,1.0969773273165992,40.036643159145314,0.5962266135724343,0.6017832800622771
1,0,0.9725795474268285,39.86233182213438,0.5849632233218061,0.5808945729975306
7,1,1.4922525305132543,39.58608421608564,0.5867378345722518,0.5848267540661358
2,0,1.2155167465112187,40.27717241334599,0.58979749995882,0.5906326799482302
2,0,1.1992539833934954,39.91853097835391,0.5712067642875676,0.559307398935873
3,0,1.2249080550267444,39.94075910421366,0.5921447484251698,0.5911990068793638
0,0,1.0798111491576323,39.71231530435726,0.5727630855559938,0.554723699940433
1,0,1.16849905771373,39.688548632458954,0.5968899844730093,0.5991193886337809
0,0,1.0539666832252346,39.56278452369819,0.5924013297733332,0.5983411959678459
5,1,1.2833625719947237,40.457945102850466,0.5996724227369352,0.6105712955817052
4,0,1.3207069929377273,39.31368021427618,0.5933662456430261,0.5912566316614484
1,0,1.2372957167181053,39.50460392640799,0.5824833859564849,0.5767422611495341
4,0,1.2605150370427793,40.35431506227582,0.56977219912327,0.5551912211648398
0,0,1.1478801996086827,38.24540831405439,0.5901602915157333,0.5883135266183682
4,0,1.2056604653972325,40.68970114210394,0.5801148146900379,0.5662985458701477
2,0,1.0470276366263598,39.29966749507548,0.5981384963015299,0.6026392046260896
4,1,1.252677627716064,40.50637994894938,0.5949663114396153,0.5970674316752156
2,1,1.2403269262449383,39.85205593195267,0.5936954965974411,0.597793461023093
2,0,1.136965522534551,40.05088660267935,0.5811353520479206,0.5844342046487039
1,1,1.2408769374517254,40.61523812775412,0.5922728552434767,0.5953520450518066
3,0,1.263336817540521,40.274185852776625,0.5910664274931503,0.5958988099358267
1,0,1.1897342016945078,40.73859196402556,0.606642011241457,0.6165400150929381
3,0,1.2453732590582915,39.515123471383816,0.5886107317275424,0.5887218883314473
3,0,1.1960884797740838,39.84786883201137,0.5811566564853745,0.5748893703577533
2,0,1.0807582950049757,40.61600505045869,0.5876898329829197,0.5839171502048375
0,0,1.2147053623624646,40.606209401502,0.5973546530721989,0.6111687110574706
2,0,1.0793430493964749,40.264024062394746,0.587872868238325,0.5875291557352487
0,0,1.1728937045785217,39.52500404216669,0.5862760787178343,0.5862567177100293
1,0,1.2476044481172386,39.80363257729162,0.5999550916407603,0.6092350614909867
4,0,1.2377420299082464,39.218939849082446,0.5844390642068533,0.5848951559743736
5,0,1.4018721978272446,39.89847852461236,0.5771500714383563,0.556547965196359
5,0,1.2331326614796494,38.48595310463884,0.5884136364894426,0.58831151194022
6,0,1.417633866647382,39.34757760023111,0.5955046432190043,0.5884749849606767
2,0,1.249843775496246,38.84823128641711,0.5978215030793235,0.6002823484843818
1,0,1.344004788840834,40.36973842645776,0.5836608696011205,0.5753253378615862
3,0,1.2793631340464406,40.074316999712934,0.5922116240549212,0.5870535803934459
7,2,1.4296509875617553,40.36335650454731,0.5836282071792156,0.5801395935057495
1,0,1.2855793434862821,39.002025028730635,0.5818419864118858,0.5836258803002765
3,1,1.4360677938088378,40.49341617087414,0.5855822083473651,0.5848470557613343
1,0,1.0444666908081894,39.78491262087436,0.5772108564633966,0.5688951667374904
2,0,1.151135980957685,40.26076400023284,0.5848498004491176,0.5777089030038864
2,0,1.2324614530600457,40.42975423273445,0.5840031861401334,0.5745449252812821
4,1,1.257747060058463,39.25658051103045,0.5803566707104205,0.5707829467371606
4,0,1.2202763699334422,41.15160936475619,0.5785729382419789,0.5632404104008711
2,0,1.1490992934035946,38.87511846266898,0.5828563486680355,0.5747330252181575
2,0,1.1302602007283484,39.558039844906446,0.596734645603052,0.600096819461766
5,0,1.2592590588810872,40.16198223341642,0.5825672718475319,0.5750548736253551
3,1,1.262675597622393,39.63975279694001,0.5905658928741653,0.5869669781897275
3,0,1.229959500786351,39.404368372178986,0.5874389170701655,0.5864853788560069
2,0,1.1539228188735724,39.71122791098107,0.5941538710518082,0.5967146745404256
6,0,1.3344999796130093,39.02527913982923,0.5842275450610134,0.5729711512754836
3,0,1.149326561367606,39.795449496388756,0.5924302638605754,0.5926739532682077
2,0,1.2125734671750183,39.3065560969709,0.5878166861121431,0.5852664476184168
8,0,1.3533236548678618,40.88868979862747,0.5901966695272373,0.5870080277901043
1,0,1.1407719648588734,40.216911773549846,0.5836397072889581,0.5783484423453801
2,0,1.168755824425735,39.29796719718922,0.5839791417109046,0.5853900172030234
1,0,1.2097639391483048,39.433697141180104,0.5885827883416507,0.5862279543130554
2,1,1.2858900421735058,40.602162580287384,0.5764765855754297,0.5574841552727909
3,0,1.2420306196874777,39.7968660324834,0.5848690598769222,0.5864810318460881
4,0,1.218850061973743,39.29131724626781,0.6057615084811088,0.62328103387795
3,0,1.31696288004479,39.32429590099558,0.5982502590551921,0.5913295355000332
3,0,1.250664081090195,39.582755150506976,0.5913453264407975,0.5920967121719269
1,1,1.1961964820408628,40.50564113352366,0.5985419163725922,0.6047024241566761
1,0,1.3570735262535005,41.04189642977841,0.5910689847342567,0.5967808339010533
4,0,1.3468947202433548,40.50253029902062,0.5824164025600973,0.5735769081744013
3,0,1.2045270203349148,41.40198685610559,0.5825299554064611,0.5839904402817961
3,0,1.373846083179051,39.847283587032166,0.6067692436861574,0.6255059015713871
3,0,1.0781001154046588,40.12552867707502,0.5817350832266885,0.5786336107190825
1,0,1.1300955856792603,39.90629274269142,0.5837836684823037,0.5746438581150313
3,1,1.29325160204762,38.68460784685166,0.6039894187529601,0.6185795112394903
1,0,1.030255855069647,40.293133913660064,0.5882736963858775,0.5939605185880017
2,0,1.3567278474948696,39.450969541211286,0.5865440773436452,0.5864489901982701
0,0,1.0987006177066814,38.25311853684812,0.6048210917482283,0.6099180279552416
3,0,1.1048457501045204,39.31954371466746,0.5750536137358757,0.5565313939923284
2,0,1.054557172434645,39.903915833780715,0.5920006255730528,0.5904469118930384
1,0,1.2708584417855113,39.86360058558627,0.5900980925313541,0.5875475215071788
9,0,1.6315096325238527,39.41374906204948,0.5868772511164497,0.5917901272233848
3,1,1.390560434494851,38.497115115429516,0.5919810761240778,0.5960281013509556
2,0,1.1501761991173383,40.15026894824844,0.6018484939748705,0.6065622414784029
1,0,1.1261468840685653,39.113415664735875,0.5912838112305929,0.5888596476487864
2,0,1.1523290517017664,39.35365699961776,0.6000178943182916,0.6095866861149977
2,0,1.2616177931326533,39.06083475602602,0.5952953174252462,0.5990732448056075
2,0,1.2572821322978178,39.101566925083574,0.5979685604968715,0.5978887637004039
3,0,1.370312734179,39.61296898140012,0.5868729941446404,0.5790543250302198
2,0,1.1364320809253154,39.432911710464644,0.5975275354932967,0.6027467526058397
4,0,1.4076063018489187,41.01442026148114,0.5832065542048062,0.5825789533982861
6,1,1.403769145689357,40.29976399649631,0.5834196842248756,0.5826019500371338
3,0,1.3679622766368318,38.80561322447254,0.5945629113769437,0.5911723956591686
2,0,1.3205384489449798,39.0722818011773,0.5839806159079768,0.5782775589751585
2,0,1.2094700307180475,40.338774636689,0.5927775127461865,0.594038396057424
5,0,1.1917350268137878,39.06747442761811,0.5790170726391962,0.5649566833742999
2,0,1.2397522395061003,38.99561726175052,0.5953239595716455,0.5944227640472097
1,0,1.1227944315949094,40.40971347346913,0.5939627789439248,0.5926597729255629
1,0,1.1644147705329178,39.23171880640294,0.5955320082946696,0.5986960819896339
2,0,1.2792440512174434,39.53341574791666,0.6013098904535423,0.6009242489203278
2,0,1.2903604638578612,41.425339276775595,0.5894347892887393,0.5876229937635465
1,0,1.2240387915889157,38.94214955568066,0.5883228329977717,0.5844656268358148
2,0,1.1122821082419578,39.76895494095088,0.5965401070499645,0.5971731813722908
3,0,1.1728155545112176,40.27633837328833,0.591384939093325,0.5948281712193528
2,1,1.223262819655263,41.177584104032036,0.5902047181846379,0.5933161784338146
1,0,1.2168209803471786,40.801665218960515,0.5866462018525467,0.5854350029189878
5,0,1.2317149805581087,40.22187452300658,0.5845188211219583,0.5763604748162264
1,1,1.27551945546639,40.04036973035999,0.5983337295683939,0.6041362808644439
0,0,1.105371614385138,39.15012962726446,0.5833013469362947,0.580526024010939
3,0,1.1828267399015195,40.12485801095686,0.5901012327971527,0.5800962791457298
1,0,1.2934417279765478,40.57588858176736,0.5897366078721911,0.5837536017289251
2,0,1.1409949721207782,38.36970221141591,0.5906266070994977,0.5923404400791621
0,0,1.0916116200216834,38.19603468807469,0.594690707852941,0.5960951893445385
2,0,1.2059158535944223,39.62155087942516,0.5890549232131416,0.5861477575081766
0,0,1.095663984260108,39.449109194375154,0.583413205441218,0.5807717939142798
2,0,1.274169359862512,40.141865597467984,0.581432016759287,0.5744282543604018
3,0,1.2889746285943537,39.31575123192221,0.5801621440909142,0.5724956692503591
1,0,1.098672701408358,38.776974063429314,0.5690249172538902,0.5465837090848267
4,0,1.1996498720910618,39.76360779700674,0.5760464634119744,0.5626238643044601
2,0,1.2131676240174727,40.82283746793206,0.5871242400947057,0.5846474468673187
2,0,1.096876188325308,40.25937698111663,0.5946778920395259,0.6018054698290698
1,0,1.1188866489607463,41.01974469158436,0.5954252747001101,0.6005584647181135
4,0,1.3756448060025979,39.56614611585528,0.6083664636290279,0.6239183060448783
1,0,1.190483275562957,40.04147594483379,0.6001547269173535,0.602699778766268
4,1,1.3165092564375425,40.404512648471844,0.587756478591896,0.5811997378819069
6,0,1.2872718406970474,40.38367293034186,0.5816207055386662,0.5821085002477886
3,0,1.1540562984811806,39.45116525815953,0.6085477198590534,0.6219274611979341
3,0,1.2926342139910023,39.391698875293535,0.5981479418371587,0.601016101608197
1,0,1.1655780965454337,39.74507447397788,0.6003640826463421,0.6057432826154534
0,0,1.2100415385618875,39.368474869517534,0.5885548337337794,0.5862346033440727
0,0,1.1684363560782154,38.820670434394444,0.5839637998506115,0.584877958795529
4,0,1.2955352541932534,41.073667551308304,0.5972905827543313,0.5983967760278035
5,1,1.3376868871868357,39.242487723435445,0.5830207392905336,0.5803965984643054
2,0,1.2901513731224232,39.40552257540244,0.5908454973198881,0.581571887058306
4,0,1.2290698830946158,38.11202722802559,0.5968866780379595,0.5991306619803118
7,1,1.4124087093431985,38.84462527537157,0.5952242082262461,0.5906853956636229
1,0,1.1207960862687238,39.499756190857795,0.581822794239816,0.5799098735989738
2,0,1.1161705043237817,39.726623235208315,0.5794578388665735,0.5714116818354499
5,0,1.331157104249903,39.98679663309774,0.5895794116019857,0.5895763870626873
0,0,1.15234685466299,39.21029233721425,0.5900880945392353,0.5920882315649523
0,0,1.150395465834041,40.23450348315687,0.5844348113043629,0.5792747149865247
3,0,1.1411869409728141,40.09162719997141,0.5819529334672288,0.5736258878906942
4,0,1.178448388802186,39.30002985230394,0.5899236357713935,0.5922078474205257
2,0,1.187603291481517,41.84190590919887,0.5805785487375917,0.5695656613987702
2,0,1.2222721742007787,40.34365335120601,0.5773074336407833,0.5669666799616042
2,0,1.260469246103607,39.07178025457817,0.6088021385507671,0.6278555392162134
1,0,1.0721424929125636,39.42974463306391,0.5998494518611471,0.6123960064200393
2,0,1.2158563823756654,39.24487830090241,0.6033533544490451,0.6102953722442117
2,0,1.1937144933955108,39.34875223151649,0.5791900286078395,0.5752492012322502
2,0,1.2746210227141617,39.2900013471832,0.58286151312206,0.5728916181050492
1,0,1.262944506762963,38.566365286555396,0.5895921001200293,0.5880916386153614
2,0,1.1017735878574009,39.011763035870814,0.5893478133485929,0.5862940842523139
1,0,1.21395508263474,39.98730135440963,0.5756121792239093,0.5749863711591228
1,0,1.2635709903324448,39.35106478333711,0.587817432399119,0.5912364411257605
3,0,1.2795082285182386,40.20721773946821,0.5897519409682255,0.5913507576983077
1,1,1.268779121713416,39.39037602262484,0.5753098502808245,0.5602802151527813
4,1,1.3166768659297154,39.72705323044836,0.6077841505489224,0.6265003641786537
1,0,1.2273607011946244,38.158184109197,0.5947199351073689,0.6027999779845696
5,0,1.245244684884906,39.06841840473644,0.5869935825885526,0.5894070180468974
0,0,1.2009238476347537,40.25419266326009,0.5869219730633037,0.5807423599008334
8,0,1.218428881289169,40.32127887354493,0.5741717374256637,0.5535969766547
2,0,1.31453959283636,39.844331070990116,0.5774152885789665,0.5667393820957596
3,0,1.2673556677783493,40.46389134854535,0.5792274835226011,0.5738995372070572
1,0,1.2711692633233984,38.79699380253978,0.601442660620378,0.610034307903763
2,0,1.0571873343819105,38.80909575870236,0.5880807230153331,0.5835068726353159
1,0,1.1314527689914577,40.076386240241945,0.584405356327558,0.5792056293774701
3,0,1.23804024542467,39.445543452774565,0.5770896619381338,0.5714821676514636
1,0,1.1025978019928098,37.80923663228846,0.5761813771917854,0.5681431673251975
1,0,1.1519709426004274,40.390698957913074,0.585559360131207,0.5841621190867796
1,0,1.1383794747047078,39.735501658454474,0.5810051476702669,0.5795931111835526
2,0,1.1670821892047336,40.78233054284328,0.6014025269365905,0.6073859018330037
0,0,1.241023807563423,39.96739922469368,0.5861877903336116,0.5855780832496261
3,1,1.285222081682261,40.014428901906875,0.5803916764622115,0.5630926429329618
4,0,1.2249191229036738,39.96236335188736,0.5799623242628347,0.5737804064791432
2,0,1.2961010107451783,39.332204602404616,0.592047666536136,0.5950896070979146
0,0,1.0874991959476472,39.91772079419804,0.5900941122157737,0.5816560245591293
0,0,1.1625700654294444,40.384061467929314,0.5991872418456272,0.6031878434022357
3,0,1.2046455620399994,40.17772180488927,0.5968987887772361,0.6037941083194457
2,0,1.170623309475839,39.635316018724595,0.5902954702508565,0.5932617844101645
3,0,1.2920870564170621,39.404797845457395,0.5834669068033335,0.5832621949264936
3,1,1.2316018123606214,39.53249863873196,0.582462918465123,0.5794751480799971
2,0,1.1871894568436814,38.58095087676241,0.6067805363794072,0.6214958801713522
3,0,1.3398943401917922,39.70563192138001,0.5835982640917405,0.5656955731637054
3,0,1.2058903305234767,39.814733377451674,0.588845541378803,0.591480156102552
5,0,1.2142568175152169,39.59181654955146,0.5846967026187754,0.5766259763395847
1,0,1.191212660894438,40.089447796972046,0.5767955192608442,0.5685693033803144
1,0,1.2128897931346292,40.01267812512799,0.5834161412276158,0.5755842108712439
4,0,1.271395372002708,39.88203777320349,0.5987833781332885,0.608682161192659
3,0,1.301653236034435,39.86063054778365,0.5875335474988032,0.58715071319122
1,0,1.2448026782101296,39.534127011315825,0.5885595380661658,0.5880411740166365
3,0,1.1978443694250807,39.47865140530704,0.5903968684481723,0.5964371777132398
4,0,1.2030951167033221,39.01807704116527,0.591189593519797,0.5870900406699818
0,0,0.9651082329906743,38.32398371618382,0.5891800845115456,0.5853205934514514
1,0,1.1521306732664307,38.70098967735104,0.5955265001471493,0.5988497586420071
1,0,1.2575013934961803,39.1465364087773,0.5880352628588607,0.5932504974837005
6,0,1.372096256785523,41.11254072312731,0.6085099116797016,0.62512619069791
1,0,1.0733319169291748,40.27114904309135,0.583118410051866,0.5761580019365247
5,0,1.3173225604987489,39.40995641750272,0.5835732744311269,0.5751160410832323
1,0,1.12191775408541,40.166208775953116,0.5833123298216842,0.5786897108621053
1,0,1.088462036876845,40.46691260331523,0.5964719491407702,0.6038282678123247
2,0,1.1249127866955453,39.61183926822467,0.5997747663867703,0.6075655504744908
1,0,1.1341580021991688,38.515574194778445,0.5792897676224896,0.5689949785264334
4,0,1.4163860219165585,41.27422174344792,0.5870355034675743,0.5877504194281558
2,0,1.258938234989394,39.30927484951404,0.6055354282996079,0.6150940114793695
1,0,1.0724224438961685,37.99360043158019,0.5961063571171783,0.60448130752117
3,0,1.3256997396642625,38.32032896680079,0.5878790502501827,0.590455723832569
2,0,1.1381165304829477,39.67358724001723,0.5921338027204834,0.5924001430018396
3,0,1.1613837487599734,40.33069143100996,0.5995583972848162,0.6103070107899667
3,0,1.241433664037273,41.335215874779905,0.5782734957073136,0.570694121325793
4,0,1.3133958256157663,40.098146297700254,0.5853480655537118,0.581055269385342
2,0,1.25368691054665,38.716291138806284,0.5848496203792662,0.5790229480611044
4,0,1.1548887773098917,39.86654373206957,0.5863331541091533,0.5912898646858311
1,0,1.1511284911156532,39.62661723078041,0.5674000835503392,0.5490133967331047
1,1,1.1820901795214664,39.97787111008415,0.5948255711903636,0.602472260673613
3,0,1.2594666291777286,40.168606241669956,0.5837642949279105,0.583854929674172
0,0,1.0720855813392736,40.36965567315636,0.5865452311333184,0.5821033003853631
4,0,1.2877506466506465,39.58830878858836,0.5864834786621094,0.5855421505296126
2,0,1.0968887900542506,40.65706356817117,0.5871759620601897,0.5869974726872207
3,0,1.419946484184568,39.41313230411468,0.5875200940335301,0.5830756313620524
1,0,1.1799127890092465,39.990482936798124,0.5970840379387095,0.6058217800321561
1,0,1.1988237585453785,39.76556862498196,0.5919220382338803,0.5904349227589005
2,0,1.1348029386815495,38.86819680153707,0.5817831246943915,0.5798700583271635
1,0,1.2816799649317137,38.78255029117288,0.5922060944740137,0.5883325003588403
0,0,1.1879053652794835,40.36089336081652,0.5802891281941118,0.5659455090582224
1,0,1.1904396007530185,40.11548394580375,0.5856839932559781,0.5848415331246781
3,0,1.1880899178126403,41.134918358989445,0.6010262023152315,0.6083464013286635
3,0,1.2070804434595512,40.48693006854139,0.5967655162000174,0.6086589679051433
2,0,1.1348566502280266,39.76849953127517,0.6007120739368232,0.6136546448283993
4,0,1.3156002863934204,40.00910065995924,0.5784357087466426,0.5644448650009213
4,0,1.094139570361256,39.83710720487306,0.5896871933315562,0.5890895118650661
2,0,1.1694399429906566,39.44712794282712,0.6066686844494729,0.6187234237923291
3,0,1.2631382415432966,40.565605716065065,0.5783883856450389,0.5725000838985173
2,0,1.2205976014348436,39.882620153434914,0.5899537560420565,0.5947647801405873
1,0,1.1608686954152188,40.181271039886305,0.5816067167526091,0.572378057175416
4,0,1.1517459776110095,39.74536389570736,0.5978074484519977,0.599951270781202
2,0,1.2901502522009816,39.535608764145344,0.6108971645462178,0.6257337108938085
2,0,1.249390141179825,40.21022138808491,0.5985403330725751,0.6071284168048723
3,1,1.1720301149085874,39.828752206466646,0.5948283981952407,0.6028004894923265
2,0,1.2497325712481784,39.83403543987152,0.5929888115640396,0.5938733613026925
4,0,1.1381743533513047,40.074318752769436,0.5738729524516646,0.5575036215952502
4,0,1.3838526860658258,40.03787197962501,0.579938657701879,0.5733086624850185
4,0,1.3140630545912997,38.723982164672776,0.5688852907544968,0.5494053151349492
3,0,1.3169361415671335,40.48394774543541,0.5969316042729845,0.603696772422109
4,0,1.2474202045418445,39.94465541224387,0.5858242455001426,0.5860190772547607
8,0,1.5238399212638485,40.74461929463802,0.577044268066444,0.5560522835597019
2,0,1.183939035453404,39.84358582405427,0.5843808490195997,0.5785633418126397
3,1,1.3463213512242527,40.03237759325104,0.5850109798096372,0.5821324459166098
1,0,1.0296548459226422,38.52600051045064,0.5925662509391072,0.5958097662111506
0,0,1.2752869498471828,39.71935542552084,0.59339183583482,0.6016690000743519
2,0,1.077774936648003,38.88813074671694,0.5940311817583744,0.5951078762275397
1,0,0.9797958754350516,40.43530412432674,0.5890668595622233,0.5823434655894957
1,0,1.304238785803017,39.33471791911383,0.5877488576973056,0.5902834372143066
1,0,1.3013508616029474,39.53786154806074,0.5901353471052806,0.5897141198096394
2,0,1.1553345001965738,40.22528220319537,0.5961480259597927,0.603244719974035
4,0,1.2536189289271984,40.65693036100308,0.5938624655529485,0.5960135071133452
4,0,1.3277611607311453,41.005551272529914,0.601954192137117,0.6104404793605132
1,0,1.224367179392975,39.91053986805071,0.5740577966236411,0.5655436006542607
2,0,1.2427228274750537,38.97976513263659,0.5905259989855591,0.5853677656394867
0,0,1.208632148540532,39.56395466299296,0.598551107151686,0.6010652238315064
1,0,1.2290595974378604,40.00871513460825,0.5715858967154479,0.5546208591908586
0,0,1.1167560685943647,39.35670899385049,0.5870343652715234,0.5821510892791393
3,0,1.173079789952808,39.449557064968175,0.599910180761787,0.6047763254603993
0,0,1.0884150956365963,39.27927202410433,0.5858720498845289,0.5908480489453565
1,0,1.2038150121968594,38.61400148265071,0.5904777363942584,0.5927734535402871
1,0,1.2194175049305398,40.101138448189225,0.5883730310914964,0.5907598790047042
2,0,1.2662520658762966,39.928003505876944,0.5971744475292032,0.6011222495151114
4,0,1.3632188742141078,39.46289368529571,0.5854995395959142,0.5755765267158424
4,1,1.2685952431425347,39.42065300351225,0.5975418885263686,0.6057659131290412
1,1,1.1971749201915962,39.95146565866953,0.5981313505154298,0.6019538862670778
3,0,1.2185578040809566,39.637613003009484,0.5918500438837572,0.5964079971439394
7,1,1.3557677060671809,39.683530141086344,0.5706405602766467,0.5602498617725922
2,0,1.228209860095018,40.23722690329461,0.5913352030872775,0.5971943238155473
1,0,1.1541116479498617,38.01600623017121,0.58823135848346,0.5848499499040666
1,0,1.0843072479431997,38.97049023090505,0.5946734008299288,0.5946150517926079
1,0,1.1383853922845195,39.70195325183463,0.5797896915895158,0.5710670788802675
1,0,1.199786865309559,39.858000061918816,0.5854206187105194,0.5754598083209278
4,0,1.2617857139474427,39.32999699110784,0.579104310506616,0.5746443965271244
3,0,1.2369555425151,40.28381994885228,0.5813211233866278,0.5715380101332903
5,1,1.2338238796995145,40.15229945092557,0.5694398312844784,0.5542199166036057
2,0,1.180494155975087,38.30602145694812,0.5900129690091074,0.5947779478753115
0,0,1.0639995176976207,38.472565574860454,0.5912378982583647,0.5932403777493143
1,0,1.1080864741072385,40.91256254173258,0.5885121414300079,0.5891343921053489
2,0,1.3313980950356228,39.29654418032541,0.5903932297398327,0.588356103771035
5,0,1.3221732877034928,39.87075745693347,0.5833219243183341,0.5718549665254222
3,0,1.2967008051009807,39.34199486682173,0.5738668809695124,0.5566396268158913
5,0,1.3227635639979165,39.44479728853688,0.578441022061394,0.5675207191656025
5,0,1.3158939865749915,40.73718098484661,0.5749974922190735,0.5546936054506262
7,0,1.235816466954232,40.81240561526448,0.5827881600129202,0.5801991043216643
4,0,1.288677461536213,39.85636634923686,0.5768670177422955,0.5589497149537721
4,0,1.182474056642294,39.33962603235355,0.5795498133284966,0.5719952262114076
0,0,1.1353980749544814,41.02649808048504,0.5865164336507753,0.5827718360620759
2,1,1.2302371613110277,40.632319752953194,0.5847164244385368,0.5862412549478955
2,0,1.1468711171804442,41.17163758304561,0.5928779422328249,0.6003230788929459
6,0,1.2376140574375765,39.592287356174815,0.5891609812157124,0.5933893028846952
1,0,1.1735842157383338,40.00618055533306,0.5754574494987126,0.5679266055892273
2,0,1.1728716015172638,40.16821539179784,0.5957233258824111,0.6014321054235767
0,0,1.1682956637596134,38.683221536071954,0.593517245675887,0.5951508193120981
2,0,1.0995012178866712,38.30260755551023,0.5877307465696622,0.5820764526596204
0,0,1.1659161506253557,39.43541505435893,0.595393592180069,0.6021714605355167
3,1,1.2367693421017874,39.41074526336098,0.5916804282558839,0.5909871727101443
1,1,1.1504852476398422,39.05144469832518,0.5779943596135594,0.5646772684126085
5,0,1.311446318273177,41.034285963773634,0.5946290556429153,0.6025051010585498
6,0,1.3582671839692801,39.256153179870836,0.572208105249846,0.5564204461666051
1,0,1.2900832529506108,40.40420005707761,0.589637799112114,0.5938122463115723
2,0,1.1295911251634911,38.4378272409789,0.6047500946467255,0.6173947109466182
2,0,1.1582831143800558,40.8700640300363,0.5870969596858123,0.5922416788926947
1,0,1.1505284362360853,37.704705633088494,0.6036951209103961,0.6139015392413338
2,1,1.3583631415529254,40.13008798393294,0.586022912155504,0.5755115407506666
2,0,1.2790281307636073,39.904686729027496,0.5899674408653373,0.5880713940125322
1,0,1.1605076624826771,39.451673422186,0.596473599955146,0.6043827778482223
1,0,1.252204959250701,38.73606698313422,0.5894204874017541,0.5872913627919087
5,0,1.3152405459145056,40.384690907994056,0.5896036712139935,0.5869316450845784
5,0,1.224458339944498,39.781462049043625,0.5939675744573365,0.5943029048563786
7,1,1.381990388012093,39.6232541098909,0.5792445184352297,0.5708930726683836
2,0,1.192790323256189,39.30324315250376,0.5891865714459339,0.5902904819685018
4,0,1.3149097892769004,37.487665067435685,0.5980801621476941,0.5989152511498939
1,0,1.1090594882718143,39.09378429452028,0.5890924803399871,0.5847959668296503
1,0,1.1505191028963029,38.764254071144144,0.600246987804871,0.6071657018559395
4,0,1.3170865273863148,38.70750464621595,0.568276953196889,0.5416964572716807
0,0,1.015930117126404,38.25697016292984,0.5955882323500761,0.6053502965484724
2,0,1.201836280110456,38.66673507524043,0.5857576216452947,0.5796844791884437
3,0,1.100379911042859,39.94800902708878,0.5909564519557285,0.5943491379527981
1,0,1.0725668187510253,39.88921258582272,0.5896854183550364,0.59471992701405
1,0,1.145420772936345,38.988515249620036,0.5778361958628202,0.5690751322201819
2,1,1.2345390005026589,41.475865790104926,0.5796639529009837,0.5734464532044651
4,0,1.3608760324303872,40.134508177533256,0.5873689058831437,0.5713552555021565
7,1,1.428828785197938,39.301317435305116,0.5828706422030057,0.5839780969583239
1,0,1.1701146373332623,39.409704952597124,0.5803111185124048,0.5763284214227948
2,0,1.3405509184147297,39.998583199865976,0.5853488575046275,0.5899290514316246
2,0,1.150500977555541,38.74987122073021,0.600745376155541,0.6104283496192684
3,0,1.307849397306127,41.03230738235729,0.5776365229650897,0.5675672435874901
2,0,1.0833888947551853,40.00116994249303,0.5844637767368999,0.5775929415462877
6,0,1.333688257017155,41.222755135416065,0.594670218799022,0.5929352402033783
6,0,1.2762756313371406,38.99303237044774,0.5985427599547015,0.5989566917467279
4,0,1.369488037960398,40.85708257596845,0.6020019327944042,0.6103103757161159
3,0,1.3189943793132144,40.34601029604301,0.5830288633250678,0.5774999614315454
5,0,1.352731662632569,40.2971231401257,0.6004045257861058,0.6075668863224724
1,0,1.1813912449715096,39.97671529150622,0.5865297962605294,0.5780241246340022
1,0,1.0868396591269762,39.33063157272312,0.5882057256462566,0.5858248646384967
2,0,1.1211750340800344,39.47267361403781,0.5876210867180083,0.5834153075938102
3,1,1.3153680088918283,40.075282590028884,0.5818626493203992,0.5771387353198179
1,0,1.2521594582698274,39.823851124994015,0.586832740302804,0.5760743972991178
4,0,1.2691117011176634,40.60165409101012,0.5849684908215267,0.5887992137287597
3,0,1.1735868402258283,40.10190834073531,0.6060190275695072,0.6181844405008168
2,0,1.1524270248230535,39.97820050850114,0.5912638353517088,0.5922398838354874
5,1,1.523282510795666,40.31894981329878,0.590118671701143,0.5888681486896253
2,0,1.1856824740758325,40.388672048753506,0.5830773230577319,0.5778033709363357
2,0,1.1357516639109033,39.27387759743396,0.5831389065422042,0.5729977376562316
3,0,1.169160108975031,39.297766078030214,0.5942999441150985,0.5966502361460875
4,0,1.2576660007092164,40.996648507166356,0.5921204663405691,0.5930347783321508
5,1,1.2744813469913026,39.860406627436554,0.5886538538783064,0.5958615429272887
1,0,1.109759956499333,38.185383146285325,0.6038634194453047,0.6107517703710867
6,0,1.4132006988291068,39.50338821704793,0.5703733748360122,0.5549809525153511
1,0,1.168899441218579,40.03295883117782,0.5815105350655057,0.5732907419848166
2,0,1.2306412011257057,38.928613533848974,0.59079421343739,0.5892425711784771
4,1,1.288271264742195,41.53284229045847,0.5888902604057138,0.5949919457589017
3,0,1.21738234397408,39.88160332034249,0.592256954357814,0.5889166509322628
7,0,1.2914562147615876,40.83598094641013,0.6028394034921474,0.6164741914788109
3,0,1.2698800499367326,38.93112928617124,0.5883737938696996,0.5897449482863859
1,0,1.2865973086679379,39.5442003010102,0.5874775624938613,0.5812954942891724
3,0,1.3304329459445565,40.78599272584997,0.5953857445958797,0.5961793730180336
4,0,1.3770575342147997,40.0126263716999,0.590830319285484,0.5878735371362187
3,0,1.196995642550818,39.80498033612145,0.587864254418653,0.584820468316515
0,0,1.1744695464405075,39.256963098472184,0.5914226302965531,0.5942334328010852
1,0,1.2197552726628893,40.4252746268413,0.5977554592767951,0.6008572673552136
1,0,1.14365101112008,40.70077598425685,0.6003153845305729,0.60930298604596
3,0,1.2962548874511215,39.98863335003639,0.5799753752618827,0.5701862346740196
3,0,1.3090797452013496,39.54465630628165,0.5849452001625781,0.5809151128571429
0,0,1.0630794777007677,39.39959206714199,0.5986485908113205,0.6035819986477571
1,0,1.2303841309493515,39.492218217268125,0.5899123811256042,0.5847075493880725
4,0,1.3622320756336088,39.06574093733166,0.6096927207481955,0.6209166312083046
9,0,1.4487809788143335,40.67338168256794,0.5745778501979315,0.5607823577177168
3,0,1.2114070779606059,40.799744248123595,0.591718661928891,0.594160784613257
4,0,1.3233041240721575,39.60834055356464,0.5737944497980028,0.554801051982608
2,1,1.2825219002227692,38.32387232087816,0.5983891922626835,0.6033876826457214
0,0,1.123024648702977,41.63792033737166,0.596724163767563,0.6000635824316872
2,0,1.1563055841179923,39.77832506338478,0.5853408870740966,0.5769834744216724
3,0,1.2066485702782832,39.55819798598964,0.5888995366369338,0.5969906373130852
2,0,1.1329194977829584,39.44573347484804,0.5859581363885322,0.57977866864883
2,0,1.2626214690248703,39.53875084465868,0.5822234316042421,0.5798905389320532
0,0,1.0350114881430528,39.53135004318715,0.5930860450340605,0.5952150443649403
1,1,1.254815491279292,40.20067187416212,0.5764130542225665,0.5641049105058906
2,0,1.1617405610703704,41.15678706519087,0.6000446901330267,0.6115152868272056
4,0,1.4026236247604575,40.314200987712454,0.5871031545598353,0.5836876756334202
3,0,1.1439652514764056,40.04638762384558,0.5877010335519028,0.5835993954788299
1,0,1.1251609723260343,39.936082991319225,0.5820276873379151,0.577028349806713
3,0,1.2895225130046852,39.95970736315695,0.5780558629381056,0.561351548758305
0,0,1.1645872155906822,38.80214699881223,0.5986526537737094,0.6138197474682788
2,0,1.2855729271852636,39.80906666988194,0.5694476539211211,0.5508872456699864
3,0,1.235666098584537,38.16618580440681,0.5894006122028167,0.5899472218946625
2,0,1.105395900422309,39.31472380331152,0.5844455462236022,0.5836709711273709
2,0,1.2516639037369817,40.06617935451312,0.5829028136621626,0.571051369991276
5,0,1.364101350299985,40.465355991379035,0.5748664971370466,0.5674569544152346
3,0,1.1886675205858968,40.3529541808475,0.5729777801863198,0.5608942226248916
1,0,1.2187032294689066,38.418155916184304,0.5964619808553944,0.5997917509557431
2,0,1.0642341985898405,39.88689715193507,0.5850918047701745,0.58061729247831
1,0,1.1577327537752546,39.258621345899854,0.5827827441701643,0.5756926887903813
0,0,1.1944939205891223,39.600992213290986,0.5846833527365123,0.5785245990505141
1,0,1.1033537702826128,39.90421643694441,0.5848216503431858,0.5868964423693561
1,0,1.294412242631818,39.56959244464476,0.5875113299892217,0.585868664803878
5,0,1.224607578670102,40.36538700745639,0.5734549857367617,0.5527920388437644
9,1,1.4709867056690102,39.17446982728905,0.5910817414221115,0.5908343817683968
1,0,1.084300216683994,39.316383339019055,0.5945609572259183,0.5986447538588611
1,0,1.1830501538237903,39.652375718054,0.5959589732655599,0.60381573765266
2,0,1.3043379964877273,39.36100361067598,0.5973152377927629,0.5943564090263345
1,0,1.2333345498030261,39.42158269062757,0.5961291272479338,0.601956128404606
2,0,1.2021336875971318,39.08129291878528,0.5858017464791283,0.5794762877274049
2,0,1.18964943121018,39.808613724756306,0.5919550861210326,0.5916500510871223
0,0,1.008770523022502,39.12351032570712,0.5918516775438458,0.597833981634371
2,0,1.234641842389528,39.119525857108705,0.5868285560862463,0.581518484617555
3,0,1.1846131361197456,40.70222910353174,0.5965161724904726,0.5982884063421967
3,0,1.138207483432677,40.358920120457455,0.5835860153753185,0.5825643422632893
2,1,1.1320791664384833,39.7589096422962,0.5904942301030286,0.5923604091733715
3,1,1.3780134180950505,38.4681456509078,0.5872503450389559,0.5802361764412463
3,0,1.1993724946477704,40.372554544726945,0.5993426147839329,0.6092228543373183
3,0,1.2523242328885411,40.280338953729,0.5925551912958218,0.5889271034861894
1,0,1.1011165018178362,39.722031990879856,0.5888539000175492,0.5856809036052703
0,0,1.055870887360129,39.22303261752146,0.5843920962569333,0.5781058667651267
1,0,1.1935284165775004,40.050070827194396,0.5923792341866574,0.587236473358987
0,0,1.1670336392036451,39.12866944524933,0.6085662576957533,0.6204523738771615
0,0,1.106774635401827,39.64603146326719,0.5845548233358036,0.5791054765000281
1,0,1.1596119495021853,38.5416468175972,0.6053345535194109,0.6099507048230768
1,0,1.1447177324327622,39.28045285611568,0.5783766017017852,0.5749570276137443
1,0,1.2104225482567903,38.829220887467955,0.59924227173815,0.6074839832469645
2,0,1.2596557736327778,41.29579314516457,0.590196838851587,0.593348105770177
1,0,1.0782494997376122,38.951618234541264,0.6003957478125843,0.6058051056308851
2,0,1.2362595837661705,39.46563974313613,0.584657025550295,0.5798868864724298
6,0,1.2466078948849773,38.962494311656705,0.5965196950035245,0.5987523170002257
2,0,1.2710675510062142,39.067474164669214,0.5878209864837134,0.591292401816963
1,0,1.127741863260792,39.82268316423681,0.5875032104523942,0.5871051423273679
1,0,1.177293396724368,39.5640551808266,0.5853350255012029,0.587764607847997
3,0,1.2152612669385496,40.027046543011345,0.592736788265024,0.5915665621013444
3,0,1.3070811295173637,39.70921896348314,0.5799328759332631,0.575531121877544
3,0,1.2173061250025923,42.04721502195207,0.6054163801624379,0.618481099729071
2,0,1.2382506078624653,39.45820318195214,0.5825575792386428,0.5783268381397477
3,0,1.359360550331031,39.63244679884779,0.5894606599778673,0.5891141691897914
4,0,1.3783084773493761,40.72979650279844,0.5769215340247511,0.5682419042957583
1,0,1.1498274095366625,39.05409731795879,0.5902162137909364,0.586966268802985
2,0,1.126930965457694,39.41035996439947,0.593862404412629,0.5911053277084227
3,0,1.3838106919091562,39.641009485912846,0.5818799711295948,0.5775406186811793
3,0,1.1217519390331705,39.92560635339739,0.594164978947761,0.597906272221618
1,0,1.2420247271324856,39.08864775233853,0.5864127222332115,0.5820784408818733
3,0,1.2263313472606174,39.894061850777604,0.5936756235983702,0.5902995505255146
1,0,1.1476906119305217,40.05117563886373,0.5798232090652249,0.5732312001167117
3,1,1.3419686445328354,40.167412752100375,0.5923272411360465,0.5947028671336244
2,0,1.2687872010140844,39.775485702406456,0.5820853989945365,0.5734900156161395
1,0,1.0726079772496353,39.40023610773393,0.5817547428646168,0.5690619661824137
2,1,1.1943594049346467,39.65845851088403,0.589243799875028,0.5840493589360729
1,0,1.0964439322906252,39.45050764318685,0.5841584315267125,0.5815436394958624
3,0,1.0476653273348406,39.0573553387592,0.5808245191458653,0.5749118586108612
2,0,1.2001131229081743,40.84339974631337,0.5834279067311444,0.5816887816298998
5,1,1.315666031223897,39.949137557804484,0.5866643501310731,0.5772699986361078
1,0,1.1282338151569034,40.15493163666115,0.5815887681570973,0.5681430597339834
5,1,1.4028192023656891,40.286570964481804,0.583724177230617,0.5810378311941036
1,0,1.031939382801067,38.42215825657469,0.5867677660768398,0.583839774380721
0,0,1.236799219588892,39.87406251326687,0.5950664080544303,0.5997360537851868
0,0,0.9739817464300796,39.38406134345672,0.5943093121781535,0.5997729482330565
3,0,1.1637198391875243,40.56736016968829,0.5750914440309876,0.571717560936013
0,0,1.0740945699349904,39.46282002124484,0.5909941580122217,0.5911741725430384
1,0,1.0968464334537356,39.20136816665687,0.6030522137331166,0.6158068292641261
3,0,1.2936064272830174,40.85646754124157,0.5755215695351285,0.5655757595491012
1,0,1.1810997031332398,38.49867674151896,0.589118228256805,0.5892416793010313
1,0,1.1422261833072425,39.19036598762112,0.5974106084793394,0.6019606463277962
5,0,1.2834581154522624,39.433083105260515,0.5942192794937035,0.6014808225251989
1,0,1.100748756552852,40.55186379741985,0.5930198250003604,0.596597543538069
6,0,1.2493283513908868,39.43331362010334,0.5834919911668062,0.5793682048393989
5,1,1.3289531092088371,39.26350589533358,0.5798207115233915,0.5595058599328081
0,0,1.1134232056076794,38.55628565391144,0.5814349260796936,0.5763881175919976
0,0,1.2042633701235335,40.69671174131331,0.5809968807616357,0.5666907100422225
1,0,1.170618448256459,39.256579647548925,0.6024451262091182,0.6056413999092715
3,0,1.228392100337771,39.86465959406481,0.5780722576674183,0.5673965980552231
3,0,1.222155202877894,38.36759048830189,0.5872255036423153,0.5844181354817752
3,0,1.2845329932988487,40.084315149685914,0.5879217894246869,0.5789482840397338
4,0,1.2631336096600136,39.93268838092666,0.5803925303558675,0.5751316329934006
1,1,1.1817089252674715,40.39575058484637,0.578093850378583,0.5720309253052295
2,0,1.1181709470254904,37.81401188652048,0.5850997931254833,0.5848217642878308
1,0,1.259966247408269,39.5600203783459,0.5917209119695999,0.5979616205149592
2,0,1.1619860487427043,39.276663315844864,0.6037930751727539,0.6123761788272777
1,0,1.228213743651081,40.26921636368179,0.5831641122978382,0.5775482726986938
0,0,1.1079252954653502,39.18341802276652,0.5838435581462189,0.5789330300594329
2,0,1.290410579272099,38.66891322247446,0.5874344468756505,0.5836157328132974
1,0,1.088722065076123,39.134532746923036,0.5929797474741938,0.5937805948342546
2,0,1.1502934572692352,39.16053583139754,0.592144529419097,0.5945089174628909
2,0,1.3225338196905247,39.68399738743907,0.5794325542206906,0.5775345114833714
4,0,1.2326103264738966,38.13032564022929,0.5794951207049267,0.572490068498189
3,0,1.1677039412224053,39.81818091612108,0.5796888497069146,0.566777256681228
1,0,1.1662795688173662,40.12770467635737,0.5750740279554469,0.557323978397173
3,0,1.2033773476261547,41.16523653089408,0.6026668525631658,0.6163093653506128
2,0,1.3303922120677303,39.155318620866076,0.5953766744609991,0.6042173035728005
1,0,1.1471079564242257,40.40380222738441,0.5893152216972652,0.5929327868916157
5,0,1.3088165158716203,39.58102304685633,0.5768110555310189,0.5672184885625511
0,0,1.1305466214124529,39.08138220587936,0.5939129839274937,0.5968957678014285
1,0,1.154306789095209,39.87913693986764,0.6016810072300024,0.6114539696138839
4,1,1.3482316357139708,39.83528673613972,0.5800448130151458,0.5699397249264493
2,0,1.210522371277226,40.49583520101232,0.600077435089486,0.6046102373221383
1,0,1.0723625252442062,40.06265960385971,0.5802666889043471,0.5710038884560882
3,0,1.3475179883040385,41.0431683381815,0.581893057536627,0.5808548998718501
1,0,1.1409297283885522,39.281098673425554,0.5834761964593612,0.5779998158291643
3,0,1.1806172983599692,40.24595943435594,0.6092978116395005,0.6314603616701429
1,0,1.2794458616473583,39.97059900243981,0.5983938495700838,0.606295252255729
1,0,1.251585763879932,38.489636592163464,0.5860295885493019,0.5824992289264858
9,0,1.343348619877057,40.34359237964929,0.5733559835527706,0.556741615216606
4,1,1.2458267699974115,39.042219357420564,0.5793417629299105,0.5544977397477105
4,0,1.4493454054912636,38.62925648505245,0.5861421149628493,0.5832157473799753
2,0,1.13224732931404,39.60756347892962,0.5854220026189401,0.5801256485806132
3,1,1.3145191243291374,39.98925808665016,0.5886241487466692,0.594970019734937
6,0,1.3405722770204245,39.467304318363325,0.571505718360762,0.5476960958484713
1,0,1.0683454912265915,39.00231666716402,0.588067115011496,0.5830692540282743
1,0,1.1426240130945724,40.04434348670406,0.5865855254462402,0.580655545386028
3,0,1.2288640405887665,39.914404375004196,0.6002566364991957,0.6127656493592891
2,0,1.2617640719352363,40.23522993902894,0.5935684240278936,0.5858479676214308
6,0,1.2554844174183089,40.214140537955714,0.563621573147181,0.5345138696902136
3,0,1.244794526776067,40.085567444165136,0.5980308400374568,0.6060107629375081
2,0,1.2014322433337699,40.08721609320347,0.5922785610410921,0.593700114442278
3,0,1.2173191747697323,39.77744199578517,0.59790109656854,0.6016217746723869
3,0,0.9814554088481278,40.18887997743945,0.5901091391859952,0.5946885388608818
1,1,1.2728699668876355,39.46798600532932,0.5892737967395882,0.5853661987783525
1,0,1.2629517029113242,40.69047925961138,0.5880788086216724,0.5858357727356966
6,0,1.1417140236225554,39.33005592266527,0.5905663800448363,0.5935180899845475
2,1,1.248266445303465,38.213218266625596,0.5975571436828264,0.6006961293226352
3,0,1.4195059594226545,39.313867322965315,0.5858870553299533,0.5812758956354938
3,1,1.2727278135927986,40.95521971758422,0.5890280596974135,0.5862008965200385
0,0,0.956543136662651,41.104142065885455,0.5853026765500597,0.5859167909729192
2,0,1.2023170774672007,39.019152341017296,0.5929517431426565,0.5945376221446526
4,1,1.1910832740779203,40.15903165812744,0.5826664118644657,0.5751223245538704
0,0,1.068421266276763,39.48744655563985,0.5891850483073723,0.5899946726317404
0,0,1.1408621055204817,38.76097191457588,0.5937163740079758,0.5925167464936865
4,0,1.1470134970321433,39.5639564256954,0.601634427370842,0.611606277301494
5,0,1.2922646369173942,39.82797950901066,0.5819770061370344,0.5711035084252455
1,0,1.1246242270929832,39.56683857787827,0.5901737805687208,0.5900854014493183
0,0,1.105858194218601,39.62576420564516,0.6023574179452122,0.6127960759608148
1,0,1.171092505880552,39.16104039715962,0.5775206575967232,0.5684815343823076
1,0,1.1533556659387234,39.3226566728115,0.5892201227824426,0.5886438458289186
1,0,1.1444457993116302,40.29162439751286,0.5764390069971002,0.563396956438433
3,0,1.207188290608814,40.15062900617146,0.5821051243724757,0.5795032843239435
2,1,1.3017199177074514,39.44613164273577,0.5825112724407545,0.5664749719974752
1,0,1.160679572486166,39.97031006761964,0.5896117279556768,0.5888486385163078
2,0,1.1413402409547322,39.76438993489627,0.5899678683781729,0.5916054093688298
1,0,1.0179593990484717,40.136280215462605,0.5863771591247405,0.5856602480198264
2,0,1.233814882707273,40.12852419064758,0.5921857787439867,0.5984549041297339
3,0,1.2729084449020927,40.80519652797094,0.5732964467377345,0.5690423872651093
2,0,1.1670051766276315,39.15122346540561,0.5838884556617356,0.5771540981076652
5,1,1.3638461481979285,39.989612329948244,0.5855023088671248,0.5751150434612333
3,0,1.3085834105789218,40.038413835932985,0.573379072059065,0.5580427455377597
5,0,1.3627791873919062,41.11296163405771,0.5719306794329263,0.5583676598566413
1,0,1.133759584725026,38.87298152857759,0.5961671931054031,0.6053703320160058
0,0,1.0173633084803042,40.08536594013172,0.6014073165768,0.6093457507823075
4,0,1.2804236046351274,40.407403263230336,0.5880881987428191,0.5926102926756833
1,0,1.2613152565061876,40.08220554852002,0.5952745608937362,0.6043966668168651
3,0,1.1631698725460216,41.62210474723972,0.5777485137519163,0.5696605992426694
1,0,1.12901815586311,38.64150502297943,0.5980463212124838,0.6034674983223711
4,0,1.2827542043198323,40.85205910138136,0.5749243072810586,0.5628175201494783
2,0,1.1781030219762316,41.49932943503123,0.5997404077735015,0.6069024109109937
4,0,1.265130298246115,39.43301658875228,0.5808962305507775,0.5704255101231832
1,0,1.170842773502547,40.02037823658577,0.578201194257679,0.5731132977194685
2,0,1.273605169684011,39.43094313257496,0.5735644744607106,0.5526514438339596
3,0,1.3392767282595157,40.409443587406955,0.5940010565518056,0.5906624084195904
2,0,1.2934440676959964,39.44456817142282,0.5945411899150295,0.5968618577899946
0,0,1.069495229684169,40.12988209902111,0.5820763512935341,0.5769685978720009
6,1,1.3206502219389822,41.211153609480824,0.5878357426771692,0.5903669272047523
3,1,1.183322740120312,39.99083513103333,0.59306126385208,0.5965128556163382
3,0,1.3216794492249173,39.92443536017881,0.5898599009807306,0.5873098126681593
3,0,1.1368201435723166,38.47484704692883,0.581511550521269,0.5692815748467548
4,0,1.2718394584585497,40.08861195139368,0.5903112298522155,0.5892283513788183
3,0,1.171247993480206,39.17945507638638,0.5988387090404379,0.6076958244227924
0,0,1.1015476907022264,38.34016133996235,0.5808961545885875,0.573857987843901
0,0,1.1206567253609576,39.9639223629487,0.5957921062331443,0.6006822942431302
2,0,1.282358631064462,40.4263337265762,0.5932181758647741,0.5939245705546459
3,1,1.2372427929367413,40.17848044819628,0.5916509626876727,0.5931149046136334
2,0,1.1302177921997643,40.795884340335775,0.59375536851624,0.5951212538008579
1,0,1.2508482626034123,39.38785628787823,0.5971092984469062,0.6028500019134457
2,0,1.3219887433191426,40.45653952050783,0.6004781295679371,0.6044904511561503
2,0,1.2532220769756317,39.75043007966386,0.5794603106556214,0.5697706037554351
0,0,1.0874292705660082,39.541799499356735,0.5849332310676939,0.5797594314573067
5,0,1.1267233899721427,39.68376136778738,0.5969174890348419,0.6026110151902198
6,1,1.4224480562952995,39.69639795961276,0.6117279282592532,0.6346645677435692
0,0,1.0954812345520655,39.78563750073074,0.5959287427019753,0.6026717944304921
0,0,1.3092932550051704,40.00861837337306,0.5913150122535866,0.5914067751491721
2,0,1.224130992137096,39.40096922312307,0.5799359869048171,0.5691657809373227
1,0,1.1707616422453078,40.46270316534959,0.5936455160994689,0.5890718296572537
1,0,1.0815755754525775,40.012246400214636,0.5869013865968187,0.5821671897514972
2,0,1.0578175975256676,39.502667935306945,0.5828239122762497,0.573390113733135
1,0,0.9021214507372396,39.445451991779045,0.6029966027723679,0.6128515647631511
2,0,1.2642051541827244,38.187829945319606,0.5835375710107876,0.5755279827598851
4,1,1.3602330061431323,39.63611449300174,0.5730820930506693,0.5625336339517887
3,0,1.2573979156761035,39.85914337774149,0.5823477385234079,0.5778637821938764
4,0,1.1967650620579273,38.78698789284763,0.6020054970698377,0.6132057886787162
0,0,1.1759643031267255,40.04043716182781,0.5861368695757607,0.5804802552171171
2,0,1.1905262676056205,39.73843065701983,0.5861749429108121,0.5835052937445868
3,0,1.1393686604767712,39.10832240281971,0.5954427612871787,0.6003110244644502
5,1,1.3596742426524129,39.59264257614015,0.5990714347333935,0.6055581872715283
3,0,1.280317252810222,40.03446810091303,0.6042821605200911,0.6151438353752843
2,0,1.1927701235251975,39.16139737794897,0.5810061023354876,0.5658903741436037
4,1,1.4297137564224591,39.948319221831085,0.5872797628050592,0.5861423497556701
1,0,1.2445045095353164,39.003799401246845,0.5755711058717137,0.5627805357698241
5,0,1.277252643286521,39.91454365612627,0.5963982114856086,0.5956749326436708
5,0,1.2843549064954336,40.40682455680808,0.5812557587196435,0.5813107359726422
2,0,1.1989846882468504,39.034041259487104,0.5912651121721082,0.5810941353289242
4,0,1.3038702055814952,38.467114615633804,0.5751704410753593,0.5629867168486832
2,0,1.2014937583513796,40.77926044235478,0.5792845417406829,0.5662327635676448
7,0,1.3622198764963422,41.32939939974144,0.575305170260314,0.5603962414792983
1,0,1.2166600364075806,39.88223389716633,0.5839123868325728,0.5844476628658977
2,0,1.2695207256601229,39.40551113917322,0.588723466912202,0.5871200976399223
0,0,1.0744601582609836,40.086765974040816,0.5918656389935446,0.5921617847775926
2,0,1.314141120472124,37.776759021897696,0.5899376153963658,0.5932793801228966
4,2,1.3968629259880796,41.359174351983505,0.5862541440542675,0.5756000201568054
4,0,1.2909818507967028,39.70568963104583,0.5843587003799685,0.5835076278335867
2,0,1.207030175412009,39.31766139745297,0.5834622011963693,0.5833179221029161
7,1,1.2841708731003796,40.61615825659488,0.5686205430228688,0.536703723922652
5,0,1.2468741659787324,39.7762495616794,0.5762095042272781,0.5611970665625059
1,0,1.1733737457779514,38.577684736865734,0.5930606075167184,0.5958452718913552
1,0,1.2500221641571223,39.61235926561726,0.5903577150224062,0.5959819793419918
1,0,1.2077124424729948,41.06123851414417,0.5795428207205882,0.5734701922962206
0,0,1.253356032041559,38.498418248724676,0.5842842317366266,0.5773472858531896
1,0,1.0658184523755048,40.78789022434825,0.5970934705010323,0.5970837886920695
1,0,1.2877596045413093,39.81838728336575,0.5939597969314321,0.5930404260146285
1,0,1.0900534190833784,40.322456340177894,0.5827276937281792,0.5705659230567213
5,0,1.361435855130736,40.65086223392183,0.5947148430169079,0.5999593698278323
3,1,1.2149004477794996,39.46515682886187,0.6073347970444185,0.6233321312394511
1,0,1.1364972757064233,38.22638711874246,0.5853238134183159,0.5756402850235586
2,0,1.1158627364373463,40.116985894909085,0.5883296743282591,0.5881297625803732
2,0,1.215533059590189,41.027943303132815,0.5886429590716826,0.5864833870020731
2,0,1.3086566637226287,40.904393664343374,0.5983499672516871,0.6050207377941608
3,0,1.2071558052762157,40.72438294623695,0.5802094742460949,0.5739457984179552
3,0,1.327408652460107,39.71954666389481,0.5932351513568335,0.594610516537911
2,0,1.0828041551458825,39.60715015493464,0.5792910003477866,0.5758643124235261
2,0,1.203129879548362,39.44800519167329,0.5698654933132036,0.5535198379393924
3,0,1.2525373462702531,40.458505830120686,0.5862409166667676,0.5847615102995769
2,0,1.0256054144253421,39.83447762748993,0.5984711813303534,0.6053958661628785
4,0,1.3884720083763937,39.974533206919475,0.6013588179779015,0.6080655631471046
1,0,1.1107038358392114,40.00046166551772,0.5903509608903958,0.5921787098429928
1,1,1.264626116550345,39.38309318172728,0.594938755970047,0.6011272021354306
1,0,1.226867014403613,39.53117140233835,0.5861763988988888,0.5816274654956523
4,0,1.2629818156901658,38.84276338085415,0.6015037631899396,0.6083613675198926
1,0,1.2491339842799647,41.00933123197572,0.6033582434752701,0.6094864680301557
4,0,1.2454649985064261,38.5363567088881,0.584303967367767,0.581000912497615
3,0,1.3119591200567329,39.5995901363345,0.5860864694438968,0.5858620964911103
4,0,1.2230202952388975,40.099037165517124,0.589240815949301,0.586316525403447
1,0,1.3279176716623315,38.45032405490478,0.5752025735884698,0.557239402067049
1,0,1.217443973863523,40.0068374081455,0.6008147666894038,0.6109162634905416
7,0,1.3194554528734048,39.82964273575993,0.6011162052777903,0.6071532235107642
1,0,0.9696857752391674,39.19412547038104,0.5877826277012709,0.5897296618331976
2,0,1.0486451872485267,39.41711274348385,0.5874616194534894,0.5803685672341101
3,0,1.108199034453355,40.595674014397765,0.591734426507476,0.5972162099869203
1,0,1.0749923074503407,39.15172381933557,0.5856210553910057,0.5828040772020516
1,0,1.1063415470677453,38.46638795648211,0.6014312935069352,0.6064955117162625
1,0,1.2222748397236118,38.91492570532048,0.5834143638323516,0.5828557695292138
4,0,1.2681585377505817,40.10533634420894,0.5850963829204439,0.5911384324449022
5,0,1.249523179366765,39.65326336427295,0.5795801016660821,0.5730088613140588
5,0,1.193052975135193,39.833903397127855,0.5874698690290587,0.5871603666077616
1,0,1.1138647378962683,39.14744632184224,0.5835837364824172,0.582682618377869
3,0,1.1568465151855138,38.67525543925917,0.5881114410378019,0.5851015978016245
0,0,1.2128760348406835,41.11160722556648,0.5778567833146212,0.5684031581522078
2,0,1.1844874027058852,39.73142882868931,0.5870769862003409,0.590105656200802
2,0,1.289874635393372,40.36174455225559,0.6030210091482352,0.6128024119373047
4,1,1.4143424880061324,39.92435035400159,0.5854671986861779,0.5835430638661289
7,0,1.4172433350818177,38.73994516417238,0.5878082845851349,0.5794571926082518
7,0,1.340444331455542,40.15242470139351,0.5875855709876985,0.5819311303485157
1,0,1.2872500320537368,39.14943851710605,0.5818591898464742,0.5717481348341862
2,0,1.2721278540736791,39.07152067937739,0.6033041369630022,0.6177812782908765
2,0,1.1612431231755174,39.33528006636239,0.589443836269848,0.5814443005458303
4,0,1.2876580793956909,38.922574289337945,0.583711903852409,0.5767680220992958
3,0,1.1134590114169365,39.85800932285349,0.5829126278388529,0.5803330268791269
1,0,1.1219239179258866,38.685387275282345,0.5998904473854483,0.6055920054976578
5,0,1.3288793420728409,42.11543044343373,0.6034451325788398,0.6175838226869782
5,0,1.3400172167464377,40.63897302496453,0.596998122779719,0.6064456994586813
1,0,1.3614137613374895,40.71510203649164,0.5940648812357662,0.5983617469469292
0,0,1.0329086950721913,39.24691084482426,0.5909504956668111,0.5943898243702811
3,1,1.3458876246619984,40.847508439107536,0.5913342820606988,0.5950197050575368
2,0,1.2100530346497043,39.95645400771883,0.5908425637885101,0.5890899366948263
0,0,1.1339645020285247,40.49541201458603,0.5836469713786536,0.5755667094042595
5,0,1.2716031701797845,39.62034889464886,0.5830625441136883,0.5818291869515757
2,0,1.1261929176545686,40.211349653661955,0.5861610469616573,0.5850894827726496
2,0,1.1872125628081438,39.518993927090975,0.5883437028977606,0.5918229434665759
2,0,1.2140991678719315,39.45308439304045,0.5975458510261934,0.6072202778138054
4,0,1.2570232107920492,41.4907896793556,0.5847765059643605,0.5834906580331094
3,0,1.261590365592033,39.02116133682314,0.5933962485532667,0.5962246323916429
1,0,1.1457505648966426,39.11406693974461,0.5846863426826916,0.5808639456482831
4,0,1.2973346751352766,39.068114272865465,0.5925001287473916,0.6004115767802669
2,0,1.0255796195714384,39.369477243837906,0.5898207528893544,0.5989382668321502
1,0,1.3057516868840142,39.41668969852669,0.5835171927449281,0.5808188313982383
4,0,1.2370445571361202,40.1057291467253,0.5814101905748198,0.5703148097195032
1,0,1.1431049886432159,39.12307220237481,0.5926465612273457,0.5893347787931813
3,0,1.1822586424606234,38.41153210086732,0.5899981734953299,0.5900729211494
1,0,1.2356519126677226,39.75561369112428,0.584088132395534,0.580147186635499
7,0,1.3393869332393353,40.97283137306819,0.5890414325185612,0.5909177738123135
1,0,0.9957743717950999,39.28322506393639,0.5932584493453333,0.5974206509929925
2,0,1.0797161012797734,39.44151342955291,0.5788525238411579,0.5663840965224707
4,2,1.3541204443350754,39.687080209710565,0.6137825856181007,0.6399652433041806
5,0,1.2849485020174365,40.42696946492559,0.5919384285850897,0.5944762949101903
4,0,1.3192595262352633,40.02148136665164,0.6036158778850546,0.6140471291628785
1,0,1.0833328770842037,40.09948656437725,0.5915621230204038,0.5946116304006455
0,0,1.1865119950011291,39.9271713867308,0.5938108055196121,0.6023988774843856
3,0,1.347961973681937,40.72300357604514,0.596758572233429,0.602533790804717
3,0,1.2346555312794998,39.22891018387394,0.5802358028161498,0.5653749652041136
1,0,1.0950649858763537,39.03012516594109,0.5880038217445378,0.5806429988105761
2,0,1.0845428712250333,39.98292753750595,0.5916853180493173,0.596957391164997
7,0,1.4314110696831597,40.359242729013985,0.5844241656972853,0.5788967015113186
1,0,1.1846351992712094,39.40428012879913,0.6022301147241621,0.6077061662225272
2,1,1.222782693390532,39.97517728647351,0.5778603269765403,0.5722620085789054
1,0,1.1830670375048746,39.730719211398565,0.593765197540628,0.5917752822011666
1,0,1.1687686129112873,40.180477624048294,0.6004062428362635,0.6075141828524473
0,0,1.0361043623852402,40.442050962394646,0.5870617170157411,0.5890622347287782
3,1,1.3331163930612506,39.91070840172887,0.578764964775009,0.5616799586533293
0,0,1.111789912651329,39.81023180430624,0.6027652995193955,0.6082661080515095
1,1,1.1968043903826826,38.705276718042036,0.5860900105151479,0.5790311264150338
3,0,1.2137336169217892,39.93133618663545,0.5784281526456988,0.5658712962651858
5,0,1.3204221724460754,40.40057781927667,0.5882286545545032,0.591404225856737
0,0,1.03743733400658,39.771275282309794,0.585065187461844,0.5798212996485251
4,0,1.2514695288680442,39.65321363263023,0.5794205963196395,0.5706649639587995
2,0,1.2909761233400705,39.18680468694332,0.5960593493954751,0.5995881262000564
4,0,1.1695071504008059,39.09081312301197,0.5865742493311566,0.5883633583628352
1,0,1.124329950243572,39.903648497602006,0.5799809978050314,0.5758849234417711
2,0,1.1624458222389544,39.40366385385082,0.5876210176513713,0.5866625669907393
3,0,1.1810938084287312,38.573899646969664,0.5818479591698122,0.5742020439314102
2,0,1.2820140529977395,39.26301447692904,0.5892523929030593,0.5881980175600585
0,0,1.1796028450395803,39.27041290461257,0.5813354688640964,0.5709554560474017
5,0,1.3854658182837296,39.75826029356837,0.5853960461010634,0.5832536761637519
2,0,1.1493440860537414,41.002113764524225,0.5813380832945438,0.5688825471816727
4,0,1.320086944480201,39.64223455984713,0.5984615244271132,0.6058556146465761
3,0,1.2285522040627348,39.63198264376238,0.5888150900711275,0.5896313032687668
1,0,1.2130885307376595,39.58350808096962,0.6009635482652432,0.6044623015789108
2,0,1.2036705304403699,39.15891233548954,0.5917822246161875,0.5903053990859088
3,0,1.316313208588668,39.37870137967663,0.5843009109355097,0.5798239495872664
2,0,1.2380319135721352,40.143073122838345,0.5957519450854043,0.5995780657529586
2,0,1.15716246019699,40.343064161204346,0.5987832648465802,0.6056873918068602
0,0,1.1635114876434136,40.33142849817797,0.5783836047749589,0.5664275248925719
3,0,1.2068159249665509,40.5143630081608,0.5881385372092267,0.5863649520830467
3,0,1.3002459020573434,40.30605262036799,0.5978796203139647,0.604613981970039
2,0,1.2203414986677101,40.35143114550066,0.5877464622054304,0.5830818643891023
6,0,1.365883825409037,38.72984800582871,0.5891005078253084,0.5878354657339664
1,0,1.1979589825041184,39.6738874233432,0.5919676653975255,0.5860479656613247
2,0,1.3375707207870118,40.84586131789904,0.5899585222876197,0.5915106986794892
4,0,1.3095809819759126,39.41372287561952,0.5752324769076499,0.5695080160713929
3,0,1.2464939409530584,40.431205955634255,0.5868685494994562,0.5883446415641791
3,0,1.1903426437176605,40.59579914350897,0.5901486522179293,0.5850724549703717
4,1,1.3171357986329775,40.021307433226674,0.5754170921407715,0.5656528440634607
3,0,1.2094075026520326,40.515612737161774,0.5846303509107171,0.5810841860528742
0,0,1.2644304503161432,40.21835189311436,0.5914056153441973,0.5917316916607955
1,0,1.1387906891284363,38.69432038860216,0.5882777535168329,0.587185147394726
3,0,1.2050187795765166,39.79870853590008,0.5886341635144974,0.583946898980517
4,0,1.3062687911109878,38.96687326986002,0.5909795822575381,0.5933002889107952
2,0,1.2416570589784666,40.8914764197653,0.5819275005863094,0.5738770175395731
5,1,1.3782423512217965,39.75628461102587,0.6000604576490387,0.6051833737069203
4,1,1.2671602908476283,40.04180080787538,0.6001347281433007,0.6104450913454658
2,0,1.0934797906725102,39.42002405683894,0.5981219944304663,0.6046113649910236
1,0,1.193484602582768,39.88848572880551,0.5869395357065639,0.5912726847818932
2,1,1.1545208211614315,37.96995222984385,0.5966879710808801,0.6037313100299817
4,0,1.3434761709188474,40.582405754124004,0.5870184784883661,0.5809814850038221
3,0,1.3261097890376128,40.17336245301342,0.6142993472123675,0.6338378981820177
3,1,1.4516737342333752,39.378140908358716,0.59217456031073,0.5850221753405669
0,0,1.236953207688229,38.87783258861006,0.5919872826264461,0.5883118744063663
1,0,1.1953859008775285,39.80695830139297,0.5939976055264289,0.5915241209746838
1,0,1.1926300485307517,41.02249040492174,0.6000106432480735,0.6086218490840891
0,0,1.0823868192225239,38.54063893057853,0.5825871988742688,0.5741602770855326
2,0,1.1305105010383025,38.95626949667885,0.5864873144469605,0.5880677777264924
2,0,1.125278843851536,40.264910635225974,0.5848821987699818,0.5808994893427422
1,0,1.1936321470058442,40.19857550440553,0.5982043178348091,0.6013168757783962
3,0,1.142017934266912,39.13210411688619,0.5880022600400899,0.5790808409708684
3,0,1.284624163967496,40.699477779548566,0.5864421626218739,0.577858892972604
3,0,1.1884394013629074,40.20517954786733,0.5802290956246818,0.5712671751817848
3,0,1.056127228631663,38.699732591399005,0.5861140704757858,0.5824243229680012
0,0,1.216767726445143,40.82668283887195,0.5800438263629282,0.5744782524344463
2,0,1.2666371263582545,39.360467601596284,0.5814964327145771,0.5794422180382098
2,0,1.1199807704112017,39.523329599757986,0.5916754417740915,0.5948384363144328
5,0,1.2307455227871704,40.18704746658269,0.5941093070181316,0.597306674663174
1,0,1.171480236141209,39.372587486259704,0.5999977594409739,0.6100203415563275
0,0,1.0469779989920156,39.34002871527751,0.5895924660056073,0.5906188691059822
2,0,1.217143427672049,39.26126770952011,0.5910418066773356,0.591890802684229
2,0,1.3321328147245226,40.524306057199,0.5841542034338514,0.5804216956648491
2,1,1.0897403892223767,39.151533874940014,0.6066866520975693,0.6177268081619828
2,0,1.1379273294086085,40.67286058299665,0.5916304738214695,0.5892190435085096
4,0,1.3287195998866648,39.97216443297291,0.5919541484296214,0.5895290079463036
1,0,1.0451521154434902,39.50194098557361,0.5861431976933857,0.5818847563451294
2,0,1.0321370131802963,39.287648171194654,0.5884548780156106,0.5864926495372389
5,0,1.1582265776411986,39.50651703291644,0.5931748428478526,0.5968951821536532
6,0,1.3861269651030061,40.54121327385556,0.5777045768708974,0.5519305352918136
3,0,1.303409792113027,38.69950318401979,0.5885160111470641,0.5881916011294953
2,0,1.1845535213357603,38.13028556830196,0.5845937931178591,0.5730885673851092
4,0,1.2072928643938647,40.24158158463392,0.5815917587540502,0.577886995510723
5,0,1.0879300986870009,39.557501119716896,0.5826612450354447,0.5676406244760596
1,0,1.197427339390896,39.71479221121829,0.5844730891803616,0.5786313288832714
2,0,1.1615847648614581,40.31374689439333,0.5970282479592497,0.5994910361528493
1,0,1.1329887815549196,38.264685323488465,0.6033291024801866,0.6155320116205285
4,0,1.2726526600215808,39.54676933611201,0.5908217373898621,0.5919176130414026
2,0,1.312841147871777,38.82827787528996,0.5986499895547215,0.61223674534131
4,0,1.2651058510475508,40.032605766921705,0.5864959592168035,0.577723725319394
3,0,1.2929812145894863,39.12891000405434,0.5869479602992109,0.5755073159217977
3,0,1.1949200733126608,39.27861779793736,0.5780886632918811,0.5699798455821643
1,1,1.150550020013911,38.52559987851646,0.58890320726997,0.5851441449354784
4,0,1.234509221515671,39.3142073291025,0.5966480271975447,0.600987248779079
1,0,1.1005308487314462,39.820968557985466,0.5909400675847323,0.588860953436652
1,0,1.0845314849294716,40.53402279667928,0.5889009593778303,0.5845019426239471
1,0,1.2018551484089743,39.77545200931733,0.5835335609309178,0.5850959136744153
0,0,1.1735833093057042,39.87068260598603,0.5904007606288195,0.597491011260151
1,0,1.2090762745140968,41.35785542366356,0.5938127895126244,0.5935278229880001
3,0,1.233809232435814,40.38471007768724,0.5786574541152283,0.573241046621809
5,1,1.4505195944786478,39.903040339953364,0.5759668051549367,0.5544792086098818
0,0,1.038817234679043,39.78800451211748,0.5893560844495185,0.5901028823493625
2,0,1.2775092050710184,39.89695645331521,0.5919324063024893,0.5974317962692346
3,0,1.3003467911351452,40.99952277007479,0.5831067952644327,0.5800358565890162
3,1,1.2113096157719578,39.314726983442625,0.574439356786831,0.5608448490673866
5,0,1.2273530186091846,40.58242131555454,0.5850811189042913,0.5787195731327694
4,0,1.3337481962811475,40.74706135995672,0.5903625962921872,0.5856360905678762
1,0,1.1391261146439298,39.177587315354025,0.5836864263416569,0.5825786526998743
5,0,1.3388450183368077,39.11815404124328,0.5972252549438339,0.5979625756205249
5,0,1.391933207510087,39.66011903196581,0.5711006899858042,0.5547355810053647
3,0,1.2424148396076493,40.173500214746014,0.581351421223054,0.572219309045309
4,0,1.3053174915748176,38.928418770143566,0.6019429428462738,0.603526881192157
3,0,1.2033678993025052,40.32593816484839,0.5851586737789729,0.5791905255310152
3,0,1.132028329985004,41.15603874565168,0.5837288464803014,0.5803782146572432
1,1,1.2724292432737656,38.88427368887702,0.595726336588347,0.6053048666967199
1,0,1.1120446037080154,39.318231296472064,0.586461168731367,0.5851051467795214
1,0,1.3025084856230063,40.57529143454064,0.5885462695949334,0.5809005949291797
7,1,1.3043346951435821,40.86513914457321,0.5818891908808655,0.5814337423488903
5,0,1.3405986400231518,40.258358999253204,0.5913280743976972,0.5942193701499552
1,0,0.9957962530681037,39.45464697591618,0.589644588371828,0.5911890994798495
5,0,1.2230871848150184,39.19026172377753,0.5941879966525534,0.5996932994423626
3,0,1.2741412729480917,40.597340016323244,0.584326120498219,0.583281617768689
5,0,1.3154229039084313,39.154949878852385,0.599932280455119,0.6057315664871383
2,0,1.1790611897011705,39.788621706770876,0.5915190656359711,0.591636887422178
4,0,1.20999559650052,39.877568760059624,0.5881622849930224,0.5871821343068341
1,0,1.17403443346926,38.543376095705504,0.5967353659042345,0.6073534076644223
1,0,1.1200681939563635,39.00759698745384,0.5988045276095849,0.6024394121778036
2,0,1.1764851684680526,38.84697296725248,0.5772886607197218,0.5607970098222874
1,0,1.1774965756186995,40.46571403413212,0.5988253772700598,0.6067710448280332
2,0,1.1985951324246849,40.38470451743812,0.5799899394303267,0.5688498184915924
2,0,1.1395671706393118,38.99604399853298,0.5997348950671739,0.6117191646464233
4,0,1.2500978714194977,39.23526966311811,0.6047238432832758,0.6093908729211159
3,0,1.2654550979766488,40.386788791599606,0.5857803743827481,0.5811037915325155
4,0,1.1696583023082412,39.137609442402656,0.5958725783260793,0.5993161480889302
1,0,1.0346422816197867,40.10641183890337,0.5815850052212084,0.5730085005671952
2,0,1.177345544109766,40.64946572117887,0.5892373670451232,0.5860215475266408
2,0,1.1409906696579233,40.0205578040193,0.59203782115217,0.5966711612512972
2,0,1.1531744132940485,39.910642515851066,0.5805444161463698,0.5772806291100272
1,0,1.1675325936229755,39.74225491299317,0.5991800800130072,0.6031262794357981
0,0,1.0195463698278664,39.84971121651809,0.5810897503624595,0.5754346359088344
0,0,1.2368239421827938,39.22861624717531,0.5938222352340926,0.5954776829834232
3,0,1.3044982559855731,38.96497841510087,0.5996810824099829,0.6001749025768506
3,0,1.2477714033880556,38.91765773023794,0.5873722131700879,0.5826012656738557
1,0,1.154738133646876,39.64681130517549,0.5819696315384988,0.5813384836434468
2,0,1.2336314391872583,39.549029474491206,0.5879461512394901,0.5848358530805435
4,0,1.22503303987657,39.911572020246055,0.5827343703207521,0.5791338404877302
3,0,1.1798900334829905,40.06985501212128,0.5918917008725626,0.5923561024118802
1,0,1.1449558570337761,38.73513955704833,0.5775201902849438,0.556904544093693
1,0,1.1923018258958746,39.02641419988654,0.5639105801024495,0.5369166341528624
2,0,1.1724019176354847,39.267107169981664,0.5932183528712824,0.5957810481346185
1,0,1.2029116573884937,40.01868456122788,0.592200066564663,0.594746981230885
1,0,1.0517582364968603,39.30695508854218,0.5862701116324589,0.5819183882898162
4,0,1.2430318095781685,39.368853778214486,0.5849834351600394,0.577444104212059
5,1,1.1991902485037427,39.985747625184466,0.5719979698211946,0.5547597254270555
0,0,1.1359157795415942,39.26071157866311,0.5815570073324723,0.5748396750035387
2,0,1.272710775440491,41.086407575939646,0.5842981958988407,0.5845412255196353
1,0,1.2551187817691838,39.49676434842836,0.6029651030348048,0.6122017657225571
4,0,1.189272500289322,39.72496437813673,0.5922077267442076,0.5971805128011152
1,0,1.104319067044356,40.44748420699644,0.5817874277144388,0.5806431004975845
2,0,1.1655737216336661,39.47142344385466,0.6023933597014383,0.6086934632324914
2,0,1.3304149330890482,40.30751736056729,0.5800509174744399,0.5721836247727308
5,0,1.2099680627232747,41.10731278308401,0.5748717326089208,0.5659834658657177
4,0,1.2599775309479688,39.87251944280666,0.5951695859464209,0.5995571672028528
3,0,1.2640867071681745,39.03398121843594,0.597386813715562,0.6025135106614397
1,0,1.2293767008044192,39.4797575575476,0.5904279399719812,0.596676032291062
0,0,0.9933245408541339,40.60425182222743,0.5898541886584403,0.5916355103080646
1,0,1.1957713706594957,39.719103175846996,0.5811985561244812,0.5652458294725251
1,0,1.108052633619287,40.32915022547654,0.5753079999907438,0.568112814442038
0,0,1.1644751652010636,39.415726789625296,0.5794948798436057,0.5678087307838853
3,0,1.184655927977701,39.863448017983,0.6069569259019308,0.6205694245461928
1,0,1.0527206739269142,38.32303242913674,0.5844282157915341,0.5807456586964983
5,1,1.3695495722268487,38.366630005541005,0.5894411848950116,0.5802136877307376
2,0,1.2230594151513965,39.74558425977699,0.587605096282439,0.5878030478124157
8,0,1.3482620822876101,39.43592422921138,0.5887622277564434,0.5846702794112286
3,0,1.2307254082885632,40.30611538697696,0.585167026084243,0.5789230028417636
1,0,1.2069525206299625,38.99033581545157,0.5729858152322099,0.5638056056603293
3,0,1.1872922529320866,38.709153709414444,0.5825337204397154,0.5759529627005726
4,0,1.3967651417348135,39.65391745545561,0.5965652606020151,0.5996762366494901
2,0,1.225878694974989,39.160696138106424,0.6036087929391648,0.6155628912683124
2,0,1.1993594064818114,38.15221441565647,0.6087816942801092,0.6227633907323304
3,0,1.2200971544304084,39.01522299566624,0.5878305116334951,0.588437270901899
2,0,1.2867895138763057,41.29075431673457,0.5839114184695855,0.5806448039464613
2,0,1.258792808607952,39.89465879260965,0.5882665558441575,0.5917375064268963
3,1,1.1989835634625354,40.026856297069024,0.5892943387849283,0.5904418144584653
2,0,1.1936380903998058,39.30782695263464,0.5869962634109921,0.5848054712545305
0,0,1.0713626564048133,40.33443925050834,0.5937068938522655,0.5948751121035718
0,0,1.1409048629305827,38.75635655312415,0.6113152480731008,0.6252804882969325
3,0,1.3793371168576465,39.55048919345816,0.5969565073702641,0.6061620678904478
4,0,1.1349639914683916,38.974099036627905,0.5835456123087128,0.5840010377363674
7,0,1.3371873412174031,39.786219071729874,0.5893121212167138,0.5886804761457494
5,0,1.2358621457039323,40.2018424132772,0.5848657936176977,0.5840261242170667
2,0,1.0817357541733266,40.03870351295106,0.5746854818771072,0.5564435731251433
1,1,1.2448001894197598,39.84822856057186,0.585054739594706,0.580924767460637
2,0,1.0936837597392586,39.301733763866906,0.5882620456929654,0.584437071514529
1,0,1.2455720976665832,40.2086337789159,0.5892625344216582,0.5888983553096481
0,0,1.1446716680330742,39.73474511911692,0.6018029289687631,0.6129875880068267
2,0,1.179967138366379,40.35976246323811,0.5729068867664554,0.5591999455166428
2,0,1.1630661099563777,39.49860119558891,0.5852562549988749,0.5828675913893095
4,0,1.25785851101515,39.90897014130128,0.5953399796763208,0.6051214370828847
1,0,1.2037663745494145,39.29096844568014,0.5823311984187849,0.5728177650875328
1,0,1.171066466254578,39.476008600828195,0.5860735504293075,0.5789478105463317
3,0,1.116622062207568,40.795843826667124,0.5767008701887373,0.5607842595510046
1,0,1.1227224134896672,38.80734595802202,0.590417075421839,0.5888213802274505
4,1,1.3875608784507596,38.94836894010931,0.5839317636326757,0.5824439892776057
5,0,1.3223897601547836,40.745516879300844,0.5787133178999516,0.5647779161521892
1,0,1.2462280952333293,39.40406466890235,0.5953525134221936,0.6033589156977
0,0,1.1415696850008838,38.24431400637022,0.594144842977956,0.6000679025038336
5,0,1.2832959346236437,40.95852812650066,0.6006024880570122,0.6102602408623738
1,0,1.280109039272255,39.63955273877799,0.5844127422944907,0.5764970648819518
1,0,1.1820216188566084,40.22891933542765,0.5892593284937134,0.589070977111945
0,0,1.1282624669549015,38.373251040722536,0.6003210053864878,0.6087325004683909
3,0,1.2573433045953095,39.66537989637116,0.5929702375408891,0.5945378967580861
0,0,1.1112936459588298,40.79662251560416,0.585844459993585,0.5809876995858084
1,0,1.1954920972030803,40.37053170352901,0.5880315297126264,0.579077714117588
3,1,1.1411524052724205,40.119208920002755,0.5916322508996841,0.5971158589920322
3,0,1.2521518302248,39.72981863197563,0.5828139915841429,0.582382042566093
2,0,1.172289175697831,40.49979755858488,0.5988306037754354,0.6081798145416973
3,0,1.0894856291474684,39.93957594165028,0.5838139791023582,0.5783237476322516
0,0,1.1896220083694513,38.39475093927358,0.59049305018682,0.5916409265400595
1,0,1.160981617533657,39.161268381066385,0.5828063958782363,0.5740069856331882
1,0,1.2300929798681794,39.55531031209222,0.5762544227814496,0.5680297610060969
4,0,1.2194801942361482,40.35744689630975,0.5886998988522145,0.5890130124732396
8,1,1.2594829366674738,40.03060056382529,0.5722094798958185,0.5427255198072549
4,0,1.2219939422897987,39.04388985759832,0.5834195103712594,0.5733663057969545
1,0,1.1955046558010396,39.32919051392635,0.567969182905847,0.5551447606069704
0,0,1.2677673678335917,39.20817098233679,0.5726980980115861,0.5510310724317253
5,0,1.329510368098316,40.44204160420988,0.5937335554348627,0.5992425310328156
1,0,1.1991443122692174,39.60351057490708,0.5813511782188414,0.5772413981469998
8,0,1.302310862555023,40.25929639784136,0.581155331463217,0.569023307814944
2,0,1.3710880631820723,39.82347213026329,0.588688924726875,0.5879900837058889
0,0,1.1343512606883506,40.29046259454163,0.5792950339203641,0.5686246201677208
1,0,1.097726398257335,38.89363260376384,0.6011513832499351,0.6144559756756294
3,0,1.215614947583749,39.36436638586507,0.5792302171871204,0.5680744721543316
3,0,1.316838378122454,39.58333873259401,0.5877479402877523,0.587214061099638
0,0,1.0947791566077216,39.55873583654647,0.598414659836517,0.6099317898790904
2,0,1.2410521715353853,40.20856062868051,0.5820973990000098,0.5763454517038463
2,0,1.1739363706403565,39.715278955698196,0.5742374794670729,0.5615649688319235
9,0,1.3341911398363266,40.589814762494946,0.5913958543573683,0.5975339715875551
5,0,1.3361520468004224,38.8033442382825,0.5892716935053576,0.5863404542585743
6,0,1.340985445163898,37.7698587643444,0.581385024006515,0.5817117346299089
2,0,1.2244137604046974,39.06770205130235,0.5921574953711477,0.5903098519177159
2,0,1.2386465364405486,39.61829715706296,0.5807546596650892,0.5680652672562866
1,0,1.04334377076513,39.80654971339324,0.5843480320525363,0.5760205419744127
2,0,1.2467013954269601,40.680132232870605,0.5876603390442988,0.5861682242565158
1,0,1.1470984031544158,38.13561900494493,0.5948291533912337,0.595606142671959
1,0,1.238490534482635,39.638657736998816,0.5912380156082091,0.5935575480157087
0,0,1.2479874007772558,39.91498439625064,0.585811019056376,0.5841575919956163
2,0,1.1775195400169023,39.7997394640194,0.5979299383361689,0.6059158746734812
4,1,1.3788201954079975,40.354543224657945,0.5834545122424207,0.5821052998500136
1,0,1.266120281698726,39.53692148358358,0.5982986266676529,0.6019927469065556
2,0,1.280767727382695,39.87162501974333,0.5872118287384782,0.5924798566768039
3,1,1.381654512794298,38.54038276399233,0.6014451054715979,0.6063096591421963
6,0,1.318038620663964,39.27115496988422,0.5647388830609481,0.5412417897258612
6,0,1.2052703609963233,39.637357104479364,0.5755758864198686,0.5639721798544811
1,0,1.202407038109278,39.28622729467861,0.5855465991889939,0.5802125764414532
3,0,1.1944638147274786,38.8433937487328,0.584926226478927,0.5779026370750442
2,0,1.2096828568607543,38.662460273420926,0.5798140079255085,0.5740734001975873
3,0,1.1999387838580666,38.897214919742574,0.5943983106912003,0.5966198612846163
0,0,1.1644961038821298,40.18308823990453,0.5851889851812093,0.5836110370428318
2,0,1.1918667123216429,38.83567104595228,0.5921436197877286,0.5942041509783063
1,0,1.2829917657080623,39.0841258813819,0.5891460202552469,0.5889664744015679
1,0,1.050732146941575,39.49573535158739,0.5910550903803599,0.5872621259229465
2,0,1.291706720341426,40.54750796067108,0.5746764890182401,0.5615795382778869
4,0,1.1997657173407106,39.886968645385856,0.5835621884744963,0.5823596982388605
4,0,1.110421313739391,39.23677775176978,0.5965487819892454,0.6078120597548109
1,0,1.2542270904516035,41.09479325839509,0.5920709761932025,0.5928114190484768
1,0,0.9830322114223066,39.86738384290851,0.5984228338498411,0.6074176491533453
1,0,1.2759411281741362,39.55467314227876,0.5940086753348306,0.5954939443788962
7,0,1.2462405869159168,39.496681910311416,0.5817341804578027,0.5809084322186537
1,0,1.2324079032581332,39.87921317558247,0.5987091340146776,0.6052443257653584
7,0,1.3294104002495848,39.09953840708184,0.5732033881832694,0.5582224147542162
2,0,1.193913926868948,39.076482339235476,0.5909556536673537,0.590093194437879
3,0,1.2315520292599318,38.95308457581652,0.5854716036316314,0.5733217674557889
3,0,1.2356207786682543,40.61955536264112,0.582035158079827,0.5737709844365897
1,0,1.181226762466482,40.20852643046435,0.5906063091616586,0.5872290008387161
5,0,1.2991653620973542,39.83827798663785,0.5814193582322789,0.5778641640477193
2,1,1.273283968811974,39.66654830051137,0.5861102766119108,0.5789962542268615
2,0,1.1924247775764487,39.320483409680016,0.5929472278388793,0.5980438358379188
3,0,1.1770683735391019,38.61442030800861,0.5871487161492503,0.5846132576289784
7,0,1.346993035669697,39.00133343501864,0.584670652183519,0.5663620100086737
0,0,1.1882693483169802,38.82448392830234,0.5932315831322312,0.5955338227736304
1,0,1.17794544453603,39.37215902721327,0.5969200304746017,0.5938102460632033
0,0,1.0501834003297221,40.483978363976256,0.5901067590234279,0.589755074440919
5,2,1.3432482201468907,40.072964110142316,0.5781235021824267,0.5725143575282482
4,1,1.3129976250981992,39.46421581923205,0.5733639700621564,0.562246745604885
3,0,1.0696449273001085,39.39621402659055,0.5923050550856543,0.5910053841173724
3,0,1.1703138500173755,40.25899561555958,0.5815266738528735,0.5717586648217265
8,0,1.3536219310551068,39.78444946664417,0.5924412157815862,0.5873385188064824
3,0,1.2446449275978801,39.62046597704949,0.6012525411065439,0.6108548940053304
1,0,1.1627581814350092,39.50383897682773,0.6099371181024017,0.6230956029569512
3,0,1.1345896676933518,38.42452044443645,0.5800063800482451,0.5691580723006844
0,0,1.0921449061143853,38.846239027040276,0.5947338059163008,0.5946502092066641
2,1,1.3293669595878748,38.264274251555406,0.5931732282053354,0.5940072303042496
2,0,1.2471195442405187,40.62690241217199,0.5938933458684207,0.6013187746270141
0,0,1.1063499378897912,39.739520884464966,0.5874895868223458,0.5789861768425948
4,0,1.1660205593288118,39.350233644606035,0.5865375329681006,0.5775557053229963
1,0,1.218170068538925,39.63559259522267,0.6042867778696337,0.6159810100034031
6,0,1.3618559790965652,40.524033642719914,0.5726396004086065,0.5539883616141961
4,0,1.3112645011300241,39.99278414826887,0.5932885666396934,0.5962049161052011
3,0,1.0947421193988578,40.70408390860798,0.5907592425872027,0.5918893989830748
3,0,1.2200959846772914,40.377188589889435,0.5888165626669168,0.5826174736432449
2,0,1.2194136285109136,40.51082266358601,0.5929351213090297,0.597202111068877
2,0,1.1836407270573688,37.82401278888368,0.5995582795172385,0.6066424246408428
2,0,1.297235555631198,39.254258412595455,0.5985900322948838,0.6059686642379964
1,0,1.1747793761395326,39.08572024399053,0.591515981712852,0.5892226461662999
4,0,1.2342847579714398,39.0901804309945,0.583758075921271,0.5787443121375206
0,0,1.1919327045833417,40.166400738584684,0.5866166554372163,0.5865741907667004
1,0,1.1236990340741408,39.35041799442107,0.5859765526502034,0.5831960439899422
2,0,1.2313912612414302,40.50624743026251,0.5869464648401128,0.5826790052194304
2,1,1.3874605704975822,39.16582457001122,0.5807659708772038,0.5792545086713947
2,1,1.2235650185506826,40.3704402098751,0.5870706416689946,0.5867642427933939
1,0,1.202239222170382,39.835510408636765,0.5937579985433026,0.5943299389266412
1,0,1.0031678766727798,39.31443513429329,0.5852494914125452,0.5798844348897614
4,1,1.3788106129439202,41.803820847945204,0.5853794051117015,0.5886184936790071
3,0,1.1613102524228933,40.06286096773179,0.5979836466440394,0.6010518943765948
3,0,1.17576149398448,38.53006571381674,0.5849389395992601,0.5791390961979597
3,0,1.2654889534650855,39.64030843157445,0.5881337054716922,0.5834075816453745
2,0,1.3899426192431008,39.831223578398614,0.5973572372869129,0.5949089680676956
1,0,1.2315495402944885,39.590436269389386,0.5859011306581072,0.5863746960905303
3,0,1.3796690302733965,38.93219528155949,0.5939677256589185,0.5928673430410876
5,0,1.413703047856156,40.05265480658585,0.603595702627905,0.6100360613723161
3,0,1.2365526898365724,40.57228985009693,0.585939152024934,0.5809779781962996
1,0,1.088409147324044,40.32689282805146,0.5737116400982119,0.5589415821238589
0,0,1.0968857561828014,40.33988427653835,0.5718856028636481,0.5586992733315806
3,0,1.3048856022114965,40.52179297017361,0.5796447630797636,0.5657465253353751
3,0,1.3352700190839633,40.436701364185204,0.5940984467935637,0.5895323306667508
4,0,1.2521091542448777,38.32451905455996,0.5888510261410544,0.5856751709849874
2,0,1.2497042148025341,39.38379885986267,0.5990231028533675,0.6058385122334845
3,0,1.245020967237653,39.220701554048645,0.595637748810473,0.5947630396876094
5,1,1.318311628210632,41.83448296822605,0.6109774977877948,0.630461500035985
3,0,1.2464635885173647,37.14726078509376,0.5836043804892319,0.5772959988292312
4,0,1.1885180713554533,38.42088207675244,0.5845975445698885,0.575891877319459
1,1,1.2520390974786317,38.91354066622094,0.5816149162522481,0.573206445554362
4,0,1.2327047728953806,39.48884747354708,0.589555522366231,0.5871258536166011
1,0,1.2228173871886565,39.406430861285415,0.5900108305643788,0.5948155869459386
5,0,1.280338457026147,40.7962400900483,0.5904892252105225,0.5871871932744035
3,0,1.1276520644180759,40.52297720396133,0.5849418616420163,0.5806359252469881
2,0,1.1390295062241549,39.05724942946587,0.6011680013103019,0.6080273461598626
2,0,1.2285319974891022,38.92987728486924,0.5832192631760882,0.5780550353380338
4,0,1.312044779487283,38.77183715407957,0.5852426807641852,0.5748389208899402
0,0,1.0445459408405873,39.03307162280275,0.5966082105101749,0.6022947928191935
2,0,1.1384704612487764,38.85954783193941,0.5873443618838441,0.5895434385440828
5,0,1.2247586076459447,40.88950942728147,0.5868398515178612,0.5922990516188334
2,0,1.202446324681775,39.53598951675317,0.600834415475312,0.6142451989532405
6,0,1.2438457035469963,40.25321444311215,0.5803889128617408,0.5671600785467652
4,0,1.3434810513683944,39.69202373063094,0.5918721362886027,0.5920659454526987
2,0,1.2092799436469757,39.29330775974294,0.6018434090671446,0.607789276124522
1,0,1.143607197951052,39.92773465626327,0.5879214782235018,0.583634176640257
0,0,1.1635842195226427,39.289441185171995,0.5992459931646688,0.6101785995609057
2,0,1.0994003157210221,40.48039258575007,0.5911698766400904,0.5950063707044158
1,0,1.2569060086153039,38.85644056897453,0.589721904076868,0.5908165853395386
0,0,1.2389360441094515,40.4440099973699,0.5912022700903097,0.5930845809473835
0,0,1.0618502763238604,39.31314967488836,0.5933749610716404,0.601372888289006
2,0,1.1393882533192075,40.83848165851806,0.6069123905091449,0.6184971826508316
2,0,1.1953191306070963,38.19691090156153,0.6039651683037217,0.620505469448748
6,0,1.1859207105327993,41.673305962838356,0.5955151392271922,0.6041071223094
6,0,1.364020683782437,40.65817889531987,0.5768079101039467,0.5642435588196886
2,0,1.230661595232395,39.26437278524217,0.5892692210792968,0.5821987557646722
3,0,1.2779538280802276,39.73013244587956,0.5782275971101173,0.561677616028168
4,0,1.2669951064893277,39.95689555220056,0.5866731975623032,0.5789500765194846
2,0,1.2750111453699875,38.7188558813038,0.5817394755891834,0.5695135771288338
4,0,1.329651629942591,38.73365969336927,0.5736514185269695,0.5598990820074532
1,0,1.243315956645144,40.2968849534348,0.5948509088565027,0.5969339455715452
0,0,1.1170159704149454,39.22089638912563,0.6046068726942844,0.6165000928986124
1,1,1.1595533098958353,40.46540942811243,0.583962589774328,0.5743535382253532
2,0,1.3340828962079863,39.16707219816372,0.5805680821399215,0.5663688023403822
1,0,1.159354502010534,39.64243687348059,0.5928392761577419,0.5956207098919368
2,0,1.2928645623026498,39.67495946655446,0.5884419362033511,0.582022632918092
0,0,1.301437718619019,39.71909637475988,0.5994503892933327,0.603588127241964
3,0,1.2543085492650605,39.46684490799126,0.5906364421930967,0.583078841934898
5,0,1.2991899597149097,39.34901422174881,0.5985234250565408,0.6023943371208279
5,1,1.2951806278019173,39.32845978017699,0.5805392093063075,0.5691371942362389
2,0,1.2180639381336096,39.756621514652444,0.5844314596255349,0.5738338455555625
2,0,1.2009190611409277,39.8824614234008,0.5977679463993227,0.6037640081977298
3,0,1.2345798575548301,39.609581304185326,0.5924560033759989,0.5965440471837149
0,0,1.1346465024803543,39.19424621825822,0.591767942896526,0.590880162958827
5,0,1.2506581580133265,39.755094297415695,0.5738311175531368,0.5587111700438545
3,0,1.235137913048029,40.25262835458341,0.5817820663272604,0.5803849041040458
7,1,1.291863228629995,40.14507471397288,0.5830741207935968,0.5827730275853806
2,0,1.082647820083562,40.0270988035764,0.5840540331442814,0.5783599867310208
2,0,1.130842213977255,38.931595210546554,0.5982741326366497,0.6031581086848974
1,0,1.1897344875679143,39.68021231348844,0.5691154095633809,0.5607838133308984
1,0,1.2735718693131095,39.53756858396027,0.5998516655255819,0.6110024689016615
2,0,1.216041183746228,40.14886607618969,0.5962570859823824,0.5957727034906204
0,0,1.0907256423222134,40.018492723085885,0.5877660502489725,0.5807616346684485
2,0,1.287774672903033,39.26127983905023,0.5986979327597918,0.6038642911555865
0,0,1.1505116713916108,39.108664551840974,0.5794503665586122,0.5726057062407843
1,0,1.318593697694748,40.01334203747952,0.6019410614156592,0.6071362190373926
3,0,1.1585306254454162,39.214223442053694,0.5918787451404353,0.5924233399909176
2,0,1.2373363098671766,40.93661191933475,0.6040854616259523,0.6157878257438381
1,1,1.2281643259001056,41.03264397003995,0.5979366510266588,0.602499376674019
4,0,1.0716598671508288,39.926946659253474,0.5767682529824051,0.5658878994985426
6,0,1.3418039452934538,41.500862724363394,0.5798264164117996,0.5775904613676877
2,1,1.116226142406744,40.28263324724317,0.5932936095407934,0.5982357103211188
1,0,1.0199834817155677,39.16568294686048,0.5976611070682027,0.6055800761621299
4,0,1.3234720432273142,38.647236021589706,0.5796314791038548,0.5756352885650369
2,0,1.34368531106732,40.18352920423822,0.5813973932550817,0.5764844843018417
2,0,1.2759692570361683,41.42929679909879,0.5858632417500025,0.5826076427846382
0,0,1.1641184267948554,38.940341187751706,0.5865968100410883,0.584915379550528
2,0,1.2243408164787821,39.13012632818717,0.5895744723322368,0.5808024167713484
3,1,1.2491376048614642,40.35048624666182,0.5795627687895414,0.5662486395177195
1,0,1.0726014137032087,38.77085890817459,0.5887926309897207,0.5896137082768746
1,0,1.1532654900700174,39.26888965474493,0.593747939605487,0.5995329848183152
1,1,1.1690376362339563,40.8186077552449,0.5881908491492357,0.5875911519501396
3,0,1.2996212922735986,39.08971680635362,0.5953631296238373,0.6023541151376055
0,0,1.0501177337293923,39.763808143375876,0.5840457405112103,0.5867868806592398
5,1,1.2164127182312072,41.800783843851406,0.59665254743819,0.6019296487767036
3,0,1.2023766054141514,39.87948291259895,0.580441144179264,0.5763476779020922
5,0,1.2679206626446273,41.60964657069803,0.5700187843929183,0.5355467576842604
4,0,1.2625058641753297,41.02515563223888,0.5826318019867346,0.5781703732130632
6,0,1.2163571490034233,39.190691112459234,0.5893235787370987,0.5895958699146717
8,1,1.4123100307615217,40.06437596747085,0.5650179585306083,0.5287279032706251
2,0,1.0519852894132582,39.35287525088134,0.6037483584663963,0.6137971581042303
0,0,1.0798440503800695,39.016200268069376,0.5772436935018861,0.5612277727832764
5,2,1.366580252817909,38.080266671143335,0.5728407608251364,0.5538217083958306
4,0,1.4507467031387793,40.33406871573493,0.5843275774991818,0.5784331789416846
2,0,1.2367916259555312,40.15795531970192,0.5930308219350016,0.5934102440428509
2,0,1.209623988750029,40.997259554660225,0.5872700124468195,0.5873686602226817
4,1,1.3961708430433635,39.484552812462226,0.5973536456255777,0.5964637275234513
5,1,1.3176524116620179,39.10036732901203,0.5833984773942128,0.580648261077632
2,0,1.0767243815103034,38.4464379576761,0.5854190480397936,0.5795728638151001
4,1,1.3053715290408876,38.97860476686632,0.5972448954201879,0.5966343902448918
1,0,1.144176079890636,39.081381163283666,0.5882893123943124,0.5910146256004967
1,1,1.153424666763139,39.87825245612567,0.5792570570417612,0.5670203102865286
4,1,1.3498151636914137,40.27563910321511,0.5863634530249875,0.5841414970105521
4,0,1.337296154653447,40.61703312401272,0.574114110501729,0.5600490878115193
5,0,1.3071421476165201,39.41948666391259,0.5775657220851134,0.5667960164502661
2,0,1.3005801652750684,37.64129569813146,0.5995289464905709,0.6025236316775484
2,0,1.1444460727258787,39.95451195977744,0.5951855792790646,0.6060567067218506
2,0,1.1869539550826396,37.76562011791334,0.6022853403516342,0.606812859240369
3,0,1.1646174180167084,39.27861009039661,0.5802575871000074,0.5741318106451285
3,0,1.378760552384377,38.93368979732238,0.5814271480760188,0.5707717806599572
0,0,1.1981417690514267,39.613750242296696,0.5796844918452015,0.5759858103718403
3,0,1.058041551104965,40.5428434717362,0.5911766832037136,0.5890979381689658
7,0,1.353151208738391,40.558675992800474,0.5940407365127847,0.6011951160184423
6,1,1.300292963742264,39.115522461283916,0.5916614649775225,0.5977444251261713
2,0,1.2888339876573536,39.88658219338862,0.5870776918751556,0.592434053940063
1,0,1.1741293851868655,39.228211114821534,0.5831571857014275,0.5751154981712843
3,0,1.2011965458137615,39.35123755642653,0.5893615050682861,0.5875944736600806
3,0,1.2983504025739683,38.91252806690695,0.5977615526380805,0.5992337025776431
2,0,1.2002602746822646,39.035563581989564,0.593369654804333,0.5993025352142402
3,0,1.1108724405787387,39.31437770220329,0.5904902720983525,0.5905755878569201
2,0,1.2615312389778661,39.54558032053487,0.6022411727114079,0.6119162351307916
2,0,1.3024186357129577,39.02916395588147,0.5745404564248227,0.5539047021946368
2,0,1.2172159037044528,39.283813731863226,0.5898409209889592,0.5940277011756145
2,0,1.2020899873794353,40.61723942700057,0.5984637798367143,0.5989763755279853
2,0,1.0962374167010613,40.660951832225365,0.5940904183050183,0.597368808261669
1,0,1.1247393770683403,39.22947272164829,0.5948803132250506,0.5974775467462561
1,0,1.135767167842364,41.189746346710635,0.582255936130023,0.574388974978117
1,1,1.256398935177246,40.17550938320924,0.596816605570534,0.5961999239488927
0,0,1.135679987800353,39.483375471206884,0.5874462112069443,0.5808303544884481
2,0,1.2060491926191008,38.462691274437034,0.5772188149481645,0.5685599747051064
1,0,1.1753253894433329,39.463598690713134,0.5845030890143699,0.578339803294427
4,0,1.3782964965613012,39.12420149703257,0.5800481368819319,0.5602916935630453
2,0,1.183792451763639,39.673684952691076,0.5742669168854375,0.5541921672515842
1,0,1.14782657453308,38.338067795621235,0.5795368469907825,0.5659138184676498
3,0,1.210474950399891,40.88559282487728,0.5885148948908987,0.5875768139751083
2,0,1.2207492178145032,39.37408504193678,0.5976951398884285,0.6021823069499705
4,0,1.300608815952915,40.00070192185898,0.5957926954054042,0.6010991248197608
2,0,1.2484113780765713,40.60504774402129,0.5786634017747592,0.570094123334819
1,0,1.3950983566865867,38.7289306612352,0.5783190762901389,0.558840073321391
1,0,1.1138766453488353,38.46032582996397,0.5935309624851621,0.5989285502438126
1,0,1.2462101790076736,39.72233434313605,0.5972310757755787,0.6013041026175026
0,0,1.089547000994555,38.09115035735287,0.586624017380136,0.5774587881958024
4,0,1.1901636865481207,40.27775897606697,0.5834526297319879,0.5784929002658263
1,0,1.1438267926975927,39.78197468698988,0.587147223722605,0.5851563886213865
3,0,1.185895452691498,39.01141044005626,0.5830683407879409,0.5715559598622835
3,0,1.1949092434982789,39.81606315693562,0.5913122473318817,0.5883673950306023
7,0,1.273731432893713,41.1399335684185,0.5710202404108644,0.5602180950748532
6,0,1.2347140002126586,41.175342873205146,0.601893778084351,0.6110573530747413
5,0,1.4078982434307692,39.003702294741615,0.5751469402393461,0.5634574252282054
1,0,1.1682906190226758,38.1357731900402,0.5886191046306711,0.5826868222662535
3,0,1.3484204058272387,39.72659179730713,0.5772691532068477,0.564544710226409
2,0,1.0623461467289996,38.53121525849568,0.5750198582689341,0.5572810128005281
2,0,1.180081655300205,39.69012225147086,0.585113458385126,0.5747999226977429
3,0,1.2658791465356682,39.38547221234457,0.6006329827414874,0.6071041270061621
3,1,1.3150963568658274,39.582330491863715,0.5781604486262228,0.5723417723293637
4,0,1.1858940734291923,39.938497274866315,0.5906775207944481,0.5912677313668175
3,0,1.2141846983440951,39.70394689774579,0.5775371499668646,0.5686896633315845
2,0,1.121854422334433,38.84572149812049,0.5899851997790396,0.5874092357697176
5,0,1.2459436546375957,39.07706347350348,0.5955937487114322,0.6033099199520117
5,0,1.4253542683253773,40.063803779645035,0.6045952603540682,0.6137330030059567
2,0,1.287862564555497,40.08042009580893,0.586798316091634,0.5884073506072292
4,0,1.2159342208496093,39.98580688335277,0.5818806457315018,0.5782530921928546
0,0,1.046990852808179,39.30491863837591,0.5838994567773422,0.5810926807179941
5,0,1.1859744456844772,40.6332261799411,0.5913196488185855,0.5945610410171653
1,0,1.2259635913681157,40.019511396354154,0.5783305017168607,0.5709560980680148
2,0,1.3476529600773113,39.84421822859924,0.5923273370077745,0.5963094397259494
1,0,1.2252012755755177,39.98616963742232,0.5934720045992451,0.5991552789504533
1,0,1.1955779845080472,39.514537506416836,0.5956223736468782,0.5982079508662006
1,0,1.2672425200724637,38.77664208096776,0.5884988041572394,0.5898633558457584
4,1,1.3005504309186995,40.094897615518065,0.59507443157447,0.6019666095526621
1,0,1.1744165918059122,39.68737923191698,0.5834214979906355,0.5821699105635711
5,0,1.2918598557945404,40.06709699635198,0.6011467979271085,0.6112903581096425
1,0,1.1973318848758652,38.8877322442038,0.5880430766710778,0.5864537018448983
5,0,1.3862497315324938,39.26738599525782,0.5773479731517085,0.5615868410083629
2,0,1.1074072072863017,41.178737408184006,0.5853544304040673,0.5865994673158109
2,0,1.158884686016605,38.63834915672966,0.5947499898001909,0.6041542286649869
1,0,1.2518058811346044,39.8938622531416,0.5867502129419422,0.5891932311474334
3,0,1.3760716201831085,39.75517249689125,0.5808936601136983,0.5708209417307898
1,0,1.1289620894297983,39.76182388041143,0.5982577122929921,0.6071999109157113
3,0,1.3558564853262927,41.139506359354286,0.5993231114685466,0.6079160015195784
2,0,1.1182390169159684,39.40727780508853,0.5785990513996665,0.5740541591396658
3,0,1.358287034937947,39.07160008041002,0.5875513789935716,0.5794733024475313
3,0,1.1266074566755966,39.76632973941325,0.5860253469159262,0.5830452857601662
10,0,1.391651666178399,38.84093177341909,0.5816158614561162,0.5838041548457462
2,0,1.2416721116987546,38.712618893072026,0.5924010731877916,0.5964803956242137
3,0,1.2589893616449317,40.20301978943744,0.5888390654710158,0.584646413164716
1,0,1.1767253517616487,38.574547743365414,0.5845382362031584,0.575877654949315
3,0,1.0785333222744293,39.265121845356674,0.6013708672185019,0.6094767141484074
3,0,1.183282169874636,38.396060447541835,0.5999276768222241,0.6069887399466546
3,0,1.260408015225777,39.01783571117353,0.5862028265587786,0.581505157399898
1,1,1.2311858377003415,39.89112174606092,0.5782956953668219,0.5664965176093687
5,0,1.4009215317364871,38.95699643784927,0.576734178263807,0.556536986487018
3,0,1.1673623796543937,40.286979681541226,0.5896394687344542,0.5927020553137268
3,0,1.172723778559263,39.76948265607301,0.5822836806903173,0.5774046668811343
4,1,1.30217425717256,40.45581532445273,0.5807081707078443,0.576749135149625
4,0,1.3061671082482427,39.20850360772192,0.5788436478415077,0.571354023738811
2,0,1.1523866025184613,40.22804612681191,0.5875463954674516,0.5806115802766411
2,0,1.1702063241362273,39.73912394871052,0.5846270519270269,0.5816980402489107
1,0,1.2240879364238904,38.51196196262917,0.6006799824813636,0.6085122565475207
4,1,1.4367013279562084,39.36133928105975,0.5966964009942801,0.5985585278338659
3,0,1.1258991603814257,42.30929728450109,0.5907317332206775,0.5962520222290004
3,0,1.3023075274103593,39.96851780943196,0.5947182475077096,0.5987871502194156
2,0,1.2936670594612354,39.94940378084208,0.5774552180035675,0.5716994000984732
6,0,1.4078528825984147,40.154795884181894,0.5934831456696306,0.5934548529310782
1,0,1.1488416683275158,38.15737692867416,0.5945226405081092,0.5914228445307202
4,1,1.1445596948682322,40.405419690660274,0.5883972115720026,0.5867977783175966
1,0,1.120184702858641,39.961744893893204,0.5928471223174996,0.595642311554283
4,0,1.2752311011043753,39.987832921883694,0.5877669234910813,0.5863887700748349
2,0,1.204368084823372,39.79700812821816,0.5858279385565339,0.5849991706897208
4,0,1.1322738969546355,38.672696606106186,0.6034005196645666,0.6072158556225022
2,0,1.2186438277500433,40.13388593433841,0.5913166098715839,0.5976989277568238
1,0,1.16908407128256,39.7528057693024,0.6037982792678697,0.6147187075780329
3,0,1.17660149288011,39.89571275936454,0.5930261360085078,0.6008087088105742
4,0,1.3393111786430056,40.34246412789666,0.5841743302183392,0.5697428490800805
2,1,1.3212632602570915,38.871576671724654,0.5785009735623187,0.5676119976196983
2,0,1.3087844563379203,39.629310495039775,0.5889178855711774,0.5876892709188599
0,0,1.223217133240247,38.95762974431438,0.5967465563115004,0.602729622962968
4,0,1.2575810761867017,40.72750760411168,0.5888162395853129,0.5849190248531453
3,0,1.215232418762297,40.30437622738767,0.5876429689378424,0.5927642770916521
4,0,1.4485241719237005,39.425495033814904,0.5825018721249778,0.5695959407625037
4,1,1.2477383191872733,39.725072898749104,0.5923820146629774,0.5958903088860499
3,0,1.2015295289202128,40.0143608795595,0.5831826083962166,0.5783161530877527
4,0,1.1703800785693474,40.780041829431404,0.5923541885190766,0.597758487651032
3,0,1.292581051470037,39.88078052115285,0.587362153435038,0.5848516363863794
1,0,1.1523654094755584,39.613678577250234,0.5719700312153453,0.564225036597444
5,0,1.2337970486867103,41.08528159889829,0.5891190461222682,0.5929157270544412
2,0,1.2782921838402055,39.25797997586471,0.5723453588940044,0.555158322547432
1,0,1.1278960462534955,38.84684116783145,0.5976330804415071,0.6026871159166838
4,0,1.2652370734367795,38.60628893121578,0.582262245223685,0.5765121863196054
1,0,0.9981710121563864,38.68265950583775,0.5896884680645067,0.5908027274535823
3,0,1.2527301183520487,40.421857133490555,0.5907423727777139,0.5889198250262426
4,0,1.2638608946594938,38.606081872233844,0.5849702500236259,0.575992899729399
3,0,1.171207698358441,39.14201504368291,0.59298039968759,0.590270949823569
3,0,1.2770720857027074,39.16735373170217,0.5883218650377606,0.5903612893435941
4,0,1.2055203893725712,40.644615979452766,0.5877159784298209,0.5863547141438686
5,1,1.322777933418345,40.994258748643375,0.5845863258151445,0.5795761365039445
4,0,1.2230073266935204,39.95939457942792,0.579406629337045,0.5653825274028543
1,0,1.1916386355810558,39.561014568198786,0.6005420355988247,0.6101183917261896
4,1,1.2562855204482175,41.35910693631003,0.6013810741787016,0.6140343383197765
1,0,1.2810812404248337,40.356822770785406,0.6133906247477725,0.6288788570135302
2,0,1.2274344962035406,40.47293812565772,0.592156456569368,0.6008819503666356
1,0,1.352082805410064,39.203053786939776,0.5926729604890211,0.5974457295790214
5,0,1.2317837129508045,38.55699868453314,0.5912349507393535,0.5877084622906096
6,0,1.163337081411853,40.92070228245369,0.5870653350929333,0.5875470909169788
1,0,1.1416519645779082,39.09675944706146,0.5810532506773085,0.573578636036473
4,0,1.235972780558631,38.118988213811456,0.5931086508344665,0.5867623486871151
0,0,0.9482265465362745,38.36819650549147,0.5953048610852261,0.6034927960230507
2,0,1.2246685925178642,39.99911857770348,0.5980553523507222,0.6029825038339294
3,0,1.2497137040944881,39.89425575061956,0.5839481902287006,0.5772520070031717
2,1,1.2501157617335075,39.67655638759329,0.585738827082058,0.5816104283849057
4,0,1.3420020383800257,39.878157195573614,0.5722528223490969,0.5551177354512769
2,0,1.1529734753102563,40.788483684074706,0.5890592521014727,0.5885571304371362
1,0,1.1641443755133531,38.99472309899248,0.5823692436638461,0.5689678794202523
2,0,1.2422609384337462,38.8256042396026,0.5883346195240865,0.5938874016630067
0,0,1.1431755909641625,38.88659377381127,0.6106811257477213,0.626106706259034
1,0,1.11503160148064,39.87352302561876,0.5860392846531196,0.5883700421276805
0,0,1.1537602140962238,39.53391137564558,0.5881860875491619,0.5872104405424927
2,0,1.1687612527160438,40.845113248543996,0.5952012399806452,0.5998636832048694
8,1,1.3425406538584366,41.26849504186715,0.598513650278766,0.6043697160064454
2,0,1.284185516503442,39.813578007263914,0.5685254930110988,0.5489582258686897
3,0,1.243218774724015,41.39319078747994,0.583778584539744,0.5812065446153162
3,0,1.1124786738056884,39.79101869710606,0.5861168620606063,0.5817232561600318
1,0,1.093615009573423,39.244693536362696,0.5859747850086895,0.5832769482339589
1,0,1.1656442657266377,40.46233564783128,0.594198220103054,0.5940603924000926
2,0,1.2776156059343815,39.80245264508835,0.5823215760097536,0.5710525749411386
3,0,1.208833924859032,39.98592950223634,0.594423491335591,0.6027697552743383
4,0,1.338125950575306,39.56938802300889,0.6036953240762218,0.6134927408599353
3,0,1.2448908681991508,40.17928279597655,0.6057949066149485,0.6251542265828618
2,0,1.2991514952371797,40.488865994271464,0.5916941402023137,0.5859427005825633
2,0,1.346368430563378,40.346825987458736,0.5747354359463136,0.5621947131881574
3,0,1.3210317030721623,39.8505351174938,0.5897356537497633,0.5868654156741631
3,0,1.3297486471950637,37.48922396283706,0.5963465989153812,0.5949170025480451
3,0,1.2061190812054385,39.87660082429769,0.5893305636636863,0.5922003593826453
2,0,1.109896514381721,40.8116384297756,0.5934914020237185,0.5959225736784093
5,0,1.38469981116443,39.59021271081564,0.5856487743485845,0.5791154055884835
1,0,1.2272134573192262,38.89586912526105,0.5964401071168143,0.5997543033909536
1,0,1.0861668587338027,39.179194224970985,0.5851301531710671,0.5780877118049725
2,0,1.2421905780642692,39.51109775925483,0.6030778161432331,0.6137415074961753
2,0,1.162111385692935,39.322773801237545,0.6032402583145282,0.6146877763504393
0,0,1.2279412712595532,38.65161636014848,0.6036296680082092,0.6079850517709544
0,0,1.144753895466554,39.861668449346666,0.5876594005386631,0.5889826273723306
8,0,1.2925301472128352,39.833194902748126,0.5850201857103372,0.572975921675511
0,0,1.1308575603174522,40.30814321559719,0.5831409145319006,0.5793267021692017
3,0,1.2324999344573586,40.033527709348526,0.5746277374343405,0.5569461099768673
0,0,1.0780283294127821,39.99341466711075,0.5873546691393197,0.5838704070123577
4,0,1.1710449236308407,40.23826357369955,0.5791284003715591,0.5675156680062342
3,0,1.2737269312912023,39.80229842127785,0.6054661980841576,0.6125588241160407
6,1,1.3893106305894034,39.5962707118789,0.5942790243032847,0.6037402748957991
1,0,1.2061041014891392,39.428958709548276,0.5813076878059966,0.5771319394623367
3,1,1.2113122059785557,39.67766851239013,0.5860708937346323,0.5753317168917909
1,0,1.2051291299520739,38.74795725159375,0.5762124554051455,0.5674760871100681
2,0,1.1789890014146875,39.93305784752543,0.5929577570648406,0.5899417732133624
1,0,1.0195018442737869,39.399963522715055,0.5991791276099409,0.6037050866562237
2,0,1.2315873252176979,40.80656363047523,0.5777193631456221,0.5708801871338025
3,0,1.3280128417342154,39.26151293002567,0.5924017913217889,0.5869140254451578
6,0,1.2662938089201912,40.241726106133235,0.5813803317309909,0.5789113960727423
6,2,1.5056364400040747,39.74597209053725,0.5754224178991242,0.5675033977871706
0,0,0.9681835286294873,38.98889964867258,0.5907099462980199,0.5864169071908382
2,0,1.2062292663276661,40.67505211469826,0.5820319011397859,0.5793431791949564
4,1,1.3159318443075005,41.21432862300058,0.5991489603877476,0.604473032197014
2,0,1.0798529572794853,39.73900113457849,0.5862009871452727,0.581681643449865
2,0,1.1352864647073144,39.67525734825348,0.5856466645873811,0.5861848260151772
3,1,1.3693931846235528,40.312314633262226,0.5975159988905188,0.6093249319248618
2,0,1.1733912098177581,40.7772715185442,0.5738397156951658,0.5521520449858364
9,0,1.3323239256411525,38.9815077397067,0.5879793696807736,0.5743364576282218
1,0,1.1734191074791989,38.782242324173566,0.5919146318635755,0.5910968722469969
4,0,1.299780322867654,39.14797262847003,0.5758922942713915,0.5662266584278676
2,0,1.1588951077560308,39.89420927227872,0.5852327216006983,0.5751900063141868
4,0,1.3053342130146752,38.750511762345155,0.5944743850206455,0.5988609055730827
4,0,1.209807336686631,40.44157426288927,0.5895918579540774,0.5903414781057135
0,0,1.1551236986937612,38.99485128909442,0.5937737544383207,0.5963181881774309
2,0,1.1149250104500334,40.71202847349172,0.5857886541224405,0.5781945510009197
2,0,1.1762010329231924,40.06676383984038,0.5890543182389159,0.5938374946022513
2,0,1.238772714400381,39.211446762255,0.5938569615263831,0.6031815275681216
1,0,1.2931788656954317,39.635047093833165,0.5925646873101045,0.5986805385777965
3,0,1.2668571276643061,40.29344394900636,0.575661304417119,0.5656428282147343
3,0,1.430088608154979,39.377838445186676,0.5900032309193894,0.5845476478679167
1,0,1.0892557963469185,37.87957795567844,0.5870788794279306,0.5877404127733017
2,0,1.2089654850785483,40.382714606874295,0.5854494413462676,0.5801979421357862
4,0,1.1874518603744029,39.76012388327774,0.5815267832433171,0.576712619848464
3,0,1.204089908457741,39.60559172940585,0.5919801457962923,0.602963730981739
1,0,1.054164844330002,38.79467256850974,0.5975870884953153,0.604364920176516
0,0,1.148581477457205,39.20008235032928,0.5944629847685833,0.607386522988923
5,1,1.266705877571916,38.98568718929544,0.592739153712931,0.5886745520753018
0,0,1.2026536686929883,39.866553498865464,0.5853366174649357,0.5859611538928038
2,1,1.2038816371666767,40.11077981337257,0.5811756292127159,0.5775326776264779
1,0,1.2828745087994606,39.462635795598885,0.577292641331874,0.5653529867947941
2,0,1.192071856160218,39.82991742227732,0.6000880235181185,0.6022841971936053
3,0,1.2205312620012698,39.536536812342604,0.5806581214589971,0.5754630671610661
2,0,1.2153962093271715,40.38647553434388,0.58944804107919,0.5962839089255987
1,0,1.2202607850518632,38.14821829690469,0.5915897510394332,0.5911309732842005
4,0,1.2529042556530654,40.75170945630462,0.6050718297852263,0.6164173047855989
0,0,1.1194540678891156,38.72009484791796,0.5854650932627965,0.5866759565634976
1,0,1.1188022359468626,39.31421880546537,0.5970343054176594,0.5995600241938399
2,0,1.2203531218503978,38.381731949376054,0.584125155389043,0.5714744499205096
5,0,1.1546436410566934,39.594126976059705,0.5922840770422302,0.5972969287892564
0,0,1.0339329316501285,39.206260705121124,0.5944310060470619,0.5993736430393521
0,0,1.0731380645335242,39.83327287862741,0.5889434047581878,0.5846026567128588
2,0,1.1902011228108544,39.47786711872592,0.5881931389502516,0.5882002636851842
0,0,1.1839684767426208,39.078997809382386,0.5865766855752295,0.5858787001262358
0,0,1.0492208224691908,40.067461778150104,0.5875168771396215,0.5950173246337533
1,0,1.1027149146523925,39.26258175621994,0.5970899714121505,0.6028176785509483
2,0,1.2427087292673358,39.52302527894261,0.6045447012638968,0.6184021430181608
4,0,1.259945572028476,40.7095701672341,0.5812101265707381,0.5738867275318569
2,0,1.190385225040424,39.31750424978304,0.5865709547891964,0.5771997334746192
3,1,1.2641105203175964,40.1294064680642,0.5963850460291904,0.599711157609601
7,0,1.3718828347794696,40.943155284470436,0.584444546932781,0.5812308811524378
4,0,1.2559628437403434,40.31723871863991,0.5864953013679701,0.5805678592846761
5,0,1.1808017823064354,40.31624738144608,0.5793705054280391,0.5666369893224543
1,0,1.2182581551762712,37.91171678344968,0.5923834640052845,0.5875747323701108
2,0,1.23334206500166,40.12660446240505,0.5777503721297742,0.5702442616688872
2,0,1.24252605850467,40.11631630963814,0.5844399106375251,0.587137321971863
2,0,1.241482162189647,40.43803437457466,0.5804986301167621,0.5660050892694591
6,0,1.3787290577204911,39.89195057015411,0.5793198987383515,0.5629374568702111
0,0,1.1629570000275322,37.91035966000182,0.5974368730490738,0.6046691941383251
2,0,1.1787661003647907,39.012713507355144,0.5982779387380179,0.6041565141129783
4,0,1.2015724627891138,40.71690117278393,0.5904710657589975,0.5870084176364608
1,0,1.3390014602516866,40.133052608691834,0.5761522533680346,0.5740099138929784
3,0,1.2641871704647407,39.32837507791053,0.5781182034419277,0.5599729783319805
6,1,1.298656082967906,39.40045381813885,0.5813679469201072,0.57442271677452
2,0,1.123130998261464,39.254511637459885,0.6039276795835907,0.6121963740840664
4,0,1.2824939562425548,39.56465351783712,0.5810923200582434,0.566318232823372
1,0,1.0815383924356852,39.092808977723095,0.598657230577453,0.6080909935332899
3,0,1.3204756385963932,39.86172661518437,0.5750961471363683,0.5658458722422905
1,0,1.1013476699646587,40.01724211462226,0.601858410837911,0.610556521431398
4,1,1.3324560896524993,38.980198090697534,0.5778565618381661,0.5644010451616079
5,0,1.239769559651318,40.04141970238175,0.5844761946931225,0.5839288202037709
1,0,1.185361483715351,39.88263471014746,0.6043639378013954,0.6186926239738255
2,0,1.301604852830092,39.248966041307376,0.5787617616076426,0.564035731787889
1,0,1.1708568417182241,39.06402286283765,0.5981331432105393,0.6044009034653843
0,0,1.235495216167368,39.47033728933985,0.5718959808625678,0.5532688087556927
7,0,1.3489978439813786,40.5428217313491,0.5825770874584493,0.578645450925682
3,0,1.1329057788169594,39.100800731794315,0.5919422082184782,0.585045538103353
3,0,1.2077649779616317,40.66466499481809,0.5830953318909502,0.5765566967929925
2,0,1.1139064702224404,39.41592544114074,0.5869579551305877,0.5831493776106678
3,0,1.259766264711191,40.632975340826945,0.6041450361163531,0.6171756305184863
2,0,1.2436849705399178,40.66131467788099,0.57731238124928,0.5684496588009764
4,1,1.1794838549362046,39.554089898912494,0.5891928795580181,0.5823709499904981
0,0,1.0648958610500707,38.47549623930371,0.5977139553584208,0.6030691803468977
1,0,1.2099412592555692,39.827053064534844,0.5901995164041087,0.5925773433157051
1,0,1.0223589172577237,39.05357734711006,0.5769054587663187,0.570341408981867
2,0,1.1794097550502982,38.534225209983994,0.5845849296156254,0.5796903516299758
2,0,1.305484257805854,39.917821515750674,0.586521357395076,0.574051223066781
4,0,1.3057480557612398,40.208098233014454,0.5878544971134569,0.587906191745178
0,0,1.0943863431578504,40.02885630382783,0.5823783120445821,0.574906168484921
1,0,1.2549594490882359,40.15361060833704,0.6051594159686957,0.6162593958678446
2,0,1.2371252453557717,39.6610186842315,0.5878311199874777,0.5867776305313033
3,0,1.253500118709004,38.836158396670314,0.6033407497951848,0.6066904160296149
1,0,1.3083115636992602,40.96771194638491,0.5965486216211906,0.5957505005197408
2,0,1.1739616635698145,39.51287322429407,0.5899250819730125,0.5894394193724974
2,0,1.2066724606685435,39.44365283277931,0.590882250159815,0.592896950439098
2,0,1.3259266111336991,40.219617167902086,0.5992761696835252,0.6026401892855636
1,0,1.2305699174151967,40.25789377499147,0.5927858999398377,0.5913087714757557
0,0,1.0617229659775,39.488019525115206,0.586763013756934,0.5845564704780122
0,0,1.150303507364049,38.99350296941046,0.5962668707803711,0.606844647958425
1,0,1.1522626408840537,39.209017872499395,0.5837206347780104,0.5746326256124472
2,0,1.3341525240705947,38.24368738639734,0.5915186806576,0.5989727659241463
0,0,1.1456382871207695,37.97968915966769,0.5874722878706976,0.5839798774754044
1,0,1.145455441335219,40.28222842008689,0.5989170360547422,0.6072264358273873
2,0,1.1526966987873195,40.21201677525581,0.5874792342905442,0.5865342727955806
1,0,1.2663043565955134,40.470754224307846,0.5960524791700126,0.605166431446729
4,0,1.27636129437538,38.73540698692972,0.5908655206162936,0.5838090673150693
0,0,1.0224417855706314,38.52712828991238,0.6007473559808219,0.6119744087983507
6,0,1.2426943319564099,38.742725488406506,0.5830794244087368,0.5778719184652539
2,0,1.2931197470877442,39.08711614425491,0.5758459993201984,0.5634334280778659
1,0,1.1999382246322445,40.82420042703877,0.5880159318593043,0.5848473142368796
5,0,1.2648621784767546,39.809833738492095,0.5743261337527503,0.5576026804250795
3,0,1.2379934399552748,38.455734304819835,0.5922690868097508,0.5957024746069448
1,0,1.1779822498455166,39.921051871680824,0.5937612062720932,0.5974807397981328
3,0,1.2135856336098636,40.24353721262492,0.5939622775010105,0.5998119011727207
0,0,1.0278076811406502,40.52190136514834,0.5807046365193005,0.5753455049690772
8,2,1.6285880353618392,40.55631984409459,0.5589215255186273,0.5275531184187583
3,0,1.263943277383226,38.71598557048279,0.5825993635424602,0.5713865886697385
0,0,1.2762856194047516,39.14959919953509,0.5923431823998274,0.5918920534117988
2,0,1.2086280983172348,39.734944591974,0.5815331841847824,0.5781775996090821
2,0,1.2191340755327558,39.47396049158285,0.5871652810145811,0.5830640273600043
2,0,1.2446425725943855,39.83493504328111,0.5993031127700577,0.605568242874679
2,0,1.2657538458681006,39.370531981766874,0.5877054519906328,0.5881208507385227
1,0,1.126997627490091,39.18634397500966,0.5840920106867444,0.5827852573021147
3,1,1.2291963702945907,39.18873339866773,0.584724964399645,0.5804387179653164
1,0,1.1599347032463425,40.76969114514974,0.5931948909119348,0.5921850100751163
4,0,1.397031123715062,39.94125894582129,0.5787519801206944,0.5678794247146248
4,0,1.1959675407514399,39.815890830482616,0.5910912944957654,0.5972564200485879
0,0,1.0971731769323159,39.42320299998896,0.5980758165199673,0.6029101748834843
1,0,1.1422361784522632,38.29325313598784,0.5880120455123621,0.5863382795739838
4,0,1.3692471415067153,39.8500660024452,0.5751806470501107,0.5627429287398751
2,1,1.1750385457832484,39.43007171367159,0.5964143000087101,0.6009810785545419
1,0,1.081131402025599,40.332455035138715,0.5955938311056199,0.5942133188966883
1,0,1.1754479629566217,38.073410713598356,0.5835152211882066,0.5781681242421792
1,0,1.2522814543717637,40.89482111625063,0.5886750431940191,0.5877272780336482
3,0,1.2300991170940199,39.871134653052046,0.588886678898302,0.5842811842534439
3,0,1.2308722917281845,39.277636379662376,0.5745886350758085,0.565151731771899
3,0,1.164208634918233,39.87212900889253,0.6028613939198275,0.612831973723019
3,0,1.2471254978509712,40.59763084305843,0.5965799345691509,0.6055519690036236
5,0,1.3292992226038305,40.21255523450522,0.5695274849954812,0.5566890683313563
4,0,1.3794672305793203,40.29033419193642,0.5875624256763639,0.5856085229622745
2,0,1.084188025588798,39.157261967923695,0.5994688970879598,0.6141870189297313
5,0,1.2581105411449736,40.13583107338137,0.5944172307658625,0.5998953596061982
1,0,1.0467587032266898,39.09865922171506,0.5839436999330169,0.5781295673663521
1,0,1.2156811023842213,39.23040422619477,0.5733864307879588,0.5580663939936734
4,0,1.257066446391499,40.54837278899052,0.5885132714651837,0.5831071357190633
3,0,1.2483597919153169,38.70021344705036,0.611625515554548,0.6276114718996436
0,0,1.1470731388352566,40.07991974969909,0.5834385144763583,0.5804460822018483
2,0,1.1810239017293838,38.939591772997375,0.5883782733686822,0.5839796478559686
1,0,1.157434936673058,39.298789448570226,0.5869284909142491,0.5856245977516709
0,0,1.0881503315036618,38.3552784782217,0.596724211745293,0.5946508574663597
1,0,1.111496430942542,38.92333393626257,0.59908184737168,0.607764133706004
3,0,1.1971968029152578,39.70883851207409,0.5875833826004103,0.5891385164277922
5,1,1.3477442035820284,39.90761208912625,0.5836886990536234,0.5781480267542664
1,0,1.0813076355296798,40.65150676820372,0.5888119482151695,0.585442781959689
4,1,1.3688435637173635,39.19318451874605,0.5996104017334793,0.6150393585955373
0,0,1.0881853923758336,38.796111377775055,0.604008030175154,0.6122962841219943
5,0,1.2319920577799994,39.34107925508121,0.5949840517776601,0.6017456278611163
0,0,1.0438158728078648,38.66508962487685,0.583925861795648,0.5771344087004397
5,0,1.3657889430488326,40.56291634786251,0.5847745401913882,0.578528714537691
1,0,1.233935428442195,40.979213320701746,0.6022937254839373,0.6086287382399613
4,0,1.2594063509395734,41.0615256665101,0.5947215139414502,0.6073238742895942
2,0,1.302216011937325,40.141564039133534,0.6037400421177044,0.6169569238813732
3,0,1.1971529765221909,39.44743025327128,0.5984322395860837,0.6047164470446724
4,0,1.3784255371384075,39.22327171000506,0.5802735008531588,0.5783694714286713
3,0,1.1556095645211473,38.55765062242122,0.589131725055789,0.5917700073244587
3,0,1.1927628386913127,39.49278826827559,0.5859735401508261,0.5802576728768561
3,0,1.2533683220640655,39.82506359708513,0.5789736400675736,0.5715673777280402
2,0,1.3024019332061887,39.277511533612284,0.5705127880676714,0.5579189935045181
4,0,1.1941736403926915,39.54003072585315,0.593206361307262,0.5963149203831866
6,1,1.334670732324724,40.05436146211749,0.5889549383399606,0.5830372445097366
0,0,1.0634848660880936,38.63710343087913,0.5977547844637796,0.5983544637776619
5,0,1.2324007375481454,41.54808866403086,0.5767801207666858,0.5645319560919653
2,0,1.3953465426060385,38.78100436502309,0.5960184780915101,0.5977635212123438
3,0,1.210821408705618,40.117899567661254,0.5848119847406255,0.5785364680591882
1,0,1.1833070390273601,40.13321750183696,0.5842692608158866,0.5834197049482375
1,0,1.1621147933346696,39.67524999737113,0.5800314377025366,0.5667464241420495
5,1,1.3662100802347317,40.36621823004045,0.5838201615728529,0.5818555903594771
2,0,1.2491891950828207,39.27155595907082,0.5879005025584618,0.5775980364288472
1,0,1.249357144423934,39.2385050894937,0.6033662227844011,0.6117787965617819
1,0,1.0939678253035043,41.2492379610554,0.5894742419659531,0.5911987986024605
2,1,1.2245139817542794,39.72883133941134,0.5998967291731023,0.6082730329376902
9,1,1.3888960727203798,40.91213650762435,0.5917909660539991,0.5938113272358856
8,0,1.3741727948923466,39.864314584903624,0.58612784556233,0.5931422325370214
2,0,1.2746807284557313,40.161068164856204,0.592164157832251,0.5915942772361176
2,0,1.1396210389841956,39.85882408156556,0.5790276524477922,0.5704460211131649
3,0,1.2215628200221653,39.86929732318932,0.6124170108937962,0.6293361696807831
2,0,1.3742537154516092,40.14760267170614,0.5862397053131925,0.5917409675397094
1,0,1.0554674639245147,39.63787172660083,0.5966228339758477,0.6016887551531319
3,0,1.2110527528421127,38.9694394688662,0.5931064843436566,0.5948044400995132
6,0,1.4159220024197168,40.5483840422189,0.5907511342389066,0.5937429850864884
0,0,1.021732699107443,39.87907942493556,0.5936347720189694,0.5950030535359259
4,0,1.182791395640835,41.67113452237127,0.5803251186716905,0.5740412940433814
0,0,1.2513712739819582,39.02705528060585,0.5977117021822468,0.6081653192348482
1,0,1.1039109467488937,39.76431916056031,0.5853541953493162,0.5828717119790787
0,0,1.2153645743607788,39.64391944171485,0.5876603148750167,0.5918729737157534
3,0,1.2734471185133596,40.04546120959227,0.5910937975149957,0.5832263268561306
1,0,1.1682970768430998,40.02999703530352,0.5899348509636797,0.5914103604809103
7,1,1.2471687288934539,41.412905269735724,0.6002971075204449,0.6132664830059749
1,0,1.275847127945695,39.23419060150181,0.6025972436733026,0.607366945600176
0,0,1.0605325160933368,39.29598706904083,0.5883291050086425,0.588286772449349
2,1,1.2315794716365185,40.51937642755048,0.5845523823929893,0.5853527506053574
1,0,1.1925686154294335,38.977836091260585,0.5702369778576064,0.5534239941305077
2,0,1.3786635089082273,38.586612193168804,0.5922224456088019,0.5906528831937605
2,0,1.2589997782234816,40.531757316452065,0.5947433342025343,0.5924273598580041
2,0,1.3108401191002483,39.444710852987185,0.5850982044040647,0.5840458896718964
1,0,1.2506823920922838,39.940147386460744,0.601218241863743,0.6085731387829713
2,0,1.1813450679451138,39.65375110423894,0.5888114274103555,0.5925459457044203
2,0,1.166985432104305,37.99781259745436,0.5953449959829555,0.5973025057844177
1,0,1.0610355267226148,38.815080781976164,0.5895643482134311,0.5818123227670421
1,0,1.016662295781776,38.65324629637771,0.5828958793350911,0.5783936986648812
0,0,1.1209160226239094,39.59602751382931,0.5903774217464649,0.5918938090733363
4,0,1.384576789751899,38.90544596577165,0.5957325819890649,0.6024003140131644
2,0,1.1626056641862248,39.46018669459139,0.5977287274615761,0.5992449310953061
2,0,1.1984970130770738,39.46136495865711,0.5807814495120113,0.5663413875440056
2,0,1.0789114198368044,39.695088096944296,0.5770735195780805,0.5612644868305241
4,0,1.1208757218290544,42.28249299764427,0.5971723750367178,0.6020358724986936
3,0,1.2384401644805718,39.7347594952125,0.5756324105278992,0.5557303774452357
2,0,1.189963457020967,39.791951769369916,0.5867739937145717,0.5839650700979298
2,0,1.1405927224114012,39.44000530915457,0.5851625976145991,0.5841305785046083
4,0,1.2074545220780226,39.3745208941771,0.5883016930393288,0.577942326637759
2,0,1.073145017510052,38.52045525124548,0.5927686471811098,0.5937356423181858
3,0,1.200382975795663,39.188544221398146,0.5856992392339609,0.5711939506823023
3,0,1.2542695061122509,40.14795629304964,0.5880494692815104,0.584791646373674
0,0,1.1490036565445716,39.64918960554783,0.5948313426661652,0.5981308068457245
2,0,1.2922283609865954,40.632436683400954,0.5968728133033687,0.599916436757602
1,0,1.2652361932408294,39.71407518489446,0.6108137336115721,0.6278179388248841
4,0,1.2697633048693406,39.02231351078649,0.6001532319921706,0.6108371171372198
1,0,1.1288641800297519,41.442592386529654,0.5993933793049415,0.6090188213776535
3,0,1.1432863596848188,39.63361779615533,0.5922806662600155,0.5898938854834315
3,0,1.1608518609423513,39.6988280423344,0.5836522676662688,0.5813663330202474
2,0,1.2470096430617075,39.25985602292664,0.5965316264697698,0.6061790207549209
7,0,1.3580837542692554,41.3623815520083,0.5826979809307797,0.5694440387024566
2,0,1.3067106627663887,38.56726623528923,0.5896895949326809,0.5869426560043738
0,0,1.0730777743619746,39.63526754796833,0.5873366850851415,0.5851021522507115
2,0,1.2633201723600336,38.35236245198574,0.5864617628240183,0.5833872128691173
0,0,1.2037476491387793,39.615386186064164,0.5801375288917204,0.5685153578815315
2,0,1.335545776334126,39.181766115056284,0.5752529563474873,0.56039809856192
3,0,1.2679244048106595,39.96375089102753,0.5892637010966487,0.5811744732779585
2,1,1.2663806638817448,39.16595327987562,0.5894188340816416,0.5893671657395105
0,0,1.170092066306764,39.9056388270955,0.5850867095065653,0.5824735819243514
4,0,1.2108210388871528,39.33188305160055,0.5972820691317335,0.6044515332498173
2,0,1.211449679188593,39.394627461971766,0.5955412043659197,0.5974307605638334
7,0,1.2748959228176442,41.103930119563024,0.5883049465222676,0.5867024253803708
4,0,1.3378212902436335,40.30358220850579,0.5738647235204882,0.5627409577559124
1,0,1.2518093971789268,38.81180009295691,0.5889205032878145,0.5909765907330611
1,1,1.0918770942714104,38.5826767135682,0.5928414988222409,0.5951672337193308
4,1,1.3034334968236927,37.87243379485894,0.5733368957007617,0.5624237655250863
2,0,1.1404932920552215,38.25852033472324,0.5832782790071194,0.5798415034841498
3,0,1.2588886559758612,38.55114596669491,0.5968200070693133,0.6020742475418478
3,0,1.3207049095358234,40.77412782453711,0.5783972923209718,0.571105770808058
5,0,1.2605741978834641,39.53097233066008,0.6033500161474288,0.6109328103843874
2,0,1.25061856068131,39.77563200113856,0.5891574575536918,0.5869194422057881
3,0,1.2499776738384456,39.140622247420595,0.5841406679139601,0.5870647781682516
3,0,1.3061532882567375,40.19340878701739,0.5994806418141991,0.6055600197286679
3,0,1.2559862195497193,39.486130176525435,0.584367168880692,0.5760766187151787
1,0,1.1855197049047776,40.742752130256946,0.5772990610733683,0.5614337623937135
2,1,1.2367456371116508,39.02805494209763,0.5897652679241525,0.5889994243713987
5,1,1.2325200369304052,40.2210743697698,0.5888278588714597,0.5887189578741632
4,0,1.177451873932244,40.52547243469093,0.589674155352834,0.5833865130336371
5,1,1.3111379145750581,40.54045564631801,0.5825402476497841,0.5678177587630923
0,0,1.253409058157162,39.24638539292391,0.5940822636633425,0.5941424984329449
1,0,1.1983513179238667,39.115572709889236,0.5867175348047166,0.5814782053201158
4,0,1.2158730675368215,39.05376322008487,0.5733480422595056,0.5588708935098878
0,0,1.0898002230569928,38.86904207221269,0.5826292281020935,0.5798524912117591
0,0,0.9748778551010552,38.67938397994617,0.5861565912945459,0.5799552143791646
9,0,1.1837229760693442,40.14929886454944,0.5818815807576448,0.5715533310576512
2,0,1.200700720514301,38.19532341621882,0.5954973465404974,0.6014201179314798
0,0,1.081808884951726,38.546622343597356,0.5871410961645817,0.5804251416572966
0,0,1.2950510328068996,38.468694139483794,0.5976257477073368,0.6087147003333222
0,0,1.0840847824249527,39.54819159857276,0.5910286267970283,0.5975879678720166
2,0,1.2630920004505037,38.92031398615039,0.593701364971575,0.591275762992106
2,0,1.2726974186292859,39.898014241833856,0.593480925107589,0.5964691989385058
4,0,1.2487741630562446,40.52644073376776,0.5914077816479824,0.597974168727778
0,0,1.1158874624187798,40.56749485613456,0.5899031189505739,0.583978420218084
1,0,1.2548992585067997,40.59271320681348,0.5842019296611098,0.5849682510029042
4,0,1.1518661078428134,40.95216284062858,0.5818174845226635,0.5800740040039374
3,0,1.3698461694872803,39.08810850472274,0.6106079722728501,0.6249620286218571
2,0,1.203259635301937,39.612261255988315,0.596209455909749,0.6019584766659378
2,0,1.282310328905701,39.27104576189782,0.5979845485438463,0.5982029752155106
5,0,1.2225774039184931,40.473817057262565,0.6024408932221645,0.6119926650784349
2,1,1.2294339846561315,38.79215416418871,0.5987830713060591,0.6045992941573134
0,0,1.0079734561433056,39.78037657643721,0.5854750775038582,0.5845274813157255
4,0,1.276601296928171,39.464612568833765,0.5887883739277326,0.5873137112521397
1,0,1.1765751170441867,39.466461874196334,0.5897274400277837,0.5895858517191708
2,0,1.2261213037091758,39.485953226081996,0.586357087102485,0.5817558885866752
2,0,1.18594161606929,40.68531710796923,0.5748413096058316,0.5544222529561253
1,0,1.2823011026544888,40.17310497072397,0.5832342471579346,0.5837606661899408
2,0,1.1324211761763416,40.125655103328626,0.6058386152511928,0.6215504417748795
1,1,1.3196480535456054,39.86268767430211,0.5830337743625831,0.5812640802388874
2,0,1.305964577665867,40.06658741433675,0.5812905686264276,0.5791690732505546
3,0,1.1482730091702764,39.78136827065081,0.5790780205817894,0.5707706861209436
2,0,1.1594072151418329,40.24489042989183,0.5821043939355064,0.5782988828330553
3,0,1.2358466245746653,39.66429659804241,0.5928193528883507,0.588576451254206
0,0,1.2003396665243786,39.60866178942355,0.5903899061173334,0.5864390197753978
3,0,1.4436392950853014,40.085048366503706,0.5986367637059509,0.6052353199804774
1,0,1.1946724684824517,38.96889713590329,0.5892333675153829,0.5918878256525419
2,0,1.2210201573649584,39.865075768361045,0.5836925002062923,0.5786002581599929
3,0,1.2068751669075177,39.48789587784452,0.5877363064782876,0.5866523278409839
1,0,1.1566876152459855,40.22988990725126,0.5786746004604904,0.5668461994700542
1,0,1.1747671924842982,40.15582494871772,0.5881873070262755,0.5830233544640036
3,0,1.319793968231615,40.23739170729655,0.5949697377597573,0.6027229990047696
2,0,1.1614735293691638,39.801118158074935,0.5847962910278969,0.5821108135999467
3,1,1.1778263873972685,40.34934210257221,0.5830910329953165,0.5746990546871943
1,0,1.21984585198718,40.56724129804565,0.5851603133554566,0.588995757755553
3,0,1.1372523155701553,39.9113823432654,0.5914072452137626,0.5844526717299865
4,0,1.1735058972917036,40.46966254412041,0.5803944636296339,0.5749005120828518
2,0,1.1268154171185991,39.697702210868904,0.5900212503521693,0.586938810977834
0,0,1.1576082683938518,40.2225544144239,0.5908536481820519,0.583957582630559
6,0,1.2774943957509486,38.78631781177453,0.58455205468023,0.5796101724552044
0,0,1.1255748092756834,40.528352977349805,0.5908837472521089,0.594359580604926
3,0,1.1579231454291583,39.515624353224354,0.5761981946796435,0.5568082619015089
6,0,1.3441646651375896,42.41460817445968,0.5833282674791231,0.5781858694768057
3,1,1.2561814392433295,41.19130941472115,0.5727447543399723,0.5615231536571574
0,0,1.2585283120895658,38.35613380822134,0.598652169546602,0.6012118756678009
1,0,1.2235539852925712,39.51548420962443,0.5971560924313464,0.5964330628360137
4,1,1.394116127230969,40.21698949271465,0.6011603154608011,0.612068899257213
7,1,1.4050463147769128,39.89502018980606,0.5665876538857145,0.5407534276954888
0,0,1.1137185886190741,39.69175403517073,0.5985612049806255,0.6107802908107853
1,0,1.209321488824584,40.91651936961734,0.5959813897214892,0.6021683905914582
0,0,1.1219622216955825,38.402476208338456,0.5875944148592893,0.5885675783175238
1,0,1.1724176574110408,39.36545288753187,0.5894027975817074,0.583462740439081
2,0,1.1730300187365352,40.01971884358384,0.5866656318001369,0.5851008130206663
6,1,1.355330071708005,39.50754841608134,0.5939914988963084,0.5943673451562479
0,0,1.1914617736906994,40.20896106355683,0.6019203303169689,0.6097777365844834
4,0,1.2045697753265852,40.1601608434818,0.5920308938016792,0.5926531026077853
5,0,1.3729179651724615,40.71771613108728,0.5848501476261163,0.5822474567921632
2,0,1.1427635390394009,41.35052645493478,0.6000460977379214,0.6113111858403815
1,0,1.3042968082999866,40.07667079416872,0.5936733496990216,0.594787909810468
4,0,1.2325540603199279,40.27159863431019,0.5959009268302965,0.609644911263195
2,0,1.07552040946176,39.918211477801236,0.5814198380153923,0.5762313474993325
0,0,1.1873577653374,39.118185894479794,0.5949216230528113,0.599835849120304
1,0,1.0947474705878568,39.75732263420597,0.591571318085504,0.6002015144389207
5,1,1.2726562754598032,40.669768600298326,0.582766889855352,0.5807451834424221
4,0,1.316389594409268,39.498459627219894,0.5929251609956612,0.5919265434654091
1,0,1.1655682061665782,39.49503839678377,0.5875259084002789,0.5900409871767283
0,0,1.0948684057310065,39.96302821453354,0.592128708237909,0.5917668183744669
1,0,1.3139507229698277,38.36706392678783,0.5816727123337976,0.5677560810935178
2,0,1.144161946119871,39.31730801289323,0.5915034055767845,0.5930373335474325
7,1,1.2650709874877382,41.1434277769416,0.5925660074011943,0.6043519770936616
0,0,1.1417315740610636,39.75366214700976,0.5917442096111032,0.5905082751482867
0,0,1.079549201772855,39.53853622315388,0.5879006025745475,0.5895985976916667
4,0,1.138414204603868,40.48990391760759,0.5722900879411237,0.5552806586176322
7,0,1.3080683422085193,39.875185121022675,0.5844113255098691,0.5805149168703954
3,1,1.2637890179806242,38.544313604720685,0.5926946202098841,0.5970989709812454
1,0,1.1315483323193167,38.595790551850584,0.6106475139357148,0.6247007613805448
2,0,1.2443295919841684,40.712121499023155,0.5982466885451128,0.6095344293328779
1,0,1.2009964861674922,40.541792152727176,0.5846100824244741,0.5781087430792804
0,0,1.1928257519649208,38.73477003661372,0.5844739266129728,0.5731856231721612
2,1,1.2165023949619216,39.406498424407964,0.6035628630254832,0.6169190849469375
3,0,1.3183111787991597,40.82241779001621,0.5806682305388706,0.5751030628496849
2,0,1.1913550161827955,39.475699763513305,0.5809511351891716,0.5776525390354053
2,0,1.22254824310556,40.00034296247785,0.5901633080700545,0.5875777820240949
6,2,1.4524750467777487,39.41765842863817,0.5863760909123195,0.5695901408570565
1,0,1.0875520472821933,39.25096249661346,0.5979514296332944,0.6057186146822375
2,0,1.382577235580956,39.37115632882401,0.5983829235930416,0.6040785942507114
4,0,1.2289738078986283,40.94682151211273,0.5853861407528338,0.5851196862243315
2,1,1.1667531422626756,40.99030598306137,0.5827095349858379,0.5749666120264991
1,0,1.2307891653067138,38.62273700047164,0.6025632479303724,0.604878047212511
0,0,1.2248262511855676,39.555443529627674,0.5763285032568369,0.562814434730145
7,0,1.3181904991477427,39.54705546565902,0.5756003605170827,0.5615767309917208
4,1,1.3554279708529204,40.25767175523423,0.5976398693316308,0.605532879562104
2,1,1.3224682354390616,39.1388402767193,0.59335952980924,0.5935381759371278
1,0,1.2250967566845505,40.11080067050445,0.5929993317028411,0.5964283746936347
5,1,1.2622702291702788,39.789899558692,0.5971920028506617,0.6020932331925664
1,0,1.1630816510395732,40.02862250988627,0.5943326183769639,0.5970841185424537
2,0,1.1919025308710964,39.97288661430771,0.6025436879291641,0.6153001640622975
2,0,1.2146093322987375,40.60546380007099,0.5854930328772712,0.5802523337615771
1,0,1.1301276312987334,39.59398389640265,0.5926877732307811,0.5962097525847114
2,0,1.1911043504346304,37.67808833943277,0.5886295819583226,0.5858805863729184
3,0,1.170880227074666,40.204722404861435,0.5911013106319969,0.594713564739285
3,0,1.2500032189984445,40.59403561407119,0.590654387635831,0.588418594507666
2,0,1.1343483663542635,38.09224227798942,0.5789117969984837,0.5707250991278661
2,0,1.3600121220999988,40.282185290114725,0.5917051320823778,0.5915738296302402
5,0,1.105041312452304,40.16076252558671,0.5826553592616827,0.5746811583761618
4,0,1.2849350396552006,39.358149377468386,0.587426942334023,0.5833412717391862
1,0,1.0579834505621666,39.11275386024574,0.5944910589084447,0.5953477850525275
2,0,1.1490765409068675,40.84153966362541,0.5942919917849891,0.6004204822712371
0,0,1.2456883232942924,39.119027483837854,0.5861064758281118,0.5846475272652629
4,0,1.2559385423861313,41.03018580082326,0.573546343216656,0.5622143790573669
4,2,1.2743359440195106,39.59384266971101,0.5955339789405212,0.6016353131235339
0,0,1.0766877178038607,39.93221562826106,0.5850792691921276,0.5792261019397695
2,0,1.155357207099703,38.81611576287279,0.5923980426239782,0.5926629945708988
4,0,1.1832715293547704,40.467166324024205,0.5894524804137439,0.5909712894102703
7,2,1.3356163851802312,40.21557098787165,0.5885780102648964,0.5859072171267683
0,0,1.2395916906234359,38.2296251738417,0.5893257727642685,0.5913858610403618
2,0,1.2129972902547528,40.17600473343682,0.5804850243840131,0.5699389249656375
6,0,1.3308141092497023,40.528265768285074,0.5789939532318791,0.5718959096725467
2,0,1.2197912231743442,39.3373007402785,0.5791369605552957,0.5635579104061893
1,0,1.2194341700542692,39.51532306851796,0.5891812728547586,0.5887569755282362
2,0,1.2053757121529374,38.952083729935815,0.5980665427627847,0.6037799931220762
0,0,1.1163884842491985,38.297810208923686,0.5866889252465942,0.5804757269305036
0,0,1.1763889962277634,39.13348409513744,0.5847607292938638,0.5816069351946109
2,0,1.2057632312927662,39.83168607510288,0.5821000413401697,0.5807376940796545
2,0,1.2408221784634565,39.206248014887,0.583202111392199,0.5709670569610565
2,0,1.289932812225423,39.97040805085642,0.5970782813008946,0.5951842485519852
2,0,1.2658886593640628,38.27487960740393,0.5978204193859078,0.6098505026842171
0,0,1.0999257922213321,38.34393046382194,0.5980678268435815,0.6115855132545076
4,0,1.3048081020024056,40.26588988337828,0.6017012623568195,0.6137579294793611
4,1,1.2902464066595012,39.60100162989666,0.580861375816109,0.5731505022134724
9,1,1.4451054270165606,39.93182997915872,0.5713130137647708,0.5482648065457187
4,0,1.2390750816944758,40.70282801431495,0.5930683697775669,0.5963465882350831
2,0,1.2512682608099357,40.55012932818407,0.5831463168996895,0.5813210616129383
1,0,1.190635058889717,38.810202986544255,0.6073025601182103,0.6174354159049689
2,0,1.2642405940941357,40.59015330404464,0.5999395276922779,0.6051607963176691
5,0,1.322248676242243,39.81604677127507,0.5851908348630976,0.5806182096321767
3,0,1.2715590749220034,39.445998387303824,0.6092152101384032,0.6249015672905985
1,0,1.1182811643906845,39.06947211062109,0.5892609645048333,0.5926974929651998
3,0,1.2948158468214443,39.33587118558898,0.5776247129771567,0.5653592471945255
2,0,1.0872715987994277,39.71967137453043,0.5792560854003266,0.573690096114764
4,0,1.3453522100494801,39.71519016156745,0.582461728633456,0.5818989893359658
5,1,1.274605135778448,38.38967926452261,0.5833224711490534,0.5792052827976616
3,0,1.2250731046398702,40.01158034330021,0.5858440437120868,0.5817015655368669
1,0,1.1751105597392653,40.08644007794329,0.5714185289692384,0.5578982024919116
2,0,1.2276674260590834,39.88110851885277,0.586909217886878,0.5784159023645039
2,0,1.1495601295884517,39.19007940418524,0.5877604807731605,0.5887788544634482
4,0,1.3086838225003485,40.02443332483806,0.5894410017460747,0.5858077627298476
2,0,1.1977961474859344,38.281437956591915,0.6161357420398323,0.6342383024211011
2,0,1.1532215761789704,38.8035766096184,0.5943192047371619,0.5977864411507992
6,1,1.351389014645841,40.58088339535946,0.5765797882848103,0.5581073145294732
3,0,1.2045974758831934,39.94955608488261,0.5903814967973905,0.5908699197636103
2,1,1.2125634617036931,39.006766598965385,0.5939581869142259,0.6004293224091437
2,0,1.1926548160669226,39.80915226048101,0.5960864973391962,0.6062163520043437
0,0,1.1305331772815055,40.267502282497794,0.5920803149687939,0.5955815063510015
0,0,1.044504512732552,40.38776990915529,0.5916142222616664,0.5955690535766971
3,0,1.170341463399325,38.699148061725474,0.6004983748854,0.613073225226455
2,0,1.3300993582524214,39.2635338601539,0.5919843702560417,0.5908494243493089
4,0,1.2647649744649638,39.52955401784467,0.5870605132997859,0.5829134726247374
4,0,1.194729985726495,40.929753498451674,0.6018926308588748,0.6103547122969551
