simple_fixed_median_gap,simple_fixed_r_squared,simple_fixed_leaveout_r_squared,simple_fixed_flip_rate,simple_recomputed_median_gap,simple_recomputed_r_squared,simple_recomputed_leaveout_r_squared,simple_recomputed_flip_rate,log_fixed_median_gap,log_fixed_r_squared,log_fixed_leaveout_r_squared,log_fixed_flip_rate,log_recomputed_median_gap,log_recomputed_r_squared,log_recomputed_leaveout_r_squared,log_recomputed_flip_rate
40.12608151110545,0.5917247943332873,0.5930927778475799,73.73737373737373,40.12608151110545,0.5961223392635941,0.5930927778475799,73.73737373737373,39.9886740290297,0.5977482799491636,0.572519799477103,72.72727272727273,39.9886740290297,0.5762477482642714,0.572519799477103,72.72727272727273
39.559432323353704,0.5866050894662173,0.5877486265076142,74.74747474747475,39.559432323353704,0.5930126444171657,0.5877486265076142,74.74747474747475,39.59571923424369,0.5927082818114715,0.5689359827763021,74.74747474747475,39.59571923424369,0.5734816528753149,0.5689359827763021,74.74747474747475
40.37861103265268,0.5803853562627681,0.5764786178573753,73.73737373737373,40.37861103265268,0.5865958698530245,0.5764786178573753,73.73737373737373,40.27283346807532,0.5861496826735818,0.55781941815506,72.72727272727273,40.27283346807532,0.5672453896809964,0.55781941815506,72.72727272727273
39.7140852281141,0.597750166442092,0.6026912356277365,72.72727272727273,39.7140852281141,0.6016280105933125,0.6026912356277365,72.72727272727273,39.60797033907466,0.6039933046157937,0.5825873702804978,72.72727272727273,39.60797033907466,0.5817789577599253,0.5825873702804978,72.72727272727273
39.952194313311416,0.5925812411367631,0.5913107263001464,71.71717171717171,39.952194313311416,0.5956687381736685,0.5913107263001464,71.71717171717171,39.9371594560761,0.5983620724791354,0.5745827013927893,71.71717171717171,39.9371594560761,0.5770324253667839,0.5745827013927893,71.71717171717171
38.89432948815138,0.5768938800625856,0.5649020473303445,72.72727272727273,38.89432948815138,0.5832690833436369,0.5649020473303445,72.72727272727273,39.29418776275493,0.5827604782469963,0.5446092255022725,72.72727272727273,39.29418776275493,0.5632431822855026,0.5446092255022725,72.72727272727273
39.93298389159923,0.5871360841649568,0.5886021700175292,72.72727272727273,39.93298389159923,0.5909225601522574,0.5886021700175292,72.72727272727273,39.87026854693223,0.5929785979857072,0.5716844885787701,71.71717171717171,39.87026854693223,0.5721221443427862,0.5716844885787701,71.71717171717171
39.847788967072105,0.5943113024152855,0.5967081332165354,73.73737373737373,39.847788967072105,0.5980450176614321,0.5967081332165354,73.73737373737373,39.74136486605602,0.6001486479056342,0.576985751008307,73.73737373737373,39.74136486605602,0.5787969117413396,0.576985751008307,73.73737373737373
40.79653618720963,0.578219364849109,0.5715414429898913,71.71717171717171,40.79653618720963,0.5834383568311692,0.5715414429898913,71.71717171717171,41.152011618981746,0.5838147662913924,0.5528680521554439,71.71717171717171,41.152011618981746,0.5644729810899964,0.5528680521554439,71.71717171717171
40.01864438979603,0.5784883819907506,0.5677744942778082,72.72727272727273,40.01864438979603,0.5840448350333849,0.5677744942778082,72.72727272727273,40.06480279682594,0.5840011279742103,0.5492436235327212,72.72727272727273,40.06480279682594,0.5648975006956777,0.5492436235327212,72.72727272727273
39.559945303116216,0.5854331903620896,0.5814069425880652,72.72727272727273,39.559945303116216,0.5900127256214918,0.5814069425880652,72.72727272727273,40.816644967515394,0.5915100375239968,0.5614250181282971,71.71717171717171,40.816644967515394,0.5701520074622994,0.5614250181282971,71.71717171717171
39.82366432957175,0.585412692989836,0.5867293975927936,72.72727272727273,39.82366432957175,0.5886010499589192,0.5867293975927936,72.72727272727273,39.64392999736987,0.5914361348370802,0.5695346584022123,72.72727272727273,39.64392999736987,0.56950798338239,0.5695346584022123,72.72727272727273
39.591520142760906,0.5835129315557677,0.5800086521019229,73.73737373737373,39.591520142760906,0.5877824604690471,0.5800086521019229,73.73737373737373,39.474755083345215,0.5893985738720768,0.5604215378874418,73.73737373737373,39.474755083345215,0.5680520451779325,0.5604215378874418,73.73737373737373
38.8916544519151,0.5951811746963778,0.602211827857226,72.72727272727273,38.8916544519151,0.5979077999453094,0.602211827857226,72.72727272727273,39.24871790172237,0.6012256382099865,0.5844826852771363,72.72727272727273,39.24871790172237,0.579310166555961,0.5844826852771363,72.72727272727273
38.99468638497665,0.5801763494370319,0.564481814241218,72.72727272727273,38.99468638497665,0.5865930776085402,0.564481814241218,72.72727272727273,39.38828159036674,0.5859706531965031,0.5430348699782459,72.72727272727273,39.38828159036674,0.5661142114079489,0.5430348699782459,72.72727272727273
39.98951592394854,0.5924357275570131,0.588301342609172,75.75757575757575,39.98951592394854,0.5971906358941594,0.588301342609172,75.75757575757575,39.80919176857224,0.5981320822016082,0.5699364562766684,75.75757575757575,39.80919176857224,0.578307949052044,0.5699364562766684,75.75757575757575
39.06156495296232,0.5748127543192978,0.5705027053461644,71.71717171717171,39.06156495296232,0.5804571980414662,0.5705027053461644,71.71717171717171,39.09746928768049,0.5805260130306822,0.5530561454057172,71.71717171717171,39.09746928768049,0.5615595237882111,0.5530561454057172,71.71717171717171
40.37277437407308,0.5896047183262018,0.5896836769262208,73.73737373737373,40.37277437407308,0.5932042500219303,0.5896836769262208,73.73737373737373,40.69427990219615,0.5954566318784658,0.5725435611621814,73.73737373737373,40.69427990219615,0.5744531017034986,0.5725435611621814,73.73737373737373
39.95274424689171,0.5869127490595027,0.577196669701209,72.72727272727273,39.95274424689171,0.5920221979035369,0.577196669701209,72.72727272727273,39.77255071068429,0.5929711395795374,0.5560973740370566,72.72727272727273,39.77255071068429,0.5715085085452293,0.5560973740370566,72.72727272727273
39.901995839296,0.5832105451201756,0.5791565006720398,72.72727272727273,39.901995839296,0.5869153135509814,0.5791565006720398,72.72727272727273,39.975392170517885,0.5888307969435056,0.5621072710343007,72.72727272727273,39.975392170517885,0.5684020007189233,0.5621072710343007,72.72727272727273
38.62989595710792,0.5865266874136741,0.5868124769296377,73.73737373737373,38.62989595710792,0.5901589507782057,0.5868124769296377,73.73737373737373,38.74674365383831,0.592496859165929,0.5685525734386907,73.73737373737373,38.74674365383831,0.5710131036232111,0.5685525734386907,73.73737373737373
38.772533861504,0.5845402810172324,0.584777942313248,72.72727272727273,38.772533861504,0.5892863181869943,0.584777942313248,72.72727272727273,39.16444306546396,0.5907954196304536,0.565821612930522,72.72727272727273,39.16444306546396,0.569833949471702,0.565821612930522,72.72727272727273
39.82623993205573,0.5859167607160506,0.5821820132350013,72.72727272727273,39.82623993205573,0.5903744794228984,0.5821820132350013,72.72727272727273,39.95464936056541,0.5918881547570161,0.5625400678768998,72.72727272727273,39.95464936056541,0.5706214331345003,0.5625400678768998,72.72727272727273
40.246341004375196,0.57969065718027,0.5755712599516022,73.73737373737373,40.246341004375196,0.5861293350659302,0.5755712599516022,73.73737373737373,40.28315105442755,0.5856892950915238,0.5574614042223012,72.72727272727273,40.28315105442755,0.5666418902195123,0.5574614042223012,72.72727272727273
38.78334776608254,0.591672419931232,0.5894448620211388,72.72727272727273,38.78334776608254,0.5967687879576598,0.5894448620211388,72.72727272727273,38.73147990073746,0.5974890607322747,0.5695106216045204,72.72727272727273,38.73147990073746,0.5770227579643132,0.5695106216045204,72.72727272727273
39.44934744959566,0.5835270854089953,0.5782303013090883,74.74747474747475,39.44934744959566,0.5889847199911534,0.5782303013090883,74.74747474747475,39.46946085917096,0.5892760074320067,0.560370851769337,74.74747474747475,39.46946085917096,0.5698338797915251,0.560370851769337,74.74747474747475
39.777499533573945,0.5915844594515393,0.5948206095767655,72.72727272727273,39.777499533573945,0.5957320120843876,0.5948206095767655,72.72727272727273,40.008601496688875,0.5973434599119065,0.5740550943036742,72.72727272727273,40.008601496688875,0.5761004198344262,0.5740550943036742,72.72727272727273
39.82328563859316,0.5880188298358878,0.582200024085388,73.73737373737373,39.82328563859316,0.5933444419370779,0.582200024085388,73.73737373737373,39.70590927511752,0.5938824118017334,0.5628872106231185,73.73737373737373,39.70590927511752,0.5736742444294012,0.5628872106231185,73.73737373737373
39.10109697378117,0.5742797884353621,0.5616161029803366,74.74747474747475,39.10109697378117,0.5794651005328881,0.5616161029803366,74.74747474747475,38.96444924147529,0.5801178730033099,0.5419169629986009,74.74747474747475,38.96444924147529,0.5596476545245133,0.5419169629986009,74.74747474747475
39.910386299224456,0.591696154484775,0.5935177221335359,71.71717171717171,39.910386299224456,0.5964530228406669,0.5935177221335359,71.71717171717171,39.80381762048175,0.5975014663135381,0.5724875363351114,71.71717171717171,39.80381762048175,0.5768090444592923,0.5724875363351114,71.71717171717171
39.874689385924626,0.5805975585493963,0.5645061644867408,72.72727272727273,39.874689385924626,0.5873532399735901,0.5645061644867408,72.72727272727273,39.735947194859946,0.5862188970022686,0.5459375098691791,72.72727272727273,39.735947194859946,0.5681656049009072,0.5459375098691791,72.72727272727273
39.413188639948636,0.5839995739585694,0.5757233550934266,74.74747474747475,39.413188639948636,0.5889141951909919,0.5757233550934266,74.74747474747475,39.43328766259793,0.5897894189580961,0.5556439398657295,74.74747474747475,39.43328766259793,0.5691588884821221,0.5556439398657295,74.74747474747475
38.22116525820897,0.5946891954152148,0.5982512288016149,72.72727272727273,38.22116525820897,0.5992269582202097,0.5982512288016149,72.72727272727273,38.69420973044877,0.6006954900839888,0.5808354483241662,71.71717171717171,38.69420973044877,0.5801186750184391,0.5808354483241662,71.71717171717171
39.88251464201116,0.6016861054016216,0.6084105375169319,73.73737373737373,39.88251464201116,0.6063191597032017,0.6084105375169319,73.73737373737373,39.75136146297498,0.6078292823623954,0.5884780690121476,73.73737373737373,39.75136146297498,0.5867637640284183,0.5884780690121476,73.73737373737373
40.34656292902643,0.5837742770923473,0.5768638362474037,72.72727272727273,40.34656292902643,0.5892589985686112,0.5768638362474037,72.72727272727273,40.238990188099265,0.5894389055893272,0.5582623396775875,72.72727272727273,40.238990188099265,0.570284477008054,0.5582623396775875,72.72727272727273
40.251810426145354,0.5882849748301492,0.5874004572579765,71.71717171717171,40.251810426145354,0.593052890770911,0.5874004572579765,71.71717171717171,40.08160108370752,0.5942429336426713,0.5663851091194633,71.71717171717171,40.08160108370752,0.5730842745385771,0.5663851091194633,71.71717171717171
39.837325159131254,0.5984252108794295,0.5950860081631819,73.73737373737373,39.837325159131254,0.6049972334485849,0.5950860081631819,73.73737373737373,39.70627641445256,0.60428042047784,0.576106035724581,73.73737373737373,39.70627641445256,0.5855892465098711,0.576106035724581,73.73737373737373
39.91891570930075,0.5832745696905577,0.5797118121038569,72.72727272727273,39.91891570930075,0.5879578773572491,0.5797118121038569,72.72727272727273,39.945163814328765,0.5892387441757798,0.561174268325844,73.73737373737373,39.945163814328765,0.5686001030558845,0.561174268325844,73.73737373737373
40.07821372518266,0.5822134000665666,0.5779865660841548,72.72727272727273,40.07821372518266,0.5880984945149841,0.5779865660841548,72.72727272727273,40.20580118374728,0.58789148811381,0.5581906117743879,72.72727272727273,40.20580118374728,0.5684876687776348,0.5581906117743879,72.72727272727273
40.05220888730705,0.5803285920937837,0.5672419403383425,71.71717171717171,40.05220888730705,0.5861615351985429,0.5672419403383425,71.71717171717171,40.453719053715595,0.5859860240701864,0.5488886620369257,71.71717171717171,40.453719053715595,0.5670926577536617,0.5488886620369257,71.71717171717171
39.83244845179288,0.5876506994324854,0.5829129103036007,74.74747474747475,39.83244845179288,0.5920476063065478,0.5829129103036007,74.74747474747475,39.86716222089108,0.5937147346159766,0.5621489668916833,73.73737373737373,39.86716222089108,0.5723041891478993,0.5621489668916833,73.73737373737373
39.724186392198156,0.5907926929881921,0.5984392519319284,72.72727272727273,39.724186392198156,0.5936662711104572,0.5984392519319284,72.72727272727273,39.56641236556035,0.5966845915244579,0.5826334877236491,71.71717171717171,39.56641236556035,0.5754772886609825,0.5826334877236491,71.71717171717171
40.02022327241892,0.5797256540145449,0.56938391307539,72.72727272727273,40.02022327241892,0.5878424025244129,0.56938391307539,72.72727272727273,39.96953522106183,0.5857974695758927,0.549705362774394,72.72727272727273,39.96953522106183,0.5676828702133786,0.549705362774394,72.72727272727273
39.74369008794698,0.5958250138447486,0.5995029048099012,73.73737373737373,39.74369008794698,0.5986931749121217,0.5995029048099012,73.73737373737373,39.60734761587602,0.6018434235483328,0.5808051663909548,73.73737373737373,39.60734761587602,0.579583603842466,0.5808051663909548,73.73737373737373
39.51765365789609,0.5831429344757749,0.5690339723290079,73.73737373737373,39.51765365789609,0.5915335008187618,0.5690339723290079,73.73737373737373,39.38734718983468,0.5888483536113577,0.5485161258620437,73.73737373737373,39.38734718983468,0.5714329755030902,0.5485161258620437,73.73737373737373
40.370925684307814,0.5819957169730064,0.5766486065594251,71.71717171717171,40.370925684307814,0.5862908016798345,0.5766486065594251,71.71717171717171,40.78862015254514,0.5877175336995448,0.558481170872503,70.70707070707071,40.78862015254514,0.5674627818024256,0.558481170872503,70.70707070707071
39.77589334183986,0.5956560982062897,0.596106763979698,72.72727272727273,39.77589334183986,0.5982618063338132,0.596106763979698,72.72727272727273,39.82924574858959,0.6015382011184028,0.5790061975901302,72.72727272727273,39.82924574858959,0.5796771074612219,0.5790061975901302,72.72727272727273
39.49923247004969,0.580664226999432,0.5780212971079319,71.71717171717171,39.49923247004969,0.5839363234577584,0.5780212971079319,71.71717171717171,39.36357433874623,0.5866197407382703,0.5598879055199597,69.6969696969697,39.36357433874623,0.5646664164993491,0.5598879055199597,69.6969696969697
39.414799108706035,0.5930039254905941,0.5891815522908563,74.74747474747475,39.414799108706035,0.5979951668057427,0.5891815522908563,74.74747474747475,39.28473277191124,0.5988673705036954,0.5696375132661342,74.74747474747475,39.28473277191124,0.5784828464608338,0.5696375132661342,74.74747474747475
40.986400119755686,0.5812114369872334,0.5739059389410366,72.72727272727273,40.986400119755686,0.5853655491374136,0.5739059389410366,72.72727272727273,41.358897544194626,0.5871434592415756,0.5540543597231051,72.72727272727273,41.358897544194626,0.565722779096351,0.5540543597231051,72.72727272727273
40.03776412275344,0.5897956187637767,0.5942468397101086,74.74747474747475,40.03776412275344,0.5955155802052299,0.5942468397101086,74.74747474747475,39.93090161868922,0.5959049049745619,0.5734185090984205,74.74747474747475,39.93090161868922,0.5754276920117607,0.5734185090984205,74.74747474747475
40.68326528784142,0.6014931039168324,0.607338207107182,73.73737373737373,40.68326528784142,0.6069451133168049,0.607338207107182,73.73737373737373,40.973046024780224,0.6072292915605952,0.5876462833120994,73.73737373737373,40.973046024780224,0.5875208495936307,0.5876462833120994,73.73737373737373
39.62206198583824,0.5915434155413319,0.5983006125553231,72.72727272727273,39.62206198583824,0.5941587996523898,0.5983006125553231,72.72727272727273,39.6809415406139,0.5977337848154232,0.5788467033650613,72.72727272727273,39.6809415406139,0.5745022493732679,0.5788467033650613,72.72727272727273
39.22600073013888,0.5754396351731442,0.5661450782419666,72.72727272727273,39.22600073013888,0.5818912467762094,0.5661450782419666,72.72727272727273,39.04840656421342,0.5813003755157145,0.5476186095507036,72.72727272727273,39.04840656421342,0.562423207092323,0.5476186095507036,72.72727272727273
40.38409670651375,0.6054985919149449,0.6170502277377706,72.72727272727273,40.38409670651375,0.6064837093082653,0.6170502277377706,72.72727272727273,40.30163572054386,0.6118556228703834,0.5963892418001733,73.73737373737373,40.30163572054386,0.586416637526323,0.5963892418001733,73.73737373737373
39.614583054621065,0.5941851090552297,0.5930187135733527,75.75757575757575,39.614583054621065,0.5982355309472712,0.5930187135733527,75.75757575757575,39.484050868635656,0.6002674967476458,0.5721321702127391,75.75757575757575,39.484050868635656,0.5781433405597076,0.5721321702127391,75.75757575757575
39.68306687183698,0.5752769718971762,0.5634466532497275,69.6969696969697,39.68306687183698,0.5807189419418406,0.5634466532497275,69.6969696969697,39.57702379637653,0.5809107731175411,0.5453031388875781,70.70707070707071,39.57702379637653,0.5616993422383695,0.5453031388875781,70.70707070707071
40.54495135115591,0.597472188311768,0.6027263430352554,72.72727272727273,40.54495135115591,0.6019558102884157,0.6027263430352554,72.72727272727273,40.9185525842786,0.6036794858622727,0.5830854869818604,72.72727272727273,40.9185525842786,0.5823691406157447,0.5830854869818604,72.72727272727273
40.25556340333698,0.5829215685221258,0.5753559666868844,72.72727272727273,40.25556340333698,0.5887945808227352,0.5753559666868844,72.72727272727273,40.28253045878971,0.5886910531569609,0.5561982066124687,71.71717171717171,40.28253045878971,0.5692862673376686,0.5561982066124687,71.71717171717171
40.454073533747724,0.583016590956106,0.5757258444984803,72.72727272727273,40.454073533747724,0.5898682429505051,0.5757258444984803,72.72727272727273,40.514011633323264,0.5888276651842305,0.5581997412932854,72.72727272727273,40.514011633323264,0.5709903563500651,0.5581997412932854,72.72727272727273
39.83640875525447,0.5831772225600904,0.5776431122702675,72.72727272727273,39.83640875525447,0.588214328927759,0.5776431122702675,72.72727272727273,39.6998074363889,0.5888588016697461,0.5595627859726303,72.72727272727273,39.6998074363889,0.5693295384964203,0.5595627859726303,72.72727272727273
39.67125268358054,0.5754369998442661,0.5683382893311131,73.73737373737373,39.67125268358054,0.5832933319059623,0.5683382893311131,73.73737373737373,39.56523696805432,0.5811528147919417,0.5480356068998258,73.73737373737373,39.56523696805432,0.5634452550591484,0.5480356068998258,73.73737373737373
38.4960767729396,0.605103794898807,0.6138784550114558,73.73737373737373,38.4960767729396,0.6069928153057715,0.6138784550114558,73.73737373737373,38.55350462851872,0.611459629947057,0.5946038621421579,73.73737373737373,38.55350462851872,0.587430219491664,0.5946038621421579,73.73737373737373
40.420948641120916,0.585218465733092,0.5752765590856639,74.74747474747475,40.420948641120916,0.5906625211618243,0.5752765590856639,74.74747474747475,40.313205253256854,0.5911631811897201,0.5554308433883828,74.74747474747475,40.313205253256854,0.5708404112949961,0.5554308433883828,74.74747474747475
41.16104042041131,0.5897279929311163,0.5873016040783672,72.72727272727273,41.16104042041131,0.5955810169650062,0.5873016040783672,72.72727272727273,41.05160854142444,0.5954482686093903,0.569699038923789,72.72727272727273,41.05160854142444,0.5765670139507166,0.569699038923789,72.72727272727273
40.16990278457584,0.5992099565951168,0.6013939144833189,73.73737373737373,40.16990278457584,0.6049979110994057,0.6013939144833189,73.73737373737373,40.01079377321193,0.6049518725512799,0.5814605014162768,73.73737373737373,40.01079377321193,0.5853999138198416,0.5814605014162768,73.73737373737373
40.73953364212619,0.5855015778624232,0.5785709392818656,74.74747474747475,40.73953364212619,0.5900716780685006,0.5785709392818656,74.74747474747475,40.76015393145257,0.5915294238365962,0.5588121688543481,74.74747474747475,40.76015393145257,0.5703831206116974,0.5588121688543481,74.74747474747475
39.44039392122232,0.6015243163838853,0.6102419047475305,72.72727272727273,39.44039392122232,0.6050396720555224,0.6102419047475305,72.72727272727273,39.26202940009301,0.607344223652496,0.5937138222205289,72.72727272727273,39.26202940009301,0.5867400668984875,0.5937138222205289,72.72727272727273
39.67760443609867,0.5954098819069316,0.5916289316156083,73.73737373737373,39.67760443609867,0.5990111600373869,0.5916289316156083,73.73737373737373,39.736555031765405,0.601227165375031,0.5725545670505181,73.73737373737373,39.736555031765405,0.5796687659073483,0.5725545670505181,73.73737373737373
39.29191153029237,0.5935008576866213,0.5931412616371916,71.71717171717171,39.29191153029237,0.5974781216764034,0.5931412616371916,71.71717171717171,39.68774987253483,0.5992632109300811,0.5735895293212794,71.71717171717171,39.68774987253483,0.5780969124185855,0.5735895293212794,71.71717171717171
40.20285412674405,0.5794793551821957,0.5730429548279845,74.74747474747475,40.20285412674405,0.5859109674772915,0.5730429548279845,74.74747474747475,40.063551463782275,0.5854185949290176,0.5540137842201098,74.74747474747475,40.063551463782275,0.5662254809637643,0.5540137842201098,74.74747474747475
38.187306697255316,0.5891228838362834,0.5794091066238674,71.71717171717171,38.187306697255316,0.5932073598019177,0.5794091066238674,71.71717171717171,38.084761509079044,0.5951080208068718,0.5615160504467389,71.71717171717171,38.084761509079044,0.5740977647082102,0.5615160504467389,71.71717171717171
39.54744744445485,0.594131665327646,0.5964066398601557,72.72727272727273,39.54744744445485,0.5972858193614097,0.5964066398601557,72.72727272727273,39.8631933342538,0.5999527630754036,0.5786030672395666,71.71717171717171,39.8631933342538,0.5786386990247073,0.5786030672395666,71.71717171717171
39.943695183424076,0.5688336415773599,0.5509320586304853,71.71717171717171,39.943695183424076,0.5764600962786748,0.5509320586304853,71.71717171717171,39.78526214702026,0.5746182894381131,0.531903407220061,71.71717171717171,39.78526214702026,0.556685521637184,0.531903407220061,71.71717171717171
39.180321578964325,0.5964863380377976,0.5984478624266352,73.73737373737373,39.180321578964325,0.600172451546017,0.5984478624266352,73.73737373737373,39.14811180577203,0.602249560616398,0.5813128438989617,73.73737373737373,39.14811180577203,0.5813297740665444,0.5813128438989617,73.73737373737373
39.71612499091196,0.5978641927804719,0.5987505984004342,72.72727272727273,39.71612499091196,0.6002436982612172,0.5987505984004342,72.72727272727273,39.73634424244084,0.6040992539232186,0.5776734465254822,72.72727272727273,39.73634424244084,0.5799702514471881,0.5776734465254822,72.72727272727273
39.90374090307506,0.5898907438019965,0.5937408423608598,73.73737373737373,39.90374090307506,0.5942603326116216,0.5937408423608598,73.73737373737373,39.74542759390193,0.5959990589424731,0.5738481500561853,72.72727272727273,39.74542759390193,0.5744568706129265,0.5738481500561853,72.72727272727273
39.48157305648521,0.6041457545671879,0.6175536767037508,72.72727272727273,39.48157305648521,0.6068918902466007,0.6175536767037508,72.72727272727273,39.303060908279164,0.6104198840097081,0.5993470405783436,72.72727272727273,39.303060908279164,0.5876584624076071,0.5993470405783436,72.72727272727273
39.583148445234116,0.5862952224495593,0.5823454995614548,73.73737373737373,39.583148445234116,0.5909012060531152,0.5823454995614548,73.73737373737373,39.466405498591214,0.5921910450268885,0.5629249056596086,73.73737373737373,39.466405498591214,0.5712426036273345,0.5629249056596086,73.73737373737373
39.54848815072014,0.5811061290850305,0.5740774302907198,74.74747474747475,39.54848815072014,0.5879412048252698,0.5740774302907198,74.74747474747475,39.568640956147426,0.5871559057169304,0.5531610631303949,74.74747474747475,39.568640956147426,0.5672818268735045,0.5531610631303949,74.74747474747475
39.15629704485744,0.5850258523927998,0.5812732627081146,71.71717171717171,39.15629704485744,0.5904841268409691,0.5812732627081146,71.71717171717171,39.27564487728963,0.5904734183987519,0.5645662646905043,71.71717171717171,39.27564487728963,0.5721738302629618,0.5645662646905043,71.71717171717171
39.93090986845198,0.5926563107183509,0.5939351084443413,71.71717171717171,39.93090986845198,0.5979044214557736,0.5939351084443413,71.71717171717171,40.07347834700437,0.5982658312440203,0.5755773799008264,71.71717171717171,40.07347834700437,0.5791048682355804,0.5755773799008264,71.71717171717171
39.91585392433663,0.6023783979478693,0.6130629206796936,74.74747474747475,39.91585392433663,0.6057877633541002,0.6130629206796936,74.74747474747475,40.30525196485474,0.608352929931092,0.593847319897421,74.74747474747475,40.30525196485474,0.5865818714493198,0.593847319897421,74.74747474747475
39.857929171832176,0.580141371503065,0.5726956189647099,74.74747474747475,39.857929171832176,0.5853075656024215,0.5726956189647099,74.74747474747475,39.933232877578405,0.5858020024346192,0.5526310966577193,74.74747474747475,39.933232877578405,0.5657224825954392,0.5526310966577193,74.74747474747475
38.76545575113294,0.6062039221157294,0.6197387357231037,72.72727272727273,38.76545575113294,0.6092504472647533,0.6197387357231037,72.72727272727273,39.14537622707335,0.6124500897119246,0.5997684084001591,72.72727272727273,39.14537622707335,0.5894959997742608,0.5997684084001591,72.72727272727273
39.35037975578166,0.6068223153849898,0.6226916565978622,72.72727272727273,39.35037975578166,0.6075902853248843,0.6226916565978622,72.72727272727273,39.21305371476092,0.6132253455991008,0.6034275665792272,72.72727272727273,39.21305371476092,0.588247464303767,0.6034275665792272,72.72727272727273
40.38137404450682,0.5775789042197432,0.5656657497170656,72.72727272727273,40.38137404450682,0.5827923977284866,0.5656657497170656,72.72727272727273,40.3884335073196,0.5834873514293735,0.5476288000698557,71.71717171717171,40.3884335073196,0.5634889550821445,0.5476288000698557,71.71717171717171
39.16714071515812,0.5947910686406854,0.5941925706155721,74.74747474747475,39.16714071515812,0.5991612527135193,0.5941925706155721,74.74747474747475,39.187141579288856,0.6009558939093023,0.5736964131860921,74.74747474747475,39.187141579288856,0.5789123322873344,0.5736964131860921,74.74747474747475
39.685503781850514,0.5824210896924764,0.5796038495709551,71.71717171717171,39.685503781850514,0.5874671049431095,0.5796038495709551,71.71717171717171,39.57945506339535,0.5884144929211073,0.5598668104541162,71.71717171717171,39.57945506339535,0.5675821809426123,0.5598668104541162,71.71717171717171
38.66388032965054,0.5829512088878327,0.5818056297686338,73.73737373737373,38.66388032965054,0.5885787009264551,0.5818056297686338,73.73737373737373,39.40496851179116,0.5887384129400476,0.5625068269626885,73.73737373737373,39.40496851179116,0.5690278175896805,0.5625068269626885,73.73737373737373
39.23388891103134,0.5829706307991489,0.5786285144335512,72.72727272727273,39.23388891103134,0.5889006732351454,0.5786285144335512,72.72727272727273,39.12888907851146,0.5889178457454419,0.5581269869128128,72.72727272727273,39.12888907851146,0.5689830048110154,0.5581269869128128,72.72727272727273
40.00180604855892,0.5968387906381843,0.6014012625892937,73.73737373737373,40.00180604855892,0.6003032802569012,0.6014012625892937,73.73737373737373,39.84319905461714,0.6026228005739613,0.5822994816644727,73.73737373737373,39.84319905461714,0.5812010853736798,0.5822994816644727,73.73737373737373
38.696088562949086,0.5729623187122902,0.5603306995188064,73.73737373737373,38.696088562949086,0.5784608665268032,0.5603306995188064,73.73737373737373,38.867307477783264,0.5788243350005797,0.5400687962511476,73.73737373737373,38.867307477783264,0.5584570980567876,0.5400687962511476,73.73737373737373
39.725406515197584,0.5892172643849116,0.5892397070059882,73.73737373737373,39.725406515197584,0.5935437098165147,0.5892397070059882,73.73737373737373,39.55693285791186,0.5951835963184864,0.5677328766669073,71.71717171717171,39.55693285791186,0.5732195314510589,0.5677328766669073,71.71717171717171
39.592788841189666,0.5796405622700981,0.5740109461038092,74.74747474747475,39.592788841189666,0.5836938253784709,0.5740109461038092,74.74747474747475,39.45411833899611,0.5856117685316682,0.5537037137471597,73.73737373737373,39.45411833899611,0.5637650416375442,0.5537037137471597,73.73737373737373
39.787251046453264,0.5846473342419558,0.5794931998685939,73.73737373737373,39.787251046453264,0.5900654232910958,0.5794931998685939,73.73737373737373,40.0066635919986,0.5905371772982793,0.5608015188539167,73.73737373737373,40.0066635919986,0.5709048364416994,0.5608015188539167,73.73737373737373
39.192029506713524,0.5857189496650267,0.5788067995624384,73.73737373737373,39.192029506713524,0.5912775515846743,0.5788067995624384,73.73737373737373,39.04249894073647,0.5917870572014976,0.55950401136124,73.73737373737373,39.04249894073647,0.5713896334497397,0.55950401136124,73.73737373737373
39.698537005022075,0.5824003344534932,0.5853514924245827,73.73737373737373,39.698537005022075,0.5864211974813589,0.5853514924245827,73.73737373737373,39.96660758324455,0.588541131106703,0.5670152343144552,73.73737373737373,39.96660758324455,0.5671299572877021,0.5670152343144552,73.73737373737373
39.74597957792706,0.5958303016682727,0.6030428227750276,72.72727272727273,39.74597957792706,0.6000635144323212,0.6030428227750276,72.72727272727273,39.61514231109163,0.6019822797007433,0.5821819687424317,72.72727272727273,39.61514231109163,0.5799908289506404,0.5821819687424317,72.72727272727273
39.13135775888419,0.5879091021299372,0.5819498727619874,74.74747474747475,39.13135775888419,0.5926883749956688,0.5819498727619874,74.74747474747475,38.954104599238114,0.5937107971672586,0.5616123335161485,74.74747474747475,38.954104599238114,0.5728427190753453,0.5616123335161485,74.74747474747475
39.491737693309446,0.5884250441530842,0.58328502417734,74.74747474747475,39.491737693309446,0.5943251947341096,0.58328502417734,74.74747474747475,39.51524911481879,0.5942486381454487,0.5640631952061481,74.74747474747475,39.51524911481879,0.5748781836042873,0.5640631952061481,74.74747474747475
40.131978835631045,0.5828934905608086,0.5776061510926469,72.72727272727273,40.131978835631045,0.5878701425055194,0.5776061510926469,72.72727272727273,40.58685566909988,0.5887222972452681,0.5594088758777689,72.72727272727273,40.58685566909988,0.5687789853943066,0.5594088758777689,72.72727272727273
40.44889053549126,0.5891025656015807,0.5881478838907808,73.73737373737373,40.44889053549126,0.5928301095963042,0.5881478838907808,73.73737373737373,40.382785461224024,0.5948906595992856,0.5693645634399938,73.73737373737373,40.382785461224024,0.5737270388830613,0.5693645634399938,73.73737373737373
40.92167171413742,0.584614913495889,0.580738822254127,72.72727272727273,40.92167171413742,0.5882089749432355,0.580738822254127,72.72727272727273,40.78623251547076,0.5905125791021923,0.5618141039491713,71.71717171717171,40.78623251547076,0.5689029488056502,0.5618141039491713,71.71717171717171
40.697116815951176,0.602935868140141,0.612615924316237,74.74747474747475,40.697116815951176,0.6065769547230978,0.612615924316237,74.74747474747475,40.603578555158606,0.6089050408416431,0.5945378209026166,73.73737373737373,40.603578555158606,0.5877592958588946,0.5945378209026166,73.73737373737373
39.06896957296402,0.5976198837114601,0.6004791973349589,72.72727272727273,39.06896957296402,0.5999084454318308,0.6004791973349589,72.72727272727273,38.964354325620334,0.6033634771329563,0.582305578847331,72.72727272727273,38.964354325620334,0.5813934210822476,0.582305578847331,72.72727272727273
40.033811108139176,0.6013043317780259,0.6131537194285281,74.74747474747475,40.033811108139176,0.6049976804398047,0.6131537194285281,74.74747474747475,39.92695771506942,0.6073954634613716,0.5924549318456143,74.74747474747475,39.92695771506942,0.5852671627486985,0.5924549318456143,74.74747474747475
39.11882046214949,0.5728130914886147,0.5655879368220047,70.70707070707071,39.11882046214949,0.5786307966827693,0.5655879368220047,70.70707070707071,39.13880199605958,0.5787142288661931,0.5470377597948948,70.70707070707071,39.13880199605958,0.5592445309286065,0.5470377597948948,70.70707070707071
40.87991518722841,0.5897695384668131,0.5884360823152711,74.74747474747475,40.87991518722841,0.5944627759196777,0.5884360823152711,74.74747474747475,40.74042780966144,0.5957054392792436,0.5687987583830663,74.74747474747475,40.74042780966144,0.5747107603596817,0.5687987583830663,74.74747474747475
40.178657134086436,0.5900554696686491,0.5941341102647848,71.71717171717171,40.178657134086436,0.5923311845295983,0.5941341102647848,71.71717171717171,40.04110374481063,0.5962121718226843,0.5772053046045597,71.71717171717171,40.04110374481063,0.5734341578343707,0.5772053046045597,71.71717171717171
40.06869789243189,0.5805615817896252,0.5739822109733201,72.72727272727273,40.06869789243189,0.5841526768790084,0.5739822109733201,72.72727272727273,39.87538576990429,0.5866697241453708,0.5540804020510222,72.72727272727273,39.87538576990429,0.564209401483543,0.5540804020510222,72.72727272727273
39.31805773198271,0.5944945344927891,0.5980998698649145,74.74747474747475,39.31805773198271,0.598149274262249,0.5980998698649145,74.74747474747475,39.127511136102285,0.6004395390069581,0.5778052835500755,74.74747474747475,39.127511136102285,0.5783220925655532,0.5778052835500755,74.74747474747475
39.896349038715414,0.5988593064987162,0.6058760576866162,73.73737373737373,39.896349038715414,0.6016066534276021,0.6058760576866162,73.73737373737373,40.25608159598582,0.6050026738227092,0.5879112514273069,73.73737373737373,40.25608159598582,0.582485980306824,0.5879112514273069,73.73737373737373
40.45090141724565,0.5990195576377089,0.6072891594413761,73.73737373737373,40.45090141724565,0.6019969515243984,0.6072891594413761,73.73737373737373,40.85534761754154,0.605173872752665,0.585733617653737,73.73737373737373,40.85534761754154,0.5820309302318665,0.585733617653737,73.73737373737373
38.65628064467652,0.5903381005559329,0.5912531979441421,72.72727272727273,38.65628064467652,0.5948994102742106,0.5912531979441421,72.72727272727273,38.552631407822325,0.5961839063252392,0.572136758290874,71.71717171717171,38.552631407822325,0.5755811435766625,0.572136758290874,71.71717171717171
40.92892448928163,0.5991437236188126,0.6052563342317532,72.72727272727273,40.92892448928163,0.6026811724251475,0.6052563342317532,72.72727272727273,40.767570750240026,0.6050357451231003,0.5888648479299411,73.73737373737373,40.767570750240026,0.584367012778795,0.5888648479299411,73.73737373737373
40.13208191348788,0.5774226434928544,0.5581071412857452,73.73737373737373,40.13208191348788,0.5846117851678612,0.5581071412857452,73.73737373737373,39.95125216539462,0.5833953364217608,0.5385182061197169,73.73737373737373,39.95125216539462,0.5644821418490389,0.5385182061197169,73.73737373737373
39.696740337488265,0.5784016025121748,0.5757583639324326,73.73737373737373,39.696740337488265,0.5838739082914,0.5757583639324326,73.73737373737373,40.01707554514894,0.5841879844475398,0.5558378449717082,72.72727272727273,40.01707554514894,0.564235674459391,0.5558378449717082,72.72727272727273
39.637027186616635,0.5843086873062204,0.5836513250225666,71.71717171717171,39.637027186616635,0.5884564117129681,0.5836513250225666,71.71717171717171,39.758725408041414,0.5900489188209947,0.5646615755909312,71.71717171717171,39.758725408041414,0.5693496452530299,0.5646615755909312,71.71717171717171
39.73426163836057,0.5906336896167996,0.5896376516298275,72.72727272727273,39.73426163836057,0.5956508692665872,0.5896376516298275,72.72727272727273,40.133411512021446,0.596170879323798,0.572334861743927,70.70707070707071,40.133411512021446,0.5770313621353803,0.572334861743927,70.70707070707071
39.45107769175479,0.5795251920923785,0.5736522957102663,71.71717171717171,39.45107769175479,0.5848727112787905,0.5736522957102663,71.71717171717171,39.26003794919885,0.5855531320211643,0.5539152534301901,71.71717171717171,39.26003794919885,0.5652852832940682,0.5539152534301901,71.71717171717171
39.59661885758678,0.5858688068328466,0.5920243061907989,72.72727272727273,39.59661885758678,0.5893379167983422,0.5920243061907989,72.72727272727273,39.479840331643516,0.5920452523263466,0.5742169015134957,71.71717171717171,39.479840331643516,0.5700438513610375,0.5742169015134957,71.71717171717171
40.21254262329275,0.5914929463857739,0.5965687378839586,74.74747474747475,40.21254262329275,0.595447001461118,0.5965687378839586,74.74747474747475,40.27217467476489,0.5975207722042355,0.5777330189352636,75.75757575757575,40.27217467476489,0.5762800783709587,0.5777330189352636,75.75757575757575
41.59228119843296,0.5797800253155441,0.5681374544241635,73.73737373737373,41.59228119843296,0.5862874092957919,0.5681374544241635,73.73737373737373,42.00498587986174,0.5854804647074816,0.5491256570912892,72.72727272727273,42.00498587986174,0.5668927441195946,0.5491256570912892,72.72727272727273
38.74537050604777,0.6077849548314184,0.6165058826286851,73.73737373737373,38.74537050604777,0.6104908981527668,0.6165058826286851,73.73737373737373,39.120757154748475,0.6137061804238507,0.5989620301361158,73.73737373737373,39.120757154748475,0.5917968575444772,0.5989620301361158,73.73737373737373
39.503213145897796,0.5870327916770228,0.5844418808999206,72.72727272727273,39.503213145897796,0.5913850405350052,0.5844418808999206,72.72727272727273,39.5619405084564,0.5927331996399952,0.5673830476874975,72.72727272727273,39.5619405084564,0.5730697166075435,0.5673830476874975,72.72727272727273
40.310563863918304,0.5879219155549978,0.5877657319290148,71.71717171717171,40.310563863918304,0.5917439423404206,0.5877657319290148,71.71717171717171,40.12910300447751,0.5939324672952123,0.5701847415323609,71.71717171717171,40.12910300447751,0.5727918922639652,0.5701847415323609,71.71717171717171
39.26242712780578,0.5827552572328134,0.5829393817592353,71.71717171717171,39.26242712780578,0.5888644136225154,0.5829393817592353,71.71717171717171,39.127434506088534,0.5888149296800254,0.5637589992195546,70.70707070707071,39.127434506088534,0.5691044751868681,0.5637589992195546,70.70707070707071
40.51006046137662,0.5945234696666172,0.6008496772772409,71.71717171717171,40.51006046137662,0.5983316319729093,0.6008496772772409,71.71717171717171,40.6119145747569,0.6002835166352594,0.5829070441412856,71.71717171717171,40.6119145747569,0.5795363277188986,0.5829070441412856,71.71717171717171
39.05385290816975,0.588320988149654,0.5885360639090462,74.74747474747475,39.05385290816975,0.5939448431288596,0.5885360639090462,74.74747474747475,38.919448562830695,0.5942939048167561,0.5682682958493199,73.73737373737373,38.919448562830695,0.5740396801028886,0.5682682958493199,73.73737373737373
39.58375252200913,0.5847046857198379,0.5745529046578575,71.71717171717171,39.58375252200913,0.5895143079066423,0.5745529046578575,71.71717171717171,40.79207892024785,0.5908103905640938,0.553921079459103,71.71717171717171,40.79207892024785,0.5692097292952631,0.553921079459103,71.71717171717171
39.48839413676488,0.5942559071710551,0.5965689004980628,71.71717171717171,39.48839413676488,0.5978542669894953,0.5965689004980628,71.71717171717171,39.574932132117745,0.6001897376450969,0.5782828099833834,71.71717171717171,39.574932132117745,0.5788295573031901,0.5782828099833834,71.71717171717171
40.54456981253346,0.5918841020496055,0.591549210709172,73.73737373737373,40.54456981253346,0.5964008512695591,0.591549210709172,73.73737373737373,40.94970196687567,0.5979058409874514,0.5720161331694562,73.73737373737373,40.94970196687567,0.5766531093662122,0.5720161331694562,73.73737373737373
39.85315473500803,0.597848061847222,0.6052376078658362,74.74747474747475,39.85315473500803,0.6021798201150249,0.6052376078658362,74.74747474747475,39.73569971184012,0.60392346499674,0.5871598022994162,74.74747474747475,39.73569971184012,0.5829882311443787,0.5871598022994162,74.74747474747475
41.337816029482234,0.5942869264033017,0.5995655545245859,72.72727272727273,41.337816029482234,0.5968880868060069,0.5995655545245859,72.72727272727273,41.20336581243641,0.600170467676078,0.581168011043729,72.72727272727273,41.20336581243641,0.5778287640922769,0.581168011043729,72.72727272727273
38.49927848387262,0.584174819005769,0.58300487925086,73.73737373737373,38.49927848387262,0.588651176104365,0.58300487925086,73.73737373737373,38.3243174076357,0.5901703088974106,0.5647976995619883,73.73737373737373,38.3243174076357,0.5693956385604786,0.5647976995619883,73.73737373737373
41.49837209423281,0.5837489220318424,0.5730120215617642,73.73737373737373,41.49837209423281,0.5890510413645897,0.5730120215617642,73.73737373737373,41.55811979018906,0.5900092567329686,0.5529252360432944,73.73737373737373,41.55811979018906,0.5689038730542335,0.5529252360432944,73.73737373737373
39.953473716958676,0.5889856144436906,0.5882784792113338,73.73737373737373,39.953473716958676,0.5943605260570008,0.5882784792113338,73.73737373737373,39.795011393316,0.5949069440131161,0.5677667286860661,73.73737373737373,39.795011393316,0.5745368780821742,0.5677667286860661,73.73737373737373
39.5001596612072,0.582052774272817,0.5797383479179463,74.74747474747475,39.5001596612072,0.5859124829446452,0.5797383479179463,74.74747474747475,39.40068592038541,0.5879882284828271,0.5615312690142205,74.74747474747475,39.40068592038541,0.5667078450470986,0.5615312690142205,74.74747474747475
39.96079588740622,0.5927522230978868,0.5826876745067147,72.72727272727273,39.96079588740622,0.5998269221980789,0.5826876745067147,72.72727272727273,39.8529609642983,0.5987118121497712,0.5633340640813584,72.72727272727273,39.8529609642983,0.5803256387791282,0.5633340640813584,72.72727272727273
40.91170726975476,0.5870204988407195,0.5843753522250211,74.74747474747475,40.91170726975476,0.5911854695877479,0.5843753522250211,74.74747474747475,40.71533984328871,0.5928809300243199,0.5631654602602078,73.73737373737373,40.71533984328871,0.5710952372329363,0.5631654602602078,73.73737373737373
40.42561867388957,0.5802852245253047,0.578338630543872,72.72727272727273,40.42561867388957,0.5850588170301408,0.578338630543872,72.72727272727273,40.24375207510356,0.5864512439747315,0.558323762172768,72.72727272727273,40.24375207510356,0.5651098064781745,0.558323762172768,72.72727272727273
40.40518977581308,0.5926997745427709,0.5947998661750795,73.73737373737373,40.40518977581308,0.59789479234911,0.5947998661750795,73.73737373737373,40.27283763635479,0.5991057329849419,0.5733487486577562,73.73737373737373,40.27283763635479,0.5773681623272178,0.5733487486577562,73.73737373737373
39.76250998498343,0.5966988074658194,0.5990380258771859,73.73737373737373,39.76250998498343,0.6015977835174655,0.5990380258771859,73.73737373737373,40.43799982394075,0.602771758435553,0.5775535306848962,73.73737373737373,40.43799982394075,0.5814043315977842,0.5775535306848962,73.73737373737373
38.61088518111855,0.6016997704156745,0.6122577289526541,71.71717171717171,38.61088518111855,0.6038213706198579,0.6122577289526541,71.71717171717171,38.62991543160494,0.6079101078017513,0.5915844998664379,71.71717171717171,38.62991543160494,0.5839225459272445,0.5915844998664379,71.71717171717171
40.79526975002762,0.573382291445476,0.5696521935914074,74.74747474747475,40.79526975002762,0.578675027601807,0.5696521935914074,74.74747474747475,40.83249391322488,0.5795113495224823,0.5506739507546312,73.73737373737373,40.83249391322488,0.5590563782459486,0.5506739507546312,73.73737373737373
41.62044635221404,0.592408015134577,0.59238709965053,74.74747474747475,41.62044635221404,0.5967812243804727,0.59238709965053,74.74747474747475,41.478941316838316,0.5984934435823966,0.5708937179219067,74.74747474747475,41.478941316838316,0.5764143914790432,0.5708937179219067,74.74747474747475
39.688937168384975,0.5829293926866241,0.5813796003848835,72.72727272727273,39.688937168384975,0.5876514014151628,0.5813796003848835,72.72727272727273,39.58288049976937,0.5885581633872281,0.5626945477280367,72.72727272727273,39.58288049976937,0.5684515719373935,0.5626945477280367,72.72727272727273
39.622722315370495,0.5874184801736608,0.588863064334738,72.72727272727273,39.622722315370495,0.5923168382565684,0.588863064334738,72.72727272727273,39.516819034047224,0.5934067437317294,0.5696070867297715,72.72727272727273,39.516819034047224,0.5728024942109977,0.5696070867297715,72.72727272727273
40.326946019388856,0.594060334341348,0.6028191325711212,71.71717171717171,40.326946019388856,0.5960308206544893,0.6028191325711212,71.71717171717171,40.145427336083905,0.5999779623069754,0.5842950267989525,71.71717171717171,40.145427336083905,0.5770601991821336,0.5842950267989525,71.71717171717171
41.21076399160928,0.5860546178249149,0.5854237784983632,73.73737373737373,41.21076399160928,0.5916466604741465,0.5854237784983632,73.73737373737373,41.44669178169761,0.5918093548600061,0.5680898542423718,73.73737373737373,41.44669178169761,0.5729232197316304,0.5680898542423718,73.73737373737373
40.854719380215876,0.5800396413285805,0.5670560499997525,73.73737373737373,40.854719380215876,0.5873782632023362,0.5670560499997525,73.73737373737373,41.26211237780506,0.585899887672337,0.5462999331582938,73.73737373737373,41.26211237780506,0.5670044114234574,0.5462999331582938,73.73737373737373
40.597227751243366,0.5871194151598216,0.5841779197019078,75.75757575757575,40.597227751243366,0.5928894262585533,0.5841779197019078,75.75757575757575,40.48908064807834,0.593009852918041,0.5659288224408056,75.75757575757575,40.48908064807834,0.5737882225263753,0.5659288224408056,75.75757575757575
39.44757532468714,0.5909390751830994,0.5927790059335483,73.73737373737373,39.44757532468714,0.5951560399171596,0.5927790059335483,73.73737373737373,39.909731816130304,0.596776054819508,0.574456354155241,72.72727272727273,39.909731816130304,0.5762966301106831,0.574456354155241,72.72727272727273
39.67153857334339,0.5763300241927345,0.5614268859623681,73.73737373737373,39.67153857334339,0.5822268663139345,0.5614268859623681,73.73737373737373,40.070220848258344,0.5820598980212146,0.5424397352999536,73.73737373737373,40.070220848258344,0.5626212462922202,0.5424397352999536,73.73737373737373
38.89632032381034,0.5807253440041675,0.5684886461005214,71.71717171717171,38.89632032381034,0.588223873143801,0.5684886461005214,71.71717171717171,38.92401409904587,0.5863935369263473,0.5491538546350963,71.71717171717171,38.92401409904587,0.5687461016233106,0.5491538546350963,71.71717171717171
39.695961139940195,0.5818445851187927,0.5670904042943565,72.72727272727273,39.695961139940195,0.58841927896529,0.5670904042943565,72.72727272727273,39.860425498353166,0.5878283989401161,0.5489830229197863,72.72727272727273,39.860425498353166,0.5690177052051455,0.5489830229197863,72.72727272727273
39.08075695182818,0.5972246706065227,0.606876555486438,73.73737373737373,39.08075695182818,0.6010662423196758,0.606876555486438,73.73737373737373,38.97611418922333,0.6032540721666517,0.5866165277799975,72.72727272727273,38.97611418922333,0.5811564959708504,0.5866165277799975,72.72727272727273
40.73459981614247,0.5922330282696813,0.5890428541593271,72.72727272727273,40.73459981614247,0.5965821933349447,0.5890428541593271,72.72727272727273,40.847761184795594,0.598305771848416,0.5691657827986933,72.72727272727273,40.847761184795594,0.5767052421633359,0.5691657827986933,72.72727272727273
41.516842756220576,0.5758814860683892,0.5651971108016031,73.73737373737373,41.516842756220576,0.5807906150412516,0.5651971108016031,73.73737373737373,41.4831039559253,0.5819159233817479,0.5473849661568555,72.72727272727273,41.4831039559253,0.5615141998837536,0.5473849661568555,72.72727272727273
39.69903763124834,0.580665375229948,0.5762906787892904,73.73737373737373,39.69903763124834,0.5847678141043513,0.5762906787892904,73.73737373737373,40.09288055104949,0.5866609574078547,0.5582058680463345,74.74747474747475,40.09288055104949,0.5652885828476066,0.5582058680463345,74.74747474747475
40.504542892115005,0.5748851424168842,0.5678565211321545,73.73737373737373,40.504542892115005,0.5802695760133598,0.5678565211321545,73.73737373737373,40.371964718705215,0.5806876403115642,0.5483326430106827,73.73737373737373,40.371964718705215,0.5605791308186332,0.5483326430106827,73.73737373737373
37.5287832410607,0.5844436248583753,0.5756150602169463,72.72727272727273,37.5287832410607,0.5889496938710899,0.5756150602169463,72.72727272727273,37.68361264739498,0.5904491600040058,0.5569715862116875,72.72727272727273,37.68361264739498,0.5694840462994124,0.5569715862116875,72.72727272727273
39.84449812875434,0.5862949952628446,0.5834830280975517,73.73737373737373,39.84449812875434,0.5916309729735223,0.5834830280975517,73.73737373737373,39.667286588132185,0.5923206289675788,0.5619405143217363,73.73737373737373,39.667286588132185,0.5714250960332368,0.5619405143217363,73.73737373737373
41.164975811595816,0.597010499442834,0.597240156631242,73.73737373737373,41.164975811595816,0.6000462682459163,0.597240156631242,73.73737373737373,41.00293138019019,0.6027417033563185,0.577980684872874,72.72727272727273,41.00293138019019,0.5808039949324457,0.577980684872874,72.72727272727273
40.0371976116749,0.5758014337886965,0.5689984090620782,71.71717171717171,40.0371976116749,0.5811996211593011,0.5689984090620782,71.71717171717171,39.89801939431944,0.5815533303137579,0.5493893190404476,71.71717171717171,39.89801939431944,0.5616664513020257,0.5493893190404476,71.71717171717171
38.90035368796527,0.5928500440478874,0.5880059163835243,73.73737373737373,38.90035368796527,0.5980265171532484,0.5880059163835243,73.73737373737373,38.92262360725054,0.5988210381834704,0.5676087418705389,73.73737373737373,38.92262360725054,0.5782389765847507,0.5676087418705389,73.73737373737373
38.966041356002954,0.5841918352369058,0.5859223080881659,73.73737373737373,38.966041356002954,0.5895514864714556,0.5859223080881659,73.73737373737373,38.810566444955775,0.5903072220150258,0.5676309241383185,73.73737373737373,38.810566444955775,0.5703146596020168,0.5676309241383185,73.73737373737373
41.03345308666746,0.5870848060161946,0.5821282501483667,72.72727272727273,41.03345308666746,0.5926881741191444,0.5821282501483667,72.72727272727273,40.912912338500895,0.5929207831656135,0.560517575758449,72.72727272727273,40.912912338500895,0.5725624510669549,0.560517575758449,72.72727272727273
39.80975493983875,0.5952114322635023,0.5941866066791898,72.72727272727273,39.80975493983875,0.5991054594506747,0.5941866066791898,72.72727272727273,39.830011211230634,0.600926752634563,0.5746489723443291,73.73737373737373,39.830011211230634,0.5797587351708102,0.5746489723443291,73.73737373737373
39.92561196805961,0.5922514905411025,0.5946593751167781,74.74747474747475,39.92561196805961,0.5948628806667087,0.5946593751167781,74.74747474747475,39.851173199723824,0.5981313497206662,0.575588966659794,74.74747474747475,39.851173199723824,0.5755706015310541,0.575588966659794,74.74747474747475
39.82733705148874,0.5816688317202745,0.580749935939467,72.72727272727273,39.82733705148874,0.585679567792787,0.580749935939467,72.72727272727273,40.227179603426634,0.5875392022244619,0.5615058803432339,73.73737373737373,40.227179603426634,0.5663544180581548,0.5615058803432339,73.73737373737373
38.89626373028716,0.6005895217930087,0.6111485210382865,73.73737373737373,38.89626373028716,0.6049300794182684,0.6111485210382865,73.73737373737373,38.78134259017958,0.6065497884565401,0.5918502257862224,73.73737373737373,38.78134259017958,0.585529139289876,0.5918502257862224,73.73737373737373
39.36231256453377,0.5850255970944287,0.5823390328614337,73.73737373737373,39.36231256453377,0.5896557304461714,0.5823390328614337,73.73737373737373,39.23236901035273,0.590979399784192,0.5630532071255365,73.73737373737373,39.23236901035273,0.5699980019004525,0.5630532071255365,73.73737373737373
39.66953530577244,0.6046611880710231,0.618349999114667,73.73737373737373,39.66953530577244,0.6082750008161784,0.618349999114667,73.73737373737373,39.72847558404675,0.6108474279607,0.6001807578999476,73.73737373737373,39.72847558404675,0.5891107685836192,0.6001807578999476,73.73737373737373
39.326061769043676,0.5955141095682854,0.5948302862961085,73.73737373737373,39.326061769043676,0.5982035423582382,0.5948302862961085,73.73737373737373,39.209998955529876,0.6010404253266919,0.5767609943201832,72.72727272727273,39.209998955529876,0.5795428858240119,0.5767609943201832,72.72727272727273
39.80269693716652,0.5966310886623514,0.6007938989286308,75.75757575757575,39.80269693716652,0.6010698638729313,0.6007938989286308,75.75757575757575,39.62303729821799,0.6024416017439389,0.582605165184918,74.74747474747475,39.62303729821799,0.58188212097391,0.582605165184918,74.74747474747475
39.989646040796345,0.5801884272431581,0.566710301132431,72.72727272727273,39.989646040796345,0.5857596008847095,0.566710301132431,72.72727272727273,39.85059526654534,0.5861428973424243,0.5464006803239227,72.72727272727273,39.85059526654534,0.5657462370705273,0.5464006803239227,72.72727272727273
39.99974961581905,0.6022686007862588,0.6105200356858871,73.73737373737373,39.99974961581905,0.6063347838247269,0.6105200356858871,73.73737373737373,39.868326076587515,0.6079681119346187,0.5894991313531299,73.73737373737373,39.868326076587515,0.5865186719488038,0.5894991313531299,73.73737373737373
38.76938013404547,0.582066595501906,0.5754954777803165,71.71717171717171,38.76938013404547,0.5870984563112945,0.5754954777803165,71.71717171717171,38.66546564092981,0.5879276822553883,0.5581443318564144,71.71717171717171,38.66546564092981,0.5683618437748095,0.5581443318564144,71.71717171717171
40.389733888363175,0.5910330150022631,0.5883145039688975,72.72727272727273,40.389733888363175,0.5962104728326192,0.5883145039688975,72.72727272727273,40.32615359255676,0.5969044497739959,0.5672843046534491,72.72727272727273,40.32615359255676,0.5760954433764263,0.5672843046534491,72.72727272727273
40.23188250259726,0.5912285739021301,0.5890911434987731,73.73737373737373,40.23188250259726,0.5965595440465392,0.5890911434987731,73.73737373737373,40.09218374217258,0.5974324586746869,0.567470264761021,73.73737373737373,40.09218374217258,0.5759788223442229,0.567470264761021,73.73737373737373
38.216522870034275,0.5899293210581591,0.5889001260083763,73.73737373737373,38.216522870034275,0.5943479675155403,0.5889001260083763,73.73737373737373,38.35472983316153,0.595773801283423,0.5691357651860498,73.73737373737373,38.35472983316153,0.5745821241076896,0.5691357651860498,73.73737373737373
40.09918826143527,0.5819130640965138,0.5730891335557962,73.73737373737373,40.09918826143527,0.5877344631282523,0.5730891335557962,73.73737373737373,40.249209708852455,0.587639152219176,0.553253195312569,73.73737373737373,40.249209708852455,0.5679441029109813,0.553253195312569,73.73737373737373
39.4565132401391,0.5809021784145416,0.5802814520731485,71.71717171717171,39.4565132401391,0.5858228797007012,0.5802814520731485,71.71717171717171,39.31889938209299,0.5867925180070196,0.5606379174374189,71.71717171717171,39.31889938209299,0.5661125333255156,0.5606379174374189,71.71717171717171
39.93187476953026,0.578360533493748,0.5686804541446064,74.74747474747475,39.93187476953026,0.5844898549847772,0.5686804541446064,74.74747474747475,39.80060765818608,0.5840873861688102,0.5490912674875548,74.74747474747475,39.80060765818608,0.5648249966866137,0.5490912674875548,74.74747474747475
40.54103633922108,0.5832477903072426,0.5745481660721663,75.75757575757575,40.54103633922108,0.5885491669133514,0.5745481660721663,75.75757575757575,40.43301782147204,0.5893177968946657,0.5550152684557793,75.75757575757575,40.43301782147204,0.5686121009105439,0.5550152684557793,75.75757575757575
40.27749520210852,0.5995464184353307,0.6070088308914461,74.74747474747475,40.27749520210852,0.6045137121840087,0.6070088308914461,74.74747474747475,40.13767477049015,0.605367088814523,0.5863022057689098,74.74747474747475,40.13767477049015,0.5849919010711866,0.5863022057689098,74.74747474747475
39.49983339310899,0.5923693548911189,0.5879997570798419,74.74747474747475,39.49983339310899,0.5981667679188903,0.5879997570798419,74.74747474747475,39.36417357623255,0.5979285892801725,0.5685851281578734,74.74747474747475,39.36417357623255,0.5788319494200218,0.5685851281578734,74.74747474747475
39.66297733119899,0.5835216799181695,0.5809632120437611,72.72727272727273,39.66297733119899,0.5870359633347253,0.5809632120437611,72.72727272727273,39.48381614559287,0.5895560064688457,0.5611524854185688,72.72727272727273,39.48381614559287,0.5672724845596244,0.5611524854185688,72.72727272727273
39.30770556590709,0.5886646389131288,0.5849845529780542,73.73737373737373,39.30770556590709,0.5952904148954365,0.5849845529780542,73.73737373737373,39.32615864442586,0.5944815539396575,0.5675570744571843,73.73737373737373,39.32615864442586,0.5763117404650685,0.5675570744571843,73.73737373737373
40.096207705844535,0.5923864984339724,0.5910411513238094,74.74747474747475,40.096207705844535,0.5961233913439048,0.5910411513238094,74.74747474747475,39.986683426670425,0.5982945220179625,0.5735464487513202,74.74747474747475,39.986683426670425,0.5773958659346006,0.5735464487513202,74.74747474747475
39.04716656580969,0.5894121496867266,0.5926799949985025,73.73737373737373,39.04716656580969,0.5933315849463354,0.5926799949985025,73.73737373737373,39.50978273014185,0.5954599956126987,0.5729632841135615,73.73737373737373,39.50978273014185,0.5737373019597447,0.5729632841135615,73.73737373737373
38.964230356120325,0.5916951886118041,0.5924509934317173,74.74747474747475,38.964230356120325,0.5957105915248296,0.5924509934317173,74.74747474747475,38.8087609795797,0.5974666122657782,0.5747042209763911,74.74747474747475,38.8087609795797,0.576704380834243,0.5747042209763911,74.74747474747475
38.487760015958116,0.5869313220007374,0.5843226004154324,72.72727272727273,38.487760015958116,0.5912806583783641,0.5843226004154324,72.72727272727273,39.46381633992752,0.5932138123816479,0.56489843298008,72.72727272727273,39.46381633992752,0.5714915258395112,0.56489843298008,72.72727272727273
39.86756584612737,0.5914666934773634,0.5826165807211767,74.74747474747475,39.86756584612737,0.5960680815430675,0.5826165807211767,74.74747474747475,39.9841493884983,0.5974664546538806,0.5612770595960446,74.74747474747475,39.9841493884983,0.5757791820777489,0.5612770595960446,74.74747474747475
38.78478603449354,0.5905572645107968,0.5866645804633797,74.74747474747475,38.78478603449354,0.595325211904344,0.5866645804633797,74.74747474747475,39.23422230964901,0.5962069480705714,0.5650774966135977,74.74747474747475,39.23422230964901,0.5751829400076727,0.5650774966135977,74.74747474747475
41.247646468225916,0.5832152735815472,0.5770982391509554,73.73737373737373,41.247646468225916,0.5870933159193557,0.5770982391509554,73.73737373737373,41.10715399049174,0.5892321492051482,0.5568624334329777,73.73737373737373,41.10715399049174,0.5669534423655911,0.5568624334329777,73.73737373737373
39.545476660622946,0.5886419179660229,0.593603722921864,74.74747474747475,39.545476660622946,0.5917000915466947,0.593603722921864,74.74747474747475,39.40968886358763,0.59483789819963,0.5750698127294214,74.74747474747475,39.40968886358763,0.5722832796183039,0.5750698127294214,74.74747474747475
39.797903682306135,0.5860822430733729,0.5809454169749799,72.72727272727273,39.797903682306135,0.5904278819098416,0.5809454169749799,72.72727272727273,39.666946142318196,0.5916340276615222,0.5610621405886242,72.72727272727273,39.666946142318196,0.5710670469851411,0.5610621405886242,72.72727272727273
39.06441940061669,0.58940611090151,0.5942764039139974,71.71717171717171,39.06441940061669,0.5931688642602378,0.5942764039139974,71.71717171717171,38.949050899965364,0.5955409543818418,0.5749107383064874,71.71717171717171,38.949050899965364,0.5737774169822347,0.5749107383064874,71.71717171717171
38.5009179604179,0.6036488147741508,0.6159891138843097,74.74747474747475,38.5009179604179,0.6061500251068398,0.6159891138843097,74.74747474747475,38.3659164884688,0.6096758730062866,0.5960003843925605,74.74747474747475,38.3659164884688,0.5865753108461546,0.5960003843925605,74.74747474747475
39.68321065755168,0.5894849428167206,0.5880212877242472,72.72727272727273,39.68321065755168,0.5943104686131453,0.5880212877242472,72.72727272727273,39.698064920765795,0.5949806395926684,0.569265334742268,72.72727272727273,39.698064920765795,0.5752379923091973,0.569265334742268,72.72727272727273
39.917748464154535,0.5823807638411569,0.5733800601545007,73.73737373737373,39.917748464154535,0.5870976406171,0.5733800601545007,73.73737373737373,40.318262498432404,0.58796502020607,0.555795108109952,73.73737373737373,40.318262498432404,0.5684082570897581,0.555795108109952,73.73737373737373
40.94757864159164,0.5919055086224334,0.5947477983522342,72.72727272727273,40.94757864159164,0.5957097103097229,0.5947477983522342,72.72727272727273,41.35564541012769,0.5977619470078293,0.573026577074736,72.72727272727273,41.35564541012769,0.5755482807619859,0.573026577074736,72.72727272727273
39.7151331852045,0.5819266613996152,0.5717909429889918,72.72727272727273,39.7151331852045,0.5883073800771447,0.5717909429889918,72.72727272727273,39.557386402565776,0.5875971523795956,0.54972758651637,72.72727272727273,39.557386402565776,0.5676895502118682,0.54972758651637,72.72727272727273
41.90319356613874,0.5911830444141339,0.5935761714065876,73.73737373737373,41.90319356613874,0.5958484829681753,0.5935761714065876,73.73737373737373,41.799626571512775,0.5968849420824394,0.5731149677535232,73.73737373737373,41.799626571512775,0.5762463148945658,0.5731149677535232,73.73737373737373
39.56249932119834,0.588445454875713,0.5863749228470616,73.73737373737373,39.56249932119834,0.5922505353471801,0.5863749228470616,73.73737373737373,39.92504242401073,0.5944851776193528,0.5673632367102447,73.73737373737373,39.92504242401073,0.5727245421770419,0.5673632367102447,73.73737373737373
39.96961927205871,0.5760352753158551,0.5588867637950847,72.72727272727273,39.96961927205871,0.580853521864224,0.5588867637950847,72.72727272727273,39.81110860466332,0.5818210160982041,0.5388099406694924,72.72727272727273,39.81110860466332,0.5610122349205111,0.5388099406694924,72.72727272727273
40.38201273750741,0.5896603856236715,0.5899197139094083,71.71717171717171,40.38201273750741,0.594559085113246,0.5899197139094083,71.71717171717171,40.26316963679031,0.5957280213222662,0.5709062746798813,71.71717171717171,40.26316963679031,0.5752074781143812,0.5709062746798813,71.71717171717171
39.97500047300535,0.5790885663856252,0.5683094418880343,70.70707070707071,39.97500047300535,0.5858373047107346,0.5683094418880343,70.70707070707071,40.034330536191916,0.5849552997948373,0.5471607157254736,70.70707070707071,40.034330536191916,0.5656492131327002,0.5471607157254736,70.70707070707071
38.382342084162744,0.6003654580090749,0.6031058377765137,73.73737373737373,38.382342084162744,0.6046011210105843,0.6031058377765137,73.73737373737373,38.417719893473766,0.605954145442665,0.5857341101328891,73.73737373737373,38.417719893473766,0.5864650543218275,0.5857341101328891,73.73737373737373
40.22926598683981,0.6043071821279513,0.6142984188944947,73.73737373737373,40.22926598683981,0.6080886113315134,0.6142984188944947,73.73737373737373,40.43549743894128,0.6104553693612802,0.5939668229994983,73.73737373737373,40.43549743894128,0.5881232896029405,0.5939668229994983,73.73737373737373
40.331363482296865,0.6014187463073188,0.6111775983391541,73.73737373737373,40.331363482296865,0.6043136938893208,0.6111775983391541,73.73737373737373,40.14982920971249,0.6076662453803678,0.5915380181706246,73.73737373737373,40.14982920971249,0.5848128050351933,0.5915380181706246,73.73737373737373
40.93298127658328,0.5837641095520707,0.5771457254708413,75.75757575757575,40.93298127658328,0.5870683567310726,0.5771457254708413,75.75757575757575,41.69521598240714,0.5896934034844258,0.5569971091802506,75.75757575757575,41.69521598240714,0.5672321056503339,0.5569971091802506,75.75757575757575
40.665927300838135,0.5929251743097961,0.5967732679781497,72.72727272727273,40.665927300838135,0.595228455319619,0.5967732679781497,72.72727272727273,40.72613300292565,0.5990198355631315,0.5783346503219813,71.71717171717171,40.72613300292565,0.5761382594863272,0.5783346503219813,71.71717171717171
38.999057343131895,0.5945307974482138,0.6033840990786772,73.73737373737373,38.999057343131895,0.5977212192347815,0.6033840990786772,73.73737373737373,38.84348156900836,0.6007366980775677,0.5839624903764009,73.73737373737373,38.84348156900836,0.5782850093279301,0.5839624903764009,73.73737373737373
39.41667660803488,0.6043978920505338,0.6156555600947902,74.74747474747475,39.41667660803488,0.6062045766305246,0.6156555600947902,74.74747474747475,40.088344554568764,0.6104024449238705,0.5959309688814858,73.73737373737373,40.088344554568764,0.5868319039479306,0.5959309688814858,73.73737373737373
40.60304929669043,0.597516328921152,0.6042491485779904,71.71717171717171,40.60304929669043,0.6015601277105986,0.6042491485779904,71.71717171717171,40.64261402523698,0.6034494237683456,0.586391618774152,72.72727272727273,40.64261402523698,0.5826935099216879,0.586391618774152,72.72727272727273
39.07534295535255,0.5924580598696375,0.5908101907830778,72.72727272727273,39.07534295535255,0.5986433566184111,0.5908101907830778,72.72727272727273,39.13352037909659,0.5982566935423714,0.5714890985993255,71.71717171717171,39.13352037909659,0.5792207710061802,0.5714890985993255,71.71717171717171
39.216496735238906,0.5756111088423963,0.5629337906425862,74.74747474747475,39.216496735238906,0.5833986844584022,0.5629337906425862,74.74747474747475,40.0089679905187,0.5814795365779726,0.5446699290536108,74.74747474747475,40.0089679905187,0.5638471302463268,0.5446699290536108,74.74747474747475
40.183109913798454,0.5944997047805644,0.5998417862680029,73.73737373737373,40.183109913798454,0.5992986832717558,0.5998417862680029,73.73737373737373,40.27773851131271,0.6006066200893847,0.5799369225648259,73.73737373737373,40.27773851131271,0.579720455223937,0.5799369225648259,73.73737373737373
39.414515875604636,0.5858436742911802,0.5809886400680927,73.73737373737373,39.414515875604636,0.592564341634799,0.5809886400680927,73.73737373737373,39.19525956508784,0.591780961690613,0.561898156384556,72.72727272727273,39.19525956508784,0.57311422379136,0.561898156384556,72.72727272727273
40.33905966041698,0.5885686310567263,0.5814811565178093,71.71717171717171,40.33905966041698,0.5940324543868354,0.5814811565178093,71.71717171717171,40.23150414210057,0.5943301661979379,0.5624161874290403,72.72727272727273,40.23150414210057,0.5745719004021902,0.5624161874290403,72.72727272727273
40.08661019406239,0.5739982368558298,0.5601646903483977,73.73737373737373,40.08661019406239,0.581320136242258,0.5601646903483977,73.73737373737373,40.14608226980925,0.5796741848881601,0.539566525101284,73.73737373737373,40.14608226980925,0.5613148516862629,0.539566525101284,73.73737373737373
38.852508917785535,0.6002313960188717,0.6082898747049716,73.73737373737373,38.852508917785535,0.6027471119286211,0.6082898747049716,73.73737373737373,39.19362019778694,0.6063187372998999,0.5904139539883622,73.73737373737373,39.19362019778694,0.5834987582380695,0.5904139539883622,73.73737373737373
39.352825500974596,0.5999724142139458,0.602874681849945,72.72727272727273,39.352825500974596,0.6037473790382417,0.602874681849945,72.72727272727273,39.21757852633016,0.6061929510150841,0.5821826622295795,72.72727272727273,39.21757852633016,0.5834629416311511,0.5821826622295795,72.72727272727273
39.68277798503127,0.5971994934407128,0.6053473498500375,72.72727272727273,39.68277798503127,0.602167908349148,0.6053473498500375,72.72727272727273,39.85411310403557,0.6034338984368399,0.5854558581630331,72.72727272727273,39.85411310403557,0.5823974042643725,0.5854558581630331,72.72727272727273
40.03699054166992,0.5762765937567502,0.570394534445267,73.73737373737373,40.03699054166992,0.5809234025836332,0.570394534445267,73.73737373737373,40.37468400013944,0.5822049904496558,0.5522044337337786,73.73737373737373,40.37468400013944,0.5616490621540631,0.5522044337337786,73.73737373737373
38.70249521153223,0.5829941309454014,0.5747295178462624,72.72727272727273,38.70249521153223,0.5869257225672704,0.5747295178462624,72.72727272727273,39.08075670665446,0.5888559366440909,0.5551584146080317,72.72727272727273,39.08075670665446,0.5671958788911502,0.5551584146080317,72.72727272727273
40.57108980329831,0.6031866559556469,0.6172591293232144,73.73737373737373,40.57108980329831,0.6096415106622303,0.6172591293232144,73.73737373737373,40.463002500649026,0.6090867029770365,0.599043903296314,74.74747474747475,40.463002500649026,0.5903932057088281,0.599043903296314,74.74747474747475
41.93797080907194,0.581538925913138,0.5745767263438564,72.72727272727273,41.93797080907194,0.5869226885628963,0.5745767263438564,72.72727272727273,41.80219870905668,0.5871429314126402,0.556753990658334,72.72727272727273,41.80219870905668,0.5680746929021254,0.556753990658334,72.72727272727273
39.23219772099424,0.5894085227082054,0.5859885531176767,74.74747474747475,39.23219772099424,0.5955168918333635,0.5859885531176767,74.74747474747475,39.1973528630102,0.5953498185529549,0.5659920586917089,74.74747474747475,39.1973528630102,0.5755577354524131,0.5659920586917089,74.74747474747475
39.080705994248675,0.5783570442975352,0.5700370939493633,72.72727272727273,39.080705994248675,0.5844598385561603,0.5700370939493633,72.72727272727273,39.474951870587574,0.5840514437567672,0.5510060816592772,72.72727272727273,39.474951870587574,0.5650619790299699,0.5510060816592772,72.72727272727273
38.86371951685999,0.5783872042995117,0.5648393631842579,74.74747474747475,38.86371951685999,0.5846841537777254,0.5648393631842579,74.74747474747475,39.256321738538624,0.5842035592348453,0.5451150450653858,74.74747474747475,39.256321738538624,0.5648525389267596,0.5451150450653858,74.74747474747475
39.49923326454744,0.5910819453801159,0.5864229815130859,74.74747474747475,39.49923326454744,0.5942153185155195,0.5864229815130859,74.74747474747475,39.33151064127639,0.5970161461367308,0.5654761947419393,73.73737373737373,39.33151064127639,0.5742206193062452,0.5654761947419393,73.73737373737373
38.74659303094772,0.5900537190367212,0.5841414167828141,73.73737373737373,38.74659303094772,0.5971247073608735,0.5841414167828141,73.73737373737373,38.57073209853795,0.5959850236175969,0.5631260724512457,73.73737373737373,38.57073209853795,0.5769605249790184,0.5631260724512457,73.73737373737373
39.03770279508756,0.5838745595365719,0.5787181385840556,71.71717171717171,39.03770279508756,0.588827210701788,0.5787181385840556,71.71717171717171,38.86078764547034,0.589831954796521,0.5602137470537223,71.71717171717171,38.86078764547034,0.5694572602081714,0.5602137470537223,71.71717171717171
39.8887482162886,0.589173528616773,0.5864089966408834,70.70707070707071,39.8887482162886,0.5934723935497921,0.5864089966408834,70.70707070707071,39.73047985998237,0.5952143406254555,0.5646335998011895,70.70707070707071,39.73047985998237,0.5731345139854653,0.5646335998011895,70.70707070707071
41.35207383616193,0.5857420643926864,0.5893535819005351,74.74747474747475,41.35207383616193,0.5908322099127946,0.5893535819005351,74.74747474747475,41.242208886686235,0.5915446864856638,0.5706218547135814,73.73737373737373,41.242208886686235,0.57158512342007,0.5706218547135814,73.73737373737373
39.93537017751325,0.5779234803657425,0.5661642161069091,72.72727272727273,39.93537017751325,0.5832426898896217,0.5661642161069091,72.72727272727273,39.76620215135809,0.5838523867391578,0.5464380828960167,72.72727272727273,39.76620215135809,0.5632970327476237,0.5464380828960167,72.72727272727273
39.964705290311755,0.5852385330196486,0.5840373354727235,73.73737373737373,39.964705290311755,0.5888240110707488,0.5840373354727235,73.73737373737373,39.858011251612545,0.5909662253124147,0.566536955156708,73.73737373737373,39.858011251612545,0.5700236943072039,0.566536955156708,73.73737373737373
39.93528908965248,0.5898820454628438,0.5888464688498252,74.74747474747475,39.93528908965248,0.5938107637786592,0.5888464688498252,74.74747474747475,39.939600338779016,0.5955876870417147,0.5714008902108108,74.74747474747475,39.939600338779016,0.5746875615272884,0.5714008902108108,74.74747474747475
38.93313531205318,0.5859827810966138,0.5889093188146597,73.73737373737373,38.93313531205318,0.5908042109382157,0.5889093188146597,73.73737373737373,39.02147106308173,0.5919189619418821,0.5693098309582351,72.72727272727273,39.02147106308173,0.5711594113706135,0.5693098309582351,72.72727272727273
40.16442366326437,0.5795476393275689,0.5653004110409569,73.73737373737373,40.16442366326437,0.5867788010170196,0.5653004110409569,73.73737373737373,40.005330987323006,0.5850474727183472,0.5474144708411236,72.72727272727273,40.005330987323006,0.5678198459475545,0.5474144708411236,72.72727272727273
38.67926875946666,0.5991427901213271,0.6065663338656008,73.73737373737373,38.67926875946666,0.6021483730212119,0.6065663338656008,73.73737373737373,38.71487739256443,0.6052118498718404,0.5880705588108104,73.73737373737373,38.71487739256443,0.5829545145084196,0.5880705588108104,73.73737373737373
40.17365260941892,0.6091897405540464,0.6181186316379849,72.72727272727273,40.17365260941892,0.6109026354553144,0.6181186316379849,72.72727272727273,40.55710271495676,0.6150602097012065,0.597605972131835,72.72727272727273,40.55710271495676,0.5914055024082472,0.597605972131835,72.72727272727273
39.65009175880423,0.6067255878928834,0.616343989635681,73.73737373737373,39.65009175880423,0.6087110144893932,0.616343989635681,73.73737373737373,39.67028486205031,0.612866428314129,0.5959274526161158,73.73737373737373,39.67028486205031,0.5889446575283829,0.5959274526161158,73.73737373737373
39.72432012766409,0.5873336478823048,0.5905757018307847,72.72727272727273,39.72432012766409,0.5924389307045301,0.5905757018307847,72.72727272727273,39.84148376593628,0.5933575256791304,0.5708345575911526,72.72727272727273,39.84148376593628,0.5727549216282444,0.5708345575911526,72.72727272727273
39.91635980139271,0.5833807332739421,0.5784145002881311,73.73737373737373,39.91635980139271,0.588961401866885,0.5784145002881311,73.73737373737373,40.31686353233962,0.5890809094554802,0.5611803852024095,73.73737373737373,40.31686353233962,0.5702567771980824,0.5611803852024095,73.73737373737373
39.7862521866664,0.5875143035555521,0.5891184808902838,70.70707070707071,39.7862521866664,0.5946949610218901,0.5891184808902838,70.70707070707071,39.67997033135957,0.5936002561639805,0.5705033179032541,71.71717171717171,39.67997033135957,0.5752695027873336,0.5705033179032541,71.71717171717171
39.787044245711776,0.5897428872340307,0.5922421438394068,72.72727272727273,39.787044245711776,0.5928083160619209,0.5922421438394068,72.72727272727273,40.1865871093583,0.5955057118069906,0.5712805677573907,72.72727272727273,40.1865871093583,0.5731601712334049,0.5712805677573907,72.72727272727273
38.87525679666246,0.5846098719577635,0.5770609162934508,72.72727272727273,38.87525679666246,0.590622254196209,0.5770609162934508,72.72727272727273,38.72005957666005,0.5903552895143083,0.557452661916137,72.72727272727273,38.72005957666005,0.5710017481522335,0.557452661916137,72.72727272727273
40.346828624512355,0.5772487168176053,0.5708090304311177,73.73737373737373,40.346828624512355,0.5807016071256934,0.5708090304311177,73.73737373737373,40.23925527375314,0.582992434108744,0.5523932565608992,72.72727272727273,40.23925527375314,0.5618515215062734,0.5523932565608992,72.72727272727273
39.856150826100446,0.582114336848277,0.5764508119917306,72.72727272727273,39.856150826100446,0.5862879849580129,0.5764508119917306,72.72727272727273,39.738813313672274,0.5880562773916282,0.5587722292248926,73.73737373737373,39.738813313672274,0.567341682507555,0.5587722292248926,73.73737373737373
37.93071665289549,0.5885183799352316,0.5899273875591018,71.71717171717171,37.93071665289549,0.593536843705899,0.5899273875591018,71.71717171717171,37.818381306061276,0.5944421124222197,0.5699063406903362,71.71717171717171,37.818381306061276,0.5739867705181667,0.5699063406903362,71.71717171717171
38.95230621346496,0.6039510802204529,0.6138039335918049,73.73737373737373,38.95230621346496,0.6069679255608893,0.6138039335918049,73.73737373737373,38.796873282752564,0.6100839958919133,0.5950276464758115,74.74747474747475,38.796873282752564,0.5874802249818545,0.5950276464758115,74.74747474747475
38.61992665044447,0.5942077102553665,0.600241170668707,71.71717171717171,38.61992665044447,0.5989673328559455,0.600241170668707,71.71717171717171,39.74670868549119,0.6002303349392164,0.582724258583688,72.72727272727273,39.74670868549119,0.5803330890947908,0.582724258583688,72.72727272727273
39.058682792091105,0.578314512613438,0.5706992932164708,72.72727272727273,39.058682792091105,0.5835388503041168,0.5706992932164708,72.72727272727273,39.09458490376579,0.5841228727501327,0.5529536284146412,72.72727272727273,39.09458490376579,0.5645445857658855,0.5529536284146412,72.72727272727273
40.08694278351184,0.5763753635322793,0.5646040832524746,72.72727272727273,40.08694278351184,0.5806825401976682,0.5646040832524746,72.72727272727273,40.43097286815171,0.5819760987870302,0.5478183537304933,72.72727272727273,40.43097286815171,0.5621535661114367,0.5478183537304933,72.72727272727273
38.86253308948828,0.5896395084774495,0.5863224085066172,74.74747474747475,38.86253308948828,0.5934873598961107,0.5863224085066172,74.74747474747475,38.786726407577774,0.5953876741456177,0.5643026071058302,74.74747474747475,38.786726407577774,0.5733600969600454,0.5643026071058302,74.74747474747475
39.56690800177169,0.5954884876301021,0.5992656620821539,72.72727272727273,39.56690800177169,0.5997753437763922,0.5992656620821539,72.72727272727273,39.69504431043674,0.6015893610283229,0.5801058454062156,72.72727272727273,39.69504431043674,0.5802047919000479,0.5801058454062156,72.72727272727273
39.32739717501279,0.5990021210506309,0.59950824655374,73.73737373737373,39.32739717501279,0.6039915766495574,0.59950824655374,73.73737373737373,39.219686711708334,0.6049250225514562,0.5801784388343691,73.73737373737373,39.219686711708334,0.5844054855453569,0.5801784388343691,73.73737373737373
39.92969239217571,0.5754756070180829,0.5628529027854581,72.72727272727273,39.92969239217571,0.58364371558028,0.5628529027854581,72.72727272727273,40.330295032527495,0.5811195625548204,0.5411137328578004,72.72727272727273,40.330295032527495,0.5631102264060344,0.5411137328578004,72.72727272727273
39.30926168122626,0.608365490824015,0.6230682026742511,73.73737373737373,39.30926168122626,0.6110212261476087,0.6230682026742511,73.73737373737373,39.34535671039831,0.6145304428200913,0.6038172531112065,73.73737373737373,39.34535671039831,0.5914808535558459,0.6038172531112065,73.73737373737373
40.2023924489047,0.5900888184020718,0.593831876845728,71.71717171717171,40.2023924489047,0.5934423595656009,0.593831876845728,71.71717171717171,40.06277241074447,0.5961529966897546,0.5720240500970171,71.71717171717171,40.06277241074447,0.5731392650793854,0.5720240500970171,71.71717171717171
39.97755620202914,0.5779242101066775,0.5726689082717553,73.73737373737373,39.97755620202914,0.585131179793569,0.5726689082717553,73.73737373737373,40.03688951956401,0.5838884959315724,0.5541323913738989,73.73737373737373,40.03688951956401,0.5656275764665003,0.5541323913738989,73.73737373737373
40.31330149704713,0.5921507210583097,0.5933845307043843,72.72727272727273,40.31330149704713,0.5955235453464753,0.5933845307043843,72.72727272727273,40.15376562596704,0.5979130598719009,0.5743394826580352,72.72727272727273,40.15376562596704,0.5760751248322732,0.5743394826580352,72.72727272727273
39.55235291906085,0.58954836656921,0.5872305713677823,73.73737373737373,39.55235291906085,0.5937569187458234,0.5872305713677823,73.73737373737373,39.44025387556589,0.5953974620787978,0.5686595768219822,74.74747474747475,39.44025387556589,0.5746236258677289,0.5686595768219822,74.74747474747475
39.5775595748985,0.5859298944939773,0.5837661604272185,75.75757575757575,39.5775595748985,0.5893807771104077,0.5837661604272185,75.75757575757575,39.471760990666695,0.591784821445579,0.5642322461682453,75.75757575757575,39.471760990666695,0.5699696744052197,0.5642322461682453,75.75757575757575
39.1774425067866,0.5829929194504684,0.5702296720100988,73.73737373737373,39.1774425067866,0.5912505516923953,0.5702296720100988,73.73737373737373,39.065865880319116,0.5884722494277788,0.5508327383149181,72.72727272727273,39.065865880319116,0.571924538172471,0.5508327383149181,72.72727272727273
39.36708693654091,0.6041955021449548,0.6191689767095583,71.71717171717171,39.36708693654091,0.6055969449427687,0.6191689767095583,71.71717171717171,39.54744906319267,0.6106202600403038,0.6004071732381648,71.71717171717171,39.54744906319267,0.5864258035302272,0.6004071732381648,71.71717171717171
40.362523004993534,0.5951939773216106,0.5959186408311665,73.73737373737373,40.362523004993534,0.5991344837607429,0.5959186408311665,73.73737373737373,40.39052930626894,0.6012676147856875,0.5754386635839732,73.73737373737373,40.39052930626894,0.5791420204383999,0.5754386635839732,73.73737373737373
40.35709484665556,0.5931430358709644,0.5948502739001508,73.73737373737373,40.35709484665556,0.5983160378392944,0.5948502739001508,73.73737373737373,40.73288316090429,0.599084435338126,0.5762383512000966,74.74747474747475,40.73288316090429,0.5791260206070878,0.5762383512000966,74.74747474747475
40.211346592164766,0.5731190142481326,0.5556813049228824,72.72727272727273,40.211346592164766,0.5789063544854727,0.5556813049228824,72.72727272727273,40.24805936690273,0.5790637516711113,0.5373243132383911,72.72727272727273,40.24805936690273,0.5592902003858007,0.5373243132383911,72.72727272727273
39.173875272826976,0.5956092728931008,0.6026339169592918,72.72727272727273,39.173875272826976,0.5987025809675681,0.6026339169592918,72.72727272727273,39.128748992473575,0.6014152390617082,0.5839348909867745,72.72727272727273,39.128748992473575,0.5794623007680548,0.5839348909867745,72.72727272727273
40.2848222275357,0.5806411801714102,0.5750112971308838,72.72727272727273,40.2848222275357,0.5866933500903853,0.5750112971308838,72.72727272727273,40.103452263117376,0.586542482215572,0.5562682626316093,72.72727272727273,40.103452263117376,0.567315470491871,0.5562682626316093,72.72727272727273
41.53243859129948,0.5870584048410834,0.5888002183863921,75.75757575757575,41.53243859129948,0.5932281186201713,0.5888002183863921,75.75757575757575,41.34671285076288,0.5929528516120495,0.5699240171769608,75.75757575757575,41.34671285076288,0.5738110244363429,0.5699240171769608,75.75757575757575
39.327143060166684,0.5834287709567285,0.5757777794438372,72.72727272727273,39.327143060166684,0.5886504345027848,0.5757777794438372,72.72727272727273,39.363251828359644,0.5893454079302756,0.5564538329131056,72.72727272727273,39.363251828359644,0.5689530736639932,0.5564538329131056,72.72727272727273
39.13508445481864,0.597659728006904,0.6039384547243352,71.71717171717171,39.13508445481864,0.6003141291597411,0.6039384547243352,71.71717171717171,39.52974103708752,0.6039801954522319,0.5859541017372429,71.71717171717171,39.52974103708752,0.581161503141489,0.5859541017372429,71.71717171717171
40.04939171999653,0.583990078707666,0.5815800589720561,72.72727272727273,40.04939171999653,0.5877052812454459,0.5815800589720561,72.72727272727273,39.89064243320824,0.5900040640720522,0.5624279230881544,71.71717171717171,39.89064243320824,0.5683264589180853,0.5624279230881544,71.71717171717171
40.60349566491048,0.5698108060595248,0.556066900089041,73.73737373737373,40.60349566491048,0.5776764008291341,0.556066900089041,73.73737373737373,40.46280880892783,0.5755894570244637,0.5368848983698348,72.72727272727273,40.46280880892783,0.5580447544701704,0.5368848983698348,72.72727272727273
40.56899587315679,0.5909469357126189,0.5938125876667245,72.72727272727273,40.56899587315679,0.5948819992787585,0.5938125876667245,72.72727272727273,41.053161048965926,0.5967352364845612,0.5738997007267568,72.72727272727273,41.053161048965926,0.5753308510349844,0.5738997007267568,72.72727272727273
40.268430805121305,0.5827356173948799,0.5768432291300545,74.74747474747475,40.268430805121305,0.587107496849663,0.5768432291300545,74.74747474747475,40.23704919497223,0.5885163674446792,0.558161322559368,74.74747474747475,40.23704919497223,0.5678635901511258,0.558161322559368,74.74747474747475
39.59870581711351,0.5915160203428054,0.5934572093967228,72.72727272727273,39.59870581711351,0.595902907562541,0.5934572093967228,72.72727272727273,39.76985485023845,0.5975791569582399,0.5730159197415658,72.72727272727273,39.76985485023845,0.5759289148666145,0.5730159197415658,72.72727272727273
41.103570887656396,0.5916394764881889,0.5886275666682323,75.75757575757575,41.103570887656396,0.5962534066989794,0.5886275666682323,75.75757575757575,40.96362635166047,0.5976576380044334,0.5686884401168747,74.74747474747475,40.96362635166047,0.5765017212996393,0.5686884401168747,74.74747474747475
39.46392513315525,0.5920494343743891,0.5888006804535075,71.71717171717171,39.46392513315525,0.5960861275590321,0.5888006804535075,71.71717171717171,39.53542118592882,0.5976313143206244,0.5678232526120437,70.70707070707071,39.53542118592882,0.5762476515012739,0.5678232526120437,70.70707070707071
40.854716074345454,0.6030702144197351,0.6129915448654432,71.71717171717171,40.854716074345454,0.6025497778532451,0.6129915448654432,71.71717171717171,40.82845477715892,0.6093820449619747,0.5941665305251248,72.72727272727273,40.82845477715892,0.5831716150756605,0.5941665305251248,72.72727272727273
38.58232489719956,0.588941988331362,0.5865883684752249,72.72727272727273,38.58232489719956,0.5932580897352798,0.5865883684752249,72.72727272727273,38.89321008395197,0.5943927578597087,0.5694584130611627,72.72727272727273,38.89321008395197,0.5748197372672659,0.5694584130611627,72.72727272727273
40.31717281041474,0.5915301962716617,0.5944289716661413,73.73737373737373,40.31717281041474,0.59520580713617,0.5944289716661413,73.73737373737373,40.15762543332967,0.5975185147609166,0.5765263827272763,73.73737373737373,40.15762543332967,0.5761368196646217,0.5765263827272763,73.73737373737373
39.3323853971854,0.5945468171453588,0.5960236717253106,73.73737373737373,39.3323853971854,0.5976283459526569,0.5960236717253106,73.73737373737373,39.22608010211868,0.6003143718007741,0.5781221608732081,74.74747474747475,39.22608010211868,0.5786177276081674,0.5781221608732081,74.74747474747475
38.86059421617435,0.5872749923257562,0.5850036955293431,73.73737373737373,38.86059421617435,0.5904399358295367,0.5850036955293431,73.73737373737373,38.643518694426774,0.5930971620948058,0.5662363268428116,71.71717171717171,38.643518694426774,0.5713142202360002,0.5662363268428116,71.71717171717171
40.606126545063404,0.5834508876983695,0.5800502710839371,71.71717171717171,40.606126545063404,0.5887880068635127,0.5800502710839371,71.71717171717171,41.01170869638883,0.5894479159343736,0.560453753956775,71.71717171717171,41.01170869638883,0.5690773210936775,0.560453753956775,71.71717171717171
38.81931110954147,0.5905624987598574,0.59021089214246,74.74747474747475,38.81931110954147,0.596147516361129,0.59021089214246,74.74747474747475,38.71527963544772,0.5964356558905662,0.5702087274837044,74.74747474747475,38.71527963544772,0.5765596944125904,0.5702087274837044,74.74747474747475
39.78370906490106,0.5723545575537431,0.558646428392553,71.71717171717171,39.78370906490106,0.5777119714560939,0.558646428392553,71.71717171717171,39.59144193716943,0.5782288065311358,0.5392562285261047,71.71717171717171,39.59144193716943,0.5579524259582113,0.5392562285261047,71.71717171717171
38.25747915946507,0.5921624516033823,0.5906754604864815,73.73737373737373,38.25747915946507,0.5973075712936039,0.5906754604864815,73.73737373737373,38.45291021082513,0.5980862344959785,0.570587766502006,73.73737373737373,38.45291021082513,0.5776346385265467,0.570587766502006,73.73737373737373
39.30669001171424,0.5882971406651927,0.5814412041041558,73.73737373737373,39.30669001171424,0.5949122116125788,0.5814412041041558,73.73737373737373,40.10127545199914,0.5943134069755025,0.560436899687864,73.73737373737373,40.10127545199914,0.5746558307048762,0.560436899687864,73.73737373737373
39.494924726590774,0.5794667096960948,0.5764980788465409,74.74747474747475,39.494924726590774,0.5842842602715302,0.5764980788465409,74.74747474747475,39.38931786996416,0.5851648032947548,0.5588615603739798,73.73737373737373,39.38931786996416,0.5655496582758817,0.5588615603739798,73.73737373737373
40.11357669423153,0.5715241131582393,0.5555091653065005,73.73737373737373,40.11357669423153,0.5775271182141519,0.5555091653065005,73.73737373737373,39.93281249843871,0.5770903479667933,0.5394148758442192,73.73737373737373,39.93281249843871,0.5589147153333207,0.5394148758442192,73.73737373737373
38.67679756109021,0.5938142240429294,0.595094173261601,72.72727272727273,38.67679756109021,0.5977309828297052,0.595094173261601,72.72727272727273,39.09941055765882,0.5995629418576537,0.5769984564193505,72.72727272727273,39.09941055765882,0.5789683602929572,0.5769984564193505,72.72727272727273
40.18940746357313,0.5914204328105082,0.5965766330621045,73.73737373737373,40.18940746357313,0.5940257515907985,0.5965766330621045,73.73737373737373,40.049822102635346,0.5973515366188671,0.5774117653893698,72.72727272727273,40.049822102635346,0.574631924753494,0.5774117653893698,72.72727272727273
38.71203994225708,0.5987392733168304,0.6010484337293418,73.73737373737373,38.71203994225708,0.6027889481598793,0.6010484337293418,73.73737373737373,38.78441012154471,0.6045331012292173,0.5830372239447762,73.73737373737373,38.78441012154471,0.58390302208758,0.5830372239447762,73.73737373737373
39.48459931230537,0.5918361990925035,0.5957461550460323,72.72727272727273,39.48459931230537,0.5953174886154362,0.5957461550460323,72.72727272727273,39.29343550279677,0.5979449450268164,0.5751700555929715,71.71717171717171,39.29343550279677,0.5754047788463829,0.5751700555929715,71.71717171717171
40.34437804289666,0.5860882517701358,0.5813448673335577,69.6969696969697,40.34437804289666,0.5893027457265685,0.5813448673335577,69.6969696969697,40.31139884577824,0.5920394700643874,0.5620122135750962,70.70707070707071,40.31139884577824,0.5698325739962954,0.5620122135750962,70.70707070707071
40.1922253177442,0.5823610216403831,0.5801914643061321,73.73737373737373,40.1922253177442,0.5870014957837808,0.5801914643061321,73.73737373737373,40.25183157827827,0.5883244158546783,0.5611412184572314,72.72727272727273,40.25183157827827,0.5675583849220818,0.5611412184572314,72.72727272727273
40.393911389790546,0.5765035716549962,0.5700326681863064,72.72727272727273,40.393911389790546,0.5840213727289969,0.5700326681863064,72.72727272727273,40.519608731833124,0.5823432255285343,0.5519767041244401,71.71717171717171,40.519608731833124,0.5645899104880623,0.5519767041244401,71.71717171717171
40.84974064340403,0.5796771938526848,0.571094768186019,71.71717171717171,40.84974064340403,0.5866843442168751,0.571094768186019,71.71717171717171,40.688619387563904,0.58568416778285,0.5513289075587315,71.71717171717171,40.688619387563904,0.5667740708774589,0.5513289075587315,71.71717171717171
37.92483868273963,0.583293456626648,0.5711039485358131,72.72727272727273,37.92483868273963,0.5880986420278013,0.5711039485358131,72.72727272727273,38.61206956387723,0.589296694708036,0.552526696056599,73.73737373737373,38.61206956387723,0.5685764068824504,0.552526696056599,73.73737373737373
39.4027758069556,0.5797859394668154,0.5742861946768196,72.72727272727273,39.4027758069556,0.586426772111027,0.5742861946768196,72.72727272727273,39.273738892051824,0.5856217204396371,0.5554340953572945,72.72727272727273,39.273738892051824,0.567118744065048,0.5554340953572945,72.72727272727273
39.05625709609997,0.5880982424211166,0.587316932810005,71.71717171717171,39.05625709609997,0.5928611985867576,0.587316932810005,71.71717171717171,38.95167152822867,0.5938760587825467,0.5680021801538545,71.71717171717171,38.95167152822867,0.5735498841029071,0.5680021801538545,71.71717171717171
40.03592167336614,0.5902387820802146,0.5842076750064849,73.73737373737373,40.03592167336614,0.5932257444301414,0.5842076750064849,73.73737373737373,39.877212650972226,0.5961156992070179,0.5643612924986858,73.73737373737373,39.877212650972226,0.5735921370859625,0.5643612924986858,73.73737373737373
38.61657868011186,0.5923224929536248,0.593041322567746,72.72727272727273,38.61657868011186,0.5956229560632114,0.593041322567746,72.72727272727273,39.00729947300422,0.5981353295324727,0.5745746912176755,72.72727272727273,39.00729947300422,0.5767628421182391,0.5745746912176755,72.72727272727273
39.32806085946889,0.5897491233297358,0.5938548410452875,74.74747474747475,39.32806085946889,0.5937492249009423,0.5938548410452875,74.74747474747475,39.19079541801133,0.5956179109280632,0.5781670367304869,72.72727272727273,39.19079541801133,0.5756422689538562,0.5781670367304869,72.72727272727273
39.84098879816228,0.5904787919193734,0.5827042343541745,75.75757575757575,39.84098879816228,0.5958830759223386,0.5827042343541745,75.75757575757575,39.87749079930214,0.5967911982585115,0.5634683257543722,74.74747474747475,39.87749079930214,0.575924059083182,0.5634683257543722,74.74747474747475
39.56785643347251,0.5879067707445514,0.5884835122427619,73.73737373737373,39.56785643347251,0.5923138512203849,0.5884835122427619,73.73737373737373,39.432005919922794,0.5936404427768684,0.5699964308163747,74.74747474747475,39.432005919922794,0.5732544516840066,0.5699964308163747,74.74747474747475
41.301892345275185,0.5787840645294258,0.5700818988517261,72.72727272727273,41.301892345275185,0.5845890506882132,0.5700818988517261,72.72727272727273,41.11696384386681,0.5845962905796709,0.5506461148910626,72.72727272727273,41.11696384386681,0.5648644481025806,0.5506461148910626,72.72727272727273
39.170607985178776,0.578945558083237,0.5646928349163205,72.72727272727273,39.170607985178776,0.583845662977733,0.5646928349163205,72.72727272727273,39.04111428684212,0.5848000785984586,0.5451426314111243,72.72727272727273,39.04111428684212,0.5640330952490489,0.5451426314111243,72.72727272727273
41.08606393405747,0.5837481075201538,0.5856495649201972,72.72727272727273,41.08606393405747,0.5878317469773425,0.5856495649201972,72.72727272727273,40.97680233654981,0.5895125522882066,0.5663220614372853,71.71717171717171,40.97680233654981,0.5685517995180185,0.5663220614372853,71.71717171717171
39.83892338472417,0.5850281149796392,0.5814447976090484,73.73737373737373,39.83892338472417,0.5901772424385732,0.5814447976090484,73.73737373737373,39.736709035188476,0.5908635114410989,0.5605267348621539,73.73737373737373,39.736709035188476,0.5701556588031894,0.5605267348621539,73.73737373737373
38.600939917321966,0.5697008068292757,0.5436990296852289,69.6969696969697,38.600939917321966,0.5799356117307032,0.5436990296852289,69.6969696969697,39.087735281735206,0.5755637801502205,0.5255411614175908,69.6969696969697,39.087735281735206,0.5602520054815172,0.5255411614175908,69.6969696969697
40.70526208989189,0.5831137896272507,0.5810923322376977,72.72727272727273,40.70526208989189,0.5878601467323472,0.5810923322376977,72.72727272727273,40.596868041576315,0.5892503044617315,0.5609199742785287,73.73737373737373,40.596868041576315,0.567678269676374,0.5609199742785287,73.73737373737373
40.3585822679442,0.5993485198762986,0.6085648794057721,73.73737373737373,40.3585822679442,0.6013415895286978,0.6085648794057721,73.73737373737373,40.25098194207999,0.6053228129412365,0.5905500121100329,73.73737373737373,40.25098194207999,0.5826934354048707,0.5905500121100329,73.73737373737373
38.34734811480315,0.5911855156870283,0.5884520751009821,72.72727272727273,38.34734811480315,0.5961902206849943,0.5884520751009821,72.72727272727273,38.367018665547334,0.5970958486911909,0.5694443383540166,72.72727272727273,38.367018665547334,0.5768765588488053,0.5694443383540166,72.72727272727273
39.03538260577378,0.5906567437436847,0.5949216945992786,71.71717171717171,39.03538260577378,0.5937694652314738,0.5949216945992786,71.71717171717171,38.901030450224226,0.5966722489926254,0.5780867062083652,71.71717171717171,38.901030450224226,0.5752577208887419,0.5780867062083652,71.71717171717171
39.44599264881161,0.5908721727611335,0.5912132394412775,70.70707070707071,39.44599264881161,0.5955054832631665,0.5912132394412775,70.70707070707071,39.32961229520877,0.5968645960216481,0.5724549422729119,70.70707070707071,39.32961229520877,0.5763317236845082,0.5724549422729119,70.70707070707071
39.92197339439992,0.6041482468484394,0.6116122250551996,72.72727272727273,39.92197339439992,0.6054484936411466,0.6116122250551996,72.72727272727273,39.78513354898738,0.6099138762168679,0.593010517713737,72.72727272727273,39.78513354898738,0.5865527968497333,0.593010517713737,72.72727272727273
41.35003347426232,0.5813651701775735,0.5800407320597732,71.71717171717171,41.35003347426232,0.5848289529609187,0.5800407320597732,71.71717171717171,41.5696737788308,0.5878058070652794,0.5594436028948584,71.71717171717171,41.5696737788308,0.564540212992247,0.5594436028948584,71.71717171717171
40.960387229027575,0.5948888660456715,0.5990741054847285,73.73737373737373,40.960387229027575,0.5987913007539217,0.5990741054847285,73.73737373737373,40.82658631997555,0.6005635058087351,0.5798924904705413,74.74747474747475,40.82658631997555,0.5796356944753542,0.5798924904705413,74.74747474747475
39.41146054178181,0.5981321143311396,0.6040263154476744,72.72727272727273,39.41146054178181,0.6006563588176508,0.6040263154476744,72.72727272727273,39.233199811798634,0.6037702675037848,0.5834792780411391,72.72727272727273,39.233199811798634,0.581212078940806,0.5834792780411391,72.72727272727273
38.942654155670795,0.5864853501321939,0.5828959713391297,72.72727272727273,38.942654155670795,0.5916670608596017,0.5828959713391297,72.72727272727273,39.258087730941504,0.5923952419454528,0.5644010440601164,72.72727272727273,39.258087730941504,0.5723719309907334,0.5644010440601164,72.72727272727273
38.98923046971138,0.5844953057686428,0.5797548545424384,75.75757575757575,38.98923046971138,0.5898326166894121,0.5797548545424384,75.75757575757575,38.86016441073078,0.59049195644523,0.5605533426886002,75.75757575757575,38.86016441073078,0.5702432122097081,0.5605533426886002,75.75757575757575
39.624378042379135,0.5976762718885391,0.601942596533276,73.73737373737373,39.624378042379135,0.6005589332246941,0.601942596533276,73.73737373737373,39.46690465274724,0.6034404067872557,0.5823552586416663,73.73737373737373,39.46690465274724,0.581202072089269,0.5823552586416663,73.73737373737373
39.29102486754415,0.5926886702421392,0.5952360953127167,72.72727272727273,39.29102486754415,0.5961168194781241,0.5952360953127167,72.72727272727273,39.68685653973347,0.5987785963870795,0.574851125817049,72.72727272727273,39.68685653973347,0.5761535241859481,0.574851125817049,72.72727272727273
40.00878015802359,0.5776914741312971,0.5693359452703117,72.72727272727273,40.00878015802359,0.5838927188897218,0.5693359452703117,72.72727272727273,39.86079045864589,0.5834420084468749,0.5511633966349072,72.72727272727273,39.86079045864589,0.5646500023942882,0.5511633966349072,72.72727272727273
39.12828305679188,0.5963320436308129,0.5943351480838533,72.72727272727273,39.12828305679188,0.6003931404543019,0.5943351480838533,72.72727272727273,39.00057715023747,0.6022269822336808,0.5733404858953937,72.72727272727273,39.00057715023747,0.5804353561617275,0.5733404858953937,72.72727272727273
38.76588253323274,0.6053436533845037,0.6140752339673008,74.74747474747475,38.76588253323274,0.6084908899329826,0.6140752339673008,74.74747474747475,38.80155830785951,0.6114196001186649,0.5953646735787115,74.74747474747475,38.80155830785951,0.5892719367857246,0.5953646735787115,74.74747474747475
40.43366033276348,0.6012053353652043,0.6028759063786397,74.74747474747475,40.43366033276348,0.6046027812104777,0.6028759063786397,74.74747474747475,40.3146821478225,0.6068618188345616,0.5834000021351932,74.74747474747475,40.3146821478225,0.5854034068617808,0.5834000021351932,74.74747474747475
39.34754962494751,0.5859060941985312,0.5830974106802074,72.72727272727273,39.34754962494751,0.5909092393974353,0.5830974106802074,72.72727272727273,39.23142988502693,0.591967476030335,0.5620323348800232,71.71717171717171,39.23142988502693,0.570628551450186,0.5620323348800232,71.71717171717171
39.79470863793932,0.5917582016618039,0.598233022513929,72.72727272727273,39.79470863793932,0.5956208130418243,0.598233022513929,72.72727272727273,39.677407557741475,0.5977062605916156,0.5791988509981292,72.72727272727273,39.677407557741475,0.5763355930772323,0.5791988509981292,72.72727272727273
40.50698405059377,0.5883651359596762,0.5872898110463107,72.72727272727273,40.50698405059377,0.5908734698709214,0.5872898110463107,72.72727272727273,40.453292522940046,0.594502434696089,0.5679333199251366,71.71717171717171,40.453292522940046,0.5715172645636964,0.5679333199251366,71.71717171717171
41.51142539043281,0.599330061320696,0.6047083849043167,72.72727272727273,41.51142539043281,0.6035580013466719,0.6047083849043167,72.72727272727273,41.31291726139368,0.6050692675943237,0.5850622669268044,72.72727272727273,41.31291726139368,0.5843584605013179,0.5850622669268044,72.72727272727273
39.88257350309382,0.5867207707567166,0.5778443963009998,73.73737373737373,39.88257350309382,0.5918269404401832,0.5778443963009998,73.73737373737373,39.702629467234594,0.5925924366915575,0.5587737766843788,73.73737373737373,39.702629467234594,0.5721039853492417,0.5587737766843788,73.73737373737373
40.88996354650214,0.606237881329694,0.6163616569480703,73.73737373737373,40.88996354650214,0.6086072438786636,0.6163616569480703,73.73737373737373,40.781148145646064,0.6123067633534616,0.5977075572952076,73.73737373737373,40.781148145646064,0.5896165315537363,0.5977075572952076,73.73737373737373
39.18114627173195,0.5910485817329678,0.5904593956083959,73.73737373737373,39.18114627173195,0.5970988767472842,0.5904593956083959,73.73737373737373,39.07626934248609,0.5971275032552446,0.5697641910358274,73.73737373737373,39.07626934248609,0.5769424300348964,0.5697641910358274,73.73737373737373
39.08165421095943,0.5951533215692855,0.5982635764953886,76.76767676767676,39.08165421095943,0.5988790358294525,0.5982635764953886,76.76767676767676,39.50502972543906,0.6010488999993564,0.5798922807159093,76.76767676767676,39.50502972543906,0.5795225540418535,0.5798922807159093,76.76767676767676
38.98462589413189,0.5951140212932237,0.5935324898730507,72.72727272727273,38.98462589413189,0.5999985134917634,0.5935324898730507,72.72727272727273,38.959412269808745,0.6009580040624567,0.5737053933255809,72.72727272727273,38.959412269808745,0.5805847644464077,0.5737053933255809,72.72727272727273
38.890966091154475,0.5852763376527341,0.5804221004216771,72.72727272727273,38.890966091154475,0.5898932873955891,0.5804221004216771,72.72727272727273,38.910856237966726,0.5907923762984977,0.56525030569533,72.72727272727273,38.910856237966726,0.5719244313041405,0.56525030569533,72.72727272727273
40.85954324043877,0.5689273969125571,0.5587055947991018,72.72727272727273,40.85954324043877,0.5748689084346127,0.5587055947991018,72.72727272727273,40.90085404476884,0.5750046512428462,0.5399231434045231,72.72727272727273,40.90085404476884,0.555088558030221,0.5399231434045231,72.72727272727273
39.19494967994436,0.601444484180357,0.6082892344327262,73.73737373737373,39.19494967994436,0.6029902660901962,0.6082892344327262,73.73737373737373,39.00486065869294,0.6076663173353898,0.5875933084837782,73.73737373737373,39.00486065869294,0.5830952360123642,0.5875933084837782,73.73737373737373
40.11463922215609,0.5998583938975386,0.5989855224095277,73.73737373737373,40.11463922215609,0.6033480290349227,0.5989855224095277,73.73737373737373,40.508295068645964,0.6056545567698609,0.5799614839588775,73.73737373737373,40.508295068645964,0.5839830799149717,0.5799614839588775,73.73737373737373
39.65249127707433,0.591733608408781,0.5929571883817708,75.75757575757575,39.65249127707433,0.5971813451145938,0.5929571883817708,75.75757575757575,39.54651901903188,0.5974454219085075,0.5754863864098755,75.75757575757575,39.54651901903188,0.5785004874509481,0.5754863864098755,75.75757575757575
40.751327908648804,0.5933043877909281,0.5889502652580179,73.73737373737373,40.751327908648804,0.5960164244629218,0.5889502652580179,73.73737373737373,41.047925555579965,0.5990630034290227,0.5694849712932177,73.73737373737373,41.047925555579965,0.5766228942587344,0.5694849712932177,73.73737373737373
39.653341040682946,0.596605225039173,0.6041066465635799,72.72727272727273,39.653341040682946,0.5990271812401406,0.6041066465635799,72.72727272727273,39.67353543137037,0.602751763579459,0.5830903362529465,72.72727272727273,39.67353543137037,0.578999194601671,0.5830903362529465,72.72727272727273
39.77938529352013,0.5882590095021225,0.590737335518914,73.73737373737373,39.77938529352013,0.5924079536718763,0.590737335518914,73.73737373737373,40.17887116138282,0.5942452009388424,0.5714760622319495,73.73737373737373,40.17887116138282,0.5730786610974847,0.5714760622319495,73.73737373737373
39.943187261773346,0.5945726237017314,0.5944204908356071,74.74747474747475,39.943187261773346,0.5986017423927364,0.5944204908356071,74.74747474747475,39.76302768786808,0.6005368993058084,0.5742556697642134,74.74747474747475,39.76302768786808,0.5787632967945698,0.5742556697642134,74.74747474747475
38.269137790876215,0.5787751869462174,0.5743180411444995,70.70707070707071,38.269137790876215,0.5824313286426379,0.5743180411444995,70.70707070707071,39.49920878387584,0.5846989504141742,0.5549787297244415,71.71717171717171,39.49920878387584,0.5627730495123131,0.5549787297244415,71.71717171717171
40.36021349658978,0.6002501902019288,0.6074511221350346,73.73737373737373,40.36021349658978,0.6030367485327053,0.6074511221350346,73.73737373737373,40.241427437092185,0.6062084884215146,0.5867375486712634,72.72727272727273,40.241427437092185,0.5832383437265413,0.5867375486712634,72.72727272727273
38.57321076366591,0.5803719030899643,0.5725777280415719,72.72727272727273,38.57321076366591,0.5866240179050415,0.5725777280415719,72.72727272727273,38.44513294765276,0.5863064218410412,0.5515092313714123,72.72727272727273,38.44513294765276,0.5663303341239165,0.5515092313714123,72.72727272727273
38.83105146355663,0.5860859076664935,0.5865122865927506,74.74747474747475,38.83105146355663,0.5899735825436703,0.5865122865927506,74.74747474747475,38.69727769629707,0.591879090673691,0.5700477495837089,74.74747474747475,38.69727769629707,0.5716877337280519,0.5700477495837089,74.74747474747475
39.11547165425553,0.5988001320002077,0.6051174755191103,74.74747474747475,39.11547165425553,0.6009323383831936,0.6051174755191103,74.74747474747475,38.99996750940122,0.6049068504988491,0.5856711888517577,74.74747474747475,38.99996750940122,0.5814504608519219,0.5856711888517577,74.74747474747475
41.219228363990545,0.5912663725993645,0.5944488998913979,71.71717171717171,41.219228363990545,0.5947899167754636,0.5944488998913979,71.71717171717171,41.14878214582591,0.5970425632841962,0.5756456237954317,71.71717171717171,41.14878214582591,0.5758680910818106,0.5756456237954317,71.71717171717171
40.251920016948404,0.5984889821528547,0.6061280733257588,74.74747474747475,40.251920016948404,0.6011083082556972,0.6061280733257588,74.74747474747475,40.65490418722105,0.6045921430546916,0.5879835114252622,73.73737373737373,40.65490418722105,0.5821404133262265,0.5879835114252622,73.73737373737373
39.45143211128116,0.5801380605093416,0.5715049780210788,72.72727272727273,39.45143211128116,0.5855182303872262,0.5715049780210788,72.72727272727273,39.315908111294604,0.5863250202465027,0.5521826311628143,72.72727272727273,39.315908111294604,0.5657957045410533,0.5521826311628143,72.72727272727273
40.61910640745705,0.5906879681133894,0.590385324802072,71.71717171717171,40.61910640745705,0.5951867815187154,0.590385324802072,71.71717171717171,41.896788430762534,0.5965118177298155,0.572778770548034,71.71717171717171,41.896788430762534,0.57638234182916,0.572778770548034,71.71717171717171
40.089183181218445,0.590680589044644,0.5916167886661806,74.74747474747475,40.089183181218445,0.5937201900874083,0.5916167886661806,74.74747474747475,40.78266906408475,0.5963711966578062,0.5729966146804849,74.74747474747475,40.78266906408475,0.5748269234557455,0.5729966146804849,74.74747474747475
39.05999903426524,0.5705354210159197,0.5579759377680256,71.71717171717171,39.05999903426524,0.5762921293974939,0.5579759377680256,71.71717171717171,39.079957013437216,0.5762922910837154,0.538419807615537,71.71717171717171,39.079957013437216,0.5566290777038192,0.538419807615537,71.71717171717171
39.44303710570948,0.5937851434190266,0.592689654664659,72.72727272727273,39.44303710570948,0.5988743749528291,0.592689654664659,72.72727272727273,39.305459760413484,0.5994956657333474,0.5733377955101286,72.72727272727273,39.305459760413484,0.5795565880686111,0.5733377955101286,72.72727272727273
40.35359061577126,0.5859964314416759,0.5780230052263244,73.73737373737373,40.35359061577126,0.5900412283918772,0.5780230052263244,73.73737373737373,40.22135610371534,0.5918905513238679,0.5597612210903871,72.72727272727273,40.22135610371534,0.5707751182989007,0.5597612210903871,72.72727272727273
37.74891224695273,0.5823138048779142,0.5733404492448018,71.71717171717171,37.74891224695273,0.5874869878899197,0.5733404492448018,71.71717171717171,38.37004082395414,0.5880175805172415,0.5545449447878161,71.71717171717171,38.37004082395414,0.5682428112959388,0.5545449447878161,71.71717171717171
40.23521962774832,0.5871653236216404,0.5868278561510722,71.71717171717171,40.23521962774832,0.5918430634231632,0.5868278561510722,71.71717171717171,40.638080791370726,0.5931836469729183,0.5676169957717054,71.71717171717171,40.638080791370726,0.5723551066146837,0.5676169957717054,71.71717171717171
39.33296936130214,0.5818393114987648,0.5754880145001366,72.72727272727273,39.33296936130214,0.5863283615432082,0.5754880145001366,72.72727272727273,39.197778223885,0.5876043411692204,0.5571025676422231,72.72727272727273,39.197778223885,0.5671877992057786,0.5571025676422231,72.72727272727273
40.78109862878849,0.5999709487811552,0.6141792707300081,71.71717171717171,40.78109862878849,0.603167742610339,0.6141792707300081,71.71717171717171,40.66121391584232,0.6060137968510017,0.5947484316405944,71.71717171717171,40.66121391584232,0.5839774490963296,0.5947484316405944,71.71717171717171
38.175103653112465,0.5915765258007923,0.5857702936207407,71.71717171717171,38.175103653112465,0.5960220645319931,0.5857702936207407,71.71717171717171,38.211632432382224,0.5976376864762925,0.5681891597174098,71.71717171717171,38.211632432382224,0.5768146972053068,0.5681891597174098,71.71717171717171
39.99778920563768,0.5812222258296782,0.5773515836704564,69.6969696969697,39.99778920563768,0.5861558688356581,0.5773515836704564,69.6969696969697,39.85051512489232,0.5871498070093151,0.5588562398975112,69.6969696969697,39.85051512489232,0.5668710802655121,0.5588562398975112,69.6969696969697
38.527160026224095,0.5722191008407441,0.5616873945130568,72.72727272727273,38.527160026224095,0.5799719737943232,0.5616873945130568,72.72727272727273,38.423814096227794,0.5780594027200656,0.5415498963831566,71.71717171717171,38.423814096227794,0.5599351628963376,0.5415498963831566,71.71717171717171
40.556429051782516,0.5874597735683731,0.5887884305356546,72.72727272727273,40.556429051782516,0.5930585964261763,0.5887884305356546,72.72727272727273,40.415866941864834,0.5935227929529724,0.570256968789572,72.72727272727273,40.415866941864834,0.573757019148941,0.570256968789572,72.72727272727273
39.34690707658777,0.5859115785535226,0.5809056599104501,73.73737373737373,39.34690707658777,0.5914573220854586,0.5809056599104501,73.73737373737373,39.19027271991279,0.5917444578637285,0.5629870439632075,73.73737373737373,39.19027271991279,0.5724013982932101,0.5629870439632075,73.73737373737373
41.343564751803456,0.5995641216860901,0.6088407190845462,73.73737373737373,41.343564751803456,0.6020884725597682,0.6088407190845462,73.73737373737373,41.1833197145133,0.6058021474431465,0.5874150047102586,73.73737373737373,41.1833197145133,0.5820025291492286,0.5874150047102586,73.73737373737373
41.58245716885549,0.5931110779934381,0.6010164609007007,72.72727272727273,41.58245716885549,0.5962467202392836,0.6010164609007007,72.72727272727273,41.58937198476782,0.5990236073798432,0.583464684911845,72.72727272727273,41.58937198476782,0.5771168890997824,0.583464684911845,72.72727272727273
39.370061815647816,0.5768000999954059,0.5676007076202098,72.72727272727273,39.370061815647816,0.5831104453932527,0.5676007076202098,72.72727272727273,39.68310591834911,0.5827960722979301,0.5469580031554936,72.72727272727273,39.68310591834911,0.5630129065454923,0.5469580031554936,72.72727272727273
39.410973298263116,0.5934488989333213,0.5949841266016924,73.73737373737373,39.410973298263116,0.5994532561879042,0.5949841266016924,73.73737373737373,40.187275957927994,0.5994061927881851,0.5764094986514608,73.73737373737373,40.187275957927994,0.5803279318594605,0.5764094986514608,73.73737373737373
39.76640758687111,0.5860052308929433,0.5802637900323496,71.71717171717171,39.76640758687111,0.5910901336795147,0.5802637900323496,71.71717171717171,39.82547165366639,0.5917073189909232,0.5627416331834751,70.70707070707071,39.82547165366639,0.572251829550082,0.5627416331834751,70.70707070707071
40.85772830364189,0.589922415149936,0.5937811964511606,73.73737373737373,40.85772830364189,0.5943500385789773,0.5937811964511606,73.73737373737373,40.91817559925124,0.5960966669451029,0.5751327140949647,72.72727272727273,40.91817559925124,0.5746503808239667,0.5751327140949647,72.72727272727273
39.56490395025634,0.5878776589656255,0.584069095753068,73.73737373737373,39.56490395025634,0.5915983185714828,0.584069095753068,73.73737373737373,39.51968422909851,0.5938829653872939,0.5624419696137583,74.74747474747475,39.51968422909851,0.571283616653845,0.5624419696137583,74.74747474747475
39.24399343777636,0.5903767909395077,0.5926406069167361,72.72727272727273,39.24399343777636,0.594794104514229,0.5926406069167361,72.72727272727273,39.457766543482165,0.5962468312229774,0.5746756209769373,71.71717171717171,39.457766543482165,0.5758415360005007,0.5746756209769373,71.71717171717171
39.50065253356803,0.5941078032224096,0.6001055335309831,72.72727272727273,39.50065253356803,0.5972302371872698,0.6001055335309831,72.72727272727273,39.40702752417653,0.6003041934323136,0.580558765831332,72.72727272727273,39.40702752417653,0.5777372395496074,0.580558765831332,72.72727272727273
39.31293766224102,0.5796642664495898,0.5702641585958625,71.71717171717171,39.31293766224102,0.5857579839151548,0.5702641585958625,71.71717171717171,39.943660236589594,0.5853783155165599,0.5502655708983237,71.71717171717171,39.943660236589594,0.5659881303179295,0.5502655708983237,71.71717171717171
38.69092614676606,0.5896214485760998,0.5892306890911396,72.72727272727273,38.69092614676606,0.5948141638253663,0.5892306890911396,72.72727272727273,38.55540148737012,0.5957364760247443,0.5688921738750575,71.71717171717171,38.55540148737012,0.5748498274532055,0.5688921738750575,71.71717171717171
39.22498198334515,0.5869150292888075,0.579268314338337,73.73737373737373,39.22498198334515,0.5921071248660166,0.579268314338337,73.73737373737373,39.06871781992833,0.5924803664641701,0.5614608938955501,73.73737373737373,39.06871781992833,0.5729546542373143,0.5614608938955501,73.73737373737373
42.097083708260755,0.5965751687452928,0.600151017478959,71.71717171717171,42.097083708260755,0.6002292703444239,0.600151017478959,71.71717171717171,41.9855407278664,0.6024936914242491,0.5822445010906472,71.71717171717171,41.9855407278664,0.581410255171643,0.5822445010906472,71.71717171717171
39.19081304155589,0.5948814830772327,0.5948001605265035,75.75757575757575,39.19081304155589,0.6008392092959562,0.5948001605265035,75.75757575757575,39.11990116281334,0.6006205779757765,0.5754905636487069,75.75757575757575,39.11990116281334,0.5816947495163065,0.5754905636487069,75.75757575757575
39.72083126860105,0.5859752345522418,0.5835381215711988,74.74747474747475,39.72083126860105,0.5903351308407327,0.5835381215711988,74.74747474747475,39.563067338009446,0.5917995425678235,0.5638888542400924,74.74747474747475,39.563067338009446,0.5707900814971516,0.5638888542400924,74.74747474747475
39.05166275884249,0.5997271651233741,0.6041133605689241,72.72727272727273,39.05166275884249,0.6034010345138974,0.6041133605689241,72.72727272727273,39.107381279781606,0.6055924788797222,0.5878973755756978,72.72727272727273,39.107381279781606,0.5848175981676498,0.5878973755756978,72.72727272727273
39.888261488563195,0.5985694117299956,0.6021700218303359,72.72727272727273,39.888261488563195,0.6014946101648595,0.6021700218303359,72.72727272727273,39.74948282942111,0.6045116129497607,0.581276177962411,72.72727272727273,39.74948282942111,0.581606519457662,0.581276177962411,72.72727272727273
40.36475670847648,0.5902736173931202,0.5935169402531426,73.73737373737373,40.36475670847648,0.5945532056471292,0.5935169402531426,73.73737373737373,40.64169728830823,0.5962603101737636,0.5756262154421139,73.73737373737373,40.64169728830823,0.5757874030821647,0.5756262154421139,73.73737373737373
39.917246554579464,0.5918229796368795,0.5875707381777538,74.74747474747475,39.917246554579464,0.5978033957982243,0.5875707381777538,74.74747474747475,39.74813835690606,0.5974542983690092,0.5678039833376993,72.72727272727273,39.74813835690606,0.5783051491932455,0.5678039833376993,72.72727272727273
40.00361377377957,0.5945716984025617,0.5973286964406919,72.72727272727273,40.00361377377957,0.598572949566418,0.5973286964406919,72.72727272727273,40.2835557370925,0.6004863930981098,0.5785273083578426,72.72727272727273,40.2835557370925,0.5795110437150612,0.5785273083578426,72.72727272727273
40.77103659849297,0.5846656440585101,0.575925502425701,73.73737373737373,40.77103659849297,0.5914301663211996,0.575925502425701,73.73737373737373,40.66249237986996,0.5903583635626681,0.5562303862103373,73.73737373737373,40.66249237986996,0.5716076116704956,0.5562303862103373,73.73737373737373
40.29241577180389,0.5840790935012453,0.5843336086613535,72.72727272727273,40.29241577180389,0.5904025473134211,0.5843336086613535,72.72727272727273,40.15255556344472,0.5900429021499569,0.5646194021406491,72.72727272727273,40.15255556344472,0.5708904335388276,0.5646194021406491,72.72727272727273
39.39222834669077,0.5964377185113647,0.5987247337633235,74.74747474747475,39.39222834669077,0.6013871882025608,0.5987247337633235,74.74747474747475,39.42838709155679,0.6023070810596252,0.5784924714541102,73.73737373737373,39.42838709155679,0.5817425329806106,0.5784924714541102,73.73737373737373
39.35434524455649,0.5820899138564191,0.5694159264570289,75.75757575757575,39.35434524455649,0.5875731930500001,0.5694159264570289,75.75757575757575,39.22442034285404,0.5876617599867314,0.548728839741077,75.75757575757575,39.22442034285404,0.5677481840498453,0.548728839741077,75.75757575757575
39.707252615251384,0.5821573690475945,0.5751978896361651,75.75757575757575,39.707252615251384,0.5876394435421177,0.5751978896361651,75.75757575757575,39.71087317226137,0.5882630870943742,0.554239760303025,74.74747474747475,39.71087317226137,0.5672217518766287,0.554239760303025,74.74747474747475
39.664242359629895,0.5859429858750133,0.5850416950310489,71.71717171717171,39.664242359629895,0.5914660105800835,0.5850416950310489,71.71717171717171,39.53522034578836,0.5916844153541633,0.5672298877701818,71.71717171717171,39.53522034578836,0.5724412142246643,0.5672298877701818,71.71717171717171
40.01355883432544,0.6019824264177145,0.6113669082048363,74.74747474747475,40.01355883432544,0.6040565559953189,0.6113669082048363,74.74747474747475,40.03389545785322,0.6080228527201474,0.5916849179071199,73.73737373737373,40.03389545785322,0.5844002367160765,0.5916849179071199,73.73737373737373
38.77914114929757,0.5914932719991269,0.5906346714478585,74.74747474747475,38.77914114929757,0.5952795506746962,0.5906346714478585,74.74747474747475,38.73053526348208,0.5974824304284572,0.5701107806045627,74.74747474747475,38.73053526348208,0.5753079239542527,0.5701107806045627,74.74747474747475
39.7904089530714,0.5932310174918367,0.5972643900655,72.72727272727273,39.7904089530714,0.5963573860712059,0.5972643900655,72.72727272727273,39.65189343743728,0.5991778293133809,0.5776878238514125,71.71717171717171,39.65189343743728,0.5770357413528475,0.5776878238514125,71.71717171717171
39.92744223693479,0.592877981631962,0.5907631490949851,72.72727272727273,39.92744223693479,0.5980842570075018,0.5907631490949851,72.72727272727273,39.82612913899263,0.5990051889226663,0.5697096033210677,72.72727272727273,39.82612913899263,0.5777401496194714,0.5697096033210677,72.72727272727273
39.03861242707528,0.5887397271198043,0.5866070477458148,72.72727272727273,39.03861242707528,0.5931630223762592,0.5866070477458148,72.72727272727273,39.295984588597655,0.5947135337662439,0.5679759327931987,71.71717171717171,39.295984588597655,0.5737458107998356,0.5679759327931987,71.71717171717171
39.97412472832057,0.5870896477050562,0.5822811909753427,74.74747474747475,39.97412472832057,0.5926927900032704,0.5822811909753427,74.74747474747475,39.94681582035867,0.5929962124431702,0.5627413657750169,73.73737373737373,39.94681582035867,0.5729876492081214,0.5627413657750169,73.73737373737373
38.92141524089254,0.5854887191637659,0.586218958810485,71.71717171717171,38.92141524089254,0.5899126530926428,0.586218958810485,71.71717171717171,38.81714478824483,0.5911968716064564,0.5686508917816582,71.71717171717171,38.81714478824483,0.5712073038480348,0.5686508917816582,71.71717171717171
39.556452793193095,0.5948732110785283,0.6027177718058246,73.73737373737373,39.556452793193095,0.5990227221731919,0.6027177718058246,73.73737373737373,39.420634234072416,0.6010588571428823,0.5816636355528124,73.73737373737373,39.420634234072416,0.5788938935745482,0.5816636355528124,73.73737373737373
39.56083543650038,0.5960219449646416,0.6010016670544895,71.71717171717171,39.56083543650038,0.600119283407863,0.6010016670544895,71.71717171717171,39.369389781650874,0.6016840045306815,0.5833126277151479,71.71717171717171,39.369389781650874,0.5813665185822268,0.5833126277151479,71.71717171717171
39.693956861286225,0.573733241702198,0.5591156357365941,73.73737373737373,39.693956861286225,0.5798103868243998,0.5591156357365941,73.73737373737373,39.5146850470004,0.5793947111964062,0.5392010971199086,72.72727272727273,39.5146850470004,0.5601506937648726,0.5392010971199086,72.72727272727273
40.10260594641193,0.5949799875062363,0.600599839482417,71.71717171717171,40.10260594641193,0.5987417074844834,0.600599839482417,71.71717171717171,40.84217301209363,0.6008690281552183,0.581557958177307,71.71717171717171,40.84217301209363,0.579697037845798,0.581557958177307,71.71717171717171
38.30235592233061,0.5880225150421807,0.583340132854868,73.73737373737373,38.30235592233061,0.5937159035481661,0.583340132854868,73.73737373737373,38.15960353413741,0.5937487758182763,0.5651001236281042,73.73737373737373,38.15960353413741,0.574325421402052,0.5651001236281042,73.73737373737373
39.10117356555215,0.5821485466177688,0.5793354691425778,74.74747474747475,39.10117356555215,0.5862409848583916,0.5793354691425778,74.74747474747475,38.96686067635579,0.5877654145962514,0.5615437730488952,74.74747474747475,38.96686067635579,0.5675904845195673,0.5615437730488952,74.74747474747475
39.532518044522845,0.5891851714925384,0.5806558601945025,71.71717171717171,39.532518044522845,0.5953260079718419,0.5806558601945025,71.71717171717171,39.45307595146694,0.595076138925505,0.5623654985671755,72.72727272727273,39.45307595146694,0.5759204433124587,0.5623654985671755,72.72727272727273
40.853423601680696,0.589253451483015,0.5923473316925681,73.73737373737373,40.853423601680696,0.5934437099263549,0.5923473316925681,73.73737373737373,40.72005646271029,0.5951129821873824,0.5725829336456258,72.72727272727273,40.72005646271029,0.573912795465922,0.5725829336456258,72.72727272727273
39.327958331672654,0.5908953961236845,0.594191035571338,73.73737373737373,39.327958331672654,0.596195922824094,0.594191035571338,73.73737373737373,39.13737498573695,0.5967989824829216,0.5746317051790852,73.73737373737373,39.13737498573695,0.5767260186789729,0.5746317051790852,73.73737373737373
38.89670444722425,0.5752042573296412,0.5634801840994322,72.72727272727273,38.89670444722425,0.5813159134250365,0.5634801840994322,72.72727272727273,39.77737279840072,0.5810943965316722,0.5448568552770409,71.71717171717171,39.77737279840072,0.5619159786053969,0.5448568552770409,71.71717171717171
39.18119289862341,0.5968735219372205,0.6024391895844363,73.73737373737373,39.18119289862341,0.5979949409406784,0.6024391895844363,73.73737373737373,39.0500204428082,0.6031114503353041,0.5819232578121636,73.73737373737373,39.0500204428082,0.5781126912580283,0.5819232578121636,73.73737373737373
39.585266281458296,0.5910669924005354,0.588993873601749,73.73737373737373,39.585266281458296,0.5959938467891777,0.588993873601749,73.73737373737373,39.60543368272752,0.5968879270622868,0.570808179582505,73.73737373737373,39.60543368272752,0.5769297010541572,0.570808179582505,73.73737373737373
39.17255316057151,0.58864182471555,0.5925940501450631,72.72727272727273,39.17255316057151,0.5916916032307482,0.5925940501450631,72.72727272727273,39.53750614534371,0.5947297824332674,0.5732221325471896,71.71717171717171,39.53750614534371,0.5721663897750664,0.5732221325471896,71.71717171717171
39.64450833430979,0.586819507696019,0.5816473150423997,73.73737373737373,39.64450833430979,0.5923876733161195,0.5816473150423997,73.73737373737373,39.53855457062239,0.5925806593329505,0.5633595302714016,73.73737373737373,39.53855457062239,0.5732593470695142,0.5633595302714016,73.73737373737373
38.419331044806626,0.5762645558650081,0.568443193261265,70.70707070707071,38.419331044806626,0.5799222349338243,0.568443193261265,70.70707070707071,38.2655360687434,0.5822968914062786,0.5489354651528731,70.70707070707071,38.2655360687434,0.5602197205345039,0.5489354651528731,70.70707070707071
40.128501311320484,0.5962451602978032,0.6025846959036554,74.74747474747475,40.128501311320484,0.6001596783857972,0.6025846959036554,74.74747474747475,40.02142980660792,0.6024853570730566,0.5826662790428542,74.74747474747475,40.02142980660792,0.5803793942360008,0.5826662790428542,74.74747474747475
41.5685994975693,0.5750574209267385,0.5634949481783922,71.71717171717171,41.5685994975693,0.5823673851327945,0.5634949481783922,71.71717171717171,41.62993655918279,0.5810170515597437,0.5442711782440035,71.71717171717171,41.62993655918279,0.562585180247757,0.5442711782440035,71.71717171717171
38.91450453431001,0.589646644433923,0.5865529178713782,74.74747474747475,38.91450453431001,0.5935230643475902,0.5865529178713782,74.74747474747475,39.34729476572528,0.595529780232311,0.5655933307555256,74.74747474747475,39.34729476572528,0.5733139414050039,0.5655933307555256,74.74747474747475
39.64559327792158,0.580391304408808,0.5681281704135565,75.75757575757575,39.64559327792158,0.5863214602248696,0.5681281704135565,75.75757575757575,39.54344397277816,0.5859758980516938,0.5496469041815438,75.75757575757575,39.54344397277816,0.5672102730830487,0.5496469041815438,75.75757575757575
39.6703994116134,0.5800424889020258,0.5668847060023934,71.71717171717171,39.6703994116134,0.5857850790241926,0.5668847060023934,71.71717171717171,40.06907318811055,0.5860702544763634,0.5468251070416441,71.71717171717171,40.06907318811055,0.5655993983790326,0.5468251070416441,71.71717171717171
41.28732345186516,0.5727106603333018,0.5601851182681332,73.73737373737373,41.28732345186516,0.5790910920568446,0.5601851182681332,73.73737373737373,41.18492578857723,0.5784532356076453,0.540847343769626,73.73737373737373,41.18492578857723,0.5595309696991301,0.540847343769626,73.73737373737373
40.56742514624365,0.5994981286096915,0.6107357107931841,72.72727272727273,40.56742514624365,0.6022391886588044,0.6107357107931841,72.72727272727273,40.407135985116426,0.6055456546937608,0.5924677445767532,72.72727272727273,40.407135985116426,0.5827960721762719,0.5924677445767532,72.72727272727273
40.45058493598639,0.5989771655023555,0.6039561828789551,72.72727272727273,40.45058493598639,0.6033266057775564,0.6039561828789551,72.72727272727273,40.34277360768781,0.6048823001689476,0.5837062055028631,72.72727272727273,40.34277360768781,0.583821578117997,0.5837062055028631,72.72727272727273
40.00856162674393,0.5883034423737734,0.5873610605958828,73.73737373737373,40.00856162674393,0.5922702152083217,0.5873610605958828,73.73737373737373,39.90176644059116,0.5942333855491102,0.5682164157408017,73.73737373737373,39.90176644059116,0.5728050834478133,0.5682164157408017,73.73737373737373
39.66822877788674,0.5872280146102578,0.5838190903629513,71.71717171717171,39.66822877788674,0.594160777006149,0.5838190903629513,71.71717171717171,39.81399491848676,0.5932170058443731,0.5632669609592189,71.71717171717171,39.81399491848676,0.5738637163965091,0.5632669609592189,71.71717171717171
39.35394138569299,0.5790157440024786,0.5726020116338121,70.70707070707071,39.35394138569299,0.5849772200278489,0.5726020116338121,70.70707070707071,39.23780471528193,0.5848069316227115,0.5538577479012003,70.70707070707071,39.23780471528193,0.5656249328251144,0.5538577479012003,70.70707070707071
39.6093708498786,0.5864372043359418,0.5858717593359003,72.72727272727273,39.6093708498786,0.5900807037068583,0.5858717593359003,72.72727272727273,39.786578241435514,0.5924354635798635,0.5663550788594919,72.72727272727273,39.786578241435514,0.5705240341042639,0.5663550788594919,72.72727272727273
39.858612376542965,0.5791708430765438,0.5681711996958343,71.71717171717171,39.858612376542965,0.5859173601296341,0.5681711996958343,71.71717171717171,39.91731600741628,0.5850299311866376,0.548236505305143,71.71717171717171,39.91731600741628,0.56598678140995,0.548236505305143,71.71717171717171
40.16012961107186,0.594628395557582,0.6040479046420442,73.73737373737373,40.16012961107186,0.5990303704988845,0.6040479046420442,73.73737373737373,40.00104973870739,0.6004055815572875,0.586456567391812,72.72727272727273,40.00104973870739,0.5802888922746339,0.586456567391812,72.72727272727273
38.76870173874504,0.588529611292527,0.5837422906428583,73.73737373737373,38.76870173874504,0.5946208523128627,0.5837422906428583,73.73737373737373,38.644757799029406,0.5945278770736183,0.564066956630608,73.73737373737373,38.644757799029406,0.574932313243919,0.564066956630608,73.73737373737373
39.617814270435716,0.5772528110559734,0.5607066762879624,74.74747474747475,39.617814270435716,0.5832784147794863,0.5607066762879624,74.74747474747475,39.51192236400074,0.5832285994512063,0.5420054277669695,74.74747474747475,39.51192236400074,0.5634866422396291,0.5420054277669695,74.74747474747475
41.05303098574788,0.582257080058737,0.5752585140004197,71.71717171717171,41.05303098574788,0.5871536274230099,0.5752585140004197,71.71717171717171,40.89131366821256,0.5877004884427957,0.5570458448388764,71.71717171717171,40.89131366821256,0.5682609288160669,0.5570458448388764,71.71717171717171
39.908273392052415,0.5793105224720467,0.5741407177170375,72.72727272727273,39.908273392052415,0.5832739731556134,0.5741407177170375,72.72727272727273,40.33119745131698,0.5853560465211247,0.5555918798440224,72.72727272727273,40.33119745131698,0.5637039998457426,0.5555918798440224,72.72727272727273
39.43997469470016,0.5878303506877789,0.5837556614988497,73.73737373737373,39.43997469470016,0.5938653202594801,0.5837556614988497,73.73737373737373,39.442548562053936,0.5937554687429076,0.5629319376266728,73.73737373737373,39.442548562053936,0.5735671901480823,0.5629319376266728,73.73737373737373
40.26591822202751,0.5960104646521628,0.6006518435106944,74.74747474747475,40.26591822202751,0.6015894357396347,0.6006518435106944,74.74747474747475,40.30274310155287,0.6020480637987462,0.5822348493091422,74.74747474747475,40.30274310155287,0.5824577629206631,0.5822348493091422,74.74747474747475
39.56976801344475,0.5887641758308825,0.589526248681495,74.74747474747475,39.56976801344475,0.594199883483711,0.589526248681495,74.74747474747475,39.58992926528181,0.5946631184809561,0.5708589305029848,74.74747474747475,39.58992926528181,0.5748759722998809,0.5708589305029848,74.74747474747475
38.68192868416822,0.5872522024141649,0.5864946791403445,72.72727272727273,38.68192868416822,0.5926838889284763,0.5864946791403445,72.72727272727273,38.578219259923685,0.5932223165967598,0.568053294285352,72.72727272727273,38.578219259923685,0.5734633938119944,0.568053294285352,72.72727272727273
40.180451298909794,0.5747326350618728,0.5644965793670653,75.75757575757575,40.180451298909794,0.5800742149610181,0.5644965793670653,75.75757575757575,40.07326024882714,0.5805534679170357,0.5437696049598923,75.75757575757575,40.07326024882714,0.5598879464692146,0.5437696049598923,75.75757575757575
38.73731729161091,0.5750333912364907,0.5604237828852661,73.73737373737373,38.73731729161091,0.582351890442403,0.5604237828852661,73.73737373737373,38.79291983606775,0.5806542642718882,0.5407920288497169,73.73737373737373,38.79291983606775,0.5627295868730622,0.5407920288497169,73.73737373737373
38.4070589524573,0.5884376217289999,0.5864346281519155,73.73737373737373,38.4070589524573,0.5933038665352203,0.5864346281519155,73.73737373737373,38.44245601450829,0.5942228012957644,0.5684015771672042,73.73737373737373,38.44245601450829,0.5743824408402725,0.5684015771672042,73.73737373737373
40.48170247851648,0.5892516255852797,0.5899395724493335,72.72727272727273,40.48170247851648,0.5953682952625692,0.5899395724493335,72.72727272727273,40.32166696881776,0.5951024203893949,0.5696549616141551,72.72727272727273,40.32166696881776,0.5756762230715606,0.5696549616141551,72.72727272727273
39.92850858759531,0.5841249280718519,0.5842496951248277,71.71717171717171,39.92850858759531,0.5893565710885824,0.5842496951248277,71.71717171717171,39.82189807527503,0.5900918634793092,0.565813636959448,71.71717171717171,39.82189807527503,0.5700353251125891,0.565813636959448,71.71717171717171
39.617025616837175,0.6037072743303349,0.6162559081250322,72.72727272727273,39.617025616837175,0.6052312040438377,0.6162559081250322,72.72727272727273,40.015300972336085,0.6095254160596919,0.5991797691790713,72.72727272727273,40.015300972336085,0.5869907565655366,0.5991797691790713,72.72727272727273
40.3691761736376,0.5861891093592727,0.5818377706799487,73.73737373737373,40.3691761736376,0.590719107617956,0.5818377706799487,73.73737373737373,40.745950805183405,0.5918151932404172,0.5643451483632134,73.73737373737373,40.745950805183405,0.5719561990275452,0.5643451483632134,73.73737373737373
39.22827176397161,0.5774898921700564,0.5655919021478776,71.71717171717171,39.22827176397161,0.5847356037504805,0.5655919021478776,71.71717171717171,39.10031919419907,0.5831315614428033,0.5465463264848721,71.71717171717171,39.10031919419907,0.5652314871039397,0.5465463264848721,71.71717171717171
39.351802055790316,0.5960901130723728,0.5918076713773597,71.71717171717171,39.351802055790316,0.6008371353663366,0.5918076713773597,71.71717171717171,39.246527764517715,0.6018397413925596,0.5705922208429813,71.71717171717171,39.246527764517715,0.5808947100659878,0.5705922208429813,71.71717171717171
39.020743220277566,0.6002018963763961,0.6067027837632275,73.73737373737373,39.020743220277566,0.6025354661335867,0.6067027837632275,73.73737373737373,39.011567140542894,0.6062012242594905,0.5880050605657996,73.73737373737373,39.011567140542894,0.5835919201413384,0.5880050605657996,73.73737373737373
38.50828381536535,0.5908413181874994,0.5927240411812954,74.74747474747475,38.50828381536535,0.5955398561875334,0.5927240411812954,74.74747474747475,38.77095839355411,0.5969083899857304,0.5725962184679645,74.74747474747475,38.77095839355411,0.5757994770577617,0.5725962184679645,74.74747474747475
40.620847673883276,0.5768064369528934,0.5658894443979654,73.73737373737373,40.620847673883276,0.583257424786009,0.5658894443979654,73.73737373737373,41.02653734713505,0.5827286471813864,0.5452355835315665,73.73737373737373,41.02653734713505,0.5630561172005728,0.5452355835315665,73.73737373737373
40.148906718593025,0.5883690814716218,0.5888945867110396,71.71717171717171,40.148906718593025,0.5921864103699495,0.5888945867110396,71.71717171717171,39.979035318948654,0.5944529069187745,0.5700857776885665,72.72727272727273,39.979035318948654,0.5728650622043869,0.5700857776885665,72.72727272727273
39.60795579205938,0.6048164554678904,0.6154196032835508,71.71717171717171,39.60795579205938,0.6072603130794015,0.6154196032835508,71.71717171717171,39.5020867358737,0.6106678066977572,0.5965008321843417,71.71717171717171,39.5020867358737,0.5880154694452229,0.5965008321843417,71.71717171717171
39.30819276477317,0.58851723364013,0.5811378363558957,71.71717171717171,39.30819276477317,0.5951879307943151,0.5811378363558957,71.71717171717171,39.34428697253482,0.5941406326564732,0.5607888362567295,71.71717171717171,39.34428697253482,0.5754917705481164,0.5607888362567295,71.71717171717171
40.79393671440901,0.5902238605195931,0.5912069817752805,73.73737373737373,40.79393671440901,0.5955644402064104,0.5912069817752805,73.73737373737373,40.68534024384749,0.5964580552024845,0.5712317988043198,73.73737373737373,40.68534024384749,0.5756259538392093,0.5712317988043198,73.73737373737373
39.788220344641246,0.5948260687014311,0.5985677204062587,71.71717171717171,39.788220344641246,0.5978698556290868,0.5985677204062587,71.71717171717171,40.02520903529686,0.6009728856501984,0.5793622000827507,71.71717171717171,40.02520903529686,0.5783946432828344,0.5793622000827507,71.71717171717171
39.8700666606277,0.5853816480824405,0.5854486769286111,72.72727272727273,39.8700666606277,0.5891699593475862,0.5854486769286111,72.72727272727273,40.270226732220394,0.5912838778257308,0.5658098349997287,71.71717171717171,40.270226732220394,0.5695561705422952,0.5658098349997287,71.71717171717171
41.68192256334742,0.5845810217257743,0.5831804358849173,72.72727272727273,41.68192256334742,0.5887051702350183,0.5831804358849173,72.72727272727273,41.571312532079375,0.5904427553368712,0.5631218211058802,72.72727272727273,41.571312532079375,0.5690729688267625,0.5631218211058802,72.72727272727273
39.36296559839775,0.5940671654388239,0.5985248495860966,75.75757575757575,39.36296559839775,0.5983484218528483,0.5985248495860966,75.75757575757575,40.04939589168251,0.60022424642006,0.5803576452005229,75.75757575757575,40.04939589168251,0.5791866579584288,0.5803576452005229,75.75757575757575
39.71583356722195,0.5792675547616566,0.5710560077491007,71.71717171717171,39.71583356722195,0.5834106810020558,0.5710560077491007,71.71717171717171,39.77483302822604,0.5850994525092905,0.5524463525861575,70.70707070707071,39.77483302822604,0.5642407744458559,0.5524463525861575,70.70707070707071
40.396062648712295,0.5981175579663462,0.6022813222976724,73.73737373737373,40.396062648712295,0.6022089911001575,0.6022813222976724,73.73737373737373,40.40827340951421,0.6038925142801594,0.5837664625973986,73.73737373737373,40.40827340951421,0.5831554461197794,0.5837664625973986,73.73737373737373
40.14836227350924,0.5889579948292718,0.5848499263217511,71.71717171717171,40.14836227350924,0.5934614492251162,0.5848499263217511,71.71717171717171,40.008886584362635,0.5950515954906436,0.5637898298348034,71.71717171717171,40.008886584362635,0.5732650484472712,0.5637898298348034,71.71717171717171
39.906022587310716,0.5947280528753629,0.5981925836526615,73.73737373737373,39.906022587310716,0.5974572313059296,0.5981925836526615,73.73737373737373,39.764565087679,0.6007579668522176,0.5790696067091488,72.72727272727273,39.764565087679,0.5780665922790654,0.5790696067091488,72.72727272727273
39.063196794293845,0.5838015619337861,0.5808176535553266,74.74747474747475,39.063196794293845,0.5897823304738523,0.5808176535553266,74.74747474747475,39.412666502532105,0.5896994703795236,0.5616980201984998,74.74747474747475,39.412666502532105,0.5703206245113903,0.5616980201984998,74.74747474747475
39.68537745403472,0.5865435602317501,0.584901549156786,72.72727272727273,39.68537745403472,0.58971592901598,0.584901549156786,72.72727272727273,39.94724143163264,0.5922840989152574,0.5663636793799509,72.72727272727273,39.94724143163264,0.57062347697803,0.5663636793799509,72.72727272727273
40.16292672537993,0.5994799323190094,0.6065833102721827,73.73737373737373,40.16292672537993,0.6014997191986464,0.6065833102721827,73.73737373737373,40.05577599288577,0.6056596121898357,0.5877351176920836,73.73737373737373,40.05577599288577,0.5822326537637446,0.5877351176920836,73.73737373737373
39.19030940684429,0.5898964199321033,0.5931295084832944,70.70707070707071,39.19030940684429,0.5944007413765651,0.5931295084832944,70.70707070707071,39.585382592829646,0.5958241872430907,0.5759145058356503,70.70707070707071,39.585382592829646,0.5757960605176724,0.5759145058356503,70.70707070707071
39.3954133630581,0.5958043911691651,0.598785380271034,73.73737373737373,39.3954133630581,0.5984611856130764,0.598785380271034,73.73737373737373,39.27916687283486,0.6017841142954601,0.5794206933381874,73.73737373737373,39.27916687283486,0.5790570158165165,0.5794206933381874,73.73737373737373
39.440493076181326,0.6019047374273068,0.6148852793242238,73.73737373737373,39.440493076181326,0.6038103096607439,0.6148852793242238,73.73737373737373,39.302922624831936,0.6079375660638535,0.5967797889896905,73.73737373737373,39.302922624831936,0.5848476917918615,0.5967797889896905,73.73737373737373
40.35167069257548,0.5995750782370654,0.6059562699084845,74.74747474747475,40.35167069257548,0.6031589040097143,0.6059562699084845,74.74747474747475,40.57862871776141,0.6056208865888242,0.5846082369845549,74.74747474747475,40.57862871776141,0.5831066749224048,0.5846082369845549,74.74747474747475
40.325921048275305,0.5880419118572704,0.5858803926108724,71.71717171717171,40.325921048275305,0.5931862780411462,0.5858803926108724,71.71717171717171,40.299172368328925,0.5939183343329616,0.5672642948554452,71.71717171717171,40.299172368328925,0.5738708331051605,0.5672642948554452,71.71717171717171
39.895091608508416,0.5914512009469941,0.5932846109799685,72.72727272727273,39.895091608508416,0.5941537946978548,0.5932846109799685,72.72727272727273,40.29543749799943,0.5973886451539255,0.5743524744175208,72.72727272727273,40.29543749799943,0.5750625515022298,0.5743524744175208,72.72727272727273
39.350112967015924,0.5994151736379405,0.6046625684296214,73.73737373737373,39.350112967015924,0.6032454380520333,0.6046625684296214,73.73737373737373,39.220197975140145,0.6051896669853793,0.5880232968421644,73.73737373737373,39.220197975140145,0.5848660250788531,0.5880232968421644,73.73737373737373
39.56472350439848,0.5817767945106779,0.5813601473455063,72.72727272727273,39.56472350439848,0.5868871607599566,0.5813601473455063,72.72727272727273,39.37326348697703,0.5881015868643686,0.5602912936297797,72.72727272727273,39.37326348697703,0.566560834521525,0.5602912936297797,72.72727272727273
40.617872232546205,0.5980037233435953,0.603781748657793,73.73737373737373,40.617872232546205,0.6017118436017332,0.603781748657793,73.73737373737373,40.72719056218471,0.6038602738108744,0.5825363707217182,73.73737373737373,40.72719056218471,0.5818444732199688,0.5825363707217182,73.73737373737373
38.30917855843514,0.5835305542145777,0.5829361840166818,75.75757575757575,38.30917855843514,0.5869496199089516,0.5829361840166818,75.75757575757575,38.37199515473764,0.5896201944153037,0.5632163439468301,75.75757575757575,38.37199515473764,0.5672153501832846,0.5632163439468301,75.75757575757575
39.81291327521883,0.5887681511299743,0.5959789278780683,73.73737373737373,39.81291327521883,0.5924382564258994,0.5959789278780683,73.73737373737373,39.65487251101438,0.5949360633262809,0.5769187704688018,73.73737373737373,39.65487251101438,0.5732697403430328,0.5769187704688018,73.73737373737373
38.97372258573788,0.5943523837940781,0.5987837463344519,73.73737373737373,38.97372258573788,0.5985125389707433,0.5987837463344519,73.73737373737373,39.36715903307471,0.6003148418243627,0.5792810799342292,73.73737373737373,39.36715903307471,0.5789295256077229,0.5792810799342292,73.73737373737373
39.14271068065306,0.5727800445948747,0.5571724936158815,73.73737373737373,39.14271068065306,0.5787939508801403,0.5571724936158815,73.73737373737373,39.42755676158273,0.5785678963786174,0.5367757988385624,73.73737373737373,39.42755676158273,0.5586281440434557,0.5367757988385624,73.73737373737373
40.37140678381718,0.5990374876570941,0.6038523930531474,72.72727272727273,40.37140678381718,0.6020998488122182,0.6038523930531474,72.72727272727273,40.79004943197595,0.6049220906410645,0.5851112331753119,72.72727272727273,40.79004943197595,0.5830788466083335,0.5851112331753119,72.72727272727273
39.86711901211273,0.5706710651491712,0.5489565508302838,73.73737373737373,39.86711901211273,0.5786525094756816,0.5489565508302838,73.73737373737373,39.73600139906651,0.5762990351712626,0.5299754406551869,72.72727272727273,39.73600139906651,0.5589459113069146,0.5299754406551869,72.72727272727273
40.914086186468325,0.5856720370121821,0.5929572944548485,72.72727272727273,40.914086186468325,0.5898104445892062,0.5929572944548485,72.72727272727273,40.84907092583588,0.5917484114548226,0.574850101076525,72.72727272727273,40.84907092583588,0.5707695502808496,0.574850101076525,72.72727272727273
40.23010095046827,0.5811564789488033,0.5815600016036042,72.72727272727273,40.23010095046827,0.5858873610573214,0.5815600016036042,72.72727272727273,40.09240491750911,0.587146557658669,0.5615507992182744,72.72727272727273,40.09240491750911,0.5659321514683645,0.5615507992182744,72.72727272727273
39.208497828641775,0.5768078809481052,0.5636276459887659,74.74747474747475,39.208497828641775,0.5827619951187812,0.5636276459887659,74.74747474747475,39.03096668390597,0.5825148996076428,0.5443584968177178,74.74747474747475,39.03096668390597,0.5631236620855451,0.5443584968177178,74.74747474747475
40.43665559493963,0.588344241667235,0.5846490167306903,71.71717171717171,40.43665559493963,0.5922671843122556,0.5846490167306903,71.71717171717171,40.86906033979084,0.5943317416576192,0.5647213461722388,71.71717171717171,40.86906033979084,0.5724983102097801,0.5647213461722388,71.71717171717171
40.37745061297316,0.5910185115294224,0.5868104177368827,75.75757575757575,40.37745061297316,0.5974261986270465,0.5868104177368827,75.75757575757575,40.19575377379395,0.597045274842931,0.5653558258481228,75.75757575757575,40.19575377379395,0.5771262866077771,0.5653558258481228,75.75757575757575
38.709477403926165,0.5978008626773301,0.6030203553179707,72.72727272727273,38.709477403926165,0.6011996502520314,0.6030203553179707,72.72727272727273,39.496146256331656,0.6041432653062121,0.580568993738305,73.73737373737373,39.496146256331656,0.58049237879671,0.580568993738305,73.73737373737373
40.04371933342994,0.5751552039741685,0.5632267593255056,72.72727272727273,40.04371933342994,0.5795080959020307,0.5632267593255056,72.72727272727273,39.904523646398104,0.5810750538281294,0.5454861647587631,72.72727272727273,39.904523646398104,0.5601313636007883,0.5454861647587631,72.72727272727273
39.26008954536053,0.5991665939593938,0.6083752614272877,72.72727272727273,39.26008954536053,0.6026728484043071,0.6083752614272877,72.72727272727273,39.74922657506862,0.6051895963947586,0.5909601799460165,71.71717171717171,39.74922657506862,0.583881258378927,0.5909601799460165,71.71717171717171
40.4118929349584,0.5838231862195511,0.578478726990783,73.73737373737373,40.4118929349584,0.5876853069776454,0.578478726990783,73.73737373737373,40.24115918456906,0.5896391500725968,0.5617130577502278,73.73737373737373,40.24115918456906,0.5688695943880222,0.5617130577502278,73.73737373737373
39.98631100510863,0.5888149020641105,0.5857263650686552,71.71717171717171,39.98631100510863,0.5933151330310789,0.5857263650686552,71.71717171717171,39.87956712896583,0.5947327316229856,0.568371785316715,71.71717171717171,39.87956712896583,0.5743380428066143,0.568371785316715,71.71717171717171
39.60745318660375,0.5908699989942259,0.5939512158139628,73.73737373737373,39.60745318660375,0.5957450941812006,0.5939512158139628,73.73737373737373,40.005657036848355,0.596895552611136,0.5734492271817238,72.72727272727273,40.005657036848355,0.5760169506011734,0.5734492271817238,72.72727272727273
40.09312513268355,0.5863995838922094,0.5848964632708396,72.72727272727273,40.09312513268355,0.5908534055922282,0.5848964632708396,72.72727272727273,39.986135081950344,0.5922464520707607,0.5641502338471361,72.72727272727273,39.986135081950344,0.5708969947744245,0.5641502338471361,72.72727272727273
40.022000907167296,0.5801796151114527,0.5711562432880597,72.72727272727273,40.022000907167296,0.5860741757003516,0.5711562432880597,72.72727272727273,40.42328754244908,0.5863808964674069,0.5518113595252075,71.71717171717171,40.42328754244908,0.5661300234342599,0.5518113595252075,71.71717171717171
39.36204915574566,0.5974547492658837,0.5999398698809457,73.73737373737373,39.36204915574566,0.6020560221193585,0.5999398698809457,73.73737373737373,39.20536888840249,0.603589759317412,0.5816347516378708,72.72727272727273,39.20536888840249,0.5825907661653158,0.5816347516378708,72.72727272727273
39.70616224300391,0.5861258616290784,0.5882006182109071,73.73737373737373,39.70616224300391,0.5896918017738586,0.5882006182109071,73.73737373737373,40.09993321238052,0.5920133317145158,0.5694902456788168,73.73737373737373,40.09993321238052,0.5703036873988238,0.5694902456788168,73.73737373737373
40.105184870201384,0.5933909586990618,0.5973935121044938,71.71717171717171,40.105184870201384,0.5966837452131498,0.5973935121044938,71.71717171717171,39.93545725592479,0.5994711722303769,0.576804919332641,71.71717171717171,39.93545725592479,0.5767981985966608,0.576804919332641,71.71717171717171
41.78235625969848,0.5785985990446936,0.5667817866518612,71.71717171717171,41.78235625969848,0.5830353711114076,0.5667817866518612,71.71717171717171,41.671520038619605,0.5840800866928341,0.5483097997688477,71.71717171717171,41.671520038619605,0.5641218998985524,0.5483097997688477,71.71717171717171
39.14907482840565,0.5833781936620761,0.5746948458287462,74.74747474747475,39.14907482840565,0.5896171761886723,0.5746948458287462,74.74747474747475,38.993041601387986,0.5890470511874333,0.5551189348102457,74.74747474747475,38.993041601387986,0.5700336903757017,0.5551189348102457,74.74747474747475
40.20320601943676,0.5905546223010361,0.591791661189808,73.73737373737373,40.20320601943676,0.5956344945433663,0.591791661189808,73.73737373737373,40.52690327753905,0.5965579727056587,0.5719958341282201,73.73737373737373,40.52690327753905,0.5757180066499015,0.5719958341282201,73.73737373737373
40.892140197707285,0.5851608333009957,0.5808867566842725,73.73737373737373,40.892140197707285,0.590722342234874,0.5808867566842725,73.73737373737373,40.783319837651376,0.5908291104610415,0.5642851024735303,73.73737373737373,40.783319837651376,0.5722519977229882,0.5642851024735303,73.73737373737373
39.8516037475497,0.5886806851728721,0.5901881672589531,72.72727272727273,39.8516037475497,0.5924162944903677,0.5901881672589531,72.72727272727273,39.91077654753599,0.5945083274321225,0.5716015005509612,72.72727272727273,39.91077654753599,0.5733802169954889,0.5716015005509612,72.72727272727273
39.944469835629405,0.587720385102588,0.5851466395728726,72.72727272727273,39.944469835629405,0.5927398372058197,0.5851466395728726,72.72727272727273,39.96477925515618,0.5935916838092841,0.5634393954703996,72.72727272727273,39.96477925515618,0.5725436638093078,0.5634393954703996,72.72727272727273
39.75170531531192,0.5956188423699911,0.5970274701704885,74.74747474747475,39.75170531531192,0.5989284353721829,0.5970274701704885,74.74747474747475,39.695870844380934,0.6016368335667148,0.5772133471934742,73.73737373737373,39.695870844380934,0.5792232094769548,0.5772133471934742,73.73737373737373
38.938542818250866,0.5747553156778772,0.5605243110976972,72.72727272727273,38.938542818250866,0.579921092999498,0.5605243110976972,72.72727272727273,39.33171268918924,0.5805108034048965,0.5396350766166423,72.72727272727273,39.33171268918924,0.5597931860473884,0.5396350766166423,72.72727272727273
40.164156180093116,0.5726587673036438,0.555275497627591,71.71717171717171,40.164156180093116,0.5784238396775042,0.555275497627591,71.71717171717171,40.17941048170709,0.5787525853894456,0.5365647212829001,71.71717171717171,40.17941048170709,0.5588325168225166,0.5365647212829001,71.71717171717171
39.90468693636369,0.5746212220360435,0.5634022888405622,73.73737373737373,39.90468693636369,0.5818251690370839,0.5634022888405622,73.73737373737373,39.84401640605929,0.5802705364020431,0.5451930336603392,73.73737373737373,39.84401640605929,0.5625773970696233,0.5451930336603392,73.73737373737373
40.18109092555848,0.5944476568268584,0.5983670051733101,71.71717171717171,40.18109092555848,0.5969698063661995,0.5983670051733101,71.71717171717171,40.18513059515452,0.6003760821079556,0.5784903317591462,71.71717171717171,40.18513059515452,0.5773702058241654,0.5784903317591462,71.71717171717171
40.192198266621745,0.6029124790267626,0.6144330760487358,71.71717171717171,40.192198266621745,0.6068748932387551,0.6144330760487358,71.71717171717171,40.03302280300806,0.6088725988536396,0.5961102360695467,71.71717171717171,40.03302280300806,0.5879601539381418,0.5961102360695467,71.71717171717171
38.25846860841329,0.5933789945172494,0.5981011518432116,73.73737373737373,38.25846860841329,0.5979755869997183,0.5981011518432116,73.73737373737373,38.278103047143276,0.5993651171354668,0.5798664723682322,72.72727272727273,38.278103047143276,0.5788520917611422,0.5798664723682322,72.72727272727273
39.669764102351415,0.5860027482594441,0.5812502401924362,74.74747474747475,39.669764102351415,0.5918882895035891,0.5812502401924362,74.74747474747475,39.59076809548725,0.591878225514527,0.5602521361982808,74.74747474747475,39.59076809548725,0.5716867667456629,0.5602521361982808,74.74747474747475
39.383771807137016,0.5941578399666303,0.6013459535919365,71.71717171717171,39.383771807137016,0.598012562654171,0.6013459535919365,71.71717171717171,39.27842317528993,0.600213351728385,0.582936450020723,71.71717171717171,39.27842317528993,0.5790997063378882,0.582936450020723,71.71717171717171
39.10797493705953,0.5851723819262818,0.5860818989041869,73.73737373737373,39.10797493705953,0.5908379039628648,0.5860818989041869,73.73737373737373,39.14391505518464,0.5910045507256082,0.5675946761875783,73.73737373737373,39.14391505518464,0.5716736783174103,0.5675946761875783,73.73737373737373
40.63556798409361,0.5789680992736178,0.573305103777165,71.71717171717171,40.63556798409361,0.5845725118075291,0.573305103777165,71.71717171717171,40.46410418962593,0.5843954478172074,0.556356134078972,71.71717171717171,40.46410418962593,0.5661550050689774,0.556356134078972,71.71717171717171
39.84130250412841,0.5907397778052983,0.5916002964208711,73.73737373737373,39.84130250412841,0.5954203710080304,0.5916002964208711,73.73737373737373,39.72004640336684,0.5967773396545077,0.5720065483679367,73.73737373737373,39.72004640336684,0.5757877510513522,0.5720065483679367,73.73737373737373
39.362239490324455,0.5914571833939428,0.5941977366169456,73.73737373737373,39.362239490324455,0.5954794890903237,0.5941977366169456,73.73737373737373,39.207322517085544,0.5972087720251182,0.5770574755831911,72.72727272727273,39.207322517085544,0.5769993920443994,0.5770574755831911,72.72727272727273
39.33433993919315,0.590977833913293,0.593953266499343,71.71717171717171,39.33433993919315,0.5963324170571562,0.593953266499343,71.71717171717171,39.15635612196964,0.597141199988553,0.5737594637551868,73.73737373737373,39.15635612196964,0.5765406396067195,0.5737594637551868,73.73737373737373
40.72911521906505,0.6042779775203927,0.6146572876473412,75.75757575757575,40.72911521906505,0.607702125528516,0.6146572876473412,75.75757575757575,40.5560228386989,0.6100322080645617,0.5983917464288958,75.75757575757575,40.5560228386989,0.5896024318386202,0.5983917464288958,75.75757575757575
38.69306500757227,0.5914120062665317,0.5949675569680748,73.73737373737373,38.69306500757227,0.5941298997771816,0.5949675569680748,73.73737373737373,38.77465352077392,0.5973000920263007,0.5767993890839607,73.73737373737373,38.77465352077392,0.5749483092198581,0.5767993890839607,73.73737373737373
39.67167889945633,0.5904095720717529,0.5870209977737545,73.73737373737373,39.67167889945633,0.5954917320385836,0.5870209977737545,73.73737373737373,39.73582153314774,0.5966194072722601,0.5665106319073091,72.72727272727273,39.73582153314774,0.575341941200201,0.5665106319073091,72.72727272727273
40.22927090391588,0.5872308288276766,0.5867542693036789,74.74747474747475,40.22927090391588,0.5926837675866192,0.5867542693036789,74.74747474747475,40.28892418497587,0.5931082394402865,0.5698446020811427,73.73737373737373,40.28892418497587,0.5734403498917017,0.5698446020811427,73.73737373737373
39.867526561248745,0.5798942548108019,0.5798482458395123,72.72727272727273,39.867526561248745,0.5852966386229327,0.5798482458395123,72.72727272727273,39.94161975138253,0.5860155175210475,0.5598961342361926,71.71717171717171,39.94161975138253,0.5652140874104459,0.5598961342361926,71.71717171717171
40.53095099885786,0.5972699399214467,0.5999313696955213,72.72727272727273,40.53095099885786,0.6021194788095214,0.5999313696955213,72.72727272727273,40.41171857966637,0.6030637199748043,0.5793051291918443,72.72727272727273,40.41171857966637,0.5823689529025149,0.5793051291918443,72.72727272727273
39.52019577513044,0.5814337990294157,0.5737976088162215,72.72727272727273,39.52019577513044,0.5848218589713654,0.5737976088162215,72.72727272727273,39.9177471241536,0.5872342425486281,0.5561548231904498,72.72727272727273,39.9177471241536,0.5658219286999097,0.5561548231904498,72.72727272727273
39.97435347521884,0.5906190919078165,0.5960806774442937,72.72727272727273,39.97435347521884,0.5957515483935849,0.5960806774442937,72.72727272727273,40.0163517841186,0.5964165736346826,0.5783676652279464,72.72727272727273,40.0163517841186,0.5767562674126738,0.5783676652279464,72.72727272727273
39.958504647133495,0.5921917447423657,0.5944363775088599,73.73737373737373,39.958504647133495,0.59789146907152,0.5944363775088599,73.73737373737373,39.99751333322337,0.5980275952864224,0.5772521911696278,73.73737373737373,39.99751333322337,0.5792134970675809,0.5772521911696278,73.73737373737373
39.9629330144255,0.5904578950253433,0.5864740302003102,71.71717171717171,39.9629330144255,0.5952844876282546,0.5864740302003102,71.71717171717171,40.23598356378309,0.5960915947250134,0.5686622158707917,72.72727272727273,40.23598356378309,0.5762636807364927,0.5686622158707917,72.72727272727273
40.514320849132304,0.588408266782817,0.590716681638807,72.72727272727273,40.514320849132304,0.5930911970731233,0.590716681638807,72.72727272727273,40.35418876797085,0.594260869017623,0.5736703361114772,73.73737373737373,40.35418876797085,0.5744765261109308,0.5736703361114772,73.73737373737373
38.46850886659207,0.5872972364793282,0.5877852982622972,73.73737373737373,38.46850886659207,0.5927470182447514,0.5877852982622972,73.73737373737373,38.67556289575481,0.5930953804668557,0.56830086247865,73.73737373737373,38.67556289575481,0.5731665921077214,0.56830086247865,73.73737373737373
39.66651006041062,0.5970232131442261,0.5972381262952348,70.70707070707071,39.66651006041062,0.6025043216203236,0.5972381262952348,70.70707070707071,39.487336256221326,0.6029438770486222,0.5789502290883247,71.71717171717171,39.487336256221326,0.5832749416805563,0.5789502290883247,71.71717171717171
39.89574229194848,0.5992064077557437,0.6110136333487601,74.74747474747475,39.89574229194848,0.6013907031920017,0.6110136333487601,74.74747474747475,39.71575140870105,0.6052547739120898,0.5921742224411142,74.74747474747475,39.71575140870105,0.5823610244982977,0.5921742224411142,74.74747474747475
40.424658466785544,0.5953123171297616,0.594668746937026,73.73737373737373,40.424658466785544,0.5992361093762522,0.594668746937026,73.73737373737373,40.29226198773698,0.6009366912296358,0.5738197364525511,74.74747474747475,40.29226198773698,0.5795867826725927,0.5738197364525511,74.74747474747475
39.5278578760919,0.59520497142616,0.5938240635833172,72.72727272727273,39.5278578760919,0.5989056273962414,0.5938240635833172,72.72727272727273,39.33653408617991,0.6012292219702697,0.5746118993650681,71.71717171717171,39.33653408617991,0.5794818806157587,0.5746118993650681,71.71717171717171
38.62057298091912,0.5905381328343626,0.5909599819834797,73.73737373737373,38.62057298091912,0.5950543201169892,0.5909599819834797,73.73737373737373,38.65426013092454,0.5964874275098622,0.5716282654040374,74.74747474747475,38.65426013092454,0.5753879030238669,0.5716282654040374,74.74747474747475
40.395249089919986,0.578884895217675,0.5676770315198294,73.73737373737373,40.395249089919986,0.5839007349077567,0.5676770315198294,73.73737373737373,40.26291959906402,0.5846272348085075,0.5474242790421668,73.73737373737373,40.26291959906402,0.5640379559038882,0.5474242790421668,73.73737373737373
38.58867334744044,0.5770151371264594,0.5667281517540383,73.73737373737373,38.58867334744044,0.5823774077552788,0.5667281517540383,73.73737373737373,38.43435605320287,0.5827327826172999,0.546938354236298,72.72727272727273,38.43435605320287,0.5626201959430956,0.546938354236298,72.72727272727273
40.253376168027074,0.586944554339023,0.583483521247341,74.74747474747475,40.253376168027074,0.5914267555263901,0.583483521247341,74.74747474747475,40.12137056981331,0.5931517162896656,0.5631220800094073,74.74747474747475,40.12137056981331,0.5713603357978891,0.5631220800094073,74.74747474747475
40.58106000409617,0.5918483513674231,0.5976058648489679,72.72727272727273,40.58106000409617,0.5970388946679714,0.5976058648489679,72.72727272727273,40.986458988251464,0.5979260571587789,0.5784694412886082,72.72727272727273,40.986458988251464,0.5778180171530016,0.5784694412886082,72.72727272727273
38.68116668983236,0.5794036068970672,0.5671155946175892,74.74747474747475,38.68116668983236,0.5870550615789915,0.5671155946175892,74.74747474747475,38.91609478236877,0.585292853669503,0.5492323276917569,74.74747474747475,38.91609478236877,0.567696335383512,0.5492323276917569,74.74747474747475
40.094938643524536,0.5834942587748504,0.5760124861285771,74.74747474747475,40.094938643524536,0.5896107791257788,0.5760124861285771,74.74747474747475,40.316450482109225,0.5894590161300594,0.5555133585967703,74.74747474747475,40.316450482109225,0.5696053031320105,0.5555133585967703,74.74747474747475
40.00690854218429,0.5960517302309521,0.6090755956568827,72.72727272727273,40.00690854218429,0.5986897423696462,0.6090755956568827,72.72727272727273,39.88904905606287,0.6024476619061898,0.5915127470560364,72.72727272727273,39.88904905606287,0.579626651657455,0.5915127470560364,72.72727272727273
40.49071631186001,0.5872060946680531,0.5873643218227835,73.73737373737373,40.49071631186001,0.5919469188654138,0.5873643218227835,73.73737373737373,40.988954446561365,0.5933080838904143,0.5687185191703118,72.72727272727273,40.988954446561365,0.5724224578120691,0.5687185191703118,72.72727272727273
40.020942310646525,0.5863253569684374,0.5850606748692939,72.72727272727273,40.020942310646525,0.5894624324253062,0.5850606748692939,72.72727272727273,39.883826988979685,0.5921236052817943,0.5671158029569915,72.72727272727273,39.883826988979685,0.5704214704975294,0.5671158029569915,72.72727272727273
39.29466722951991,0.576410872862299,0.5668072376286997,74.74747474747475,39.29466722951991,0.5829317994681305,0.5668072376286997,74.74747474747475,39.159583851642175,0.5824796612737926,0.5479344682163028,74.74747474747475,39.159583851642175,0.5633381265859694,0.5479344682163028,74.74747474747475
39.12246181670761,0.5840460849865442,0.5799534056751658,71.71717171717171,39.12246181670761,0.5870253075745634,0.5799534056751658,71.71717171717171,39.269540798723014,0.5897193436990296,0.5605431581983161,71.71717171717171,39.269540798723014,0.5676446034889937,0.5605431581983161,71.71717171717171
40.04897788430486,0.5955611811381518,0.5976241833344402,73.73737373737373,40.04897788430486,0.5991674038448075,0.5976241833344402,73.73737373737373,40.108402100868325,0.6013866887948298,0.5800674337605045,72.72727272727273,40.108402100868325,0.5804725351137475,0.5800674337605045,72.72727272727273
40.40324488336554,0.5899109117355947,0.5829847615280839,73.73737373737373,40.40324488336554,0.5949195041022954,0.5829847615280839,73.73737373737373,40.410307477672625,0.5958635985258522,0.561304503511543,73.73737373737373,40.410307477672625,0.5746282513618379,0.561304503511543,73.73737373737373
40.70488697181387,0.6053829897101854,0.6224197041081132,72.72727272727273,40.70488697181387,0.6070830631945361,0.6224197041081132,72.72727272727273,40.52203911175698,0.6118667926181645,0.6039403710869327,72.72727272727273,40.52203911175698,0.5876582166191335,0.6039403710869327,72.72727272727273
38.908381152963386,0.576776864517651,0.5676001754248146,73.73737373737373,38.908381152963386,0.5816863384978317,0.5676001754248146,73.73737373737373,39.301322311467125,0.582781691327427,0.5486108699170272,73.73737373737373,39.301322311467125,0.562116065899483,0.5486108699170272,73.73737373737373
39.9659440082545,0.5735201186730592,0.5566452324706548,71.71717171717171,39.9659440082545,0.5791726196201707,0.5566452324706548,71.71717171717171,39.85924711184274,0.5792961577299287,0.536439222964076,71.71717171717171,39.85924711184274,0.5590724180261721,0.536439222964076,71.71717171717171
39.5210108230047,0.5941970881602466,0.5970976750257357,73.73737373737373,39.5210108230047,0.5969422937784017,0.5970976750257357,73.73737373737373,39.390696527752056,0.6002378412974805,0.5776195450523247,73.73737373737373,39.390696527752056,0.5773127473433735,0.5776195450523247,73.73737373737373
39.38738390802017,0.5949854879715126,0.5981923979578325,72.72727272727273,39.38738390802017,0.5989375401827595,0.5981923979578325,72.72727272727273,39.376795939590124,0.6006135765993879,0.5786465278801622,72.72727272727273,39.376795939590124,0.5796283416035839,0.5786465278801622,72.72727272727273
39.23075239933414,0.5830223991373435,0.580332621051345,73.73737373737373,39.23075239933414,0.5872787450697936,0.580332621051345,73.73737373737373,39.281059769715235,0.5887863068693692,0.5635242994185303,72.72727272727273,39.281059769715235,0.5685398159729675,0.5635242994185303,72.72727272727273
40.097017725698,0.5924692479425533,0.5911285629810217,72.72727272727273,40.097017725698,0.5962546829414812,0.5911285629810217,72.72727272727273,39.965370501955874,0.5984981124065802,0.570665805541036,72.72727272727273,39.965370501955874,0.5764032060713709,0.570665805541036,72.72727272727273
41.27742898292917,0.5854994639757299,0.5821734711737714,73.73737373737373,41.27742898292917,0.5889425633124954,0.5821734711737714,73.73737373737373,41.319417249232,0.5913635814867766,0.5612357799101049,73.73737373737373,41.319417249232,0.568824486017621,0.5612357799101049,73.73737373737373
39.6926051396582,0.6011327400160447,0.6116935425621008,74.74747474747475,39.6926051396582,0.603055320949146,0.6116935425621008,74.74747474747475,39.55640545115479,0.6070560575787203,0.5932347574070935,73.73737373737373,39.55640545115479,0.5841478547023663,0.5932347574070935,73.73737373737373
40.848471725604504,0.596471544953213,0.5976844133555683,73.73737373737373,40.848471725604504,0.6005120509214936,0.5976844133555683,73.73737373737373,40.66512132885025,0.6024377924998704,0.5785965429806055,72.72727272727273,40.66512132885025,0.5812236558671773,0.5785965429806055,72.72727272727273
39.28218149303267,0.595383778426581,0.6024664351632347,73.73737373737373,39.28218149303267,0.5980943772882148,0.6024664351632347,73.73737373737373,39.22236337593078,0.6010279016104867,0.5855307390105655,72.72727272727273,39.22236337593078,0.5798744580544513,0.5855307390105655,72.72727272727273
39.68526943219901,0.5845710193000735,0.5790841068921879,74.74747474747475,39.68526943219901,0.5901658519298738,0.5790841068921879,74.74747474747475,39.52761255531201,0.590320660444899,0.5593551017852822,74.74747474747475,39.52761255531201,0.5704673313844735,0.5593551017852822,74.74747474747475
39.37997334978074,0.5789458672489687,0.5645311712184423,73.73737373737373,39.37997334978074,0.5843281371957936,0.5645311712184423,73.73737373737373,39.201825633096554,0.5847113567343004,0.5463020846496682,73.73737373737373,39.201825633096554,0.564993133183895,0.5463020846496682,73.73737373737373
39.939052058938394,0.5825983117481235,0.5737431097490293,73.73737373737373,39.939052058938394,0.5891839314939381,0.5737431097490293,73.73737373737373,39.758907181976156,0.5884109048952144,0.5553811548833947,73.73737373737373,39.758907181976156,0.5699904050415359,0.5553811548833947,73.73737373737373
38.74545482233221,0.5819408436190738,0.5718668770442492,72.72727272727273,38.74545482233221,0.5867148323046263,0.5718668770442492,72.72727272727273,38.56959802239703,0.5876650923935397,0.5524155798813233,71.71717171717171,38.56959802239703,0.5671589930450954,0.5524155798813233,71.71717171717171
39.90810530275202,0.5733209436240555,0.5630195466021714,75.75757575757575,39.90810530275202,0.5800907650832443,0.5630195466021714,75.75757575757575,39.80154189018843,0.5790353442372185,0.5442243391388852,75.75757575757575,39.80154189018843,0.5605177262616148,0.5442243391388852,75.75757575757575
38.910834252315304,0.5944824824690804,0.5957014998734252,73.73737373737373,38.910834252315304,0.5987434153130209,0.5957014998734252,73.73737373737373,39.024139418470696,0.6002482631788526,0.5761163532654268,73.73737373737373,39.024139418470696,0.5793324260302781,0.5761163532654268,73.73737373737373
41.245309693135425,0.584267536958547,0.5785202753277894,73.73737373737373,41.245309693135425,0.590120819100391,0.5785202753277894,73.73737373737373,41.16201489182709,0.5900246750327172,0.5586373738723198,73.73737373737373,41.16201489182709,0.5705361571385745,0.5586373738723198,73.73737373737373
39.7390057601963,0.6073508264196449,0.6220695085990413,71.71717171717171,39.7390057601963,0.6104210400296239,0.6220695085990413,71.71717171717171,39.69861189976409,0.6136259815215254,0.6022646119254016,72.72727272727273,39.69861189976409,0.5910749155825636,0.6022646119254016,72.72727272727273
38.94218700294325,0.6021595096012773,0.6078019157411297,73.73737373737373,38.94218700294325,0.6040910304116025,0.6078019157411297,73.73737373737373,39.15019376504792,0.6078415148577764,0.59069147797316,74.74747474747475,39.15019376504792,0.5857082215961535,0.59069147797316,74.74747474747475
39.111878719157886,0.5757294944528404,0.5603010153246387,72.72727272727273,39.111878719157886,0.5830720109463824,0.5603010153246387,72.72727272727273,39.397949415810665,0.5816388141085426,0.5423158451323722,72.72727272727273,39.397949415810665,0.5634201402690937,0.5423158451323722,72.72727272727273
40.39152057585339,0.5861275072870734,0.5880009447030639,72.72727272727273,40.39152057585339,0.5910602383194181,0.5880009447030639,72.72727272727273,40.611195421075465,0.5919167738534667,0.5717866817634167,72.72727272727273,40.611195421075465,0.5728420072338369,0.5717866817634167,72.72727272727273
39.15601960363717,0.5895908055584728,0.5904391698698507,73.73737373737373,39.15601960363717,0.5930694402645105,0.5904391698698507,73.73737373737373,39.01922214857152,0.5953259827794861,0.571153353349424,73.73737373737373,39.01922214857152,0.5737626819335094,0.571153353349424,73.73737373737373
39.6145747906263,0.5862348182809648,0.5817182845948159,73.73737373737373,39.6145747906263,0.5921616653560676,0.5817182845948159,73.73737373737373,39.83108825889986,0.5923758650775729,0.5611537853515126,73.73737373737373,39.83108825889986,0.5718943114844952,0.5611537853515126,73.73737373737373
40.04424658496995,0.5875796794448689,0.5859007038359982,71.71717171717171,40.04424658496995,0.5926800693080145,0.5859007038359982,71.71717171717171,39.88551267657865,0.5935392322581967,0.5656916356206954,72.72727272727273,39.88551267657865,0.5727951869902372,0.5656916356206954,72.72727272727273
39.85588115158926,0.5920635994488999,0.5976061296171851,73.73737373737373,39.85588115158926,0.5954380545844397,0.5976061296171851,73.73737373737373,40.293780908437384,0.5980398167912476,0.5781521220053187,73.73737373737373,40.293780908437384,0.5758180684762451,0.5781521220053187,73.73737373737373
40.14370089264558,0.5954729970519157,0.6004502107081906,73.73737373737373,40.14370089264558,0.5980456329173551,0.6004502107081906,73.73737373737373,40.036594402609246,0.6017049570026095,0.5821983929698922,73.73737373737373,40.036594402609246,0.5787651935752681,0.5821983929698922,73.73737373737373
38.87052954602239,0.5881454536684237,0.5775784112958406,72.72727272727273,38.87052954602239,0.5927769287124909,0.5775784112958406,72.72727272727273,39.809692912733155,0.5937855255985803,0.5560503459395496,72.72727272727273,39.809692912733155,0.5727511360814406,0.5560503459395496,72.72727272727273
39.04135935143345,0.5911193321033605,0.5897176148132774,73.73737373737373,39.04135935143345,0.5970506281743007,0.5897176148132774,73.73737373737373,38.92605214732565,0.5966984007195089,0.5717219836144338,73.73737373737373,38.92605214732565,0.5781593348157372,0.5717219836144338,73.73737373737373
39.239010683589434,0.5812414624508571,0.5732229184943156,72.72727272727273,39.239010683589434,0.587618096604084,0.5732229184943156,72.72727272727273,39.767675468666,0.587154605903502,0.554822334203652,72.72727272727273,39.767675468666,0.568289982547785,0.554822334203652,72.72727272727273
39.23889787766753,0.5723666871834941,0.5649783180912745,72.72727272727273,39.23889787766753,0.5787452032120095,0.5649783180912745,72.72727272727273,39.06125728663815,0.5783249841991706,0.5482459976479863,72.72727272727273,39.06125728663815,0.5596912658501968,0.5482459976479863,72.72727272727273
39.50444236141186,0.6017391981944169,0.61058584343914,74.74747474747475,39.50444236141186,0.602322451952789,0.61058584343914,74.74747474747475,39.61691533141298,0.607740925852174,0.5931680014618481,73.73737373737373,39.61691533141298,0.583703796656321,0.5931680014618481,73.73737373737373
40.5183250045325,0.6004974078476826,0.6029699875436279,74.74747474747475,40.5183250045325,0.6028380829324461,0.6029699875436279,74.74747474747475,40.39912556191938,0.6063623767401991,0.5831159247520068,74.74747474747475,40.39912556191938,0.5833634438588343,0.5831159247520068,74.74747474747475
39.936101505228486,0.5795085324432036,0.5729679310470064,74.74747474747475,39.936101505228486,0.5853155958275852,0.5729679310470064,74.74747474747475,40.33675168188166,0.5854132017295095,0.5533843759671728,74.74747474747475,40.33675168188166,0.5656205721390104,0.5533843759671728,74.74747474747475
41.46226420492503,0.5914089887688552,0.5940784033747328,73.73737373737373,41.46226420492503,0.5952853964272713,0.5940784033747328,73.73737373737373,41.52346873891097,0.5973524044764302,0.5751911980630411,73.73737373737373,41.52346873891097,0.5758795133885495,0.5751911980630411,73.73737373737373
39.65825121151123,0.6065568118943988,0.6098042521891109,73.73737373737373,39.65825121151123,0.6093042412987222,0.6098042521891109,73.73737373737373,39.500675721609724,0.6123838107732027,0.591091046343702,73.73737373737373,39.500675721609724,0.5902565398382449,0.591091046343702,73.73737373737373
39.329714051981654,0.601599116687612,0.6119424942014586,72.72727272727273,39.329714051981654,0.6061604089918051,0.6119424942014586,72.72727272727273,39.139124189746774,0.6074474828552421,0.5937299788538368,72.72727272727273,39.139124189746774,0.5875738011395965,0.5937299788538368,72.72727272727273
39.23709466210099,0.5861418101053144,0.5838363414748861,71.71717171717171,39.23709466210099,0.5905975804705912,0.5838363414748861,71.71717171717171,39.05946056136085,0.5923726451669509,0.5656035761670974,71.71717171717171,39.05946056136085,0.5711831366257147,0.5656035761670974,71.71717171717171
39.978960507088026,0.599466405228144,0.6088316037454244,72.72727272727273,39.978960507088026,0.6040390820956404,0.6088316037454244,72.72727272727273,40.03878378019158,0.6054984004820814,0.5882398542085732,73.73737373737373,40.03878378019158,0.5842602788375442,0.5882398542085732,73.73737373737373
38.71390154332245,0.5841109921979775,0.5746284986584731,73.73737373737373,38.71390154332245,0.589478887599939,0.5746284986584731,73.73737373737373,38.55919912754363,0.5903053292822193,0.5542898143393344,73.73737373737373,38.55919912754363,0.5691668076323546,0.5542898143393344,73.73737373737373
39.03281736712976,0.5872515899692858,0.5816454828033013,71.71717171717171,39.03281736712976,0.5919313146200584,0.5816454828033013,71.71717171717171,39.61236942801724,0.5930847898939141,0.5625311900505824,71.71717171717171,39.61236942801724,0.5725176310115664,0.5625311900505824,71.71717171717171
39.6826749951816,0.5845498157056152,0.5816149986685147,70.70707070707071,39.6826749951816,0.5909706696962049,0.5816149986685147,70.70707070707071,40.10211359582326,0.5902684712809038,0.5654992382149339,70.70707070707071,40.10211359582326,0.5728697614584388,0.5654992382149339,70.70707070707071
40.77458336176094,0.5770271438440094,0.5688294493558833,71.71717171717171,40.77458336176094,0.5843486078610984,0.5688294493558833,71.71717171717171,40.65471561307354,0.5827460404521009,0.5497511247773098,71.71717171717171,40.65471561307354,0.5649847110609552,0.5497511247773098,71.71717171717171
39.66950884621283,0.594461025869376,0.5894491942796123,71.71717171717171,39.66950884621283,0.5997076213287689,0.5894491942796123,71.71717171717171,39.5525378954038,0.6003206703534494,0.5695494488153265,71.71717171717171,39.5525378954038,0.5800071989264151,0.5695494488153265,71.71717171717171
40.27182975666099,0.5889430462848091,0.5890434299808944,72.72727272727273,40.27182975666099,0.5934946700304724,0.5890434299808944,72.72727272727273,40.33153702641468,0.5948509812712104,0.5701385288908917,72.72727272727273,40.33153702641468,0.574289638195602,0.5701385288908917,72.72727272727273
41.04301425291084,0.5885644422858878,0.5866501463434264,72.72727272727273,41.04301425291084,0.5930848628035427,0.5866501463434264,72.72727272727273,40.92244868879919,0.5944079365598136,0.5685292004708885,72.72727272727273,40.92244868879919,0.5742172176001636,0.5685292004708885,72.72727272727273
40.30926440811036,0.5836030163267305,0.5805666438584043,73.73737373737373,40.30926440811036,0.5896763935216962,0.5805666438584043,73.73737373737373,40.17713107268675,0.5894203141185657,0.5600370875572662,72.72727272727273,40.17713107268675,0.56968385338064,0.5600370875572662,72.72727272727273
40.09102433826604,0.5958032238839894,0.5946825785902183,70.70707070707071,40.09102433826604,0.601239344505246,0.5946825785902183,70.70707070707071,39.91034006115242,0.6015642058759336,0.5755046568958044,70.70707070707071,39.91034006115242,0.5819232381227617,0.5755046568958044,70.70707070707071
39.392142764374704,0.5855560408039885,0.5817667924571511,73.73737373737373,39.392142764374704,0.5907134568753496,0.5817667924571511,73.73737373737373,39.28677467236725,0.5914400040867374,0.5607356152263878,73.73737373737373,39.28677467236725,0.5705203545970448,0.5607356152263878,73.73737373737373
40.331411909899195,0.5830890013500141,0.57136762118808,74.74747474747475,40.331411909899195,0.5889418562608024,0.57136762118808,74.74747474747475,40.30751355665616,0.5889005311868798,0.549466320656645,74.74747474747475,40.30751355665616,0.5682243831700842,0.549466320656645,74.74747474747475
38.809592805672175,0.5746595114121174,0.556858047947141,70.70707070707071,38.809592805672175,0.5813996611127075,0.556858047947141,70.70707070707071,38.70558409419216,0.5801709401268433,0.5383157297973142,71.71717171717171,38.70558409419216,0.5622495924553572,0.5383157297973142,71.71717171717171
39.73812334374125,0.584562382018945,0.584108378294224,72.72727272727273,39.73812334374125,0.5892212538878752,0.584108378294224,72.72727272727273,39.631952822077274,0.5902618456212434,0.56571242047386,72.72727272727273,39.631952822077274,0.5703383803924176,0.56571242047386,72.72727272727273
41.13252856626989,0.5785457664575614,0.5727334550811208,72.72727272727273,41.13252856626989,0.5850069955736414,0.5727334550811208,72.72727272727273,40.97513151437921,0.5844298970067745,0.5534879788069207,72.72727272727273,40.97513151437921,0.5651880313415704,0.5534879788069207,72.72727272727273
38.98070390762655,0.5965201367859836,0.5961464405718104,72.72727272727273,38.98070390762655,0.5997036967295049,0.5961464405718104,72.72727272727273,39.05525281691645,0.60251510500463,0.574665099896991,72.72727272727273,39.05525281691645,0.5795875345690765,0.574665099896991,72.72727272727273
39.74294682643007,0.5873972597870134,0.5892122950343817,72.72727272727273,39.74294682643007,0.5930750462964733,0.5892122950343817,72.72727272727273,40.142161396781695,0.5933933529044042,0.5677694392033841,72.72727272727273,40.142161396781695,0.5727943646687039,0.5677694392033841,72.72727272727273
40.82429128027519,0.5936018319601127,0.598465202197108,72.72727272727273,40.82429128027519,0.5968639909329185,0.598465202197108,72.72727272727273,40.690989737715356,0.5995553878838656,0.5808173174759236,73.73737373737373,40.690989737715356,0.5780580806244687,0.5808173174759236,73.73737373737373
39.94846769862674,0.5893502762763061,0.5914805181600147,73.73737373737373,39.94846769862674,0.5937106781126282,0.5914805181600147,73.73737373737373,40.62178087256743,0.5954087411927742,0.5741089813184113,72.72727272727273,40.62178087256743,0.5750969962236673,0.5741089813184113,72.72727272727273
39.963304558833165,0.595159356816618,0.6052920904773277,73.73737373737373,39.963304558833165,0.5982491468139061,0.6052920904773277,73.73737373737373,39.831964978232335,0.6014010693833285,0.5872262960055556,73.73737373737373,39.831964978232335,0.5789989131152962,0.5872262960055556,73.73737373737373
40.77770370124792,0.5929080194461693,0.5966618968491257,74.74747474747475,40.77770370124792,0.595241481946757,0.5966618968491257,74.74747474747475,40.770853835045685,0.5988616423705895,0.5796156974360185,74.74747474747475,40.770853835045685,0.5766707752507225,0.5796156974360185,74.74747474747475
39.553083113767926,0.588917045596369,0.5896962719695366,73.73737373737373,39.553083113767926,0.5926807803724525,0.5896962719695366,73.73737373737373,39.61187436732854,0.5949329676019368,0.5700976092226268,72.72727272727273,39.61187436732854,0.5730124595378019,0.5700976092226268,72.72727272727273
40.132504105751046,0.5807130386061179,0.5769069436219261,72.72727272727273,40.132504105751046,0.5844470787541378,0.5769069436219261,72.72727272727273,40.025423386997396,0.5864463749286404,0.5578267852756644,72.72727272727273,40.025423386997396,0.565286070929581,0.5578267852756644,72.72727272727273
39.161952885089626,0.5936925315074522,0.5940769916604174,72.72727272727273,39.161952885089626,0.5980799248494151,0.5940769916604174,72.72727272727273,39.556812218711826,0.5992426275873938,0.5756179729406345,71.71717171717171,39.556812218711826,0.5794072208658836,0.5756179729406345,71.71717171717171
38.98441491023,0.5995281896487328,0.6035748586189733,74.74747474747475,38.98441491023,0.6038791067904042,0.6035748586189733,74.74747474747475,38.7951110273542,0.6054007875298445,0.5824728566676838,74.74747474747475,38.7951110273542,0.5839946955169762,0.5824728566676838,74.74747474747475
40.3536585520099,0.5863531546890639,0.5845534365703597,71.71717171717171,40.3536585520099,0.5922079998233128,0.5845534365703597,71.71717171717171,40.757391076048386,0.5921098793212904,0.5640552655787772,71.71717171717171,40.757391076048386,0.572421351115517,0.5640552655787772,71.71717171717171
39.07433870358595,0.594172500751724,0.5996624146182683,74.74747474747475,39.07433870358595,0.5978885299572883,0.5996624146182683,74.74747474747475,38.94507173840578,0.6002197946564842,0.5807393742989215,74.74747474747475,38.94507173840578,0.5786097163637575,0.5807393742989215,74.74747474747475
38.80967554848036,0.577642674181803,0.5664538827597307,74.74747474747475,38.80967554848036,0.5839492788887247,0.5664538827597307,74.74747474747475,38.6759623977467,0.5832678479951406,0.54743316793581,74.74747474747475,38.6759623977467,0.5643823978787308,0.54743316793581,74.74747474747475
40.70170707656342,0.5902874526628563,0.5799662677869775,73.73737373737373,40.70170707656342,0.5972850860976286,0.5799662677869775,73.73737373737373,40.541021507547825,0.5961988452425693,0.5602645124853098,72.72727272727273,40.541021507547825,0.5774238380108851,0.5602645124853098,72.72727272727273
41.87329847780502,0.602515039232307,0.6166122752450842,74.74747474747475,41.87329847780502,0.6037259840267513,0.6166122752450842,74.74747474747475,41.70920271739171,0.6085505637572146,0.5996092897883274,74.74747474747475,41.70920271739171,0.5851733452811573,0.5996092897883274,74.74747474747475
39.40499869085327,0.5923586324571405,0.5942672203653796,73.73737373737373,39.40499869085327,0.597390292283453,0.5942672203653796,73.73737373737373,39.2141296282399,0.5982564206257946,0.576250867393481,72.72727272727273,39.2141296282399,0.5782673891389476,0.576250867393481,72.72727272727273
39.6197016520673,0.5807670742686101,0.5712905809638169,75.75757575757575,39.6197016520673,0.5863142169858674,0.5712905809638169,75.75757575757575,39.451578605458145,0.586319402478606,0.5520087170749917,75.75757575757575,39.451578605458145,0.5671284383641717,0.5520087170749917,75.75757575757575
39.38499479501857,0.5984152498116222,0.5988203644969523,70.70707070707071,39.38499479501857,0.6023950536049089,0.5988203644969523,70.70707070707071,39.19419987757395,0.6041950248617414,0.5801628663113036,70.70707070707071,39.19419987757395,0.583522860140838,0.5801628663113036,70.70707070707071
39.27675968099405,0.5971556549223784,0.599504567578346,71.71717171717171,39.27675968099405,0.6033278457358211,0.599504567578346,71.71717171717171,40.41356290641228,0.6030884455116412,0.5812675956688558,70.70707070707071,40.41356290641228,0.5843884466526248,0.5812675956688558,70.70707070707071
38.71473610852668,0.5880980392626023,0.5841015121741089,73.73737373737373,38.71473610852668,0.5920539704324387,0.5841015121741089,73.73737373737373,39.24799002663193,0.5943432752625146,0.5636168112244505,73.73737373737373,39.24799002663193,0.5718910962077974,0.5636168112244505,73.73737373737373
39.464058913602784,0.5766568528062195,0.5619677830507332,73.73737373737373,39.464058913602784,0.5822592983228041,0.5619677830507332,73.73737373737373,39.285609540249474,0.582378780108814,0.5424872251349023,73.73737373737373,39.285609540249474,0.5625059818634188,0.5424872251349023,73.73737373737373
40.542866260509804,0.5998271904810346,0.6111195839972112,73.73737373737373,40.542866260509804,0.6016841636806407,0.6111195839972112,73.73737373737373,40.434843553726616,0.6060078090580532,0.5921686084909492,73.73737373737373,40.434843553726616,0.5822900582764207,0.5921686084909492,73.73737373737373
39.37200249537216,0.5768855423375292,0.5648221742372024,72.72727272727273,39.37200249537216,0.58311118271108,0.5648221742372024,72.72727272727273,39.430561550987896,0.5827583266408884,0.545929153751169,72.72727272727273,39.430561550987896,0.5634396797678639,0.545929153751169,72.72727272727273
40.14235250292697,0.5886536586246178,0.5828746343340987,72.72727272727273,40.14235250292697,0.5934730669013595,0.5828746343340987,72.72727272727273,40.004899852278506,0.5943426974340296,0.5627432892963069,71.71717171717171,40.004899852278506,0.5739003713029701,0.5627432892963069,71.71717171717171
39.21788646556602,0.5926227134792279,0.5958747886380404,71.71717171717171,39.21788646556602,0.5973153164823786,0.5958747886380404,71.71717171717171,39.061643874130795,0.59864551625875,0.5759974878411331,71.71717171717171,39.061643874130795,0.5776348886894146,0.5759974878411331,71.71717171717171
39.98683742576781,0.603507977313064,0.6151459725939417,73.73737373737373,39.98683742576781,0.6074716124340545,0.6151459725939417,73.73737373737373,39.8800923355207,0.6096040848926099,0.5974668930339493,73.73737373737373,39.8800923355207,0.5887543121216456,0.5974668930339493,73.73737373737373
40.13438845219325,0.582710786372988,0.5763968891459323,71.71717171717171,40.13438845219325,0.5878074358249081,0.5763968891459323,71.71717171717171,39.994950120881455,0.5887709618550944,0.5563227622734067,71.71717171717171,39.994950120881455,0.5678502771219576,0.5563227622734067,71.71717171717171
39.39012849283742,0.5905661435646224,0.5905655324780169,72.72727272727273,39.39012849283742,0.5941821638023348,0.5905655324780169,72.72727272727273,39.23336312675148,0.5963073964211666,0.5716253264309312,72.72727272727273,39.23336312675148,0.5748103051097915,0.5716253264309312,72.72727272727273
39.7433886497607,0.59898304817841,0.6071727912986935,74.74747474747475,39.7433886497607,0.6007459589356783,0.6071727912986935,74.74747474747475,39.768713091100594,0.6050105844398725,0.5881149760974902,74.74747474747475,39.768713091100594,0.5813999827471811,0.5881149760974902,74.74747474747475
40.040942732006116,0.5820607890517135,0.5748116618394379,73.73737373737373,40.040942732006116,0.5885939956600782,0.5748116618394379,73.73737373737373,39.93407290216269,0.5877219854398159,0.5544254071511916,73.73737373737373,39.93407290216269,0.5689290807945597,0.5544254071511916,73.73737373737373
39.84841543391431,0.5866694499373535,0.586500018022765,72.72727272727273,39.84841543391431,0.5931973807675429,0.586500018022765,72.72727272727273,39.66859296599695,0.5928723107305818,0.5658576105593518,72.72727272727273,39.66859296599695,0.5729075870787452,0.5658576105593518,72.72727272727273
42.21938852697825,0.5930202275234544,0.5933709158326433,73.73737373737373,42.21938852697825,0.5973198450203988,0.5933709158326433,73.73737373737373,42.11522663029735,0.5986018133311753,0.5725290863441677,73.73737373737373,42.11522663029735,0.5776064007903422,0.5725290863441677,73.73737373737373
39.31814511429452,0.5946365514961719,0.5973176328352812,71.71717171717171,39.31814511429452,0.5985464852137519,0.5973176328352812,71.71717171717171,39.21294912070292,0.6007271132637344,0.5790859233294431,71.71717171717171,39.21294912070292,0.5793932081989535,0.5790859233294431,71.71717171717171
39.29793650567458,0.5830856556063135,0.5772352514110208,72.72727272727273,39.29793650567458,0.5892239871516723,0.5772352514110208,72.72727272727273,39.41546884500392,0.5889131296521408,0.5580054565084337,72.72727272727273,39.41546884500392,0.5697819894286151,0.5580054565084337,72.72727272727273
40.26065215414416,0.5883540445823415,0.5881176249452471,70.70707070707071,40.26065215414416,0.5936402371277103,0.5881176249452471,70.70707070707071,40.15327671237716,0.5942672004932628,0.569221195311278,70.70707070707071,40.15327671237716,0.57421486790935,0.569221195311278,70.70707070707071
39.3102371003229,0.5744851995120079,0.5510047494755805,74.74747474747475,39.3102371003229,0.5821325390008649,0.5510047494755805,74.74747474747475,39.1537139855683,0.5800928677693021,0.5310154572912957,73.73737373737373,39.1537139855683,0.5621203801671267,0.5310154572912957,73.73737373737373
38.73486083182742,0.5889781460260701,0.5880082417272476,72.72727272727273,38.73486083182742,0.5931381351144469,0.5880082417272476,72.72727272727273,39.974672068009184,0.5947209505919099,0.5678725816129635,72.72727272727273,39.974672068009184,0.573607113738826,0.5678725816129635,72.72727272727273
39.6096898729793,0.5886681705889626,0.589342107001439,72.72727272727273,39.6096898729793,0.5930550854163602,0.589342107001439,72.72727272727273,39.625235687934136,0.5944480725471868,0.5727470598758917,71.71717171717171,39.625235687934136,0.5748129262316766,0.5727470598758917,71.71717171717171
39.64825783790037,0.5914374956342839,0.5937295601323739,70.70707070707071,39.64825783790037,0.5965956992181096,0.5937295601323739,70.70707070707071,39.5176473658817,0.5974163990613905,0.5739947283067832,69.6969696969697,39.5176473658817,0.5769566377766125,0.5739947283067832,69.6969696969697
39.20105668665015,0.5908664813910041,0.5908404926625135,72.72727272727273,39.20105668665015,0.596378035625823,0.5908404926625135,72.72727272727273,39.42064112107351,0.5966183012969435,0.5723553148638139,72.72727272727273,39.42064112107351,0.5772809128605993,0.5723553148638139,72.72727272727273
40.19542052270681,0.5956238571460278,0.5980365451939649,73.73737373737373,40.19542052270681,0.5990062748504257,0.5980365451939649,73.73737373737373,40.030060460875106,0.6016904523594304,0.5781684188193148,73.73737373737373,40.030060460875106,0.579133756802184,0.5781684188193148,73.73737373737373
39.51863860337974,0.5825017426468269,0.5756642096196032,73.73737373737373,39.51863860337974,0.5863131403612631,0.5756642096196032,73.73737373737373,39.44959211619701,0.5880764147550182,0.5571974243562154,73.73737373737373,39.44959211619701,0.5672275641860053,0.5571974243562154,73.73737373737373
40.12705554842688,0.5768347783026899,0.5659162797868255,72.72727272727273,40.12705554842688,0.5835330233765872,0.5659162797868255,72.72727272727273,40.00888052386511,0.5826009213017238,0.5461475890420202,71.71717171717171,40.00888052386511,0.5638549271944737,0.5461475890420202,71.71717171717171
39.85168507611071,0.59186227258554,0.5936176634856996,72.72727272727273,39.85168507611071,0.5953093992313939,0.5936176634856996,72.72727272727273,39.888195230404854,0.5976879863620317,0.5767650696844258,72.72727272727273,39.888195230404854,0.5772832161168665,0.5767650696844258,72.72727272727273
39.8055670387874,0.5864649760543192,0.575118315810847,74.74747474747475,39.8055670387874,0.5923675165999491,0.575118315810847,74.74747474747475,39.87755216118389,0.592045503863649,0.5550710608735487,73.73737373737373,39.87755216118389,0.572631227853436,0.5550710608735487,73.73737373737373
41.149543505847795,0.5791443122839768,0.561620576087057,70.70707070707071,41.149543505847795,0.5850282634545115,0.561620576087057,70.70707070707071,41.11604099498833,0.5847887574109724,0.5446493667864324,71.71717171717171,41.11604099498833,0.5661645786657533,0.5446493667864324,71.71717171717171
40.13222777626939,0.5830056177626627,0.5785821230520123,71.71717171717171,40.13222777626939,0.5874415337961089,0.5785821230520123,71.71717171717171,40.0214362384679,0.5889176265087659,0.5587847813533307,72.72727272727273,40.0214362384679,0.5675682064872947,0.5587847813533307,72.72727272727273
39.80132493365668,0.5981868128904732,0.6043409104379458,73.73737373737373,39.80132493365668,0.6018068620187755,0.6043409104379458,73.73737373737373,40.20097404433031,0.6040291057152931,0.5858126467857274,73.73737373737373,40.20097404433031,0.5825757275102752,0.5858126467857274,73.73737373737373
38.83853934290049,0.581260271476533,0.5779070944451035,74.74747474747475,38.83853934290049,0.5863535609617254,0.5779070944451035,74.74747474747475,38.81087126443193,0.5872834022617575,0.5585284381125533,73.73737373737373,38.81087126443193,0.5667298997693602,0.5585284381125533,73.73737373737373
39.92931623090923,0.5784761916630745,0.5641739268202712,74.74747474747475,39.92931623090923,0.5844448320270414,0.5641739268202712,74.74747474747475,39.82270385445672,0.5844510097779405,0.5442683449668728,74.74747474747475,39.82270385445672,0.5645203893376667,0.5442683449668728,74.74747474747475
39.686138583341624,0.5848730579402683,0.5851680890317901,72.72727272727273,39.686138583341624,0.5902050502285047,0.5851680890317901,72.72727272727273,39.49423062577569,0.5907057932357221,0.5648950060138818,72.72727272727273,39.49423062577569,0.5704704710726678,0.5648950060138818,72.72727272727273
39.24316147766152,0.5947470153321412,0.6022907177789014,72.72727272727273,39.24316147766152,0.5995083125750855,0.6022907177789014,72.72727272727273,39.09660319303494,0.6008229823400913,0.5822993831300616,72.72727272727273,39.09660319303494,0.5800560245251749,0.5822993831300616,72.72727272727273
39.59932328348381,0.5852633186691112,0.5804901335646616,70.70707070707071,39.59932328348381,0.5929811157515229,0.5804901335646616,70.70707070707071,39.619496260753564,0.5912408577872277,0.5598327391820108,70.70707070707071,39.619496260753564,0.5727975310933389,0.5598327391820108,70.70707070707071
38.884277963350534,0.5918315892275757,0.5907921583370006,73.73737373737373,38.884277963350534,0.5961593738446141,0.5907921583370006,73.73737373737373,38.7482228148184,0.5976702182083078,0.5711990342463089,73.73737373737373,38.7482228148184,0.5767847319004098,0.5711990342463089,73.73737373737373
39.33678709299352,0.5911648013909463,0.5959780202005562,74.74747474747475,39.33678709299352,0.5956473374222314,0.5959780202005562,74.74747474747475,39.15879448305194,0.5972776750783678,0.5754359680426095,73.73737373737373,39.15879448305194,0.5754937478055718,0.5754359680426095,73.73737373737373
40.77553596910251,0.5854946039520814,0.5833703355304196,72.72727272727273,40.77553596910251,0.5905128880641143,0.5833703355304196,72.72727272727273,40.579658423407984,0.5914848078366362,0.5662470626285259,72.72727272727273,40.579658423407984,0.571532792058044,0.5662470626285259,72.72727272727273
41.20185644381661,0.5993822066644716,0.609993667870417,72.72727272727273,41.20185644381661,0.6019525824912215,0.609993667870417,72.72727272727273,41.01727495547605,0.6051434437595166,0.5920182718986234,71.71717171717171,41.01727495547605,0.5834238912397123,0.5920182718986234,71.71717171717171
40.94266649363747,0.5958532174063729,0.6083696003010746,72.72727272727273,40.94266649363747,0.5996635393395865,0.6083696003010746,72.72727272727273,40.809098731766504,0.6017239647808186,0.5916788587887556,71.71717171717171,40.809098731766504,0.5812498932381304,0.5916788587887556,71.71717171717171
40.152923739812316,0.590266071996441,0.5907475677771348,71.71717171717171,40.152923739812316,0.5939328913555535,0.5907475677771348,71.71717171717171,40.015441749711364,0.5960744288237343,0.5730402284265523,71.71717171717171,40.015441749711364,0.5750708697318193,0.5730402284265523,71.71717171717171
40.49138783161372,0.5787629689908778,0.5640403023936882,73.73737373737373,40.49138783161372,0.5854998058238761,0.5640403023936882,73.73737373737373,40.383483008195164,0.5844928968039631,0.5437052836903236,73.73737373737373,40.383483008195164,0.5656013580690211,0.5437052836903236,73.73737373737373
39.0687182364025,0.5862161878013609,0.5912589646786343,73.73737373737373,39.0687182364025,0.5893153055443572,0.5912589646786343,73.73737373737373,39.12688712052166,0.592274050604755,0.5714761168013831,73.73737373737373,39.12688712052166,0.5696985620931646,0.5714761168013831,73.73737373737373
39.71970478796108,0.585240647896164,0.5811609916917648,73.73737373737373,39.71970478796108,0.5902955226085004,0.5811609916917648,73.73737373737373,39.756114248661035,0.5911474445484592,0.5604457945434398,73.73737373737373,39.756114248661035,0.5701690737799587,0.5604457945434398,73.73737373737373
38.57540768722452,0.5891640756480674,0.5899622399474738,72.72727272727273,38.57540768722452,0.5929790641514177,0.5899622399474738,72.72727272727273,38.59517063102786,0.5952308451564678,0.5722140089035923,72.72727272727273,38.59517063102786,0.5739985125808559,0.5722140089035923,72.72727272727273
39.88706790607887,0.6008224557199324,0.6128625301772455,72.72727272727273,39.88706790607887,0.6056298689228534,0.6128625301772455,72.72727272727273,39.728804588753185,0.6068607790011906,0.5940926558645491,72.72727272727273,39.728804588753185,0.5863891281530806,0.5940926558645491,72.72727272727273
40.724049995717316,0.5906135663563383,0.5938840884197726,73.73737373737373,40.724049995717316,0.595869507159104,0.5938840884197726,73.73737373737373,40.563298579327586,0.5965302401587966,0.5761451270474851,73.73737373737373,40.563298579327586,0.5769657076747369,0.5761451270474851,73.73737373737373
38.96297919397848,0.5950312737926104,0.593340243293409,72.72727272727273,38.96297919397848,0.5993263780990493,0.593340243293409,72.72727272727273,38.98289826551423,0.6008911127938675,0.5732804006335157,72.72727272727273,38.98289826551423,0.5797681465485189,0.5732804006335157,72.72727272727273
39.741674468418644,0.5890323577119354,0.5887854176250078,73.73737373737373,39.741674468418644,0.5941191784409815,0.5887854176250078,73.73737373737373,39.58384782900174,0.5949672183732986,0.5696955731110507,73.73737373737373,39.58384782900174,0.5747010525733813,0.5696955731110507,73.73737373737373
39.19914713908288,0.5927059111232247,0.589548412638157,73.73737373737373,39.19914713908288,0.5970202936723771,0.589548412638157,73.73737373737373,39.06223222474963,0.5985264582459247,0.5673154135706816,72.72727272727273,39.06223222474963,0.5767635003277964,0.5673154135706816,72.72727272727273
39.06035618217798,0.5969151046490762,0.6033722284068286,72.72727272727273,39.06035618217798,0.6011336423612195,0.6033722284068286,72.72727272727273,39.0803143044462,0.6028111708763093,0.5853396630253191,72.72727272727273,39.0803143044462,0.5821436666866338,0.5853396630253191,72.72727272727273
39.59232564477837,0.5885995060247742,0.5889642856064305,74.74747474747475,39.59232564477837,0.5922901095507709,0.5889642856064305,74.74747474747475,39.486492822687126,0.5944476926341086,0.5708383456453436,74.74747474747475,39.486492822687126,0.5731783788283198,0.5708383456453436,74.74747474747475
38.93907887777228,0.6078579915048615,0.621549364429603,73.73737373737373,38.93907887777228,0.6081359084448141,0.621549364429603,73.73737373737373,38.804999088521,0.6138736405839618,0.6021377909061172,73.73737373737373,38.804999088521,0.5888037243714079,0.6021377909061172,73.73737373737373
39.0503181910518,0.5879966211110055,0.5844040635215659,75.75757575757575,39.0503181910518,0.5929867322134799,0.5844040635215659,75.75757575757575,38.96296481460709,0.593917508056137,0.5649753878984443,75.75757575757575,38.96296481460709,0.5735065625677052,0.5649753878984443,75.75757575757575
40.47030501716319,0.5850672087312687,0.5786313058044108,72.72727272727273,40.47030501716319,0.5899304153806162,0.5786313058044108,72.72727272727273,40.288281064064556,0.5909995838667323,0.5603369108988505,72.72727272727273,40.288281064064556,0.5706942332658924,0.5603369108988505,72.72727272727273
39.127813355558985,0.5801321096031713,0.5689705644059098,72.72727272727273,39.127813355558985,0.5868027760074617,0.5689705644059098,72.72727272727273,38.95057297781158,0.5855622367561947,0.5502622388104067,71.71717171717171,38.95057297781158,0.5677972992190643,0.5502622388104067,71.71717171717171
38.996017554312076,0.5857679913212132,0.5839183540769661,73.73737373737373,38.996017554312076,0.5907585153966866,0.5839183540769661,73.73737373737373,39.15777323186198,0.5918434201604216,0.5639924474902839,73.73737373737373,39.15777323186198,0.5709670002175291,0.5639924474902839,73.73737373737373
40.54850053957585,0.5901603748969744,0.5819027908910781,73.73737373737373,40.54850053957585,0.595924387993493,0.5819027908910781,73.73737373737373,40.36620154800822,0.5960508761860908,0.5628896362904754,72.72727272727273,40.36620154800822,0.5763431071682258,0.5628896362904754,72.72727272727273
40.042325826821546,0.598299454537436,0.5986726768999078,75.75757575757575,40.042325826821546,0.6030605227070647,0.5986726768999078,75.75757575757575,40.05067077550103,0.6040041617769498,0.5800667270249822,75.75757575757575,40.05067077550103,0.5840323305031228,0.5800667270249822,75.75757575757575
38.336679636286085,0.5754173534584642,0.5668278318409439,71.71717171717171,38.336679636286085,0.5813543432317092,0.5668278318409439,71.71717171717171,38.22325356378131,0.5814062292439495,0.5506343229842623,71.71717171717171,38.22325356378131,0.5628165322461031,0.5506343229842623,71.71717171717171
40.13458161376939,0.5833396270411435,0.5783780578025668,72.72727272727273,40.13458161376939,0.5879813657305752,0.5783780578025668,72.72727272727273,40.22987519301962,0.5893776609842705,0.5595993642186396,72.72727272727273,40.22987519301962,0.5685628046968471,0.5595993642186396,72.72727272727273
39.657759016964135,0.5926372636785107,0.5979391371275018,72.72727272727273,39.657759016964135,0.5973903875460767,0.5979391371275018,72.72727272727273,39.9985221661433,0.5986815271332158,0.5782314900342046,72.72727272727273,39.9985221661433,0.5778338718567824,0.5782314900342046,72.72727272727273
39.51791509092929,0.5929795646286037,0.5982220360534026,73.73737373737373,39.51791509092929,0.5953787921051934,0.5982220360534026,73.73737373737373,39.38013498764881,0.598805186901795,0.5809070570226718,73.73737373737373,39.38013498764881,0.5766321180983995,0.5809070570226718,73.73737373737373
39.24079915849189,0.5814527333845447,0.5741493033597747,74.74747474747475,39.24079915849189,0.5869556682374069,0.5741493033597747,74.74747474747475,39.27521564963335,0.5874602789757397,0.5540963164969693,74.74747474747475,39.27521564963335,0.566915606172344,0.5540963164969693,74.74747474747475
41.53247734463106,0.5991389243326706,0.6081949171624503,71.71717171717171,41.53247734463106,0.6021346723003,0.6081949171624503,71.71717171717171,41.38935223329874,0.6053708377930429,0.5854731209625277,71.71717171717171,41.38935223329874,0.581628526115952,0.5854731209625277,71.71717171717171
39.2701521711736,0.6001712665770069,0.6076141252532796,74.74747474747475,39.2701521711736,0.6042079700406907,0.6076141252532796,74.74747474747475,39.83492191910697,0.6062710448139548,0.5868157937758507,74.74747474747475,39.83492191910697,0.5843301201696591,0.5868157937758507,74.74747474747475
39.05202342914732,0.5961620858406151,0.5966022680813734,72.72727272727273,39.05202342914732,0.6008178282251659,0.5966022680813734,72.72727272727273,38.9700872729021,0.602010330616292,0.578455159267107,71.71717171717171,38.9700872729021,0.5820039552916598,0.578455159267107,71.71717171717171
42.28988452778586,0.5916374097611077,0.591068217201316,73.73737373737373,42.28988452778586,0.5964577898590591,0.591068217201316,73.73737373737373,42.352115245545896,0.5974598809423359,0.5740116669298491,73.73737373737373,42.352115245545896,0.5777704787827158,0.5740116669298491,73.73737373737373
38.546236921108246,0.5844942091439511,0.582833185238218,72.72727272727273,38.546236921108246,0.5901203599670874,0.582833185238218,72.72727272727273,38.57057502945814,0.5902532696077092,0.5644983356144353,72.72727272727273,38.57057502945814,0.5711197723478267,0.5644983356144353,72.72727272727273
39.88863726595615,0.5964467808177427,0.6012778923857909,73.73737373737373,39.88863726595615,0.5979288498629827,0.6012778923857909,73.73737373737373,39.73036924236646,0.6022796381577881,0.5831104713121019,72.72727272727273,39.73036924236646,0.5790634408654038,0.5831104713121019,72.72727272727273
40.06668953653148,0.5913363062675925,0.5927659457556202,71.71717171717171,40.06668953653148,0.5941724683464817,0.5927659457556202,71.71717171717171,40.08704705587295,0.5970892865815894,0.5731956549743713,71.71717171717171,40.08704705587295,0.574843231838688,0.5731956549743713,71.71717171717171
38.738439882924325,0.6057329224493466,0.619493859666358,71.71717171717171,38.738439882924325,0.6065922702303593,0.619493859666358,71.71717171717171,39.13008962195984,0.6123768057947866,0.5982358629847678,70.70707070707071,39.13008962195984,0.5863743402387627,0.5982358629847678,70.70707070707071
39.259179591212856,0.5774634426987526,0.5672382126981717,72.72727272727273,39.259179591212856,0.5832642801492829,0.5672382126981717,72.72727272727273,39.31759368758052,0.5829308777101777,0.5493353223280243,72.72727272727273,39.31759368758052,0.5644795488770176,0.5493353223280243,72.72727272727273
39.54408711516738,0.6033848629631502,0.6149704639890545,72.72727272727273,39.54408711516738,0.6056776139422178,0.6149704639890545,72.72727272727273,39.94181724558105,0.6095905235192796,0.5948583434891632,72.72727272727273,39.94181724558105,0.5861104406346995,0.5948583434891632,72.72727272727273
39.33242883067466,0.5740035198838239,0.5624730027545026,72.72727272727273,39.33242883067466,0.5807196509812959,0.5624730027545026,72.72727272727273,39.26793211768833,0.5796625948278677,0.5441053661222071,72.72727272727273,39.26793211768833,0.5614641256453436,0.5441053661222071,72.72727272727273
41.71546560315551,0.5985832321433804,0.6036902645483245,72.72727272727273,41.71546560315551,0.6037804834329029,0.6036902645483245,72.72727272727273,41.7769853774739,0.6044658556652398,0.5853303445770499,72.72727272727273,41.7769853774739,0.5846217169021777,0.5853303445770499,72.72727272727273
40.53365569346862,0.5965378421834433,0.6076767076782976,73.73737373737373,40.53365569346862,0.5995977652021248,0.6076767076782976,73.73737373737373,40.38162888816175,0.6026316882763976,0.5893335460515229,73.73737373737373,40.38162888816175,0.580487642406474,0.5893335460515229,73.73737373737373
40.48016697883043,0.584433607555505,0.5803810392260829,72.72727272727273,40.48016697883043,0.5906723089426639,0.5803810392260829,72.72727272727273,40.37228786156446,0.5903167938977356,0.5600196742904333,72.72727272727273,40.37228786156446,0.5707062257489204,0.5600196742904333,72.72727272727273
39.77576556276829,0.5857834034761815,0.584395169479448,73.73737373737373,39.77576556276829,0.5906754267190636,0.584395169479448,73.73737373737373,39.669507959490204,0.5918471178704067,0.565234304712378,73.73737373737373,39.669507959490204,0.5712367475424693,0.565234304712378,73.73737373737373
39.39983643665204,0.5892567957100983,0.5919505574550983,71.71717171717171,39.39983643665204,0.5918602114767757,0.5919505574550983,71.71717171717171,39.29445046087805,0.5953124759939428,0.5744641729467859,71.71717171717171,39.29445046087805,0.5728410485465356,0.5744641729467859,71.71717171717171
38.882742683695625,0.5925287437785147,0.5945308737571033,72.72727272727273,38.882742683695625,0.5971815197118675,0.5945308737571033,72.72727272727273,38.778562708234034,0.5986731419749138,0.575722001085057,72.72727272727273,38.778562708234034,0.5776467599373849,0.575722001085057,72.72727272727273
41.02234434251486,0.5821905653221391,0.5797020666927948,72.72727272727273,41.02234434251486,0.5869217270447542,0.5797020666927948,72.72727272727273,40.995244399842726,0.5881364321160512,0.5602906950068185,73.73737373737373,40.995244399842726,0.5672314683915328,0.5602906950068185,73.73737373737373
40.2281717208414,0.5843753079977205,0.5766861015842694,74.74747474747475,40.2281717208414,0.5905714994342404,0.5766861015842694,74.74747474747475,40.26496800392433,0.5899527690773784,0.5559676126177198,74.74747474747475,40.26496800392433,0.570725117592204,0.5559676126177198,74.74747474747475
38.400761113610095,0.5809293192632591,0.5709220408290199,70.70707070707071,38.400761113610095,0.5868552870769831,0.5709220408290199,70.70707070707071,39.070902042025445,0.5866989634037096,0.5512530300678311,70.70707070707071,39.070902042025445,0.5671781948405289,0.5512530300678311,70.70707070707071
39.4456870821712,0.5923105153614454,0.6001831341583928,73.73737373737373,39.4456870821712,0.5968054431256126,0.6001831341583928,73.73737373737373,39.84268027182891,0.5983781252477969,0.5798939187391092,74.74747474747475,39.84268027182891,0.5771614936392799,0.5798939187391092,74.74747474747475
40.45479920908275,0.5962181321321363,0.6024328623400417,73.73737373737373,40.45479920908275,0.5999955562184613,0.6024328623400417,73.73737373737373,40.62005383973095,0.602339798652499,0.5817751356605669,73.73737373737373,40.62005383973095,0.57989219685078,0.5817751356605669,73.73737373737373
39.32154781160754,0.5761763117507801,0.5653812260181066,73.73737373737373,39.32154781160754,0.5807151268511981,0.5653812260181066,73.73737373737373,39.71760902300615,0.58177162636441,0.5463329878088111,72.72727272727273,39.71760902300615,0.5614051901677406,0.5463329878088111,72.72727272727273
40.74283728583773,0.598504947912643,0.601713481511698,73.73737373737373,40.74283728583773,0.601957679970814,0.601713481511698,73.73737373737373,41.149416569120476,0.6042787454498658,0.5828350473192525,73.73737373737373,41.149416569120476,0.5827276626617955,0.5828350473192525,73.73737373737373
39.00232517235922,0.57696008314108,0.5730537862651641,71.71717171717171,39.00232517235922,0.5829769900413418,0.5730537862651641,71.71717171717171,39.20095180206997,0.5829434269054912,0.5545330219084521,70.70707070707071,39.20095180206997,0.5636282823040468,0.5545330219084521,70.70707070707071
40.23651170928132,0.5819693861186239,0.5755243215264172,73.73737373737373,40.23651170928132,0.5865885469941737,0.5755243215264172,73.73737373737373,40.36279231383555,0.5875959192261844,0.5575742961838007,73.73737373737373,40.36279231383555,0.5677820220751062,0.5575742961838007,73.73737373737373
39.16610675528119,0.5996061211626026,0.6062508187488052,72.72727272727273,39.16610675528119,0.6025980984562171,0.6062508187488052,72.72727272727273,39.113339972549134,0.6053973034980867,0.5862708582163941,72.72727272727273,39.113339972549134,0.5832012736348144,0.5862708582163941,72.72727272727273
40.048991125919066,0.5849455901210021,0.5818382153089056,73.73737373737373,40.048991125919066,0.5892192030229333,0.5818382153089056,73.73737373737373,39.890243036415384,0.5907282846386788,0.5622444796211599,73.73737373737373,39.890243036415384,0.569686186131178,0.5622444796211599,73.73737373737373
38.838493344781554,0.5959626583501056,0.600261553109203,71.71717171717171,38.838493344781554,0.5986678519887294,0.600261553109203,71.71717171717171,38.88121016850441,0.6017857057420127,0.5788182145621492,71.71717171717171,38.88121016850441,0.5787875349657621,0.5788182145621492,71.71717171717171
40.09224470608556,0.5907483304652537,0.5910503810075585,72.72727272727273,40.09224470608556,0.5951504928429021,0.5910503810075585,72.72727272727273,40.113048883273535,0.59691242746045,0.5711048504995246,72.72727272727273,40.113048883273535,0.5750989988329888,0.5711048504995246,72.72727272727273
40.35026023129258,0.6046581781282696,0.6103241373451839,72.72727272727273,40.35026023129258,0.6060268299403127,0.6103241373451839,72.72727272727273,40.21024592570751,0.6105732499779721,0.5919924302011326,73.73737373737373,40.21024592570751,0.5869442492403456,0.5919924302011326,73.73737373737373
39.680105031169724,0.5973474498502037,0.5971703788588651,72.72727272727273,39.680105031169724,0.6016993830637977,0.5971703788588651,72.72727272727273,40.754410213711346,0.6033514187086576,0.5761635840556729,72.72727272727273,40.754410213711346,0.5816432677425027,0.5761635840556729,72.72727272727273
39.794833339694776,0.5759812828709279,0.5607563396723474,72.72727272727273,39.794833339694776,0.5832081546817289,0.5607563396723474,72.72727272727273,40.3884913917425,0.5819204588075154,0.5399949220721328,71.71717171717171,40.3884913917425,0.5628431618856437,0.5399949220721328,71.71717171717171
39.31021607158811,0.585120140693293,0.5795661470647384,73.73737373737373,39.31021607158811,0.590268848188741,0.5795661470647384,73.73737373737373,39.34631183415195,0.591012037284098,0.5581663079770092,73.73737373737373,39.34631183415195,0.5699394524714401,0.5581663079770092,73.73737373737373
39.1930260516963,0.5866156024964486,0.5788672443619978,75.75757575757575,39.1930260516963,0.59163529238352,0.5788672443619978,75.75757575757575,39.06347963366959,0.5923455187296878,0.5590915513607313,75.75757575757575,39.06347963366959,0.5719122142558994,0.5590915513607313,75.75757575757575
38.81490229459674,0.5806407537822521,0.56152211458833,72.72727272727273,38.81490229459674,0.5885324608203559,0.56152211458833,72.72727272727273,38.710881146655375,0.5866711882400947,0.5411026295528796,73.73737373737373,38.710881146655375,0.5682569440734978,0.5411026295528796,73.73737373737373
39.089613627367555,0.6060422065163038,0.6120883445145178,73.73737373737373,39.089613627367555,0.6064752209778326,0.6120883445145178,73.73737373737373,39.06936813383158,0.6121084420798428,0.5946573215669257,72.72727272727273,39.06936813383158,0.5878218242049589,0.5946573215669257,72.72727272727273
40.91292183127102,0.5875199106799108,0.5826060526604904,72.72727272727273,40.91292183127102,0.5912873546314779,0.5826060526604904,72.72727272727273,40.80405413054393,0.5933864934385868,0.5643355756313193,72.72727272727273,40.80405413054393,0.5722093578465942,0.5643355756313193,72.72727272727273
39.29775756509011,0.5801129407246141,0.5717699118174757,74.74747474747475,39.29775756509011,0.5862327387114996,0.5717699118174757,74.74747474747475,39.37106878881615,0.5861396278855463,0.551833421777439,73.73737373737373,39.37106878881615,0.5659250149042161,0.551833421777439,73.73737373737373
40.09696158604852,0.5814082890196681,0.5754390660809842,71.71717171717171,40.09696158604852,0.5851228696264839,0.5754390660809842,71.71717171717171,40.71714639106676,0.5871156984614974,0.5572110248098883,71.71717171717171,40.71714639106676,0.5663141380281939,0.5572110248098883,71.71717171717171
39.045954536574214,0.5858727846991747,0.5847656519831235,71.71717171717171,39.045954536574214,0.5907891565889114,0.5847656519831235,71.71717171717171,38.91675452706065,0.5916666382879678,0.5677444499049888,71.71717171717171,38.91675452706065,0.5719863295000678,0.5677444499049888,71.71717171717171
39.82170273084691,0.5851278219919076,0.5777574241744625,73.73737373737373,39.82170273084691,0.5918563951226652,0.5777574241744625,73.73737373737373,39.98092036089531,0.590814513639465,0.5586910238306875,73.73737373737373,39.98092036089531,0.5724310112405427,0.5586910238306875,73.73737373737373
39.510930873123165,0.570478834631504,0.5600495520556146,73.73737373737373,39.510930873123165,0.576759718254855,0.5600495520556146,73.73737373737373,39.52491006791633,0.5763481469955634,0.5414691424190993,74.74747474747475,39.52491006791633,0.5572341425751092,0.5414691424190993,74.74747474747475
38.53205788241566,0.5962315488286003,0.5986697625915348,71.71717171717171,38.53205788241566,0.6007279258364031,0.5986697625915348,71.71717171717171,38.88596788542811,0.6021508030697582,0.5795749468686509,72.72727272727273,38.88596788542811,0.5813268055814464,0.5795749468686509,72.72727272727273
40.01075350633974,0.5883617027212303,0.5817124350111249,72.72727272727273,40.01075350633974,0.5929810236201494,0.5817124350111249,72.72727272727273,39.97799328339289,0.5939091771138827,0.5618718467510092,72.72727272727273,39.97799328339289,0.5736518899285327,0.5618718467510092,72.72727272727273
39.14116375329629,0.5951119388483648,0.5903906571860363,72.72727272727273,39.14116375329629,0.5999829366873782,0.5903906571860363,72.72727272727273,39.24437490786823,0.6009669076064361,0.569345106562672,72.72727272727273,39.24437490786823,0.5799150110750702,0.569345106562672,72.72727272727273
38.26241913855317,0.5996249512850012,0.6088676355335657,73.73737373737373,38.26241913855317,0.6031869673966652,0.6088676355335657,73.73737373737373,38.74942195172952,0.6057363141376078,0.5896215528389264,74.74747474747475,38.74942195172952,0.5836656245462934,0.5896215528389264,74.74747474747475
38.43512011114256,0.5850662106719366,0.5792886670231351,74.74747474747475,38.43512011114256,0.5907379035053528,0.5792886670231351,74.74747474747475,38.30737258993857,0.5908319448275136,0.5595619211660507,74.74747474747475,38.30737258993857,0.5711531341173575,0.5595619211660507,74.74747474747475
38.221114904091,0.5847562929467902,0.5800149608403031,73.73737373737373,38.221114904091,0.5903096840685358,0.5800149608403031,73.73737373737373,38.08688723927979,0.5904848020106426,0.5623139802225889,73.73737373737373,38.08688723927979,0.5710789840611752,0.5623139802225889,73.73737373737373
38.953998277150816,0.5785966152376621,0.5726866937967262,73.73737373737373,38.953998277150816,0.5857467558792108,0.5726866937967262,73.73737373737373,39.44597374132417,0.5842063920527953,0.5545341105482848,73.73737373737373,39.44597374132417,0.5669340956335932,0.5545341105482848,73.73737373737373
39.35421302026848,0.5858067095058317,0.5846902307352626,71.71717171717171,39.35421302026848,0.5902367205522729,0.5846902307352626,71.71717171717171,39.237460689023706,0.5917957881758633,0.5661930405429667,71.71717171717171,39.237460689023706,0.5711232112043169,0.5661930405429667,71.71717171717171
38.45768698816676,0.5783284283289509,0.5715845275678301,73.73737373737373,38.45768698816676,0.5846648333300809,0.5715845275678301,73.73737373737373,39.33919372213964,0.584180419117527,0.552892620800749,73.73737373737373,39.33919372213964,0.5654339698074307,0.552892620800749,73.73737373737373
38.91459225146914,0.5879985197968443,0.5877036387230121,72.72727272727273,38.91459225146914,0.591198649897819,0.5877036387230121,72.72727272727273,38.73812227186127,0.5936417775226948,0.5685083607963093,72.72727272727273,38.73812227186127,0.5719098143362858,0.5685083607963093,72.72727272727273
40.389321218552965,0.5952811303174066,0.596739181732941,72.72727272727273,40.389321218552965,0.5998514279611438,0.596739181732941,72.72727272727273,41.188962275885046,0.601265464027112,0.5762877489175937,72.72727272727273,41.188962275885046,0.5799858054388627,0.5762877489175937,72.72727272727273
39.850178272444815,0.6014801533021494,0.6067391787993006,74.74747474747475,39.850178272444815,0.6056818653234908,0.6067391787993006,74.74747474747475,40.02459804547498,0.6073219092347155,0.5885893591008571,74.74747474747475,40.02459804547498,0.5868135628200702,0.5885893591008571,74.74747474747475
40.05871000976975,0.5982031662897673,0.6075408464060539,74.74747474747475,40.05871000976975,0.6028989090397832,0.6075408464060539,74.74747474747475,39.951799237201115,0.6042676053840637,0.5874952799163503,74.74747474747475,39.951799237201115,0.5833182248457602,0.5874952799163503,74.74747474747475
39.61568597874937,0.6072742468720127,0.6146839738380121,73.73737373737373,39.61568597874937,0.6104936748352751,0.6146839738380121,73.73737373737373,39.80826518092695,0.6135842246544223,0.5943903466447542,73.73737373737373,39.80826518092695,0.5907361189840259,0.5943903466447542,73.73737373737373
38.81075396304152,0.5849538755089445,0.5841640387965908,71.71717171717171,38.81075396304152,0.5904032439724929,0.5841640387965908,71.71717171717171,39.36554528419518,0.5906650071430878,0.5657419109214075,71.71717171717171,39.36554528419518,0.5713701266005817,0.5657419109214075,71.71717171717171
40.179513884737226,0.5957408854283914,0.6017031079013619,75.75757575757575,40.179513884737226,0.5990492486297914,0.6017031079013619,75.75757575757575,39.998516216266154,0.6016334567774653,0.5818739187258222,74.74747474747475,39.998516216266154,0.5796520262614913,0.5818739187258222,74.74747474747475
40.66183950653159,0.5906703035814712,0.5844605514292536,73.73737373737373,40.66183950653159,0.5945272899061114,0.5844605514292536,73.73737373737373,40.72204005258162,0.5961687265800886,0.5666690541221892,73.73737373737373,40.72204005258162,0.575746254733809,0.5666690541221892,73.73737373737373
39.75260917602959,0.5884105733384337,0.5880585867430772,71.71717171717171,39.75260917602959,0.5928528398345679,0.5880585867430772,71.71717171717171,39.77284286071501,0.5941209438636359,0.5701074765801557,71.71717171717171,39.77284286071501,0.5738762690491428,0.5701074765801557,71.71717171717171
39.62904589475597,0.5897476530525003,0.5867672908121055,74.74747474747475,39.62904589475597,0.5944065754377058,0.5867672908121055,74.74747474747475,40.19298831202474,0.5955324560398767,0.5680376403902667,75.75757575757575,40.19298831202474,0.5752772072147341,0.5680376403902667,75.75757575757575
38.259175864789455,0.5836072855771998,0.5807752616707142,74.74747474747475,38.259175864789455,0.5895901702162358,0.5807752616707142,74.74747474747475,38.49319101284002,0.5895916264034365,0.5629509837850617,72.72727272727273,38.49319101284002,0.5705629724610051,0.5629509837850617,72.72727272727273
40.738187546801406,0.5945345236255279,0.5974878091020276,73.73737373737373,40.738187546801406,0.5980760114326573,0.5974878091020276,73.73737373737373,40.62971830933755,0.6006549672198088,0.5775374653787363,73.73737373737373,40.62971830933755,0.5783896046907008,0.5775374653787363,73.73737373737373
40.63807926081224,0.5826187623735719,0.5830846764960768,75.75757575757575,40.63807926081224,0.5871576333471229,0.5830846764960768,75.75757575757575,40.49730081820101,0.5885743102205852,0.5637843393749409,75.75757575757575,40.49730081820101,0.5676808107937673,0.5637843393749409,75.75757575757575
39.76283349400812,0.5788509801856523,0.5692177949875976,73.73737373737373,39.76283349400812,0.5830077859714977,0.5692177949875976,73.73737373737373,39.63195717023857,0.5844657662511274,0.5510002666436871,73.73737373737373,39.63195717023857,0.5640310723551198,0.5510002666436871,73.73737373737373
41.723924881366614,0.599684081842555,0.6047112712434293,73.73737373737373,41.723924881366614,0.6042105732028709,0.6047112712434293,73.73737373737373,41.96969821962979,0.6057097206038231,0.5839804197732394,72.72727272727273,41.96969821962979,0.5842610296778354,0.5839804197732394,72.72727272727273
38.95901637781485,0.5892910269606761,0.584426982651411,70.70707070707071,38.95901637781485,0.5939932712451854,0.584426982651411,70.70707070707071,39.079268791119425,0.595170488669811,0.5647761472430338,70.70707070707071,39.079268791119425,0.5744291618254662,0.5647761472430338,70.70707070707071
40.10265986020137,0.5783224320360663,0.5644464582919033,72.72727272727273,40.10265986020137,0.5833012861882235,0.5644464582919033,72.72727272727273,40.504543013480784,0.5838490560166565,0.544734334908451,72.72727272727273,40.504543013480784,0.563726826811825,0.544734334908451,72.72727272727273
39.82820147805203,0.5919541199687436,0.5937066778102157,73.73737373737373,39.82820147805203,0.5947825559523288,0.5937066778102157,73.73737373737373,39.91252323128156,0.597861819553999,0.5749947858864176,73.73737373737373,39.91252323128156,0.5751155876366478,0.5749947858864176,73.73737373737373
39.39581508040501,0.5975713851057819,0.5984553202392358,71.71717171717171,39.39581508040501,0.6024390074064814,0.5984553202392358,71.71717171717171,39.306705819516665,0.6033715328255362,0.5792681171052274,71.71717171717171,39.306705819516665,0.5831353945411533,0.5792681171052274,71.71717171717171
39.80526424306954,0.5843310950359024,0.5864992221339911,73.73737373737373,39.80526424306954,0.5897071992005192,0.5864992221339911,73.73737373737373,40.204942655922736,0.5905731140158375,0.5692553903991311,73.73737373737373,40.204942655922736,0.570629751243625,0.5692553903991311,73.73737373737373
40.81561656103039,0.5873158707853794,0.5839804221666993,71.71717171717171,40.81561656103039,0.5945016689581883,0.5839804221666993,71.71717171717171,40.69564199380358,0.5930936156341097,0.5656361776190015,71.71717171717171,40.69564199380358,0.5752885791751923,0.5656361776190015,71.71717171717171
40.36712863504874,0.575627196707136,0.5627485974603776,74.74747474747475,40.36712863504874,0.5805380075430089,0.5627485974603776,74.74747474747475,40.248324479351496,0.5814690222971526,0.5427517665584272,74.74747474747475,40.248324479351496,0.5607336201125502,0.5427517665584272,74.74747474747475
41.18560104722917,0.5824210936282288,0.5728079646910139,72.72727272727273,41.18560104722917,0.5869190911931255,0.5728079646910139,72.72727272727273,41.04338102309113,0.588429226538145,0.5533027385810274,71.71717171717171,41.04338102309113,0.5669458841172355,0.5533027385810274,71.71717171717171
41.24090655436446,0.5889643010513321,0.5913488232710442,74.74747474747475,41.24090655436446,0.5925583587694981,0.5913488232710442,74.74747474747475,41.04336064885751,0.5949090096104517,0.5716707539862347,74.74747474747475,41.04336064885751,0.5730514559090079,0.5716707539862347,74.74747474747475
38.86610889472715,0.5831265664348175,0.5793292962533019,72.72727272727273,38.86610889472715,0.5890854800919227,0.5793292962533019,72.72727272727273,38.762294111441086,0.5891276330546295,0.5598263107114997,72.72727272727273,38.762294111441086,0.5692195932672901,0.5598263107114997,72.72727272727273
38.83875459208068,0.5901195090286939,0.5835221801630917,74.74747474747475,38.83875459208068,0.5946710432717752,0.5835221801630917,74.74747474747475,38.891438875547145,0.5957405092131594,0.5629355770152624,74.74747474747475,38.891438875547145,0.5747397640665441,0.5629355770152624,74.74747474747475
40.07698127528152,0.5833387404598218,0.5767212568758788,74.74747474747475,40.07698127528152,0.5896888784425047,0.5767212568758788,74.74747474747475,39.970028408751965,0.589531493519317,0.5558816734946458,74.74747474747475,39.970028408751965,0.569321745384731,0.5558816734946458,74.74747474747475
39.89755675102453,0.5986405099417129,0.6075580591549095,75.75757575757575,39.89755675102453,0.6005243278824524,0.6075580591549095,75.75757575757575,39.779984847933015,0.6048324848454154,0.5882037295808302,74.74747474747475,39.779984847933015,0.5811346393847336,0.5882037295808302,74.74747474747475
40.34884265077929,0.5937208766446898,0.5954442722867905,72.72727272727273,40.34884265077929,0.5984690178342925,0.5954442722867905,72.72727272727273,40.511073636192954,0.5995375937622105,0.5762184087317919,72.72727272727273,40.511073636192954,0.5791369739725385,0.5762184087317919,72.72727272727273
40.23912683044518,0.5927271718471241,0.5942066303499067,73.73737373737373,40.23912683044518,0.5977410948072901,0.5942066303499067,73.73737373737373,40.36219561481135,0.5986326968534647,0.5743754035769882,73.73737373737373,40.36219561481135,0.5780006085409809,0.5743754035769882,73.73737373737373
39.64981223927854,0.601074252351507,0.6144572231739555,72.72727272727273,39.64981223927854,0.6036450379525876,0.6144572231739555,72.72727272727273,39.670005231768634,0.6074370662826118,0.5947319373259661,72.72727272727273,39.670005231768634,0.5841628366854976,0.5947319373259661,72.72727272727273
38.934028947322744,0.5926085978981941,0.5895664444451019,74.74747474747475,38.934028947322744,0.5985746066946205,0.5895664444451019,74.74747474747475,38.99202404511366,0.5984515051812374,0.5690616574307372,74.74747474747475,38.99202404511366,0.5786159455996509,0.5690616574307372,74.74747474747475
40.9294044219179,0.587809419765859,0.5873570890249841,71.71717171717171,40.9294044219179,0.5941267448988334,0.5873570890249841,71.71717171717171,40.76804927500537,0.5936902126886607,0.567997206086974,72.72727272727273,40.76804927500537,0.5744560280847248,0.567997206086974,72.72727272727273
39.983104708241136,0.6091346204814967,0.6214302651278829,73.73737373737373,39.983104708241136,0.6116904594983479,0.6214302651278829,73.73737373737373,39.865307791453766,0.6153640983324334,0.6030041244740519,73.73737373737373,39.865307791453766,0.5923301848415827,0.6030041244740519,73.73737373737373
38.61319707008788,0.5852765636712731,0.5843090868994814,72.72727272727273,38.61319707008788,0.5893137418138796,0.5843090868994814,72.72727272727273,38.47788621361148,0.5910640881222904,0.566274377810116,71.71717171717171,38.47788621361148,0.5704556378019828,0.566274377810116,71.71717171717171
39.56185285352878,0.5776670792294013,0.5681163600255466,70.70707070707071,39.56185285352878,0.5852392753049795,0.5681163600255466,70.70707070707071,40.03769097069247,0.5832645549385248,0.5503893677299492,70.70707070707071,40.03769097069247,0.5665486334240607,0.5503893677299492,70.70707070707071
40.41452934943129,0.5815505527255888,0.5717167120721472,72.72727272727273,40.41452934943129,0.5878293344551827,0.5717167120721472,72.72727272727273,40.21995733919197,0.5875877141223488,0.5512643902135373,72.72727272727273,40.21995733919197,0.5675433392462206,0.5512643902135373,72.72727272727273
40.53996899108654,0.5944662571724977,0.5967349129104396,71.71717171717171,40.53996899108654,0.5992392390185239,0.5967349129104396,71.71717171717171,40.431952916745416,0.6004284792004477,0.5764586886193825,71.71717171717171,40.431952916745416,0.5795523908278306,0.5764586886193825,71.71717171717171
40.16113627243061,0.5942007865432472,0.5917675329194008,70.70707070707071,40.16113627243061,0.5985055925275437,0.5917675329194008,70.70707070707071,40.042871825643786,0.5999528018653622,0.573812471121468,70.70707070707071,40.042871825643786,0.5796259890565804,0.573812471121468,70.70707070707071
39.539197078401756,0.5881230422259094,0.5834972311979449,73.73737373737373,39.539197078401756,0.5922528380994744,0.5834972311979449,73.73737373737373,40.26876423985254,0.593905199852585,0.566211055900463,74.74747474747475,40.26876423985254,0.5734703843874558,0.566211055900463,74.74747474747475
39.845845249943544,0.5920610621963771,0.5933820905178065,71.71717171717171,39.845845249943544,0.5964542966063697,0.5933820905178065,71.71717171717171,40.245825371575975,0.597776221057543,0.5736573063506039,71.71717171717171,40.245825371575975,0.5771291748202498,0.5736573063506039,71.71717171717171
39.587001871958584,0.5852365789252041,0.5805734019354443,72.72727272727273,39.587001871958584,0.5898635988634504,0.5805734019354443,72.72727272727273,39.429641224074,0.5910740343591081,0.5622365899967743,72.72727272727273,39.429641224074,0.5705649831958495,0.5622365899967743,72.72727272727273
38.88080696512517,0.5933792625525243,0.5936516028291607,73.73737373737373,38.88080696512517,0.5975271547065424,0.5936516028291607,73.73737373737373,38.93873330551661,0.5993156213767987,0.573253340211076,73.73737373737373,38.93873330551661,0.5774681497217653,0.573253340211076,73.73737373737373
39.83504330067375,0.5833795479872729,0.5751599077803599,72.72727272727273,39.83504330067375,0.5883322554167734,0.5751599077803599,72.72727272727273,39.72864865241637,0.5890793520312347,0.5580926242187524,72.72727272727273,39.72864865241637,0.5698002586845257,0.5580926242187524,72.72727272727273
38.99229067016432,0.5884903514903972,0.5845613140762496,71.71717171717171,38.99229067016432,0.5942712936064967,0.5845613140762496,71.71717171717171,39.124461968218085,0.5942424145463716,0.5644967192680199,70.70707070707071,39.124461968218085,0.5745290916992039,0.5644967192680199,70.70707070707071
40.33103280152483,0.5801949176899676,0.5733707156638785,73.73737373737373,40.33103280152483,0.5849527631859075,0.5733707156638785,73.73737373737373,40.24692555564151,0.5861653551434376,0.5546076973729981,73.73737373737373,40.24692555564151,0.5654621091620338,0.5546076973729981,73.73737373737373
38.84612623546829,0.5833198574582817,0.5781207726778721,73.73737373737373,38.84612623546829,0.5894570102424384,0.5781207726778721,73.73737373737373,38.65733985652553,0.5893342578833696,0.5588008056421914,73.73737373737373,38.65733985652553,0.5695681289016274,0.5588008056421914,73.73737373737373
39.2488439079845,0.5901411740681879,0.5932962480147588,73.73737373737373,39.2488439079845,0.5938191947695803,0.5932962480147588,73.73737373737373,39.082780110434676,0.5961694306366278,0.5740115883197334,73.73737373737373,39.082780110434676,0.5741818578136764,0.5740115883197334,73.73737373737373
40.60191936877862,0.572593402729773,0.5621679204143921,73.73737373737373,40.60191936877862,0.5782989167058659,0.5621679204143921,73.73737373737373,40.41943271463096,0.5786744455552473,0.5426954743954804,72.72727272727273,40.41943271463096,0.5583012895093802,0.5426954743954804,72.72727272727273
38.506123425962755,0.5828091207155932,0.5831401015388431,71.71717171717171,38.506123425962755,0.5884971527387981,0.5831401015388431,71.71717171717171,38.52585834171354,0.5890173881194478,0.5649181453866485,71.71717171717171,38.52585834171354,0.5692574287392445,0.5649181453866485,71.71717171717171
39.78291698472825,0.5941657810326463,0.5956583515726219,72.72727272727273,39.78291698472825,0.6002150762997311,0.5956583515726219,72.72727272727273,39.69084521250077,0.6000849092550822,0.5785996865051675,72.72727272727273,39.69084521250077,0.5816658729218637,0.5785996865051675,72.72727272727273
39.697909122086884,0.5994415247613425,0.6092222791450401,72.72727272727273,39.697909122086884,0.6025425898968686,0.6092222791450401,72.72727272727273,40.09678806777468,0.6057356269916764,0.5898772464366724,72.72727272727273,40.09678806777468,0.5830172380688259,0.5898772464366724,72.72727272727273
38.46338866868402,0.5988811578539333,0.600542482635188,71.71717171717171,38.46338866868402,0.6015743297788212,0.600542482635188,71.71717171717171,38.634299715689245,0.6049627128776673,0.5815198398193904,71.71717171717171,38.634299715689245,0.5820818502571348,0.5815198398193904,71.71717171717171
39.83763685621117,0.5947261112997291,0.5975527237761574,70.70707070707071,39.83763685621117,0.5979780052383803,0.5975527237761574,70.70707070707071,39.64517151899408,0.6006030604286619,0.5782462755587765,70.70707070707071,39.64517151899408,0.5787411986618625,0.5782462755587765,70.70707070707071
39.5688316933257,0.58983215508775,0.5935908583168723,73.73737373737373,39.5688316933257,0.5935112766289958,0.5935908583168723,73.73737373737373,39.79530540395447,0.5959361072187297,0.5747585982982286,73.73737373737373,39.79530540395447,0.5741073887566566,0.5747585982982286,73.73737373737373
40.56792466233432,0.5807159198010605,0.5712767267566888,71.71717171717171,40.56792466233432,0.5851998637408926,0.5712767267566888,71.71717171717171,40.459844602587026,0.586849381016309,0.5543901373714841,71.71717171717171,40.459844602587026,0.5661847561485371,0.5543901373714841,71.71717171717171
38.41489269466473,0.5837392880408698,0.5811787015085255,72.72727272727273,38.41489269466473,0.5893506703729107,0.5811787015085255,72.72727272727273,38.28230274756279,0.5895996533969917,0.5602737094413125,71.71717171717171,38.28230274756279,0.5693112423554327,0.5602737094413125,71.71717171717171
39.880641394996665,0.5883681599514818,0.5872899651141468,71.71717171717171,39.880641394996665,0.5917454377728302,0.5872899651141468,71.71717171717171,40.39506047870351,0.5944130222755648,0.5670902525392487,71.71717171717171,40.39506047870351,0.5720061471953635,0.5670902525392487,71.71717171717171
38.37998748062923,0.586501996366748,0.580194951006495,72.72727272727273,38.37998748062923,0.5911131991070899,0.580194951006495,72.72727272727273,38.27698787952008,0.5921718275140355,0.5610898883066553,72.72727272727273,38.27698787952008,0.5717989777430665,0.5610898883066553,72.72727272727273
39.22771381191175,0.583689445169157,0.5779857711905141,73.73737373737373,39.22771381191175,0.5886075403974675,0.5779857711905141,73.73737373737373,39.07144134394747,0.5893198846620704,0.5599046144707196,72.72727272727273,39.07144134394747,0.5697510470005818,0.5599046144707196,72.72727272727273
38.32716309090124,0.5726970762329611,0.5565728320597879,72.72727272727273,38.32716309090124,0.5805461751050538,0.5565728320597879,72.72727272727273,39.08340084724939,0.5782153104492007,0.5372889659385015,72.72727272727273,39.08340084724939,0.5610192931654165,0.5372889659385015,72.72727272727273
40.193777987988454,0.6096360303476421,0.6224764029007184,72.72727272727273,40.193777987988454,0.6130976218752726,0.6224764029007184,72.72727272727273,40.061908814741685,0.6157192064571038,0.601099265268868,71.71717171717171,40.061908814741685,0.5930741325069103,0.601099265268868,71.71717171717171
39.45606403836042,0.5862051552918504,0.5860623615278475,72.72727272727273,39.45606403836042,0.5920086588011158,0.5860623615278475,72.72727272727273,39.35054741785393,0.5922216375282381,0.5665362774431144,72.72727272727273,39.35054741785393,0.5722453911557424,0.5665362774431144,72.72727272727273
39.990983908907566,0.587338730807651,0.5782272355086817,71.71717171717171,39.990983908907566,0.5930192624201044,0.5782272355086817,71.71717171717171,40.20448965054548,0.5930475253139988,0.5593655724282365,71.71717171717171,40.20448965054548,0.5739335218251991,0.5593655724282365,71.71717171717171
40.462622675588975,0.5817029259235391,0.5807374036387971,72.72727272727273,40.462622675588975,0.5873500772701634,0.5807374036387971,72.72727272727273,40.77065486340366,0.5877949767609207,0.5611399423015919,72.72727272727273,40.77065486340366,0.5673924112487021,0.5611399423015919,72.72727272727273
38.642242066856646,0.5887603085892512,0.5927479682152588,73.73737373737373,38.642242066856646,0.5930645180915908,0.5927479682152588,73.73737373737373,39.05558851469371,0.5947050611563515,0.5749702167613017,73.73737373737373,39.05558851469371,0.5740669255930602,0.5749702167613017,73.73737373737373
38.91319558995217,0.5847381745010474,0.5835374899982443,72.72727272727273,38.91319558995217,0.5883605808415788,0.5835374899982443,72.72727272727273,39.187401666318024,0.5905547450310806,0.5654421148732984,72.72727272727273,39.187401666318024,0.5692157521883217,0.5654421148732984,72.72727272727273
40.26490507613877,0.5831353247654978,0.5706747871261176,74.74747474747475,40.26490507613877,0.5882426986352938,0.5706747871261176,74.74747474747475,40.08707991250117,0.588799187983679,0.5524387459033119,74.74747474747475,40.08707991250117,0.5689876377210471,0.5524387459033119,74.74747474747475
40.332794552639164,0.5783020176075071,0.5635421515421364,73.73737373737373,40.332794552639164,0.584554040133106,0.5635421515421364,73.73737373737373,40.369670056434174,0.5843164757652519,0.5444615595942581,73.73737373737373,40.369670056434174,0.5648497817706668,0.5444615595942581,73.73737373737373
38.970206323999356,0.5810287115939657,0.5754850835532626,70.70707070707071,38.970206323999356,0.5862907852469551,0.5754850835532626,70.70707070707071,38.79353512311955,0.5867898657807489,0.556856887910741,70.70707070707071,38.79353512311955,0.5670577159540369,0.556856887910741,70.70707070707071
40.28614288344632,0.5876304555012226,0.5854163214335497,72.72727272727273,40.28614288344632,0.5922671841866423,0.5854163214335497,72.72727272727273,40.10476825468059,0.5933788391058765,0.5682101625627226,72.72727272727273,40.10476825468059,0.5735325469381953,0.5682101625627226,72.72727272727273
39.45434437123306,0.5893011044712839,0.5889044585190433,72.72727272727273,39.45434437123306,0.5943850065067448,0.5889044585190433,72.72727272727273,39.31881219626043,0.5950557032397241,0.5694373977315412,72.72727272727273,39.31881219626043,0.5749865563098504,0.5694373977315412,72.72727272727273
39.74000546636491,0.6065574704446074,0.6139505702987098,71.71717171717171,39.74000546636491,0.6077403914218624,0.6139505702987098,71.71717171717171,39.600140218683464,0.6126911534794515,0.59459002977812,71.71717171717171,39.600140218683464,0.5885920738987016,0.59459002977812,71.71717171717171
40.6490242166198,0.5904779285988684,0.5937498993363365,73.73737373737373,40.6490242166198,0.5941207543214619,0.5937498993363365,73.73737373737373,40.69209712174546,0.5964276224025442,0.5753428998409067,73.73737373737373,40.69209712174546,0.5747537097039219,0.5753428998409067,73.73737373737373
39.88567634839342,0.5737463213633076,0.5664498221114398,73.73737373737373,39.88567634839342,0.579311279875093,0.5664498221114398,73.73737373737373,39.75292710631664,0.5798003635527231,0.5492690762442326,73.73737373737373,39.75292710631664,0.5605184779021748,0.5492690762442326,73.73737373737373
40.553644443156,0.5969944269495705,0.6020582670229178,73.73737373737373,40.553644443156,0.6008826422812776,0.6020582670229178,73.73737373737373,40.42095478239436,0.6029494634050778,0.5834889281804658,73.73737373737373,40.42095478239436,0.5817863474669472,0.5834889281804658,73.73737373737373
41.19013047552116,0.5936113607292085,0.5926360767491097,71.71717171717171,41.19013047552116,0.5980215244404818,0.5926360767491097,71.71717171717171,41.197305010460695,0.5995053222131264,0.5724536415697552,71.71717171717171,41.197305010460695,0.578414490046384,0.5724536415697552,71.71717171717171
38.944438548049945,0.5835845853868724,0.5754023193490593,70.70707070707071,38.944438548049945,0.5891679730576047,0.5754023193490593,70.70707070707071,39.37830788720167,0.5894140723665294,0.5562139799574863,70.70707070707071,39.37830788720167,0.5697431464532894,0.5562139799574863,70.70707070707071
39.91826066594931,0.5916323886789704,0.5886730894416028,74.74747474747475,39.91826066594931,0.5949440782209516,0.5886730894416028,74.74747474747475,40.136117200158125,0.5974157417224841,0.5693541029432323,74.74747474747475,40.136117200158125,0.5753977372936583,0.5693541029432323,74.74747474747475
39.71265346107691,0.5902401495217622,0.5872495748549726,72.72727272727273,39.71265346107691,0.5936601906285361,0.5872495748549726,72.72727272727273,39.60654188620849,0.5960585811313275,0.5695520694763234,72.72727272727273,39.60654188620849,0.5748694725334659,0.5695520694763234,72.72727272727273
39.575755549042334,0.5898806133486502,0.5899741273430714,72.72727272727273,39.575755549042334,0.5943977172951864,0.5899741273430714,72.72727272727273,39.469961148236536,0.5958392221287165,0.5699009325365589,71.71717171717171,39.469961148236536,0.5746193065079501,0.5699009325365589,71.71717171717171
40.407832152309645,0.5949687674441739,0.6026734480876592,72.72727272727273,40.407832152309645,0.5974448422545906,0.6026734480876592,72.72727272727273,40.27547399353738,0.6009848640271539,0.5843686080040089,72.72727272727273,40.27547399353738,0.5784909772800875,0.5843686080040089,72.72727272727273
38.99840526433556,0.6055784086259612,0.6200055871846022,72.72727272727273,38.99840526433556,0.6077279465374084,0.6200055871846022,72.72727272727273,39.21837949938393,0.6118100457721106,0.5991231274068252,72.72727272727273,39.21837949938393,0.5880562916864664,0.5991231274068252,72.72727272727273
39.271464501819295,0.5954914632021368,0.5978622469497179,72.72727272727273,39.271464501819295,0.6000524892689605,0.5978622469497179,72.72727272727273,39.11505909803588,0.6014517222228724,0.5773538171046433,73.73737373737373,39.11505909803588,0.5803280488816511,0.5773538171046433,73.73737373737373
40.5014903365989,0.600276279847012,0.6099386591619418,74.74747474747475,40.5014903365989,0.6041987594592768,0.6099386591619418,74.74747474747475,40.4337987152148,0.6064951608100524,0.5899791659764476,73.73737373737373,40.4337987152148,0.5842619039954267,0.5899791659764476,73.73737373737373
40.19184051810028,0.6150065509330357,0.6313039860344667,74.74747474747475,40.19184051810028,0.6171245600720419,0.6313039860344667,74.74747474747475,40.05997578348328,0.6213494900151233,0.6107114664964146,74.74747474747475,40.05997578348328,0.5972422095763075,0.6107114664964146,74.74747474747475
39.84992803980716,0.6069533687884945,0.620960120564845,73.73737373737373,39.84992803980716,0.6084445335037922,0.620960120564845,73.73737373737373,39.71885015710104,0.6131414136632525,0.6015883029983506,72.72727272727273,39.71885015710104,0.589350053435053,0.6015883029983506,72.72727272727273
39.08933642254537,0.5865986866563002,0.5788887037560686,72.72727272727273,39.08933642254537,0.5918886795875564,0.5788887037560686,72.72727272727273,38.95272077054569,0.5923473718114551,0.560904607536011,72.72727272727273,38.95272077054569,0.5729278951890271,0.560904607536011,72.72727272727273
39.02124129714064,0.5962277932211222,0.6018030622532597,72.72727272727273,39.02124129714064,0.6008827200710251,0.6018030622532597,72.72727272727273,38.855116299474304,0.6022133183239213,0.5834438117290501,71.71717171717171,38.855116299474304,0.5818002545753889,0.5834438117290501,71.71717171717171
40.64890804317034,0.5987455799166299,0.5979508007594343,72.72727272727273,40.64890804317034,0.6019297106371623,0.5979508007594343,72.72727272727273,40.557865693753435,0.6046372985740227,0.5788599885210716,72.72727272727273,40.557865693753435,0.5825444183758773,0.5788599885210716,72.72727272727273
38.35899602111205,0.6059578491943316,0.61898480606565,71.71717171717171,38.35899602111205,0.6067773200993736,0.61898480606565,71.71717171717171,38.23143105992609,0.6120417706802683,0.6000927831831817,70.70707070707071,38.23143105992609,0.5877058480746669,0.6000927831831817,70.70707070707071
40.63046791373806,0.602482822232833,0.6132396227061396,72.72727272727273,40.63046791373806,0.6049039484476426,0.6132396227061396,72.72727272727273,40.52224479160573,0.6084567758463237,0.5940597655611297,72.72727272727273,40.52224479160573,0.5857521103337375,0.5940597655611297,72.72727272727273
40.06381447009175,0.5784856763153771,0.5692106619933852,72.72727272727273,40.06381447009175,0.5853413955389462,0.5692106619933852,72.72727272727273,39.956891936659275,0.5839067727333374,0.5489205890074187,72.72727272727273,39.956891936659275,0.5658076039977828,0.5489205890074187,72.72727272727273
38.95131166922178,0.5913877935903427,0.585959858900075,72.72727272727273,38.95131166922178,0.5966830364844029,0.585959858900075,72.72727272727273,38.8150730532537,0.5974224879533494,0.5675679529937552,72.72727272727273,38.8150730532537,0.5773196965015213,0.5675679529937552,72.72727272727273
40.27496249482865,0.5876144555867855,0.5838281446202189,73.73737373737373,40.27496249482865,0.5919393561784437,0.5838281446202189,73.73737373737373,40.334673737414725,0.5934335592760493,0.5637728326289597,73.73737373737373,40.334673737414725,0.5723219646570363,0.5637728326289597,73.73737373737373
38.70509911931548,0.5851005025522522,0.5802747510781852,72.72727272727273,38.70509911931548,0.5907470311145802,0.5802747510781852,72.72727272727273,38.5695355089671,0.5912577017458334,0.5598363214374439,72.72727272727273,38.5695355089671,0.57066254482864,0.5598363214374439,72.72727272727273
39.07649279255614,0.5870617575656629,0.587910057647818,72.72727272727273,39.07649279255614,0.5905217209448251,0.587910057647818,72.72727272727273,38.97185998328232,0.5933661105936888,0.5688009738077957,71.71717171717171,38.97185998328232,0.5708940461071871,0.5688009738077957,71.71717171717171
40.58132038175422,0.5979790285375008,0.6026583349002335,72.72727272727273,40.58132038175422,0.6013316473641677,0.6026583349002335,72.72727272727273,40.641419307232816,0.6038970978331246,0.5818217560481492,72.72727272727273,40.641419307232816,0.5814769540244292,0.5818217560481492,72.72727272727273
38.53598464880916,0.5894801828246203,0.5837772504829857,71.71717171717171,38.53598464880916,0.5946937819275566,0.5837772504829857,71.71717171717171,38.38182967883878,0.5952522514683605,0.5642752883130573,71.71717171717171,38.38182967883878,0.5751789196871726,0.5642752883130573,71.71717171717171
41.18219036048485,0.5784619631680299,0.5649762871719664,74.74747474747475,41.18219036048485,0.5852812596259993,0.5649762871719664,74.74747474747475,41.07271047884949,0.5841382294342503,0.5457145266653002,73.73737373737373,41.07271047884949,0.5656973177579538,0.5457145266653002,73.73737373737373
39.5815000553406,0.5916381689993784,0.5939503508425923,73.73737373737373,39.5815000553406,0.595760036496231,0.5939503508425923,73.73737373737373,39.5462406153215,0.5976577410851467,0.5744572836892756,73.73737373737373,39.5462406153215,0.5762752300782106,0.5744572836892756,73.73737373737373
38.96605844821408,0.6025386532134476,0.6152774316372378,72.72727272727273,38.96605844821408,0.603537570840815,0.6152774316372378,72.72727272727273,39.02409490129748,0.6086524262734772,0.595785516650509,72.72727272727273,39.02409490129748,0.5839864593112966,0.595785516650509,72.72727272727273
39.23988888627186,0.5988638202999244,0.5972163313588201,74.74747474747475,39.23988888627186,0.6027530177605223,0.5972163313588201,74.74747474747475,39.42468178568521,0.6047337333166086,0.5765768924017893,73.73737373737373,39.42468178568521,0.582866667810747,0.5765768924017893,73.73737373737373
39.35280503896361,0.588612378582886,0.5883128709775327,71.71717171717171,39.35280503896361,0.592683311661127,0.5883128709775327,71.71717171717171,39.51604216194472,0.5946056668670114,0.5681394601989744,71.71717171717171,39.51604216194472,0.5729776041833937,0.5681394601989744,71.71717171717171
39.39096057710574,0.5956994447313122,0.5986240086584012,72.72727272727273,39.39096057710574,0.5987980663441324,0.5986240086584012,72.72727272727273,39.285595233226836,0.6016051423959146,0.5792862734360508,73.73737373737373,39.285595233226836,0.5795828916598156,0.5792862734360508,73.73737373737373
39.95936798082846,0.5984804259659338,0.600900428680851,74.74747474747475,39.95936798082846,0.601587198682439,0.600900428680851,74.74747474747475,39.852686255802624,0.6041141106408101,0.5834871748426713,74.74747474747475,39.852686255802624,0.5828574480092632,0.5834871748426713,74.74747474747475
39.73346372633016,0.6038671535286113,0.6109623661246274,75.75757575757575,39.73346372633016,0.605167203076596,0.6109623661246274,75.75757575757575,39.769883693743765,0.6099386127259896,0.5908917876393711,75.75757575757575,39.769883693743765,0.5855129564743929,0.5908917876393711,75.75757575757575
40.40291019054689,0.5813953920365191,0.5678964820913737,72.72727272727273,40.40291019054689,0.5886704007838226,0.5678964820913737,72.72727272727273,40.221123604946406,0.5873263687374486,0.5486779749796171,72.72727272727273,40.221123604946406,0.569014335342779,0.5486779749796171,72.72727272727273
39.4283000542374,0.5856217562814996,0.5850941342648694,72.72727272727273,39.4283000542374,0.5918035350265702,0.5850941342648694,72.72727272727273,39.55432195808337,0.5916813027259881,0.5667062013438298,72.72727272727273,39.55432195808337,0.5722735416923426,0.5667062013438298,72.72727272727273
40.82997748674819,0.5821942877964039,0.5766150561605587,73.73737373737373,40.82997748674819,0.5874659773528924,0.5766150561605587,73.73737373737373,40.89038986728515,0.5881899594536073,0.5568689061048568,73.73737373737373,40.89038986728515,0.5676912184071767,0.5568689061048568,73.73737373737373
39.175838378532056,0.5884173728475047,0.5811289644204676,74.74747474747475,39.175838378532056,0.5915654244490555,0.5811289644204676,74.74747474747475,39.11745902351259,0.594194412275048,0.5620105633197787,73.73737373737373,39.11745902351259,0.5722132737173089,0.5620105633197787,73.73737373737373
40.801261916350704,0.5796988375066756,0.5726703745117108,72.72727272727273,40.801261916350704,0.5845717814100999,0.5726703745117108,72.72727272727273,40.6680122650227,0.585587857262346,0.5551520167667743,72.72727272727273,40.6680122650227,0.5654637692127731,0.5551520167667743,72.72727272727273
39.83407744613645,0.5819401124189847,0.5633821795177361,73.73737373737373,39.83407744613645,0.5886885204075438,0.5633821795177361,73.73737373737373,40.23397010534456,0.5880216821448252,0.5432311538164507,73.73737373737373,40.23397010534456,0.5683611565270094,0.5432311538164507,73.73737373737373
40.32751663246845,0.5854619142611982,0.5862910577747875,72.72727272727273,40.32751663246845,0.5911315700537996,0.5862910577747875,72.72727272727273,40.69086091841765,0.5916757849106304,0.566688069366212,72.72727272727273,40.69086091841765,0.5712899044333608,0.566688069366212,72.72727272727273
39.4645571101518,0.594011096869558,0.5958889033400674,72.72727272727273,39.4645571101518,0.5981642285501618,0.5958889033400674,72.72727272727273,39.32899627011193,0.5998529492601923,0.5787112396642147,73.73737373737373,39.32899627011193,0.5792368002341164,0.5787112396642147,73.73737373737373
39.61884006715752,0.5891944956917889,0.5889577226882786,73.73737373737373,39.61884006715752,0.5938863006714206,0.5889577226882786,73.73737373737373,39.97601921856233,0.5954354113388114,0.5696304139309378,73.73737373737373,39.97601921856233,0.5741164944679329,0.5696304139309378,73.73737373737373
40.84799351645929,0.5850180792611557,0.5769986403593446,75.75757575757575,40.84799351645929,0.5900413502089839,0.5769986403593446,75.75757575757575,40.714638600325,0.5907579820529179,0.5592577350973735,75.75757575757575,40.714638600325,0.5710944094661559,0.5592577350973735,75.75757575757575
37.94997009373362,0.5957151466998146,0.6010845011659252,72.72727272727273,37.94997009373362,0.5998890834373959,0.6010845011659252,72.72727272727273,38.31705851976102,0.6016156653407183,0.5831594946036228,72.72727272727273,38.31705851976102,0.5808704107995942,0.5831594946036228,72.72727272727273
39.262089455953266,0.5870945779913215,0.5870045560712966,72.72727272727273,39.262089455953266,0.5905450180412382,0.5870045560712966,72.72727272727273,39.367197474460255,0.5932243050174664,0.5665466193820534,72.72727272727273,39.367197474460255,0.5704748241469607,0.5665466193820534,72.72727272727273
39.269327084303995,0.5880088203273255,0.5858267358270377,72.72727272727273,39.269327084303995,0.5942574948783123,0.5858267358270377,72.72727272727273,39.164244719939866,0.59399938104345,0.5663070744629523,71.71717171717171,39.164244719939866,0.5743654754655787,0.5663070744629523,71.71717171717171
40.32838518571247,0.5915779932322824,0.5908076590192715,72.72727272727273,40.32838518571247,0.5955566949028515,0.5908076590192715,72.72727272727273,40.34311331624865,0.5972132617996118,0.5720163842868731,72.72727272727273,40.34311331624865,0.5764512735634564,0.5720163842868731,72.72727272727273
40.03241796867809,0.5851025936731165,0.583318265182328,74.74747474747475,40.03241796867809,0.5908633339406504,0.583318265182328,74.74747474747475,40.09182111720948,0.5909377612818141,0.5650266735517919,74.74747474747475,40.09182111720948,0.5716406207137305,0.5650266735517919,74.74747474747475
39.51982337097822,0.592567605382661,0.5953308057587633,73.73737373737373,39.51982337097822,0.594523787034438,0.5953308057587633,73.73737373737373,39.53996479338765,0.5987979350244284,0.5755907296535316,71.71717171717171,39.53996479338765,0.5747721182908125,0.5755907296535316,71.71717171717171
40.994007432397495,0.5712399572100151,0.5556987304253662,73.73737373737373,40.994007432397495,0.5788726807051978,0.5556987304253662,73.73737373737373,41.56576279294375,0.5769228280468567,0.5377600888633965,72.72727272727273,41.56576279294375,0.5596382567703739,0.5377600888633965,72.72727272727273
39.29577472074455,0.6004140549855437,0.6107553095276789,72.72727272727273,39.29577472074455,0.6038954882849963,0.6107553095276789,72.72727272727273,39.179792169357206,0.606301447951601,0.5898562937103193,72.72727272727273,39.179792169357206,0.58419945135957,0.5898562937103193,72.72727272727273
39.895359679951525,0.5901666621814485,0.5955776288777072,73.73737373737373,39.895359679951525,0.59489870836909,0.5955776288777072,73.73737373737373,39.73707149863599,0.5962459945311045,0.5769944452811471,73.73737373737373,39.73707149863599,0.5754277154130679,0.5769944452811471,73.73737373737373
38.84227900910388,0.5868911534217983,0.5802445180319808,71.71717171717171,38.84227900910388,0.591349634373072,0.5802445180319808,71.71717171717171,38.72750167703873,0.5927414758668035,0.5594533942511286,71.71717171717171,38.72750167703873,0.5714402327966956,0.5594533942511286,71.71717171717171
40.47289939545847,0.5898327996196596,0.593610784849967,73.73737373737373,40.47289939545847,0.5941039657524885,0.593610784849967,73.73737373737373,40.312889960032685,0.5959367489164382,0.5744088935138156,73.73737373737373,40.312889960032685,0.5744479273426116,0.5744088935138156,73.73737373737373
40.61230268095218,0.5752650875580959,0.5573082646418992,73.73737373737373,40.61230268095218,0.5835849342982783,0.5573082646418992,73.73737373737373,40.47355067913894,0.5809940500472454,0.5382807225429551,73.73737373737373,40.47355067913894,0.5641033971458007,0.5382807225429551,73.73737373737373
39.667695222203584,0.5872080742091377,0.5848919480583034,72.72727272727273,39.667695222203584,0.5926896402564059,0.5848919480583034,72.72727272727273,39.52951041117825,0.5932456167741329,0.5658904672344592,72.72727272727273,39.52951041117825,0.5731929745112143,0.5658904672344592,72.72727272727273
39.2175013222704,0.5912759098328502,0.5927319166651678,71.71717171717171,39.2175013222704,0.5936435683922474,0.5927319166651678,71.71717171717171,39.112539667740066,0.59718978592303,0.5715753477071444,70.70707070707071,39.112539667740066,0.5736888384945698,0.5715753477071444,70.70707070707071
41.00997745449211,0.5872799525810471,0.5839172214456453,73.73737373737373,41.00997745449211,0.5926062875677919,0.5839172214456453,73.73737373737373,40.88949764951486,0.5932716198410368,0.5621966919591566,73.73737373737373,40.88949764951486,0.5719627727593041,0.5621966919591566,73.73737373737373
40.10200155029497,0.5998564155975481,0.6042193946826228,73.73737373737373,40.10200155029497,0.6035187832578504,0.6042193946826228,73.73737373737373,39.9949910579019,0.6058443164422054,0.5840040589089395,72.72727272727273,39.9949910579019,0.5838556895680933,0.5840040589089395,72.72727272727273
40.51787153246538,0.5911837781658185,0.5949887176471587,72.72727272727273,40.51787153246538,0.5938330326880066,0.5949887176471587,72.72727272727273,40.577890301109385,0.5972513606138001,0.5758782045116466,72.72727272727273,40.577890301109385,0.5743692661738788,0.5758782045116466,72.72727272727273
38.95317877494144,0.5880400552055398,0.574980731573844,71.71717171717171,38.95317877494144,0.5949606559924836,0.574980731573844,71.71717171717171,39.963642497425965,0.5938287199496677,0.5536734652758138,71.71717171717171,39.963642497425965,0.5747550209623051,0.5536734652758138,71.71717171717171
40.4527378777374,0.5850051630964616,0.5835456669932749,73.73737373737373,40.4527378777374,0.5903033433251416,0.5835456669932749,73.73737373737373,40.51718843966838,0.5909860451447978,0.5654176071884416,73.73737373737373,40.51718843966838,0.5711023304559644,0.5654176071884416,73.73737373737373
40.67954227863012,0.5931631499312149,0.5995585058770054,72.72727272727273,40.67954227863012,0.5987327745532303,0.5995585058770054,72.72727272727273,40.546567431211535,0.5990310755461563,0.5811263542072225,72.72727272727273,40.546567431211535,0.579677709766106,0.5811263542072225,72.72727272727273
39.72944473387412,0.5914900237825012,0.5923992338790207,72.72727272727273,39.72944473387412,0.5941683137921359,0.5923992338790207,72.72727272727273,39.55004626738328,0.5972408785346847,0.5741788683652277,72.72727272727273,39.55004626738328,0.5750049738087375,0.5741788683652277,72.72727272727273
39.955430549299784,0.589123090956242,0.5908743713414808,73.73737373737373,39.955430549299784,0.5938689614684118,0.5908743713414808,73.73737373737373,39.77522746794033,0.5953167702080715,0.5717117886874739,72.72727272727273,39.77522746794033,0.5741122162148649,0.5717117886874739,72.72727272727273
40.34248596489633,0.5825125765536823,0.5769944341327964,73.73737373737373,40.34248596489633,0.5899418564979216,0.5769944341327964,73.73737373737373,40.58848478536511,0.5884932660818668,0.5593118880252881,72.72727272727273,40.58848478536511,0.5708111972312124,0.5593118880252881,72.72727272727273
39.92804491085802,0.5765411338150581,0.5649781849341674,72.72727272727273,39.92804491085802,0.5830010894764882,0.5649781849341674,72.72727272727273,40.328635330766595,0.5825010164958585,0.54551602047192,72.72727272727273,40.328635330766595,0.5631177768056141,0.54551602047192,72.72727272727273
40.30285638122597,0.5772970524136725,0.5631648222529761,70.70707070707071,40.30285638122597,0.58217288544311,0.5631648222529761,70.70707070707071,40.18422047765022,0.5830062498768576,0.5441506638305313,70.70707070707071,40.18422047765022,0.5628288636851846,0.5441506638305313,70.70707070707071
38.82919409199774,0.5790754753565193,0.5725180733216493,73.73737373737373,38.82919409199774,0.5841290451083124,0.5725180733216493,73.73737373737373,38.65556992405692,0.5848953007883982,0.5528148276100737,73.73737373737373,38.65556992405692,0.564498977062444,0.5528148276100737,73.73737373737373
39.630730046906315,0.6008659998461763,0.6044923612686008,71.71717171717171,39.630730046906315,0.6053113607306939,0.6044923612686008,71.71717171717171,39.489048612118275,0.6065516210310258,0.5862736673149613,72.72727272727273,39.489048612118275,0.5867666835160152,0.5862736673149613,72.72727272727273
39.47271938387921,0.5985544476996897,0.6046894171562407,73.73737373737373,39.47271938387921,0.6022355430910613,0.6046894171562407,73.73737373737373,39.83201473429824,0.6047553074052939,0.5835802173318747,73.73737373737373,39.83201473429824,0.582181081599761,0.5835802173318747,73.73737373737373
38.96654264409278,0.5937365346742064,0.5904659205629492,71.71717171717171,38.96654264409278,0.5988246406275546,0.5904659205629492,71.71717171717171,38.86216667035076,0.5994568255262654,0.5707785352750394,71.71717171717171,38.86216667035076,0.5793278221956721,0.5707785352750394,71.71717171717171
39.39258586440678,0.5961378555009897,0.5990470052540705,71.71717171717171,39.39258586440678,0.5990782887755288,0.5990470052540705,71.71717171717171,39.26257147130276,0.6020816948489566,0.5803272627750318,71.71717171717171,39.26257147130276,0.5796709217434493,0.5803272627750318,71.71717171717171
39.95269630980467,0.5834217312957144,0.573335141739811,71.71717171717171,39.95269630980467,0.5891590843881511,0.573335141739811,71.71717171717171,39.97174915679835,0.5888699402033852,0.5529797006114272,71.71717171717171,39.97174915679835,0.5697096160401341,0.5529797006114272,71.71717171717171
38.18522328416065,0.5930447057939403,0.5969291681429492,72.72727272727273,38.18522328416065,0.5965660838384936,0.5969291681429492,72.72727272727273,38.242246515473035,0.5989071953160627,0.5781340763683237,71.71717171717171,38.242246515473035,0.5774086582984461,0.5781340763683237,71.71717171717171
39.86459973044838,0.5879201398120062,0.5840738299814078,73.73737373737373,39.86459973044838,0.5914864336963253,0.5840738299814078,73.73737373737373,40.264719194634594,0.5942074386581926,0.5642293508143432,73.73737373737373,40.264719194634594,0.5715461879025567,0.5642293508143432,73.73737373737373
39.41264143447217,0.5752908476736869,0.5582253397478163,69.6969696969697,39.41264143447217,0.5823901015548272,0.5582253397478163,69.6969696969697,39.43274023932304,0.5809111944200662,0.5405917498488051,70.70707070707071,39.43274023932304,0.5633604940385091,0.5405917498488051,70.70707070707071
40.0027389771016,0.5967205710959326,0.6015184450632151,72.72727272727273,40.0027389771016,0.6013327116220213,0.6015184450632151,72.72727272727273,40.06210435513977,0.602558975047729,0.581187472377517,71.71717171717171,40.06210435513977,0.5816167687366816,0.581187472377517,71.71717171717171
39.30058911278699,0.6002679567204878,0.6088619200085994,73.73737373737373,39.30058911278699,0.6028685796497313,0.6088619200085994,73.73737373737373,39.4665848731492,0.6063567943999806,0.5897047940965634,72.72727272727273,39.4665848731492,0.5834799154871421,0.5897047940965634,72.72727272727273
39.117966769230286,0.5711998086920118,0.553023006552573,72.72727272727273,39.117966769230286,0.5786886422152107,0.553023006552573,72.72727272727273,38.94076190465411,0.5769267317632727,0.5338397458000571,72.72727272727273,38.94076190465411,0.5590492972904555,0.5338397458000571,72.72727272727273
38.14830751071818,0.5927548067086096,0.5933694709940074,74.74747474747475,38.14830751071818,0.5968633420011976,0.5933694709940074,74.74747474747475,38.19230436615505,0.5985231263870887,0.5741622016338281,73.73737373737373,38.19230436615505,0.57756291348477,0.5741622016338281,73.73737373737373
39.38878171444805,0.583900309520681,0.5788878052723422,72.72727272727273,39.38878171444805,0.5892911459422183,0.5788878052723422,72.72727272727273,39.21060237652607,0.589707429607067,0.5595069828406092,72.72727272727273,39.21060237652607,0.5697057658162981,0.5595069828406092,72.72727272727273
39.28806662264793,0.5897861945489481,0.5945818998943686,72.72727272727273,39.28806662264793,0.5943125965832653,0.5945818998943686,72.72727272727273,39.15090983681356,0.595840861572755,0.5757151661093345,72.72727272727273,39.15090983681356,0.5749744871206126,0.5757151661093345,72.72727272727273
39.66243093533953,0.5888828670966881,0.5859685697043717,70.70707070707071,39.66243093533953,0.5946779518973953,0.5859685697043717,70.70707070707071,39.682628927231825,0.594958967372259,0.5661401754115125,71.71717171717171,39.682628927231825,0.5748006719013665,0.5661401754115125,71.71717171717171
39.23120886610164,0.5869617238715604,0.5854154265121558,72.72727272727273,39.23120886610164,0.5923831777239679,0.5854154265121558,72.72727272727273,39.11519093492524,0.5927768070348489,0.5678182789223192,72.72727272727273,39.11519093492524,0.5734007541669977,0.5678182789223192,72.72727272727273
40.135954211484645,0.5987802556459343,0.5998404526937825,70.70707070707071,40.135954211484645,0.6029022101590527,0.5998404526937825,70.70707070707071,40.98609553326007,0.6047536361808254,0.5820448329740265,70.70707070707071,40.98609553326007,0.583971993222319,0.5820448329740265,70.70707070707071
39.906318723492454,0.5827409397321763,0.5745627905697073,72.72727272727273,39.906318723492454,0.5887248030990181,0.5745627905697073,72.72727272727273,40.25368175318923,0.5886096439504497,0.5542867273502882,71.71717171717171,40.25368175318923,0.5688678388451601,0.5542867273502882,71.71717171717171
39.153007834371486,0.573719579142808,0.5575576913702902,71.71717171717171,39.153007834371486,0.5789164022336211,0.5575576913702902,71.71717171717171,39.71290273026548,0.5792587844891183,0.5396939727923422,71.71717171717171,39.71290273026548,0.5599446347474726,0.5396939727923422,71.71717171717171
39.60927389506919,0.592756464959541,0.5906410241767579,73.73737373737373,39.60927389506919,0.5958063702129135,0.5906410241767579,73.73737373737373,39.417649388582056,0.5988499517055792,0.5703240690138898,73.73737373737373,39.417649388582056,0.5760358933177583,0.5703240690138898,73.73737373737373
39.16154672376635,0.5877079353503925,0.581047034040916,75.75757575757575,39.16154672376635,0.5926026926693775,0.581047034040916,75.75757575757575,39.05671548794329,0.5933256145718837,0.5626417700470453,75.75757575757575,39.05671548794329,0.5736876337601059,0.5626417700470453,75.75757575757575
39.440554111782525,0.5776050758092396,0.5624156714193382,74.74747474747475,39.440554111782525,0.584294498719563,0.5624156714193382,74.74747474747475,39.29581514019236,0.5833558944521322,0.5416380301570913,73.73737373737373,39.29581514019236,0.5641872379068148,0.5416380301570913,73.73737373737373
39.08526035903971,0.6035372017897211,0.6097535598555113,71.71717171717171,39.08526035903971,0.6056448026299658,0.6097535598555113,71.71717171717171,38.89557998667319,0.6095911911121168,0.5915056546799532,72.72727272727273,38.89557998667319,0.5866343784818739,0.5915056546799532,72.72727272727273
40.0369318631439,0.5940874283691057,0.5994928362647249,72.72727272727273,40.0369318631439,0.5988446439957742,0.5994928362647249,72.72727272727273,40.09634075486459,0.6002645463118594,0.5782266291773899,72.72727272727273,40.09634075486459,0.57856089595067,0.5782266291773899,72.72727272727273
39.63985362307938,0.5893246609443561,0.5901341014244794,72.72727272727273,39.63985362307938,0.594761041081197,0.5901341014244794,72.72727272727273,39.68581919065062,0.5952324896265553,0.5727835571763147,72.72727272727273,39.68581919065062,0.5759132414910011,0.5727835571763147,72.72727272727273
40.40996233294402,0.5798665062519957,0.5801766669126428,69.6969696969697,40.40996233294402,0.5865552914585137,0.5801766669126428,69.6969696969697,40.22815089558651,0.5859169683193848,0.562989334154725,69.6969696969697,40.22815089558651,0.5675800146068535,0.562989334154725,69.6969696969697
40.784308902832436,0.5994755271924339,0.6037243266380498,72.72727272727273,40.784308902832436,0.6036459104137175,0.6037243266380498,72.72727272727273,40.72227783480289,0.6053483052418973,0.5831163993948343,72.72727272727273,40.72227783480289,0.5839115699901274,0.5831163993948343,72.72727272727273
39.600612325605525,0.5874529000447996,0.5881548211954983,75.75757575757575,39.600612325605525,0.5934354631311513,0.5881548211954983,75.75757575757575,39.63693075246958,0.5932222552474506,0.5693176139374165,74.74747474747475,39.63693075246958,0.5742015863340612,0.5693176139374165,74.74747474747475
40.29643843132137,0.5812181866926247,0.5659292412697035,74.74747474747475,40.29643843132137,0.5887115701386567,0.5659292412697035,74.74747474747475,40.33328642059193,0.5871695094729483,0.5441246933487108,74.74747474747475,40.33328642059193,0.5680467353803418,0.5441246933487108,74.74747474747475
39.12238491460969,0.5880326782543277,0.5883617643287357,72.72727272727273,39.12238491460969,0.5936230688648314,0.5883617643287357,72.72727272727273,39.14898741814141,0.5937915539393658,0.5680856598518877,72.72727272727273,39.14898741814141,0.5739069773351536,0.5680856598518877,72.72727272727273
39.17033036683294,0.5766275123132569,0.5599991947200734,73.73737373737373,39.17033036683294,0.5836176319060027,0.5599991947200734,73.73737373737373,39.47665181042641,0.5825241734612832,0.5398631553510602,73.73737373737373,39.47665181042641,0.5637549310523835,0.5398631553510602,73.73737373737373
39.74196326143819,0.5964526165844144,0.6005416204995488,72.72727272727273,39.74196326143819,0.5999123086402749,0.6005416204995488,72.72727272727273,40.141170505756754,0.6022727935625967,0.58133517090367,72.72727272727273,40.141170505756754,0.5804815172191936,0.58133517090367,72.72727272727273
38.576215462368665,0.5890743741210928,0.579726656866457,74.74747474747475,38.576215462368665,0.5949902994277013,0.579726656866457,74.74747474747475,38.86925173281253,0.5946988315991049,0.5602276354681743,74.74747474747475,38.86925173281253,0.5756252272954221,0.5602276354681743,74.74747474747475
39.40713757860357,0.5773463527198852,0.5649736848268911,72.72727272727273,39.40713757860357,0.584453047925229,0.5649736848268911,72.72727272727273,39.42137630502851,0.5830357076410665,0.5467180372338025,72.72727272727273,39.42137630502851,0.5653293114385756,0.5467180372338025,72.72727272727273
39.585338193259055,0.5980673189217116,0.5990829240286288,72.72727272727273,39.585338193259055,0.6030550913070369,0.5990829240286288,72.72727272727273,39.42798256572482,0.6039693297427893,0.5796463564750104,72.72727272727273,39.42798256572482,0.5837225062415913,0.5796463564750104,72.72727272727273
39.63045027954987,0.5994310551703406,0.6004154940390547,72.72727272727273,39.63045027954987,0.6029717892963709,0.6004154940390547,72.72727272727273,39.4998811974817,0.6052329572235444,0.5792140670396967,72.72727272727273,39.4998811974817,0.5831973613390282,0.5792140670396967,72.72727272727273
39.398048125864385,0.5968555106278643,0.6031968229604403,73.73737373737373,39.398048125864385,0.6002364484585311,0.6031968229604403,73.73737373737373,39.23066252424373,0.6029835705097146,0.5866091651375656,73.73737373737373,39.23066252424373,0.5815594394179923,0.5866091651375656,73.73737373737373
40.739798946980756,0.5850719916575995,0.5789386485934243,72.72727272727273,40.739798946980756,0.591047304256072,0.5789386485934243,72.72727272727273,40.57900113536801,0.5910147889606641,0.5567310898954716,72.72727272727273,40.57900113536801,0.5703536661610316,0.5567310898954716,72.72727272727273
40.21690518663128,0.5782834291660609,0.5722337892593545,73.73737373737373,40.21690518663128,0.5832784386094044,0.5722337892593545,73.73737373737373,40.237321668739476,0.5841379554328968,0.5530781058382759,73.73737373737373,40.237321668739476,0.5639171885058538,0.5530781058382759,73.73737373737373
38.59111559543764,0.5955541347285362,0.5960080731038127,72.72727272727273,38.59111559543764,0.6004798907219973,0.5960080731038127,72.72727272727273,38.47700852466704,0.6014809758720907,0.5781614432649755,72.72727272727273,38.47700852466704,0.5814495054946942,0.5781614432649755,72.72727272727273
40.70133671701793,0.5838080197493847,0.5828613904115256,72.72727272727273,40.70133671701793,0.5892328040001305,0.5828613904115256,72.72727272727273,40.72194218129289,0.5896947339720149,0.5629268319587729,72.72727272727273,40.72194218129289,0.5695645853921352,0.5629268319587729,72.72727272727273
39.60602626836381,0.5857196393457227,0.5728208623834617,72.72727272727273,39.60602626836381,0.593581153655594,0.5728208623834617,72.72727272727273,39.607580983998616,0.5914959477863299,0.5550490691465997,71.71717171717171,39.607580983998616,0.5744241110946817,0.5550490691465997,71.71717171717171
40.98203837314636,0.5865581990839457,0.5798771292413862,73.73737373737373,40.98203837314636,0.591953092216607,0.5798771292413862,73.73737373737373,40.798221709224606,0.5919759135820122,0.5616436210109648,72.72727272727273,40.798221709224606,0.573195781548882,0.5616436210109648,72.72727272727273
38.87780367032209,0.5808196627491812,0.577279067131706,71.71717171717171,38.87780367032209,0.5853578224346173,0.577279067131706,71.71717171717171,38.74900129603418,0.5865100374143399,0.560632029280581,71.71717171717171,38.74900129603418,0.5667780597703953,0.560632029280581,71.71717171717171
40.32760107952959,0.5904844988783153,0.5910174809644777,74.74747474747475,40.32760107952959,0.593707160083506,0.5910174809644777,74.74747474747475,40.168022713058846,0.5965808325933866,0.5709880828669802,73.73737373737373,40.168022713058846,0.5740319072164519,0.5709880828669802,73.73737373737373
39.71308504168975,0.5879560892931124,0.5882633447122714,71.71717171717171,39.71308504168975,0.5941133635231304,0.5882633447122714,71.71717171717171,39.5603616702762,0.5940337826048474,0.5707370343184084,71.71717171717171,39.5603616702762,0.5751014214171459,0.5707370343184084,71.71717171717171
41.232436275309645,0.6057538154301807,0.6188936728937612,72.72727272727273,41.232436275309645,0.6089255780700411,0.6188936728937612,72.72727272727273,41.248014940474256,0.6118095445714062,0.5978580075656776,73.73737373737373,41.248014940474256,0.5890647147620754,0.5978580075656776,73.73737373737373
40.130790941180585,0.5914626715872352,0.5928076811994285,74.74747474747475,40.130790941180585,0.596038831182313,0.5928076811994285,74.74747474747475,40.15117364256766,0.597318868616121,0.5725944496316819,74.74747474747475,40.15117364256766,0.5762977882196503,0.5725944496316819,74.74747474747475
39.47838781753078,0.5932893163685378,0.6076974340367575,70.70707070707071,39.47838781753078,0.5958620319283986,0.6076974340367575,70.70707070707071,39.348172947441626,0.5992469211256353,0.59098489406585,70.70707070707071,39.348172947441626,0.5773351770475901,0.59098489406585,70.70707070707071
39.611402529954084,0.5742341241944549,0.5551021286729061,71.71717171717171,39.611402529954084,0.5827062063966668,0.5551021286729061,71.71717171717171,39.63158029751826,0.5798814262783103,0.534871267046845,71.71717171717171,39.63158029751826,0.5627619342599544,0.534871267046845,71.71717171717171
39.28452881929616,0.5890183328766894,0.5874186168687218,72.72727272727273,39.28452881929616,0.5936335877558823,0.5874186168687218,72.72727272727273,39.17941106343636,0.5949016393289992,0.5690180137054623,72.72727272727273,39.17941106343636,0.5745626151716513,0.5690180137054623,72.72727272727273
40.49279559323463,0.5832359524661908,0.5796317209434565,73.73737373737373,40.49279559323463,0.5894046815218006,0.5796317209434565,73.73737373737373,40.321797426342876,0.5890053196855767,0.5595040432218945,73.73737373737373,40.321797426342876,0.5696725437477115,0.5595040432218945,73.73737373737373
38.35977048457928,0.5830312406371947,0.5739018332114406,71.71717171717171,38.35977048457928,0.5894980551563905,0.5739018332114406,71.71717171717171,38.47901684012026,0.5885243020584389,0.5558844292092804,71.71717171717171,38.47901684012026,0.5707550998233162,0.5558844292092804,71.71717171717171
40.66124295062138,0.6051685356044205,0.6173766936540787,73.73737373737373,40.66124295062138,0.6083164917431754,0.6173766936540787,73.73737373737373,41.47421286091837,0.6113419589347261,0.5987966265907053,73.73737373737373,41.47421286091837,0.5889828154352378,0.5987966265907053,73.73737373737373
39.23725275415689,0.6022094916688234,0.6059603254594161,73.73737373737373,39.23725275415689,0.6056459699363762,0.6059603254594161,73.73737373737373,39.107602417816715,0.6081449401418593,0.5860681056933863,72.72727272727273,39.107602417816715,0.5861348835433533,0.5860681056933863,72.72727272727273
39.726947810507205,0.6029897093342216,0.6107684321505394,74.74747474747475,39.726947810507205,0.6059108623231154,0.6107684321505394,74.74747474747475,39.59615466804169,0.6089910627388593,0.5920833499916105,72.72727272727273,39.59615466804169,0.5868756478454771,0.5920833499916105,72.72727272727273
39.77670015798819,0.5893031441066874,0.5937270316320686,72.72727272727273,39.77670015798819,0.5933260117756561,0.5937270316320686,72.72727272727273,39.55603492045344,0.5952402556181049,0.5742034029836187,72.72727272727273,39.55603492045344,0.5737650359454607,0.5742034029836187,72.72727272727273
39.66564515384283,0.5933708616296651,0.5988057589591853,74.74747474747475,39.66564515384283,0.5982142598987583,0.5988057589591853,74.74747474747475,39.54868439874015,0.5994826055085264,0.5807263894528059,74.74747474747475,39.54868439874015,0.5790497917869268,0.5807263894528059,74.74747474747475
40.339068519437426,0.5874871152582116,0.5814091657824803,72.72727272727273,40.339068519437426,0.5911697510824074,0.5814091657824803,72.72727272727273,40.742693829874796,0.5931839708293702,0.561624406527973,72.72727272727273,40.742693829874796,0.5717370699857921,0.561624406527973,72.72727272727273
39.84647673981112,0.5791391840552018,0.5715558031804318,73.73737373737373,39.84647673981112,0.5862107558966345,0.5715558031804318,73.73737373737373,39.89343438486932,0.585066966470855,0.5518119911376116,74.74747474747475,39.89343438486932,0.5662588230051195,0.5518119911376116,74.74747474747475
39.526524924030014,0.5904496978634048,0.5919751518090197,72.72727272727273,39.526524924030014,0.5940872860367811,0.5919751518090197,72.72727272727273,39.68737677550094,0.5962251372146781,0.5739556454061756,72.72727272727273,39.68737677550094,0.5753656957479859,0.5739556454061756,72.72727272727273
41.54988259589699,0.5676030082047243,0.5483519306132324,72.72727272727273,41.54988259589699,0.5729667590210736,0.5483519306132324,72.72727272727273,41.364096675278226,0.5732135602768049,0.5271665539326209,72.72727272727273,41.364096675278226,0.5523958570013772,0.5271665539326209,72.72727272727273
39.687339031961024,0.5913433051608039,0.591803935480447,73.73737373737373,39.687339031961024,0.5974321632026417,0.591803935480447,73.73737373737373,39.54910122961577,0.5973317329552751,0.573166963943708,73.73737373737373,39.54910122961577,0.5780045354457738,0.573166963943708,73.73737373737373
40.19547871285243,0.5931278695897426,0.5984434546026267,73.73737373737373,40.19547871285243,0.5978756152542589,0.5984434546026267,73.73737373737373,40.07712419424261,0.5991048887221704,0.5791666995594551,73.73737373737373,40.07712419424261,0.5784334429149556,0.5791666995594551,73.73737373737373
39.46517694266806,0.5960739005659671,0.6009666717575728,71.71717171717171,39.46517694266806,0.5998933910576583,0.6009666717575728,71.71717171717171,39.63391696672281,0.6018591709414249,0.5821772547494222,71.71717171717171,39.63391696672281,0.5804341911213109,0.5821772547494222,71.71717171717171
40.216940504209695,0.5965278040231787,0.6012278796528139,74.74747474747475,40.216940504209695,0.6012976697614439,0.6012278796528139,74.74747474747475,40.62700103582825,0.6024045875678836,0.583297291730305,74.74747474747475,40.62700103582825,0.5823220265809523,0.583297291730305,74.74747474747475
39.077941978616714,0.5885682322759027,0.5849336823162233,71.71717171717171,39.077941978616714,0.5941769711852797,0.5849336823162233,71.71717171717171,39.136122752436805,0.594900188258038,0.5638049080887239,71.71717171717171,39.136122752436805,0.5737929602692826,0.5638049080887239,71.71717171717171
39.91481374509286,0.59405430571307,0.596570866997991,72.72727272727273,39.91481374509286,0.5986672049005582,0.596570866997991,72.72727272727273,39.77596376813395,0.6001135473379962,0.5760630651049446,72.72727272727273,39.77596376813395,0.5787594130726776,0.5760630651049446,72.72727272727273
40.15544030973608,0.5898516798788187,0.5920243958396781,73.73737373737373,40.15544030973608,0.5934343574901583,0.5920243958396781,73.73737373737373,40.09810133390993,0.5958274128106029,0.5714214923474236,73.73737373737373,40.09810133390993,0.573526478137798,0.5714214923474236,73.73737373737373
39.06575520233923,0.5872436302940965,0.5822088791825752,71.71717171717171,39.06575520233923,0.592367327711441,0.5822088791825752,71.71717171717171,39.0199427859021,0.5930537296693807,0.5627505574821539,71.71717171717171,39.0199427859021,0.5728930220269155,0.5627505574821539,71.71717171717171
39.29552450518846,0.5873441733210947,0.5819355605752587,73.73737373737373,39.29552450518846,0.5917975537792897,0.5819355605752587,73.73737373737373,39.10506157765609,0.5933646217156359,0.5628207017170545,73.73737373737373,39.10506157765609,0.5723356257194114,0.5628207017170545,73.73737373737373
39.0819541318689,0.584824858660836,0.5772852193110375,72.72727272727273,39.0819541318689,0.5908062453082148,0.5772852193110375,72.72727272727273,39.399569092343924,0.5904685430604995,0.5586094646168301,72.72727272727273,39.399569092343924,0.5715827578670953,0.5586094646168301,72.72727272727273
39.16214951907918,0.6038783494316131,0.6091258968393489,74.74747474747475,39.16214951907918,0.6079753735476818,0.6091258968393489,74.74747474747475,39.11861208102516,0.609983797300395,0.5877545513952203,74.74747474747475,39.11861208102516,0.5878124504986708,0.5877545513952203,74.74747474747475
40.84840728479237,0.60454762834439,0.6115841185191017,73.73737373737373,40.84840728479237,0.6067125534339994,0.6115841185191017,73.73737373737373,41.63897014464064,0.6105319296119087,0.5911796979623299,73.73737373737373,41.63897014464064,0.5871677532991326,0.5911796979623299,73.73737373737373
39.964809741743025,0.5810750112611616,0.5762685559768574,72.72727272727273,39.964809741743025,0.5854260607428936,0.5762685559768574,72.72727272727273,39.833466692060085,0.5868493549925914,0.5592624680081701,72.72727272727273,39.833466692060085,0.566942140961562,0.5592624680081701,72.72727272727273
39.917283115167955,0.578052525519069,0.5633639161101902,72.72727272727273,39.917283115167955,0.5842175018115994,0.5633639161101902,72.72727272727273,39.73721562549674,0.5837295042905988,0.5434640465961509,72.72727272727273,39.73721562549674,0.5643365105542355,0.5434640465961509,72.72727272727273
41.035555012067704,0.5947616128711245,0.598358549286695,72.72727272727273,41.035555012067704,0.598791173017666,0.598358549286695,72.72727272727273,41.18262167668678,0.6005894471348956,0.5777600884146907,73.73737373737373,41.18262167668678,0.5790708864395424,0.5777600884146907,73.73737373737373
39.225420591683836,0.5867084850027607,0.5793232494130629,74.74747474747475,39.225420591683836,0.5920916486362934,0.5793232494130629,74.74747474747475,39.112041414225395,0.5925325152375414,0.5619543980663877,74.74747474747475,39.112041414225395,0.573236711104753,0.5619543980663877,74.74747474747475
39.03261151223633,0.583968355382776,0.5755089937667519,74.74747474747475,39.03261151223633,0.5906009012809874,0.5755089937667519,74.74747474747475,39.248756395488236,0.5898751496956911,0.5577139124931094,71.71717171717171,39.248756395488236,0.57158329792907,0.5577139124931094,71.71717171717171
41.20063473164745,0.5808742443676549,0.5766248058162573,71.71717171717171,41.20063473164745,0.5860688594178485,0.5766248058162573,71.71717171717171,41.61053029213764,0.5869697260160284,0.5581633006669905,71.71717171717171,41.61053029213764,0.566675473518015,0.5581633006669905,71.71717171717171
40.04997510268513,0.5834525783984164,0.5790937333924058,72.72727272727273,40.04997510268513,0.5883011935039596,0.5790937333924058,72.72727272727273,40.680338072138134,0.589364730153495,0.5602833524432045,72.72727272727273,40.680338072138134,0.5689591108459224,0.5602833524432045,72.72727272727273
40.4642775962072,0.5860244864716908,0.5784369147654407,72.72727272727273,40.4642775962072,0.5914611558789842,0.5784369147654407,72.72727272727273,40.28227485994361,0.5918376384838637,0.5580135055604961,72.72727272727273,40.28227485994361,0.5715491260792496,0.5580135055604961,72.72727272727273
39.601237683730375,0.5869734011182512,0.5835849024750379,72.72727272727273,39.601237683730375,0.5911497823279096,0.5835849024750379,72.72727272727273,39.4515044079776,0.5927840555781418,0.5652500939993105,72.72727272727273,39.4515044079776,0.571991103768978,0.5652500939993105,72.72727272727273
40.776988722185,0.5920842998921252,0.5911106252110137,73.73737373737373,40.776988722185,0.5960395552828928,0.5911106252110137,73.73737373737373,41.18356387272466,0.5977560564369775,0.5718645475151132,73.73737373737373,41.18356387272466,0.5766221912109275,0.5718645475151132,73.73737373737373
40.96594690701115,0.5735512522871724,0.5679999622934258,71.71717171717171,40.96594690701115,0.5804833844669253,0.5679999622934258,71.71717171717171,40.98665484345221,0.5792423354011473,0.5495605860385987,71.71717171717171,40.98665484345221,0.5611799240874851,0.5495605860385987,71.71717171717171
40.31477840863143,0.5905741801980364,0.5882611973281161,72.72727272727273,40.31477840863143,0.5949061125089327,0.5882611973281161,72.72727272727273,40.15523814788281,0.5962142507072985,0.5702287166695132,72.72727272727273,40.15523814788281,0.5761356122946191,0.5702287166695132,72.72727272727273
37.671189430236765,0.5927077558306106,0.5869674786171626,73.73737373737373,37.671189430236765,0.5991529734544012,0.5869674786171626,73.73737373737373,37.48685679354088,0.598750362492503,0.5657026722794576,73.73737373737373,37.48685679354088,0.5787656057092425,0.5657026722794576,73.73737373737373
38.80201072621715,0.5923896857732665,0.5902866275763448,72.72727272727273,38.80201072621715,0.5966124455113543,0.5902866275763448,72.72727272727273,38.64703792058673,0.5983925576674407,0.570003604913478,72.72727272727273,38.64703792058673,0.5767833036811154,0.570003604913478,72.72727272727273
38.52060469471598,0.5845541539939418,0.5763794765856809,74.74747474747475,38.52060469471598,0.5885968850818744,0.5763794765856809,74.74747474747475,38.569984369237865,0.5902487839481873,0.5556821823496239,74.74747474747475,38.569984369237865,0.5686779803583741,0.5556821823496239,74.74747474747475
38.63908179152934,0.5907440265192956,0.591700975108892,71.71717171717171,38.63908179152934,0.5950350611992534,0.591700975108892,71.71717171717171,39.206924577109426,0.5968436278670686,0.5713681338956849,71.71717171717171,39.206924577109426,0.5750058482885798,0.5713681338956849,71.71717171717171
39.58096832444122,0.5903994208298832,0.582321279898126,74.74747474747475,39.58096832444122,0.5959798020322102,0.582321279898126,74.74747474747475,39.47516183580058,0.5965062202036393,0.5623177206769998,74.74747474747475,39.47516183580058,0.5758828280633322,0.5623177206769998,74.74747474747475
40.045472641407784,0.5809322106527375,0.5684002870244343,75.75757575757575,40.045472641407784,0.5873824513897697,0.5684002870244343,75.75757575757575,39.864949885875546,0.5863999785788198,0.5499435049904364,75.75757575757575,39.864949885875546,0.5682072289721117,0.5499435049904364,75.75757575757575
39.2761666185651,0.5917759922314807,0.5928556304366652,71.71717171717171,39.2761666185651,0.5977028132116926,0.5928556304366652,71.71717171717171,39.17106833005466,0.5974457023850243,0.5738874455217625,71.71717171717171,39.17106833005466,0.5786489821697354,0.5738874455217625,71.71717171717171
40.22605006525893,0.5914012875636041,0.5805938662745963,74.74747474747475,40.22605006525893,0.5967505862870901,0.5805938662745963,74.74747474747475,40.62884367081011,0.5970951838586142,0.5612379845429014,74.74747474747475,40.62884367081011,0.5775179476557719,0.5612379845429014,74.74747474747475
39.49326650060261,0.6001666313574738,0.6084655967927499,72.72727272727273,39.49326650060261,0.6037618087257581,0.6084655967927499,72.72727272727273,39.55198111483376,0.6059955771513323,0.590847935539911,72.72727272727273,39.55198111483376,0.5851318907652017,0.590847935539911,72.72727272727273
39.075766447301504,0.5863025295313312,0.5863187707102154,72.72727272727273,39.075766447301504,0.5897879782144867,0.5863187707102154,72.72727272727273,38.98597342747728,0.5924876928166187,0.5678923802322429,72.72727272727273,38.98597342747728,0.5700742830592946,0.5678923802322429,72.72727272727273
39.27644561718129,0.5925357240755474,0.5889779810767473,73.73737373737373,39.27644561718129,0.5955824153541935,0.5889779810767473,73.73737373737373,39.376128335397134,0.5983772469339255,0.570386761797044,73.73737373737373,39.376128335397134,0.5762905456486866,0.570386761797044,73.73737373737373
39.22028172529144,0.6001554413671049,0.6104399139179726,71.71717171717171,39.22028172529144,0.6049970924743426,0.6104399139179726,71.71717171717171,39.761100562313864,0.6060915221332616,0.5906253596681892,71.71717171717171,39.761100562313864,0.5854831954702603,0.5906253596681892,71.71717171717171
38.4464154314045,0.5828345212418022,0.5761455467996178,72.72727272727273,38.4464154314045,0.5853940197532923,0.5761455467996178,72.72727272727273,38.332695403811165,0.5887157251681905,0.5569234718329554,72.72727272727273,38.332695403811165,0.5659373552932987,0.5569234718329554,72.72727272727273
40.57689255584658,0.5821062270734221,0.578071451482711,72.72727272727273,40.57689255584658,0.5865169680494927,0.578071451482711,72.72727272727273,40.597449643493576,0.5879525750133185,0.5597505784703416,72.72727272727273,40.597449643493576,0.5673589770505756,0.5597505784703416,72.72727272727273
39.4832916644536,0.5930576704734071,0.5916635095899139,75.75757575757575,39.4832916644536,0.596618482801429,0.5916635095899139,75.75757575757575,39.519520251627924,0.5989123791218567,0.5713032135042918,74.74747474747475,39.519520251627924,0.5769417166427129,0.5713032135042918,74.74747474747475
39.81073383651721,0.5841589371828072,0.580585205707064,73.73737373737373,39.81073383651721,0.5893976908651811,0.580585205707064,73.73737373737373,39.86985449128615,0.5901107086260791,0.5629355587530038,73.73737373737373,39.86985449128615,0.5702099951883675,0.5629355587530038,73.73737373737373
38.778727318593944,0.6035277261545974,0.6098272932470498,72.72727272727273,38.778727318593944,0.6062404863395044,0.6098272932470498,72.72727272727273,38.752332856223504,0.6096663271024849,0.5912772162352009,72.72727272727273,38.752332856223504,0.587035699409716,0.5912772162352009,72.72727272727273
40.41969644823118,0.5890202654376395,0.5870939589225381,74.74747474747475,40.41969644823118,0.5951797658982132,0.5870939589225381,74.74747474747475,40.465965630948894,0.5949912810035133,0.5667903519390877,74.74747474747475,40.465965630948894,0.5753128096574341,0.5667903519390877,74.74747474747475
40.639657027250145,0.6009166607505079,0.6102500312604658,73.73737373737373,40.639657027250145,0.6037625249413743,0.6102500312604658,73.73737373737373,40.50677242438514,0.6071101067902026,0.5905975857019812,73.73737373737373,40.50677242438514,0.5842520609200786,0.5905975857019812,73.73737373737373
39.87162328865605,0.5981928510245997,0.6071621404936427,72.72727272727273,39.87162328865605,0.6014296134871941,0.6071621404936427,72.72727272727273,39.70266578980948,0.6040678667035333,0.590421852417097,72.72727272727273,39.70266578980948,0.5831591241660347,0.590421852417097,72.72727272727273
40.24023750992315,0.5895014082477064,0.5782044510206674,73.73737373737373,40.24023750992315,0.595708523657317,0.5782044510206674,73.73737373737373,40.100516454489934,0.5953423050482916,0.5587977324155244,72.72727272727273,40.100516454489934,0.575975289394555,0.5587977324155244,72.72727272727273
40.67152317019427,0.5970496550293909,0.6066915595646414,73.73737373737373,40.67152317019427,0.6005061935118339,0.6066915595646414,73.73737373737373,40.53065621900676,0.6027581493863032,0.5918993432245492,73.73737373737373,40.53065621900676,0.582510503791288,0.5918993432245492,73.73737373737373
39.28334443797505,0.5727598823994877,0.5554750537311058,72.72727272727273,39.28334443797505,0.5789838220081944,0.5554750537311058,72.72727272727273,39.551096341609316,0.5785171741110541,0.5341834867174284,72.72727272727273,39.551096341609316,0.5586000558177525,0.5341834867174284,72.72727272727273
40.163735608972964,0.5844620693878846,0.5807764874741108,73.73737373737373,40.163735608972964,0.5913518211874824,0.5807764874741108,73.73737373737373,40.20048303750773,0.5906322312318122,0.5593406827025722,73.73737373737373,40.20048303750773,0.5707950203276334,0.5593406827025722,73.73737373737373
40.377206501954745,0.5810683221316639,0.5750203907829279,72.72727272727273,40.377206501954745,0.5875344189866125,0.5750203907829279,72.72727272727273,40.23712047159217,0.5868440955767162,0.5572695599158872,72.72727272727273,40.23712047159217,0.5687318230204901,0.5572695599158872,72.72727272727273
37.67186907268042,0.5903654586891735,0.5918771830670931,73.73737373737373,37.67186907268042,0.5937470720885637,0.5918771830670931,73.73737373737373,37.97384977441486,0.5961588765658925,0.5720700366615552,73.73737373737373,37.97384977441486,0.5742703062218342,0.5720700366615552,73.73737373737373
40.01885474138356,0.5946546930686539,0.589269850898652,73.73737373737373,40.01885474138356,0.5994174767413962,0.589269850898652,73.73737373737373,40.13936637405771,0.6005853134528341,0.5700481789681464,73.73737373737373,40.13936637405771,0.5796948592142679,0.5700481789681464,73.73737373737373
40.502772956608325,0.5834202531727649,0.5773851852038275,75.75757575757575,40.502772956608325,0.5866746545273274,0.5773851852038275,75.75757575757575,40.577798545504365,0.589409638257212,0.5577093527340642,75.75757575757575,40.577798545504365,0.5669359260496929,0.5577093527340642,75.75757575757575
40.85944150115102,0.5861045117287774,0.5747650961125359,70.70707070707071,40.85944150115102,0.59085021509633,0.5747650961125359,70.70707070707071,40.67605276618892,0.5920974824272303,0.5533667166137812,70.70707070707071,40.67605276618892,0.5702736969863712,0.5533667166137812,70.70707070707071
39.40625664949725,0.5876291467242443,0.5869905828160255,72.72727272727273,39.40625664949725,0.5919062821076156,0.5869905828160255,72.72727272727273,39.228014592851835,0.5937142012374024,0.567814783819687,71.71717171717171,39.228014592851835,0.5722458220975186,0.567814783819687,71.71717171717171
38.92557925114218,0.5992399758703204,0.6070105792164617,73.73737373737373,38.92557925114218,0.6023357896598394,0.6070105792164617,73.73737373737373,38.7702280425185,0.6049713435929429,0.5884219471860541,72.72727272727273,38.7702280425185,0.5834096801341551,0.5884219471860541,72.72727272727273
40.29624200454326,0.5887187718367153,0.5909172202385389,73.73737373737373,40.29624200454326,0.5928827727659859,0.5909172202385389,73.73737373737373,40.13675684750363,0.5947344822314097,0.5724017119166682,73.73737373737373,40.13675684750363,0.5738070864678521,0.5724017119166682,73.73737373737373
39.55695358532303,0.5870475524604886,0.5848790225638376,72.72727272727273,39.55695358532303,0.5918773564572122,0.5848790225638376,72.72727272727273,40.813592867637105,0.5928794997882879,0.5635069363215262,72.72727272727273,40.813592867637105,0.5718288070846078,0.5635069363215262,72.72727272727273
39.55527355283668,0.6098388573379518,0.6289466986713681,74.74747474747475,39.55527355283668,0.6112997415647533,0.6289466986713681,74.74747474747475,39.57542905189781,0.6160795433647441,0.6073309344767909,74.74747474747475,39.57542905189781,0.5914708029239465,0.6073309344767909,74.74747474747475
38.68417779948228,0.5945132993436129,0.588793264873785,73.73737373737373,38.68417779948228,0.597539448452306,0.588793264873785,73.73737373737373,38.508543598664666,0.6002010033426044,0.5680497006995754,73.73737373737373,38.508543598664666,0.5777537306276275,0.5680497006995754,73.73737373737373
40.451998352287866,0.5955889261782531,0.6027363138860877,74.74747474747475,40.451998352287866,0.5982386496545776,0.6027363138860877,74.74747474747475,40.292050844162056,0.6017907563317726,0.5818665382767105,74.74747474747475,40.292050844162056,0.5784201079183814,0.5818665382767105,74.74747474747475
38.876116897539305,0.5901763409218328,0.5820086799928514,70.70707070707071,38.876116897539305,0.5945008276955155,0.5820086799928514,70.70707070707071,39.268813235490185,0.5960723331178492,0.5613106367187699,70.70707070707071,39.268813235490185,0.574461543956,0.5613106367187699,70.70707070707071
41.26030441960856,0.5857986900173517,0.5767229363754813,72.72727272727273,41.26030441960856,0.590200522369026,0.5767229363754813,72.72727272727273,41.1579583762129,0.5915812655765287,0.5568259349397422,72.72727272727273,41.1579583762129,0.5704326988839579,0.5568259349397422,72.72727272727273
40.17352797345751,0.6066208436537355,0.6169150352983468,76.76767676767676,40.17352797345751,0.6095520703145121,0.6169150352983468,76.76767676767676,40.0359888129913,0.6129556724629844,0.5961880270127041,76.76767676767676,40.0359888129913,0.5895532355228058,0.5961880270127041,76.76767676767676
40.220073049373696,0.5906922389612153,0.5904470496739771,73.73737373737373,40.220073049373696,0.5949234188610452,0.5904470496739771,73.73737373737373,40.2797146581922,0.5967138054129163,0.5723986216007979,73.73737373737373,40.2797146581922,0.5758202661987106,0.5723986216007979,73.73737373737373
40.25432301245604,0.5835528550000187,0.5751926693190472,72.72727272727273,40.25432301245604,0.5880797986759962,0.5751926693190472,72.72727272727273,40.25247121766057,0.5897025074054795,0.5572535506168722,72.72727272727273,40.25247121766057,0.5687565339751677,0.5572535506168722,72.72727272727273
38.55108369626967,0.5823565858398405,0.5731427398444593,72.72727272727273,38.55108369626967,0.5873756421017271,0.5731427398444593,72.72727272727273,38.37593380456984,0.5881568345345378,0.5545186934640796,72.72727272727273,38.37593380456984,0.5678754823278538,0.5545186934640796,72.72727272727273
40.10791160142488,0.5951114054574822,0.5950628900942478,72.72727272727273,40.10791160142488,0.6008582397335618,0.5950628900942478,72.72727272727273,40.00088750001633,0.6009848901315331,0.5771506916170073,72.72727272727273,40.00088750001633,0.5819847188194176,0.5771506916170073,72.72727272727273
40.60785092085097,0.5950224093900351,0.5992711889241287,72.72727272727273,40.60785092085097,0.5987010547725518,0.5992711889241287,72.72727272727273,40.48841776347813,0.6010893634723989,0.5791609419033728,72.72727272727273,40.48841776347813,0.5788785717066869,0.5791609419033728,72.72727272727273
39.85470587839471,0.5845552545856867,0.5810863781278243,74.74747474747475,39.85470587839471,0.589241003206902,0.5810863781278243,74.74747474747475,39.75641639989619,0.590408877824791,0.5600283841910825,74.74747474747475,39.75641639989619,0.5691007787108128,0.5600283841910825,74.74747474747475
39.764713896441805,0.5907564281168396,0.596121448022634,73.73737373737373,39.764713896441805,0.5943411503983433,0.596121448022634,73.73737373737373,39.6427632112037,0.5965898021907048,0.5770573355221225,73.73737373737373,39.6427632112037,0.5753181168115793,0.5770573355221225,73.73737373737373
41.00900382258531,0.576948786167383,0.5659379696092137,72.72727272727273,41.00900382258531,0.5828219629653821,0.5659379696092137,72.72727272727273,40.84741537415362,0.5827290257486049,0.5469652636345728,71.71717171717171,40.84741537415362,0.5633670363211647,0.5469652636345728,71.71717171717171
38.79080198974836,0.5932766860393222,0.6008984835201543,73.73737373737373,38.79080198974836,0.5958444429546889,0.6008984835201543,73.73737373737373,38.947520042739434,0.5994550897949732,0.5817326328708908,73.73737373737373,38.947520042739434,0.5765940296811696,0.5817326328708908,73.73737373737373
41.55242242469088,0.5825121112286142,0.577557291760596,73.73737373737373,41.55242242469088,0.5875441953957048,0.577557291760596,73.73737373737373,41.36662774358329,0.5883267351681973,0.5589220323511392,73.73737373737373,41.36662774358329,0.5682980267816764,0.5589220323511392,73.73737373737373
39.889469658295496,0.586066232068829,0.589737420090674,71.71717171717171,39.889469658295496,0.5917258124694403,0.589737420090674,71.71717171717171,39.823069635942254,0.591959812351109,0.5717128451385484,71.71717171717171,39.823069635942254,0.5727894321939819,0.5717128451385484,71.71717171717171
37.67302692954446,0.5864583001774994,0.5874561358356516,73.73737373737373,37.67302692954446,0.589118262887812,0.5874561358356516,73.73737373737373,38.89041436912024,0.5922039234195424,0.5697909724532196,72.72727272727273,38.89041436912024,0.5704107612716731,0.5697909724532196,72.72727272727273
39.494371215143744,0.5895125509392207,0.5891932662601913,75.75757575757575,39.494371215143744,0.5922419753280566,0.5891932662601913,75.75757575757575,39.388765643468474,0.5951541537508938,0.5717512448503465,75.75757575757575,39.388765643468474,0.573726630453093,0.5717512448503465,75.75757575757575
39.89105350165841,0.5980367755569029,0.6060919261263196,72.72727272727273,39.89105350165841,0.6016898110702673,0.6060919261263196,72.72727272727273,39.80048513534863,0.6038028167874998,0.588150626099392,72.72727272727273,39.80048513534863,0.5832225141298752,0.588150626099392,72.72727272727273
37.97716424322128,0.5803675561460775,0.5767423187821218,74.74747474747475,37.97716424322128,0.586076858676531,0.5767423187821218,74.74747474747475,38.25866138363937,0.586157421418553,0.5577443592691649,74.74747474747475,38.25866138363937,0.5666659828159358,0.5577443592691649,74.74747474747475
39.5154593317819,0.5669759490831325,0.5479209019982192,73.73737373737373,39.5154593317819,0.5744361959410915,0.5479209019982192,73.73737373737373,39.324181380334686,0.5726416139839221,0.5283715417365142,73.73737373737373,39.324181380334686,0.5546442275487338,0.5283715417365142,73.73737373737373
38.61634666109966,0.5762490333797909,0.5657027969624745,74.74747474747475,38.61634666109966,0.5827314208510281,0.5657027969624745,74.74747474747475,38.46194417864537,0.5822501694692521,0.5433220354883278,73.73737373737373,38.46194417864537,0.561969837246461,0.5433220354883278,73.73737373737373
40.04515377168079,0.6015301023462751,0.607439850091034,71.71717171717171,40.04515377168079,0.6033044867360828,0.607439850091034,71.71717171717171,39.93827423708329,0.6072376306310436,0.5897919608889435,71.71717171717171,39.93827423708329,0.5848683576431213,0.5897919608889435,71.71717171717171
40.938757495459775,0.5907731400378841,0.590821030026018,72.72727272727273,40.938757495459775,0.5959562091182253,0.590821030026018,72.72727272727273,40.75509179303381,0.5965272065252037,0.5712321860060577,72.72727272727273,40.75509179303381,0.5764475861328717,0.5712321860060577,72.72727272727273
40.451034271425726,0.5768297035587532,0.5604936764345259,73.73737373737373,40.451034271425726,0.582080838456603,0.5604936764345259,73.73737373737373,40.89022377189346,0.5821658822084945,0.5410695652356148,72.72727272727273,40.89022377189346,0.5627534984046058,0.5410695652356148,72.72727272727273
39.253127734064606,0.5859364993037037,0.5832513994016761,73.73737373737373,39.253127734064606,0.5881223752500012,0.5832513994016761,73.73737373737373,40.444892660845476,0.5916814657259042,0.5655152567268052,72.72727272727273,40.444892660845476,0.5694584028919004,0.5655152567268052,72.72727272727273
39.30275411518432,0.5746381878302798,0.5574601405029946,73.73737373737373,39.30275411518432,0.5791287221974166,0.5574601405029946,73.73737373737373,39.675230260979674,0.5804746705425166,0.5378944624288233,73.73737373737373,39.675230260979674,0.5592811975990583,0.5378944624288233,73.73737373737373
40.75104703447066,0.5921128765375704,0.600594411644704,74.74747474747475,40.75104703447066,0.5956039406259637,0.600594411644704,74.74747474747475,40.9165220064725,0.5981885426291529,0.5818686001373745,73.73737373737373,40.9165220064725,0.5763745957693247,0.5818686001373745,73.73737373737373
38.90699900541674,0.5917063231195573,0.5924868275947169,71.71717171717171,38.90699900541674,0.595387495626978,0.5924868275947169,71.71717171717171,39.682706078385685,0.5978824097124176,0.5739260780472606,71.71717171717171,39.682706078385685,0.5760819670377063,0.5739260780472606,71.71717171717171
38.871853058232844,0.5939300870352944,0.6005805166674558,72.72727272727273,38.871853058232844,0.5971292534055015,0.6005805166674558,72.72727272727273,39.074038373200416,0.6002804829175005,0.5829766108085332,72.72727272727273,39.074038373200416,0.5780132447080598,0.5829766108085332,72.72727272727273
40.56162919174123,0.6012414842582983,0.6113571392267505,71.71717171717171,40.56162919174123,0.6041960564485993,0.6113571392267505,71.71717171717171,40.42892141509535,0.6068829990534814,0.5952606878821216,71.71717171717171,40.42892141509535,0.5863041399765181,0.5952606878821216,71.71717171717171
38.81769298872222,0.5800702288953985,0.576175513104477,73.73737373737373,38.81769298872222,0.5851481584574958,0.576175513104477,73.73737373737373,38.83755366498409,0.5861685054731982,0.5562748074064744,73.73737373737373,38.83755366498409,0.5651510399679958,0.5562748074064744,73.73737373737373
40.55514981576707,0.596068727617398,0.5934019216745864,74.74747474747475,40.55514981576707,0.6005833911792859,0.5934019216745864,74.74747474747475,40.59088232942829,0.6018706789458832,0.5751184700758011,74.74747474747475,40.59088232942829,0.581335047315211,0.5751184700758011,74.74747474747475
39.44246307000857,0.5761038631893518,0.5621338683302153,72.72727272727273,39.44246307000857,0.5821468581259405,0.5621338683302153,72.72727272727273,39.26409112839063,0.5818227247076173,0.5428801819202471,73.73737373737373,39.26409112839063,0.5625376511691822,0.5428801819202471,73.73737373737373
39.910921297429304,0.593860218396513,0.5932405289355199,71.71717171717171,39.910921297429304,0.5973193463054054,0.5932405289355199,71.71717171717171,39.81662968519398,0.5996951139454165,0.5743414170455173,71.71717171717171,39.81662968519398,0.5782769209265709,0.5743414170455173,71.71717171717171
39.01981276420563,0.5942072255402806,0.5988078896581127,71.71717171717171,39.01981276420563,0.599106770029972,0.5988078896581127,71.71717171717171,39.03975463611079,0.5999125049000673,0.5785173092278793,71.71717171717171,39.03975463611079,0.5794940411311225,0.5785173092278793,71.71717171717171
39.15046018503603,0.5996541777193387,0.6039035459512092,72.72727272727273,39.15046018503603,0.6054394963197509,0.6039035459512092,72.72727272727273,39.118921586186076,0.605758712257584,0.5837974957247025,72.72727272727273,39.118921586186076,0.5853675256452782,0.5837974957247025,72.72727272727273
39.62392743705813,0.5955260503653048,0.600509207586333,72.72727272727273,39.62392743705813,0.5991213402844535,0.600509207586333,72.72727272727273,39.46645540611823,0.6015912858975196,0.5811530418746798,71.71717171717171,39.46645540611823,0.5794399412006364,0.5811530418746798,71.71717171717171
39.17122312155349,0.599237679298031,0.6047072830082942,73.73737373737373,39.17122312155349,0.6027862058596956,0.6047072830082942,73.73737373737373,39.00459531266088,0.6053520944365303,0.5864872088682699,73.73737373737373,39.00459531266088,0.5835936353990192,0.5864872088682699,73.73737373737373
40.73841254323727,0.5903397801591685,0.5881619074128888,73.73737373737373,40.73841254323727,0.5932157778021019,0.5881619074128888,73.73737373737373,41.13483045297552,0.5964534112790889,0.5677123902202521,73.73737373737373,41.13483045297552,0.5733485426931664,0.5677123902202521,73.73737373737373
38.99213894815037,0.5779802103038398,0.5690377077930112,72.72727272727273,38.99213894815037,0.5861219520411765,0.5690377077930112,72.72727272727273,38.8365843039973,0.5836335693893515,0.5475387635289084,71.71717171717171,38.8365843039973,0.5659060402997755,0.5475387635289084,71.71717171717171
39.077916861225034,0.5846424636418113,0.5773465617745497,74.74747474747475,39.077916861225034,0.5906712703786774,0.5773465617745497,74.74747474747475,38.94864145890079,0.5903912446543101,0.5590523417094102,74.74747474747475,38.94864145890079,0.5715067568226352,0.5590523417094102,74.74747474747475
39.61552922348087,0.5973961635445959,0.6059989791163305,72.72727272727273,39.61552922348087,0.6016333193149712,0.6059989791163305,72.72727272727273,39.45808251764643,0.6032158347143275,0.587877924896668,72.72727272727273,39.45808251764643,0.5827561111457265,0.587877924896668,72.72727272727273
38.5594655749702,0.5901153580373804,0.5892364409932234,74.74747474747475,38.5594655749702,0.5941312840729278,0.5892364409932234,74.74747474747475,38.37175644575178,0.5960526542287575,0.5711583643570743,74.74747474747475,38.37175644575178,0.5750886218087881,0.5711583643570743,74.74747474747475
39.17827276065066,0.5935844195218858,0.595534308287722,74.74747474747475,39.17827276065066,0.5970843073783036,0.595534308287722,74.74747474747475,38.988245811804454,0.5994849896845822,0.5776532210684637,73.73737373737373,38.988245811804454,0.5782122792754842,0.5776532210684637,73.73737373737373
40.29850330513231,0.5904958952744096,0.5897724556249253,73.73737373737373,40.29850330513231,0.5938046632528149,0.5897724556249253,73.73737373737373,40.16061779360949,0.5963967917354668,0.5723013819412341,74.74747474747475,40.16061779360949,0.5749258008229443,0.5723013819412341,74.74747474747475
40.38269243749571,0.5797637823320876,0.5769706119750939,71.71717171717171,40.38269243749571,0.5852517987142708,0.5769706119750939,71.71717171717171,40.834290520343416,0.5857089907877209,0.5557857888356716,70.70707070707071,40.834290520343416,0.5650780371640923,0.5557857888356716,70.70707070707071
40.19995527278824,0.5960487423728389,0.6073382921633956,72.72727272727273,40.19995527278824,0.6003142222018565,0.6073382921633956,72.72727272727273,41.46716749230226,0.6020312235778866,0.588560299880149,72.72727272727273,41.46716749230226,0.5811850881519978,0.588560299880149,72.72727272727273
39.43617538563029,0.5922056221034477,0.5904718157946249,72.72727272727273,39.43617538563029,0.5952066363747942,0.5904718157946249,72.72727272727273,39.319821008164645,0.5977136425907759,0.5720235770450923,72.72727272727273,39.319821008164645,0.5763761529686997,0.5720235770450923,72.72727272727273
39.41629970704237,0.6009042562212707,0.6016009601699529,73.73737373737373,39.41629970704237,0.6050360131116244,0.6016009601699529,73.73737373737373,39.22538876999143,0.6065658666737104,0.5806415220746008,73.73737373737373,39.22538876999143,0.5852837351757703,0.5806415220746008,73.73737373737373
39.85320537776359,0.5891126301423759,0.5875700677925499,72.72727272727273,39.85320537776359,0.5939192293507779,0.5875700677925499,72.72727272727273,39.72211991937476,0.5949385330048257,0.5702458396632095,72.72727272727273,39.72211991937476,0.5752196482184395,0.5702458396632095,72.72727272727273
39.32407436816724,0.5937824562660332,0.5953937983267069,72.72727272727273,39.32407436816724,0.5976803064549261,0.5953937983267069,72.72727272727273,39.7201545729719,0.5996141560004427,0.5784340982000178,72.72727272727273,39.7201545729719,0.5792386869227374,0.5784340982000178,72.72727272727273
40.32906525769151,0.5863881370836057,0.5814232131268962,72.72727272727273,40.32906525769151,0.591113865908822,0.5814232131268962,72.72727272727273,40.73261703956659,0.5922725834902489,0.5603496949281424,72.72727272727273,40.73261703956659,0.5709871252260468,0.5603496949281424,72.72727272727273
39.78184929219345,0.5927617757837533,0.596612197306104,74.74747474747475,39.78184929219345,0.5979501810004978,0.596612197306104,74.74747474747475,39.705301066712416,0.5988302736777191,0.5786933668054999,74.74747474747475,39.705301066712416,0.5789951049248814,0.5786933668054999,74.74747474747475
40.4277535933381,0.5972690229888478,0.6048638386276597,72.72727272727273,40.4277535933381,0.6010611590130643,0.6048638386276597,72.72727272727273,40.464700890105334,0.6035004289237195,0.5842908300640828,72.72727272727273,40.464700890105334,0.5811114689937877,0.5842908300640828,72.72727272727273
39.18863115953025,0.5951070720887082,0.5988801762583498,74.74747474747475,39.18863115953025,0.5986788959055516,0.5988801762583498,74.74747474747475,39.45251845345686,0.6011828605226084,0.5778369495587752,74.74747474747475,39.45251845345686,0.5785181432353479,0.5778369495587752,74.74747474747475
39.55707692203268,0.5771038310608128,0.558564480610293,73.73737373737373,39.55707692203268,0.5831355858436462,0.558564480610293,73.73737373737373,39.61587329040037,0.5830853711434938,0.5378640723088002,73.73737373737373,39.61587329040037,0.5625744771199994,0.5378640723088002,73.73737373737373
40.483681410769776,0.5744845336121569,0.5693666821591707,72.72727272727273,40.483681410769776,0.5806559755744419,0.5693666821591707,72.72727272727273,40.8883678323542,0.5805365247219445,0.5505630115720119,73.73737373737373,40.8883678323542,0.5612014297164047,0.5505630115720119,73.73737373737373
39.44089053201927,0.5913850259029106,0.5884823281240193,71.71717171717171,39.44089053201927,0.5961831676589218,0.5884823281240193,71.71717171717171,39.508174686304834,0.5970816459605819,0.5670440865710231,71.71717171717171,39.508174686304834,0.5760094895772168,0.5670440865710231,71.71717171717171
38.832477467605656,0.5714296290180745,0.5529999045200186,71.71717171717171,38.832477467605656,0.5782943647447452,0.5529999045200186,71.71717171717171,39.14501910261692,0.5773104082921234,0.5337752275110077,71.71717171717171,39.14501910261692,0.5584394098351735,0.5337752275110077,71.71717171717171
38.99203838536417,0.5912990548033634,0.5899728708587806,72.72727272727273,38.99203838536417,0.5953733184682004,0.5899728708587806,72.72727272727273,38.81528824626591,0.5969403511915592,0.5711740686818676,72.72727272727273,38.81528824626591,0.5761536366507167,0.5711740686818676,72.72727272727273
39.44706815766644,0.5889282005941635,0.5934425012051838,72.72727272727273,39.44706815766644,0.5927086067163554,0.5934425012051838,72.72727272727273,39.541627324618,0.5950984996231716,0.5743992555783237,72.72727272727273,39.541627324618,0.5731676073412335,0.5743992555783237,72.72727272727273
39.13154553807858,0.591165859520629,0.5935087658407856,75.75757575757575,39.13154553807858,0.5948920359229604,0.5935087658407856,75.75757575757575,39.026784268284366,0.5971841690034436,0.5742246140543082,75.75757575757575,39.026784268284366,0.5754107950833678,0.5742246140543082,75.75757575757575
38.83966807985077,0.584876093841338,0.5847612833594216,71.71717171717171,38.83966807985077,0.5902915427753458,0.5847612833594216,71.71717171717171,38.65090590325464,0.5907115531683023,0.5646707905338545,72.72727272727273,38.65090590325464,0.570557954194856,0.5646707905338545,72.72727272727273
39.64338981684088,0.5913033394140486,0.5956052155012846,73.73737373737373,39.64338981684088,0.5970728111496808,0.5956052155012846,73.73737373737373,39.47703222301479,0.5971471243875816,0.5785074310229688,73.73737373737373,39.47703222301479,0.5786551885455697,0.5785074310229688,73.73737373737373
39.71385394955762,0.592999188899817,0.5932323945872244,71.71717171717171,39.71385394955762,0.5970788120466934,0.5932323945872244,71.71717171717171,39.850670502092356,0.5988532942967322,0.5742196951783267,71.71717171717171,39.850670502092356,0.5778153946853248,0.5742196951783267,71.71717171717171
40.34330453538645,0.594104115610748,0.5958239281774198,73.73737373737373,40.34330453538645,0.5976117267860721,0.5958239281774198,73.73737373737373,40.746960977469726,0.5998962167925226,0.5757019084201953,73.73737373737373,40.746960977469726,0.5781512095863037,0.5757019084201953,73.73737373737373
39.45414260016014,0.5855598963935293,0.5820427702087154,72.72727272727273,39.45414260016014,0.592151461176855,0.5820427702087154,72.72727272727273,39.709026271717704,0.5913314220267252,0.5647599546642319,72.72727272727273,39.709026271717704,0.5735112372666409,0.5647599546642319,72.72727272727273
39.352121237727665,0.5828228530296301,0.5777948121431105,72.72727272727273,39.352121237727665,0.5886103041510391,0.5777948121431105,72.72727272727273,39.246846204093885,0.5888385982788442,0.5567699719394309,72.72727272727273,39.246846204093885,0.568360342566957,0.5567699719394309,72.72727272727273
41.08711783524149,0.5887302039204096,0.5905140350136775,71.71717171717171,41.08711783524149,0.5927215950589,0.5905140350136775,71.71717171717171,40.93776426530453,0.5946340693185967,0.571277252729314,71.71717171717171,40.93776426530453,0.5731957243595243,0.571277252729314,71.71717171717171
38.89755254005035,0.5862503590004339,0.5877197252154269,74.74747474747475,38.89755254005035,0.5905800035416507,0.5877197252154269,74.74747474747475,39.29041155019176,0.592044816322419,0.571537760494405,74.74747474747475,39.29041155019176,0.5722391328139431,0.571537760494405,74.74747474747475
40.20334232019219,0.5687554026248604,0.5560098907582023,71.71717171717171,40.20334232019219,0.5762894879594179,0.5560098907582023,71.71717171717171,41.47288209984891,0.5742751743641742,0.5389253882079278,71.71717171717171,41.47288209984891,0.5577902315137073,0.5389253882079278,71.71717171717171
41.44257228004312,0.5801817468488419,0.5778789061480945,71.71717171717171,41.44257228004312,0.586081131604109,0.5778789061480945,71.71717171717171,41.30788972804711,0.5864328431759487,0.5576667677601888,71.71717171717171,41.30788972804711,0.5659957731827827,0.5576667677601888,71.71717171717171
41.31166041524948,0.5861562128446978,0.5865853054232271,71.71717171717171,41.31166041524948,0.5895917222471287,0.5865853054232271,71.71717171717171,41.342174825078445,0.5918552216683239,0.5691582876924377,71.71717171717171,41.342174825078445,0.5711772079174254,0.5691582876924377,71.71717171717171
38.37288956032834,0.5767227860670222,0.565000277169005,75.75757575757575,38.37288956032834,0.5829570429861999,0.565000277169005,75.75757575757575,38.74503195302076,0.582496442748371,0.5458402650576615,75.75757575757575,38.74503195302076,0.5633427112299156,0.5458402650576615,75.75757575757575
39.40652654398432,0.5723083039095123,0.5576082366585976,73.73737373737373,39.40652654398432,0.577947560365053,0.5576082366585976,73.73737373737373,39.80322600838303,0.5780434507629094,0.5377798734100726,73.73737373737373,39.80322600838303,0.5582500410906868,0.5377798734100726,73.73737373737373
38.77356190423763,0.5638308617554041,0.540563908501578,73.73737373737373,38.77356190423763,0.5701407820137984,0.540563908501578,73.73737373737373,39.165478928954535,0.5694731861268023,0.5210925432221869,73.73737373737373,39.165478928954535,0.5503947790741306,0.5210925432221869,73.73737373737373
40.49542859384798,0.5967516134606066,0.6024363505209747,72.72727272727273,40.49542859384798,0.5993874845543972,0.6024363505209747,72.72727272727273,40.79061587117704,0.6024031385635789,0.5869232847902142,72.72727272727273,40.79061587117704,0.5816781282177579,0.5869232847902142,72.72727272727273
38.703842965184606,0.5950431099746001,0.5992371281591546,73.73737373737373,38.703842965184606,0.5994375227221838,0.5992371281591546,73.73737373737373,39.086484174860026,0.6010291563704202,0.5784616322598619,73.73737373737373,39.086484174860026,0.5797364784749512,0.5784616322598619,73.73737373737373
38.4201760231886,0.590455364205732,0.5944729397494466,72.72727272727273,38.4201760231886,0.5948727848540352,0.5944729397494466,72.72727272727273,38.26637843651872,0.596292583852543,0.5775458783179095,71.71717171717171,38.26637843651872,0.5759962264903276,0.5775458783179095,71.71717171717171
40.61104410982803,0.5906473473037714,0.5825733653528318,74.74747474747475,40.61104410982803,0.5966548982841811,0.5825733653528318,74.74747474747475,40.64812968464562,0.5964270856889746,0.5626146315868021,74.74747474747475,40.64812968464562,0.576949601071064,0.5626146315868021,74.74747474747475
40.30935741525589,0.5899438227465115,0.5968764353661287,71.71717171717171,40.30935741525589,0.5953755746132778,0.5968764353661287,71.71717171717171,40.71276428677765,0.5961954183945786,0.5774668504838185,71.71717171717171,40.71276428677765,0.5757653925442174,0.5774668504838185,71.71717171717171
39.476718667579824,0.5812192233050866,0.5693317936309985,74.74747474747475,39.476718667579824,0.5868657313389193,0.5693317936309985,74.74747474747475,39.29822391668611,0.5869933142143153,0.547450516885893,73.73737373737373,39.29822391668611,0.566387040823972,0.547450516885893,73.73737373737373
39.76275546310352,0.5879065234031289,0.5845370368890352,71.71717171717171,39.76275546310352,0.5921763422950974,0.5845370368890352,71.71717171717171,39.604865426937494,0.593650915052433,0.5636991985814865,71.71717171717171,39.604865426937494,0.5722459955733903,0.5636991985814865,71.71717171717171
39.67956987797096,0.584538321296904,0.5755573338642819,75.75757575757575,39.67956987797096,0.5913448927704654,0.5755573338642819,75.75757575757575,39.57353490059048,0.5903138979939407,0.5578499453393253,74.74747474747475,39.57353490059048,0.5722173931552015,0.5578499453393253,74.74747474747475
40.74147929692511,0.5872207643834519,0.5837019226188904,73.73737373737373,40.74147929692511,0.5916390028048175,0.5837019226188904,73.73737373737373,41.49286508098411,0.593159187980253,0.5625826469469271,73.73737373737373,41.49286508098411,0.5715659764666091,0.5625826469469271,73.73737373737373
40.32590717653388,0.6000487849179251,0.6069564524648321,73.73737373737373,40.32590717653388,0.6047144725966487,0.6069564524648321,73.73737373737373,40.3252050667304,0.6061821263440814,0.5861025050725579,73.73737373737373,40.3252050667304,0.5848018451819527,0.5861025050725579,73.73737373737373
39.86614459967575,0.5901663705065736,0.5919924994043477,74.74747474747475,39.86614459967575,0.595482507488868,0.5919924994043477,74.74747474747475,40.51435576364021,0.5959006721002431,0.573922153129919,74.74747474747475,40.51435576364021,0.576615125637709,0.573922153129919,74.74747474747475
39.857446545203345,0.5921352793465965,0.5957302872605563,72.72727272727273,39.857446545203345,0.5967580362062775,0.5957302872605563,72.72727272727273,39.6992720864911,0.5981996327715693,0.5758816774410624,71.71717171717171,39.6992720864911,0.5770869524856626,0.5758816774410624,71.71717171717171
38.87910568437169,0.5901625963357555,0.5916167519556355,72.72727272727273,38.87910568437169,0.5949791145368479,0.5916167519556355,72.72727272727273,38.702764204335715,0.596034652891243,0.5727615164520847,72.72727272727273,38.702764204335715,0.5756929237054137,0.5727615164520847,72.72727272727273
40.0344793618314,0.6026569102404093,0.6127924578961508,72.72727272727273,40.0344793618314,0.6052745952417071,0.6127924578961508,72.72727272727273,40.05019327013423,0.6088537890028278,0.5942039262275904,73.73737373737373,40.05019327013423,0.5859689611095529,0.5942039262275904,73.73737373737373
39.101769745836414,0.5926022523328667,0.5945562928306423,74.74747474747475,39.101769745836414,0.5966239149523638,0.5945562928306423,74.74747474747475,38.92462331170125,0.5985829745488904,0.5765405988306456,75.75757575757575,38.92462331170125,0.5772548835308604,0.5765405988306456,75.75757575757575
39.765956582998726,0.5858982819402245,0.5842338174179726,72.72727272727273,39.765956582998726,0.5901323926853682,0.5842338174179726,72.72727272727273,40.16534249477458,0.5918000739863862,0.5646568075614937,71.71717171717171,40.16534249477458,0.5706176774486009,0.5646568075614937,71.71717171717171
40.321457311025,0.5866940354355146,0.5849522902275522,73.73737373737373,40.321457311025,0.5914208588103382,0.5849522902275522,73.73737373737373,40.13995799919974,0.5927844244524423,0.5637869664251451,72.72727272727273,40.13995799919974,0.5710871149849144,0.5637869664251451,72.72727272727273
39.84014556211377,0.5818369465888019,0.5817873967775864,72.72727272727273,39.84014556211377,0.5866403545399803,0.5817873967775864,72.72727272727273,39.66035253782708,0.5877635569462698,0.5646534389445494,71.71717171717171,39.66035253782708,0.5679154240738282,0.5646534389445494,71.71717171717171
39.91140399117599,0.5761437415754753,0.5538426001822372,75.75757575757575,39.91140399117599,0.583737603114068,0.5538426001822372,75.75757575757575,39.78018411236018,0.5816900526001194,0.5352195715758454,74.74747474747475,39.78018411236018,0.5644642326014403,0.5352195715758454,74.74747474747475
40.34909725176625,0.5770084483663798,0.5671968427935077,71.71717171717171,40.34909725176625,0.582976035642071,0.5671968427935077,71.71717171717171,40.36956548046755,0.5831478029164099,0.5474088919954077,71.71717171717171,40.36956548046755,0.5630415187812976,0.5474088919954077,71.71717171717171
39.14513498235047,0.5802660117547873,0.5699038289347975,71.71717171717171,39.14513498235047,0.586406040936053,0.5699038289347975,71.71717171717171,39.00836718710578,0.5861055132848545,0.54929371660213,71.71717171717171,39.00836718710578,0.5664328088038684,0.54929371660213,71.71717171717171
39.888676662580494,0.591442023392247,0.594063980876733,73.73737373737373,39.888676662580494,0.5964587728326738,0.594063980876733,73.73737373737373,39.9478967380998,0.597502343557631,0.5737618164847785,73.73737373737373,39.9478967380998,0.5765598781620007,0.5737618164847785,73.73737373737373
40.185396511261075,0.5915259757358664,0.5899599810626366,72.72727272727273,40.185396511261075,0.596258494082192,0.5899599810626366,72.72727272727273,40.12458456066078,0.5973226437992554,0.5707313816143758,72.72727272727273,40.12458456066078,0.5767500420425795,0.5707313816143758,72.72727272727273
39.815974831693154,0.5938552011473333,0.5927678951870412,72.72727272727273,39.815974831693154,0.5986148588838588,0.5927678951870412,72.72727272727273,39.677390516548506,0.5997039714697587,0.5745367268694903,71.71717171717171,39.677390516548506,0.5796695053432657,0.5745367268694903,71.71717171717171
39.90942545108395,0.5786169214129245,0.5719960892443781,73.73737373737373,39.90942545108395,0.5839461271607475,0.5719960892443781,73.73737373737373,39.75109510148474,0.5843313882359249,0.5546265666157426,73.73737373737373,39.75109510148474,0.565204679439284,0.5546265666157426,73.73737373737373
41.15219614685161,0.5786641458644568,0.5722875522971593,71.71717171717171,41.15219614685161,0.5835605911600541,0.5722875522971593,71.71717171717171,41.01815926653488,0.5843394147116961,0.5546501400512104,71.71717171717171,41.01815926653488,0.5645553047797702,0.5546501400512104,71.71717171717171
39.145775096914235,0.5953899999348703,0.598470050622204,73.73737373737373,39.145775096914235,0.59828516439178,0.598470050622204,73.73737373737373,39.169336885683514,0.6013341214893222,0.5792620432844391,72.72727272727273,39.169336885683514,0.5790357805103266,0.5792620432844391,72.72727272727273
39.88354984311897,0.5793293986312795,0.5746394924727618,74.74747474747475,39.88354984311897,0.5855550664349118,0.5746394924727618,74.74747474747475,40.363308165231295,0.5850180631140424,0.5554233604231795,74.74747474747475,40.363308165231295,0.5661005975628265,0.5554233604231795,74.74747474747475
40.603589418390364,0.6099899368637355,0.6253117681624092,73.73737373737373,40.603589418390364,0.6128814601274126,0.6253117681624092,73.73737373737373,40.59123822950449,0.6160334997222825,0.6050975086203343,73.73737373737373,40.59123822950449,0.5932744756094561,0.6050975086203343,73.73737373737373
40.348856335874636,0.5851059583384972,0.5740777477884887,72.72727272727273,40.348856335874636,0.5896458269149799,0.5740777477884887,72.72727272727273,40.24127833112845,0.5909061537827194,0.554458961569229,71.71717171717171,40.24127833112845,0.5699146493077933,0.554458961569229,71.71717171717171
40.014628602176536,0.5893884651598364,0.5898773033720097,71.71717171717171,40.014628602176536,0.5927788265613956,0.5898773033720097,71.71717171717171,39.877530841111245,0.5953136584200122,0.5701025891306344,70.70707070707071,39.877530841111245,0.5732870433458932,0.5701025891306344,70.70707070707071
39.10238466787206,0.6050915219062394,0.6158912523400046,73.73737373737373,39.10238466787206,0.608766335031997,0.6158912523400046,73.73737373737373,39.29980709073831,0.6111933603746903,0.5961191970013076,73.73737373737373,39.29980709073831,0.5894673634378096,0.5961191970013076,73.73737373737373
39.71148737432436,0.5893280623583019,0.5902087687201496,72.72727272727273,39.71148737432436,0.592988819494125,0.5902087687201496,72.72727272727273,40.11046754149178,0.5953656234628574,0.568861119423953,72.72727272727273,40.11046754149178,0.5725749016230768,0.568861119423953,72.72727272727273
40.04812739396324,0.5797707721530172,0.571231582430624,72.72727272727273,40.04812739396324,0.5864466806153983,0.571231582430624,72.72727272727273,40.44960736722331,0.5858775696037168,0.5516359988608324,72.72727272727273,40.44960736722331,0.5665385997965016,0.5516359988608324,72.72727272727273
39.485711709191975,0.576392596410229,0.5717920866720407,73.73737373737373,39.485711709191975,0.5820646673704739,0.5717920866720407,73.73737373737373,39.328657029839555,0.5824838523096476,0.5534750113475537,73.73737373737373,39.328657029839555,0.5626731169164014,0.5534750113475537,73.73737373737373
40.44505453253515,0.6006623624741037,0.6093530244764949,73.73737373737373,40.44505453253515,0.6040810400915995,0.6093530244764949,73.73737373737373,40.30676378798578,0.6066610208226102,0.5880418671911001,73.73737373737373,40.30676378798578,0.5841040853989334,0.5880418671911001,73.73737373737373
39.61502266509854,0.5828029815715912,0.5751496292477164,72.72727272727273,39.61502266509854,0.5868891362214778,0.5751496292477164,72.72727272727273,40.47281987695802,0.588564161906858,0.5543710212986446,72.72727272727273,40.47281987695802,0.5670051619263375,0.5543710212986446,72.72727272727273
39.4737818009544,0.5810712958693187,0.569838402962035,73.73737373737373,39.4737818009544,0.5873963069403947,0.569838402962035,73.73737373737373,39.36822403333156,0.5869214719980098,0.5495519553214077,73.73737373737373,39.36822403333156,0.5673459793692808,0.5495519553214077,73.73737373737373
39.26166134787277,0.5825782732113094,0.5776388855201966,72.72727272727273,39.26166134787277,0.5874050652202205,0.5776388855201966,72.72727272727273,39.65727205572862,0.5885527177723195,0.5582673316334015,72.72727272727273,39.65727205572862,0.5678105643601237,0.5582673316334015,72.72727272727273
40.438798888204566,0.5667827294251404,0.547680986053769,74.74747474747475,40.438798888204566,0.573323699554456,0.547680986053769,74.74747474747475,40.300525421173184,0.5723431784202277,0.5282981469674795,74.74747474747475,40.300525421173184,0.5536195635938721,0.5282981469674795,74.74747474747475
40.0007555553362,0.5826363099726101,0.5703855890445444,71.71717171717171,40.0007555553362,0.5881285599468038,0.5703855890445444,71.71717171717171,40.07044403118757,0.5884658881203555,0.5497250790187496,71.71717171717171,40.07044403118757,0.5680131400699355,0.5497250790187496,71.71717171717171
40.87069521462819,0.5888926830635122,0.5866450225410559,72.72727272727273,40.87069521462819,0.5932744341333761,0.5866450225410559,72.72727272727273,40.68726715728056,0.5948484992863672,0.5667488904305902,71.71717171717171,40.68726715728056,0.5735765488510527,0.5667488904305902,71.71717171717171
39.35357311550472,0.5742686282916244,0.5635987235974432,71.71717171717171,39.35357311550472,0.5799411340835987,0.5635987235974432,71.71717171717171,39.19691854570036,0.580134253720967,0.5452543243541887,71.71717171717171,39.19691854570036,0.5607458112650131,0.5452543243541887,71.71717171717171
39.50253461067954,0.584871593509298,0.5814878300836772,71.71717171717171,39.50253461067954,0.5892114680746658,0.5814878300836772,71.71717171717171,39.56126110363414,0.5906194805407772,0.5618173969828684,71.71717171717171,39.56126110363414,0.569789694349687,0.5618173969828684,71.71717171717171
40.47749961031465,0.5979088639952548,0.6056409803990216,74.74747474747475,40.47749961031465,0.6013851431056416,0.6056409803990216,74.74747474747475,40.46293031506549,0.604037423173253,0.5854625318689075,74.74747474747475,40.46293031506549,0.5815397786639016,0.5854625318689075,74.74747474747475
41.57596780429742,0.5923463538007574,0.598272222246737,72.72727272727273,41.57596780429742,0.5964699961829029,0.598272222246737,72.72727272727273,41.40146908945472,0.5984685180019838,0.5781074471726151,71.71717171717171,41.40146908945472,0.5767449518236405,0.5781074471726151,71.71717171717171
40.6972377622295,0.5726521554697177,0.565092889312747,73.73737373737373,40.6972377622295,0.5780292957507355,0.565092889312747,73.73737373737373,40.558252008798355,0.5785247395864139,0.5462603620148702,73.73737373737373,40.558252008798355,0.5586404020630495,0.5462603620148702,73.73737373737373
39.546104581813424,0.5775564971957774,0.5641312695111484,73.73737373737373,39.546104581813424,0.5824638167397314,0.5641312695111484,73.73737373737373,39.9438498048396,0.5829780730876868,0.5445371049242391,72.72727272727273,39.9438498048396,0.5630733646486485,0.5445371049242391,72.72727272727273
38.777018523740026,0.5876723556791955,0.5873717057311897,71.71717171717171,38.777018523740026,0.5915126977163717,0.5873717057311897,71.71717171717171,38.641257419667774,0.5936049848448608,0.5687669042316492,72.72727272727273,38.641257419667774,0.5722063877232311,0.5687669042316492,72.72727272727273
38.92628237952047,0.5978479220819124,0.6019187862984197,75.75757575757575,38.92628237952047,0.6010209527800128,0.6019187862984197,75.75757575757575,39.775762625326706,0.603989910926644,0.5820149647607482,75.75757575757575,39.775762625326706,0.5813104386968445,0.5820149647607482,75.75757575757575
39.23793424995704,0.609182772034917,0.6266866960755155,74.74747474747475,39.23793424995704,0.6124758442562754,0.6266866960755155,74.74747474747475,39.63336630499552,0.6152806940166391,0.607675820731775,74.74747474747475,39.63336630499552,0.5932937449437354,0.607675820731775,74.74747474747475
38.95826864925691,0.5856766992347555,0.5845876421136007,74.74747474747475,38.95826864925691,0.5903357417116033,0.5845876421136007,74.74747474747475,38.85391201788906,0.5916633535979068,0.5645208441295724,74.74747474747475,38.85391201788906,0.5706354954426529,0.5645208441295724,74.74747474747475
40.28477811370278,0.57828638920731,0.5693991428650401,72.72727272727273,40.28477811370278,0.5862707274293164,0.5693991428650401,72.72727272727273,40.19581150964523,0.5837865225700387,0.5500555721503367,72.72727272727273,40.19581150964523,0.5668648182034555,0.5500555721503367,72.72727272727273
39.504505755922416,0.5935474961451105,0.5986671844392176,73.73737373737373,39.504505755922416,0.5975291422229848,0.5986671844392176,73.73737373737373,39.387970641418256,0.5994549287434097,0.5810489685944926,72.72727272727273,39.387970641418256,0.5784771734810266,0.5810489685944926,72.72727272727273
39.59749368837675,0.5949145395147568,0.6034169462491697,73.73737373737373,39.59749368837675,0.5984425782145151,0.6034169462491697,73.73737373737373,39.48071285194672,0.6010284717294121,0.5848308512989016,73.73737373737373,39.48071285194672,0.5793771677498121,0.5848308512989016,73.73737373737373
39.15866526727322,0.6078068532293224,0.6247179326559115,72.72727272727273,39.15866526727322,0.6101130429968838,0.6247179326559115,72.72727272727273,39.15192402393789,0.6141369391831628,0.605191185841284,73.73737373737373,39.15192402393789,0.5905676361562816,0.605191185841284,73.73737373737373
39.231382979074006,0.5963665796078446,0.6016878511377872,73.73737373737373,39.231382979074006,0.5999220820201636,0.6016878511377872,73.73737373737373,39.289761327416684,0.6023679121574612,0.5818234931688949,73.73737373737373,39.289761327416684,0.5802334855922084,0.5818234931688949,73.73737373737373
41.145771389876494,0.5957110485122435,0.5961721347951845,73.73737373737373,41.145771389876494,0.5974284088143008,0.5961721347951845,73.73737373737373,40.99263626963715,0.6017606269296191,0.5765111957315429,73.73737373737373,40.99263626963715,0.5778009534681506,0.5765111957315429,73.73737373737373
39.61736360673969,0.5961608786337924,0.5985017431174862,73.73737373737373,39.61736360673969,0.6008949645292995,0.5985017431174862,73.73737373737373,39.98423602020964,0.6021716393512677,0.5764703840857455,73.73737373737373,39.98423602020964,0.5804564471276904,0.5764703840857455,73.73737373737373
38.534753043002276,0.6111807493633358,0.6251914131364255,72.72727272727273,38.534753043002276,0.6129766402552543,0.6251914131364255,72.72727272727273,38.57024945885515,0.6169725396891372,0.6052265811552644,72.72727272727273,38.57024945885515,0.5937596522991685,0.6052265811552644,72.72727272727273
40.564186219286924,0.5962813804302836,0.6022189023940754,71.71717171717171,40.564186219286924,0.5995109884803695,0.6022189023940754,71.71717171717171,40.916849179227114,0.6023589671998041,0.5832676964262521,71.71717171717171,40.916849179227114,0.5803110275840269,0.5832676964262521,71.71717171717171
40.080300892570754,0.5918953808236872,0.5980913879015216,74.74747474747475,40.080300892570754,0.5954091360409607,0.5980913879015216,74.74747474747475,40.13976494613887,0.5978855379882102,0.5823608398515864,74.74747474747475,40.13976494613887,0.5768980496554871,0.5823608398515864,74.74747474747475
39.29132928098229,0.5673261625565574,0.5427336211954097,73.73737373737373,39.29132928098229,0.5731876796879208,0.5427336211954097,73.73737373737373,39.13486355745726,0.5731301213548896,0.5238233475469196,73.73737373737373,39.13486355745726,0.5533772679632951,0.5238233475469196,73.73737373737373
40.931613113998026,0.5958994686837661,0.6011745062846595,71.71717171717171,40.931613113998026,0.5995189857801344,0.6011745062846595,71.71717171717171,40.81133687127516,0.6018139240878134,0.5828041200325704,71.71717171717171,40.81133687127516,0.5805697031799346,0.5828041200325704,71.71717171717171
38.5751157287048,0.5861192264643775,0.5821980935607816,72.72727272727273,38.5751157287048,0.589620545991002,0.5821980935607816,72.72727272727273,38.965519899160064,0.5922644583002723,0.5628962430012407,72.72727272727273,38.965519899160064,0.5699659219418689,0.5628962430012407,72.72727272727273
39.02164929376231,0.5892034435389206,0.5926719525079205,73.73737373737373,39.02164929376231,0.5946612453162727,0.5926719525079205,73.73737373737373,39.43645210046076,0.5950882958743313,0.5733923818798703,73.73737373737373,39.43645210046076,0.5753858479651585,0.5733923818798703,73.73737373737373
39.85357297377008,0.586478280986551,0.5805615259756761,70.70707070707071,39.85357297377008,0.5903765949937461,0.5805615259756761,70.70707070707071,40.253610518097304,0.5919569334821496,0.5629432537855801,70.70707070707071,40.253610518097304,0.5719861685744925,0.5629432537855801,70.70707070707071
40.20253010336338,0.6053121882370684,0.6174840995981961,72.72727272727273,40.20253010336338,0.6075784807133221,0.6174840995981961,72.72727272727273,40.36905445027412,0.6111927913881743,0.5977142718090522,72.72727272727273,40.36905445027412,0.5881024086951847,0.5977142718090522,72.72727272727273
39.948447519192285,0.5854926282261256,0.5802996225544961,71.71717171717171,39.948447519192285,0.5906786980483476,0.5802996225544961,71.71717171717171,39.817142187798346,0.5912760243814501,0.5617302384843517,71.71717171717171,39.817142187798346,0.571492451122051,0.5617302384843517,71.71717171717171
39.36186406188208,0.5965056549582775,0.5984201046657993,74.74747474747475,39.36186406188208,0.6002717562104889,0.5984201046657993,74.74747474747475,39.68779099446307,0.6025057152792364,0.5776227341032605,74.74747474747475,39.68779099446307,0.580288795877903,0.5776227341032605,74.74747474747475
39.708146602387494,0.5941114986410304,0.5996094796867475,74.74747474747475,39.708146602387494,0.5969604973494255,0.5996094796867475,74.74747474747475,39.55042084810041,0.5999053008826291,0.5827180357570312,74.74747474747475,39.55042084810041,0.5785827767165994,0.5827180357570312,74.74747474747475
41.09826106505251,0.5933865238476816,0.5871254609846195,73.73737373737373,41.09826106505251,0.5998560450259047,0.5871254609846195,73.73737373737373,40.901224793404126,0.5991861532192888,0.5665044538908552,73.73737373737373,40.901224793404126,0.5799203487121942,0.5665044538908552,73.73737373737373
41.1949054606862,0.5959067138523285,0.5987000077022844,71.71717171717171,41.1949054606862,0.5996164654394475,0.5987000077022844,71.71717171717171,41.05455675281049,0.6020136388350559,0.5783227008012862,70.70707070707071,41.05455675281049,0.5797221056738036,0.5783227008012862,70.70707070707071
39.96136788301088,0.5803721838015241,0.5732933104076254,71.71717171717171,39.96136788301088,0.5869751243182592,0.5732933104076254,71.71717171717171,40.02068058515611,0.5863537644979637,0.5523344403794652,71.71717171717171,40.02068058515611,0.5664799133510022,0.5523344403794652,71.71717171717171
39.0695024444325,0.5691357182769048,0.5503235710141954,73.73737373737373,39.0695024444325,0.5759912854374467,0.5503235710141954,73.73737373737373,38.87988085181209,0.5749786359103153,0.5301089763076807,73.73737373737373,38.87988085181209,0.5557048942486229,0.5301089763076807,73.73737373737373
39.13845763775181,0.5904649627457281,0.59029182754633,72.72727272727273,39.13845763775181,0.595071057386445,0.59029182754633,72.72727272727273,39.009039598420124,0.5961545684859275,0.5720262662627331,72.72727272727273,39.009039598420124,0.5760692216069974,0.5720262662627331,72.72727272727273
39.28922947906707,0.585212467518099,0.5779456546516915,72.72727272727273,39.28922947906707,0.590565149691563,0.5779456546516915,72.72727272727273,39.38842090971914,0.5914269491626656,0.5590979357708055,72.72727272727273,39.38842090971914,0.5708065858636016,0.5590979357708055,72.72727272727273
40.14537749249908,0.5786191019111415,0.5691144085485373,73.73737373737373,40.14537749249908,0.5840843505141099,0.5691144085485373,73.73737373737373,40.854802641887034,0.5844540553448652,0.5498680907015576,72.72727272727273,40.854802641887034,0.5646190451783232,0.5498680907015576,72.72727272727273
40.12307508991321,0.5908090057433166,0.5906608224219678,72.72727272727273,40.12307508991321,0.597381102938585,0.5906608224219678,72.72727272727273,39.964105750956655,0.5968586637843456,0.5716010422771185,72.72727272727273,39.964105750956655,0.5778065970582537,0.5716010422771185,72.72727272727273
40.82130405197475,0.6172126880397819,0.6394383490375433,74.74747474747475,40.82130405197475,0.6184766317298047,0.6394383490375433,74.74747474747475,40.71264515781638,0.6234337813788325,0.6194568321915027,74.74747474747475,40.71264515781638,0.5990625930040907,0.6194568321915027,74.74747474747475
40.28751057239727,0.5897517553878366,0.5932546286698679,75.75757575757575,40.28751057239727,0.5961557452100946,0.5932546286698679,75.75757575757575,40.1144699369081,0.595675544645857,0.575585272674672,75.75757575757575,40.1144699369081,0.5772144853826964,0.575585272674672,75.75757575757575
39.194832846712366,0.5955854558913607,0.5985804054581079,72.72727272727273,39.194832846712366,0.5984469640251115,0.5985804054581079,72.72727272727273,39.589940134299354,0.601597198656239,0.5792403205667154,72.72727272727273,39.589940134299354,0.5791844418999819,0.5792403205667154,72.72727272727273
39.119543832225425,0.5987759687174024,0.6069710546560797,71.71717171717171,39.119543832225425,0.6016774653212008,0.6069710546560797,71.71717171717171,38.96360054514292,0.60487853951159,0.5862531467278991,71.71717171717171,38.96360054514292,0.5818236268162134,0.5862531467278991,71.71717171717171
39.370000795784236,0.5866215631733083,0.5856364805459281,73.73737373737373,39.370000795784236,0.5912411275406831,0.5856364805459281,73.73737373737373,39.72174806501523,0.5926436002798899,0.5668212384788495,73.73737373737373,39.72174806501523,0.5718349054212148,0.5668212384788495,73.73737373737373
39.59028499441375,0.5927221496325706,0.5965776600256639,71.71717171717171,39.59028499441375,0.5983566143818081,0.5965776600256639,71.71717171717171,39.64912388110484,0.5986744688302461,0.5770582043003689,71.71717171717171,39.64912388110484,0.5788750229496537,0.5770582043003689,71.71717171717171
39.848273313713236,0.5872003932685057,0.580455322944822,74.74747474747475,39.848273313713236,0.5938824350118561,0.580455322944822,74.74747474747475,40.858248086628194,0.5930959202545756,0.5616702426664569,74.74747474747475,40.858248086628194,0.5743814118291055,0.5616702426664569,74.74747474747475
40.47600840938601,0.5963395673507101,0.601706544683555,73.73737373737373,40.47600840938601,0.5987512156189363,0.601706544683555,73.73737373737373,40.88063861703651,0.6024270504815868,0.584834550294186,73.73737373737373,40.88063861703651,0.5802209047567133,0.584834550294186,73.73737373737373
40.00852247213118,0.590645002656283,0.5917002814951295,72.72727272727273,40.00852247213118,0.5957043740300492,0.5917002814951295,72.72727272727273,40.40970932177338,0.596615710944298,0.5717151143813602,72.72727272727273,40.40970932177338,0.5758171732992909,0.5717151143813602,72.72727272727273
40.21835697585679,0.5927833474580062,0.596703673020165,75.75757575757575,40.21835697585679,0.5967631396082766,0.596703673020165,75.75757575757575,40.059103585219766,0.598929916764962,0.5751881032294051,75.75757575757575,40.059103585219766,0.5764139153907211,0.5751881032294051,75.75757575757575
39.412644046289245,0.584293312239045,0.5785724336728755,72.72727272727273,39.412644046289245,0.5896199998396537,0.5785724336728755,72.72727272727273,39.268464210186394,0.5900079890097849,0.5606392689738482,71.71717171717171,39.268464210186394,0.5705691111163265,0.5606392689738482,71.71717171717171
39.474548461091786,0.5957203151618584,0.5999007436387792,73.73737373737373,39.474548461091786,0.5982923475455197,0.5999007436387792,73.73737373737373,39.3368857524744,0.6016941277996061,0.5823184670245152,72.72727272727273,39.3368857524744,0.5794304085984447,0.5823184670245152,72.72727272727273
40.944136959703755,0.590997603149678,0.5874929755007829,73.73737373737373,40.944136959703755,0.5967977204442526,0.5874929755007829,73.73737373737373,40.823828171442145,0.5972837351842382,0.5654396604232372,74.74747474747475,40.823828171442145,0.5760499920423952,0.5654396604232372,74.74747474747475
40.47699683548653,0.5778101740919919,0.5700280342325783,72.72727272727273,40.47699683548653,0.5835360088699851,0.5700280342325783,72.72727272727273,40.34448127084237,0.5836742227625547,0.5516375692599729,72.72727272727273,40.34448127084237,0.5640722717789652,0.5516375692599729,72.72727272727273
40.43398405100478,0.6004952124687521,0.6059881608238158,72.72727272727273,40.43398405100478,0.6029583199280806,0.6059881608238158,72.72727272727273,40.32621077645595,0.6063725563552917,0.5872079422652874,72.72727272727273,40.32621077645595,0.5837794542072003,0.5872079422652874,72.72727272727273
40.73310213579252,0.5929779195016192,0.5933264982352464,73.73737373737373,40.73310213579252,0.5972578647133036,0.5933264982352464,73.73737373737373,40.6534230896692,0.5989926716526137,0.575136542122308,73.73737373737373,40.6534230896692,0.5779923263891977,0.575136542122308,73.73737373737373
39.858583117773094,0.5827932250880545,0.5712119502392516,71.71717171717171,39.858583117773094,0.5876446465510599,0.5712119502392516,71.71717171717171,39.70040524854384,0.5884597650991304,0.552071231688998,72.72727272727273,39.70040524854384,0.5681790749151063,0.552071231688998,72.72727272727273
38.37495507998996,0.575004008706685,0.5689837876236413,72.72727272727273,38.37495507998996,0.5817715392792472,0.5689837876236413,72.72727272727273,38.27196733283464,0.5810922779661007,0.5517176393847094,71.71717171717171,38.27196733283464,0.5629555313819294,0.5517176393847094,71.71717171717171
38.309135956682475,0.5889548707455544,0.5778047781639736,72.72727272727273,38.309135956682475,0.5930189285299577,0.5778047781639736,72.72727272727273,38.6975023915747,0.594475741143228,0.5592376644167137,72.72727272727273,38.6975023915747,0.5740405687050791,0.5592376644167137,72.72727272727273
39.76760185622388,0.5913211921657013,0.5949172243458948,74.74747474747475,39.76760185622388,0.5950119737905555,0.5949172243458948,74.74747474747475,40.56852436215173,0.5970843780690331,0.5774363331376449,73.73737373737373,40.56852436215173,0.5761527795958219,0.5774363331376449,73.73737373737373
39.86814892267812,0.5913675558468537,0.5917214138022839,72.72727272727273,39.86814892267812,0.5949806575649405,0.5917214138022839,72.72727272727273,39.76167778412702,0.5970174604563275,0.5729106057286071,72.72727272727273,39.76167778412702,0.5760514330781246,0.5729106057286071,72.72727272727273
40.44929776858495,0.592825907764962,0.5906887980389949,72.72727272727273,40.44929776858495,0.5971978049425318,0.5906887980389949,72.72727272727273,40.56082174423159,0.5987773903289724,0.5686302906942919,72.72727272727273,40.56082174423159,0.5766925506190834,0.5686302906942919,72.72727272727273
39.20543137548217,0.5906659948522623,0.5822111999229018,75.75757575757575,39.20543137548217,0.5954506611683423,0.5822111999229018,75.75757575757575,39.02791127387769,0.5964041535761097,0.5626253957966512,73.73737373737373,39.02791127387769,0.5760493541578583,0.5626253957966512,73.73737373737373
40.65314280184724,0.6051616548450927,0.6147657946350218,74.74747474747475,40.65314280184724,0.6067951083577247,0.6147657946350218,74.74747474747475,40.71333237754817,0.6111492853386711,0.5957686842352241,74.74747474747475,40.71333237754817,0.5876806534534365,0.5957686842352241,74.74747474747475
39.74488038731483,0.5906973638602856,0.5901672367737901,73.73737373737373,39.74488038731483,0.5943173269069838,0.5901672367737901,73.73737373737373,40.14410935922898,0.5965205191733494,0.570405783028462,72.72727272727273,40.14410935922898,0.5748451239936625,0.570405783028462,72.72727272727273
41.14678890737188,0.5861329899580338,0.5835967956577242,72.72727272727273,41.14678890737188,0.5913943679748328,0.5835967956577242,72.72727272727273,41.49169638489144,0.5921204021879001,0.563316449585793,72.72727272727273,41.49169638489144,0.5715171609292304,0.563316449585793,72.72727272727273
39.02530068383485,0.6066706232661213,0.6238561652325951,75.75757575757575,39.02530068383485,0.6107706648982749,0.6238561652325951,75.75757575757575,39.07503969181324,0.6125769974688383,0.6036430961804427,73.73737373737373,39.07503969181324,0.5912647257621106,0.6036430961804427,73.73737373737373
39.22496973473517,0.584216803370698,0.5803241206886285,71.71717171717171,39.22496973473517,0.5865281669496856,0.5803241206886285,71.71717171717171,39.068705608554374,0.5899532335861092,0.5627843632282861,71.71717171717171,39.068705608554374,0.5677333246491278,0.5627843632282861,71.71717171717171
39.39132881666411,0.605183675525907,0.6149801015267917,74.74747474747475,39.39132881666411,0.6082158928916026,0.6149801015267917,74.74747474747475,39.20051041870962,0.6111164522178254,0.5971956182664178,73.73737373737373,39.20051041870962,0.5894778604493892,0.5971956182664178,73.73737373737373
39.1065977600244,0.5785318769814628,0.5698530055685616,73.73737373737373,39.1065977600244,0.5836493460278067,0.5698530055685616,73.73737373737373,39.59425577245088,0.5844384187204339,0.5497334013619886,73.73737373737373,39.59425577245088,0.5636505873329716,0.5497334013619886,73.73737373737373
40.04029484027929,0.5919386346221185,0.5952643662705452,72.72727272727273,40.04029484027929,0.5940844786493883,0.5952643662705452,72.72727272727273,39.93342650361464,0.5979064874715256,0.5767251022509952,72.72727272727273,39.93342650361464,0.5750840856041426,0.5767251022509952,72.72727272727273
39.016512623917656,0.5898882113817784,0.5868658344024644,71.71717171717171,39.016512623917656,0.5943028945320239,0.5868658344024644,71.71717171717171,38.9120198782045,0.5958476657800026,0.567288729874508,70.70707070707071,38.9120198782045,0.5747278586346725,0.567288729874508,70.70707070707071
40.00795395692616,0.607095661774803,0.6203838805372488,74.74747474747475,40.00795395692616,0.6085946628900252,0.6203838805372488,74.74747474747475,40.40913659698736,0.6131648534244327,0.6020259233822245,74.74747474747475,40.40913659698736,0.5896591668319948,0.6020259233822245,74.74747474747475
39.1759157844758,0.5934309757464199,0.5925479155202422,74.74747474747475,39.1759157844758,0.5970695125912349,0.5925479155202422,74.74747474747475,39.57088043658038,0.5991300213081439,0.5743289972106886,74.74747474747475,39.57088043658038,0.5780587875269372,0.5743289972106886,74.74747474747475
39.997198320355444,0.5816985428716901,0.5759917186327183,72.72727272727273,39.997198320355444,0.5883330232427719,0.5759917186327183,72.72727272727273,39.83860511216373,0.5874900114672494,0.5584189451628132,72.72727272727273,39.83860511216373,0.5694252303988645,0.5584189451628132,72.72727272727273
40.05149995124342,0.5779750661921996,0.5697088038962921,72.72727272727273,40.05149995124342,0.5845041159510321,0.5697088038962921,72.72727272727273,39.944605792284385,0.58366378324074,0.5502760751041904,72.72727272727273,39.944605792284385,0.5648561040550857,0.5502760751041904,72.72727272727273
40.371209162548126,0.5943075302454641,0.5986153307800933,72.72727272727273,40.371209162548126,0.5971659429736849,0.5986153307800933,72.72727272727273,40.263579862187406,0.6003387264047257,0.5778878719972694,72.72727272727273,40.263579862187406,0.5773054282448702,0.5778878719972694,72.72727272727273
38.62997835088825,0.6015915948330701,0.6077001508139663,70.70707070707071,38.62997835088825,0.6032206187659029,0.6077001508139663,70.70707070707071,38.54134608590134,0.6077090827251205,0.5873600765524161,70.70707070707071,38.54134608590134,0.5834336003149021,0.5873600765524161,70.70707070707071
39.39617719308027,0.6009365635488298,0.6085647149615547,73.73737373737373,39.39617719308027,0.6040593141230246,0.6085647149615547,73.73737373737373,39.30933636172147,0.6069728956768656,0.5897878732582171,73.73737373737373,39.30933636172147,0.5849651948060743,0.5897878732582171,73.73737373737373
40.37006893121641,0.58828525062169,0.5858439656563394,73.73737373737373,40.37006893121641,0.5926859362174631,0.5858439656563394,73.73737373737373,40.39054535708988,0.5941837522788704,0.5677750895209421,73.73737373737373,40.39054535708988,0.5735260820426963,0.5677750895209421,73.73737373737373
40.29282096793059,0.5824104998541677,0.5763339111568224,73.73737373737373,40.29282096793059,0.5854501522528244,0.5763339111568224,73.73737373737373,40.74106166030832,0.5882370159713843,0.5558347321945245,73.73737373737373,40.74106166030832,0.5656751210068683,0.5558347321945245,73.73737373737373
39.21935863582999,0.5880611049835154,0.585900892178717,72.72727272727273,39.21935863582999,0.5927559272783265,0.585900892178717,72.72727272727273,39.04178838321344,0.5941617712255762,0.5657269571054038,72.72727272727273,39.04178838321344,0.5727416415783664,0.5657269571054038,72.72727272727273
39.958732611892515,0.592823505274088,0.5937803633177032,73.73737373737373,39.958732611892515,0.5957370347259816,0.5937803633177032,73.73737373737373,39.82740356936002,0.598927932333617,0.5736905124909186,73.73737373737373,39.82740356936002,0.5757719127369635,0.5736905124909186,73.73737373737373
39.96310135373907,0.5846996335023265,0.5806604169330122,73.73737373737373,39.96310135373907,0.5895088100945703,0.5806604169330122,73.73737373737373,40.15572272515432,0.5908331380537115,0.5587936457572702,73.73737373737373,40.15572272515432,0.5688365240056926,0.5587936457572702,73.73737373737373
39.00867279491058,0.585752328187858,0.5758332765538372,73.73737373737373,39.00867279491058,0.5891137684947447,0.5758332765538372,73.73737373737373,39.06676424257136,0.5917385065503273,0.5555533981891466,73.73737373737373,39.06676424257136,0.5691064773518009,0.5555533981891466,73.73737373737373
41.03694438625974,0.5647528353043563,0.5467830214445922,73.73737373737373,41.03694438625974,0.5723927513499821,0.5467830214445922,73.73737373737373,40.87527414056461,0.5708691320762039,0.5275547055297325,73.73737373737373,40.87527414056461,0.5523490788735566,0.5275547055297325,73.73737373737373
39.503328792260916,0.5812557520389342,0.5802775553445104,71.71717171717171,39.503328792260916,0.5861668111116654,0.5802775553445104,71.71717171717171,39.34622085100128,0.5872820771096026,0.560972986499326,71.71717171717171,39.34622085100128,0.5667272506444405,0.560972986499326,71.71717171717171
39.326080087492265,0.5839808146709603,0.5807628194505814,72.72727272727273,39.326080087492265,0.5895318602987022,0.5807628194505814,72.72727272727273,39.18882002541066,0.5899781848046071,0.5604941551050348,72.72727272727273,39.18882002541066,0.5696780509493191,0.5604941551050348,72.72727272727273
39.25602568022074,0.5853576567375565,0.5832489698056895,72.72727272727273,39.25602568022074,0.5886151530209032,0.5832489698056895,72.72727272727273,39.15275641217981,0.5915085860268308,0.5652955074222596,72.72727272727273,39.15275641217981,0.5694167001292454,0.5652955074222596,72.72727272727273
38.39040539325117,0.5886736267050334,0.588690017088582,70.70707070707071,38.39040539325117,0.5928881477413519,0.588690017088582,70.70707070707071,38.40511092234294,0.5945107952238147,0.5687395981098307,70.70707070707071,38.40511092234294,0.573229325552564,0.5687395981098307,70.70707070707071
39.378421294073576,0.5922473158109275,0.5886669157626135,74.74747474747475,39.378421294073576,0.5957323548732487,0.5886669157626135,74.74747474747475,39.39850647417323,0.5979298766852632,0.5697460230469442,74.74747474747475,39.39850647417323,0.5766645352987877,0.5697460230469442,74.74747474747475
40.21629102152121,0.5860568420527639,0.5790784108561543,72.72727272727273,40.21629102152121,0.5914566815164952,0.5790784108561543,72.72727272727273,40.0224401047676,0.5918865647864143,0.560091910621132,73.73737373737373,40.0224401047676,0.5721108341739874,0.560091910621132,73.73737373737373
38.59490392267033,0.593249283320904,0.5954291750238366,71.71717171717171,38.59490392267033,0.5976049360961293,0.5954291750238366,71.71717171717171,38.652460069300076,0.5989363968388483,0.5753523170260945,71.71717171717171,38.652460069300076,0.5781624972551117,0.5753523170260945,71.71717171717171
38.40724406876691,0.5989904111233945,0.6066201824105166,74.74747474747475,38.40724406876691,0.6009394251233084,0.6066201824105166,74.74747474747475,38.796363470120774,0.6052946233224107,0.5853906047514725,74.74747474747475,38.796363470120774,0.5808834604858744,0.5853906047514725,74.74747474747475
39.9322114670243,0.5855794814205244,0.5821796301829864,74.74747474747475,39.9322114670243,0.5898118737333506,0.5821796301829864,74.74747474747475,39.99148702773356,0.5916129940990623,0.5632868285342012,74.74747474747475,39.99148702773356,0.5704471191441656,0.5632868285342012,74.74747474747475
40.06177615679476,0.5888216201781349,0.5890603305111052,73.73737373737373,40.06177615679476,0.5928642514913682,0.5890603305111052,73.73737373737373,39.8982058683526,0.5946852997718999,0.5701184372101118,73.73737373737373,39.8982058683526,0.5736673523562579,0.5701184372101118,73.73737373737373
40.48937632344114,0.5791630956857043,0.5663517461197161,73.73737373737373,40.48937632344114,0.5834082839581793,0.5663517461197161,73.73737373737373,40.69143568248865,0.585058489633672,0.5475119103045627,72.72727272727273,40.69143568248865,0.5639506930293625,0.5475119103045627,72.72727272727273
38.82531126396115,0.5961431953491843,0.6036570798889038,73.73737373737373,38.82531126396115,0.5998533056564354,0.6036570798889038,73.73737373737373,39.7842911975012,0.6021576355108529,0.5830365244890487,73.73737373737373,39.7842911975012,0.5800543992706506,0.5830365244890487,73.73737373737373
39.739853742140774,0.5791893894278306,0.5687142422164096,75.75757575757575,39.739853742140774,0.5854263787197433,0.5687142422164096,75.75757575757575,39.58203257948074,0.5847457720038529,0.5486552543851864,75.75757575757575,39.58203257948074,0.565536428677863,0.5486552543851864,75.75757575757575
39.80584324712494,0.5899154567821918,0.592204929493254,71.71717171717171,39.80584324712494,0.5945859371243365,0.592204929493254,71.71717171717171,39.69238990750598,0.5957371273091937,0.5729650543383484,71.71717171717171,39.69238990750598,0.5752834878605757,0.5729650543383484,71.71717171717171
39.8478647452492,0.5852563075081446,0.5863823304599477,73.73737373737373,39.8478647452492,0.5907176616155626,0.5863823304599477,73.73737373737373,39.67898577477642,0.5912950746738967,0.5664353749716511,73.73737373737373,39.67898577477642,0.5709166788552067,0.5664353749716511,73.73737373737373
41.30727371877465,0.5947879449660214,0.5989034421308213,74.74747474747475,41.30727371877465,0.5973515027779508,0.5989034421308213,74.74747474747475,41.12232656858602,0.6007727260315902,0.5807087669341957,73.73737373737373,41.12232656858602,0.5782835209867405,0.5807087669341957,73.73737373737373
39.3922077926522,0.581762627288793,0.5733217287824673,73.73737373737373,39.3922077926522,0.5876108960090981,0.5733217287824673,73.73737373737373,39.42836652174343,0.5874302894771148,0.5536109544057759,73.73737373737373,39.42836652174343,0.5680146420127905,0.5536109544057759,73.73737373737373
39.705449178402844,0.5884634829447334,0.5875009554382276,73.73737373737373,39.705449178402844,0.593871333662213,0.5875009554382276,73.73737373737373,39.72566420467859,0.5945384585279336,0.5681359572968798,73.73737373737373,39.72566420467859,0.5742157495337438,0.5681359572968798,73.73737373737373
38.83127879057984,0.5955604726096306,0.5972437646100264,74.74747474747475,38.83127879057984,0.6006591744218541,0.5972437646100264,74.74747474747475,38.614319555205356,0.6017100586725415,0.5786788317774185,74.74747474747475,38.614319555205356,0.5809774250720132,0.5786788317774185,74.74747474747475
38.671518107751915,0.5923311898794861,0.5903039617808392,74.74747474747475,38.671518107751915,0.5966139960800543,0.5903039617808392,74.74747474747475,38.72917359432107,0.5980944033107415,0.5704720123355005,74.74747474747475,38.72917359432107,0.5769541341055967,0.5704720123355005,74.74747474747475
39.309197593680004,0.5926949227184644,0.5994533540822963,72.72727272727273,39.309197593680004,0.5970327350870053,0.5994533540822963,72.72727272727273,39.51431099401878,0.5989376201411591,0.5802793212570893,72.72727272727273,39.51431099401878,0.5775921587908859,0.5802793212570893,72.72727272727273
39.03053613623892,0.5953217028408313,0.5979568838607829,73.73737373737373,39.03053613623892,0.5999280870680437,0.5979568838607829,73.73737373737373,39.06641653306006,0.6012598255245802,0.5795888139578163,72.72727272727273,39.06641653306006,0.5808737353483109,0.5795888139578163,72.72727272727273
40.202332787656225,0.5709150213110046,0.5591511156541851,70.70707070707071,40.202332787656225,0.5753039049213945,0.5591511156541851,70.70707070707071,40.0704440185801,0.5769607419060775,0.5390413008062231,70.70707070707071,40.0704440185801,0.5552798582399898,0.5390413008062231,70.70707070707071
40.63350668540031,0.5884365706582411,0.5858999096852857,74.74747474747475,40.63350668540031,0.5949533288309581,0.5858999096852857,74.74747474747475,40.69367148648817,0.5943470463720348,0.567155426767767,73.73737373737373,40.69367148648817,0.5755943981169003,0.567155426767767,73.73737373737373
39.9992157505761,0.5986733969502842,0.6089096476633618,71.71717171717171,39.9992157505761,0.6013225930677051,0.6089096476633618,71.71717171717171,39.86216086562339,0.6046873425017185,0.590769431285576,71.71717171717171,39.86216086562339,0.5824168455823131,0.590769431285576,71.71717171717171
39.64505773300344,0.585204945646683,0.5801330771718212,74.74747474747475,39.64505773300344,0.5903334254755647,0.5801330771718212,74.74747474747475,39.53910269644296,0.5910740016833225,0.5604968225360638,74.74747474747475,39.53910269644296,0.5706408314038846,0.5604968225360638,74.74747474747475
38.299891371713535,0.5742185528293313,0.5578407986731554,71.71717171717171,38.299891371713535,0.5800516359517216,0.5578407986731554,71.71717171717171,38.14646585060265,0.5796857434158618,0.5399718917309165,71.71717171717171,38.14646585060265,0.5612224145315801,0.5399718917309165,71.71717171717171
39.908326799797145,0.5882089314033365,0.5841013912864113,72.72727272727273,39.908326799797145,0.5938522208740862,0.5841013912864113,72.72727272727273,39.72829115816595,0.5942075723031741,0.5633306094385068,72.72727272727273,39.72829115816595,0.5736740995378082,0.5633306094385068,72.72727272727273
39.812460490090515,0.5905910189892402,0.584932089537642,71.71717171717171,39.812460490090515,0.5961007390088242,0.584932089537642,71.71717171717171,39.620087660493354,0.5963816534580706,0.5657919092739745,70.70707070707071,39.620087660493354,0.5768007653608692,0.5657919092739745,70.70707070707071
40.2546128681887,0.5863916090615708,0.5745803408551469,74.74747474747475,40.2546128681887,0.5918187512984792,0.5745803408551469,74.74747474747475,40.07334962929333,0.5917949424793962,0.5542140291428037,74.74747474747475,40.07334962929333,0.5721827574070599,0.5542140291428037,74.74747474747475
40.082360032355865,0.5966039930692117,0.5977059011294723,72.72727272727273,40.082360032355865,0.600736595309644,0.5977059011294723,72.72727272727273,39.90170646764438,0.6026070004684002,0.5788636710522319,72.72727272727273,39.90170646764438,0.5813577508020273,0.5788636710522319,72.72727272727273
39.33144734884869,0.5750387153878447,0.5688191336418156,74.74747474747475,39.33144734884869,0.5785775307261145,0.5688191336418156,74.74747474747475,39.35151381195099,0.5807981127527271,0.5487195084315571,74.74747474747475,39.35151381195099,0.5590237596893481,0.5487195084315571,74.74747474747475
40.103491689087036,0.5754753942128614,0.5639006467529305,73.73737373737373,40.103491689087036,0.5817646740305349,0.5639006467529305,73.73737373737373,39.964135993919314,0.5814728899946278,0.5421563882968554,73.73737373737373,39.964135993919314,0.5611668017446236,0.5421563882968554,73.73737373737373
39.80004799189394,0.5913591844903281,0.5887956417089089,73.73737373737373,39.80004799189394,0.5946349028541587,0.5887956417089089,73.73737373737373,39.754756920525935,0.5974351478168867,0.5688175270904023,73.73737373737373,39.754756920525935,0.5748127557684597,0.5688175270904023,73.73737373737373
39.642227347242724,0.5793214002169795,0.5701022990919858,74.74747474747475,39.642227347242724,0.5858574548469343,0.5701022990919858,74.74747474747475,39.53627886835485,0.5851981920052036,0.5507318146196973,74.74747474747475,39.53627886835485,0.5661182822198594,0.5507318146196973,74.74747474747475
39.394215706832995,0.5994439297728476,0.6025566627764705,74.74747474747475,39.394215706832995,0.6025466236963988,0.6025566627764705,74.74747474747475,39.43189165576849,0.6054795778565568,0.5831119653429273,74.74747474747475,39.43189165576849,0.582913103068023,0.5831119653429273,74.74747474747475
40.132583460514425,0.5923566129787844,0.5960951043907612,74.74747474747475,40.132583460514425,0.5968659379335479,0.5960951043907612,74.74747474747475,40.65941370694397,0.5984194761887036,0.577791497657617,74.74747474747475,40.65941370694397,0.5774167411144745,0.577791497657617,74.74747474747475
38.95567001884444,0.5868157453985293,0.5849937368666149,73.73737373737373,38.95567001884444,0.590213525876027,0.5849937368666149,73.73737373737373,38.85131946280649,0.5928594716279252,0.5651888976812847,73.73737373737373,38.85131946280649,0.5704949257749101,0.5651888976812847,73.73737373737373
40.24128347586742,0.5957328869514307,0.6029770231435787,72.72727272727273,40.24128347586742,0.6013171720412659,0.6029770231435787,72.72727272727273,40.10930554139954,0.6014441376889117,0.5865092321146343,72.72727272727273,40.10930554139954,0.583045587911338,0.5865092321146343,72.72727272727273
39.15620569090272,0.5767986437015313,0.5639458665659216,72.72727272727273,39.15620569090272,0.582672884469726,0.5639458665659216,72.72727272727273,39.0267458776851,0.5824661930415735,0.5452433449435065,72.72727272727273,39.0267458776851,0.5632703845822181,0.5452433449435065,72.72727272727273
40.26964505306887,0.5905378093901527,0.5952228293168376,73.73737373737373,40.26964505306887,0.593419526582418,0.5952228293168376,73.73737373737373,40.110238999183366,0.5965872010741561,0.5758623747306262,73.73737373737373,40.110238999183366,0.574038295683623,0.5758623747306262,73.73737373737373
39.95260229189771,0.5940247400955829,0.5922412478551796,74.74747474747475,39.95260229189771,0.5993094287656778,0.5922412478551796,74.74747474747475,40.35337482338613,0.5998194901463769,0.5729652476783105,74.74747474747475,40.35337482338613,0.5799320107728575,0.5729652476783105,74.74747474747475
39.927364777488286,0.5757101698333302,0.5678891833174982,72.72727272727273,39.927364777488286,0.5820877554812764,0.5678891833174982,72.72727272727273,39.98663416271584,0.581484456449157,0.5474707308036395,72.72727272727273,39.98663416271584,0.5621553168669291,0.5474707308036395,72.72727272727273
39.65944335444156,0.5818938119269706,0.5730750713093946,74.74747474747475,39.65944335444156,0.5873787824622858,0.5730750713093946,74.74747474747475,39.84428207197315,0.5878186605991318,0.5510881173514233,74.74747474747475,39.84428207197315,0.5667403184841531,0.5510881173514233,74.74747474747475
41.02481109707159,0.5737829083216555,0.5586243679781213,73.73737373737373,41.02481109707159,0.5806797624526707,0.5586243679781213,73.73737373737373,40.884926936841694,0.5796303311252929,0.5395458877919461,73.73737373737373,40.884926936841694,0.5609345799215533,0.5395458877919461,73.73737373737373
38.6914044606377,0.5860439540257252,0.5849571020987362,73.73737373737373,38.6914044606377,0.5895516479152116,0.5849571020987362,73.73737373737373,39.0091359248936,0.5916659169445244,0.568660825783453,73.73737373737373,39.0091359248936,0.5713403937345222,0.568660825783453,73.73737373737373
39.5950954420752,0.5934360595710553,0.5962109755126113,73.73737373737373,39.5950954420752,0.5969711978750789,0.5962109755126113,73.73737373737373,39.43771037332513,0.5992033796606161,0.5796947473729857,74.74747474747475,39.43771037332513,0.5784850492437942,0.5796947473729857,74.74747474747475
40.429232684040706,0.6056362626066484,0.6184991357510896,72.72727272727273,40.429232684040706,0.6099718772236382,0.6184991357510896,72.72727272727273,40.32147030248805,0.6118061295293966,0.5989390224913116,73.73737373737373,40.32147030248805,0.5902712720089144,0.5989390224913116,73.73737373737373
39.20161432954805,0.580070020886876,0.573130465047784,73.73737373737373,39.20161432954805,0.5844893404555453,0.573130465047784,73.73737373737373,39.0966896946128,0.5858969848991193,0.5515770322026348,72.72727272727273,39.0966896946128,0.5641140648774954,0.5515770322026348,72.72727272727273
39.80828852134929,0.5843396502686473,0.5841132806196976,72.72727272727273,39.80828852134929,0.5895570389159117,0.5841132806196976,72.72727272727273,39.65026164832334,0.5902962438237589,0.5646019892264151,72.72727272727273,39.65026164832334,0.5700084222469733,0.5646019892264151,72.72727272727273
40.074613632608006,0.595920975793489,0.600536061182043,72.72727272727273,40.074613632608006,0.6001620158044154,0.600536061182043,72.72727272727273,39.967666220153816,0.6021078356024245,0.5793804515368501,72.72727272727273,39.967666220153816,0.5799385833573066,0.5793804515368501,72.72727272727273
40.12668204770225,0.5860478719317733,0.5794673203835243,73.73737373737373,40.12668204770225,0.5909661668158779,0.5794673203835243,73.73737373737373,40.133704963265075,0.5917266380427658,0.559650248138948,73.73737373737373,40.133704963265075,0.5714746657605917,0.559650248138948,73.73737373737373
38.811219948879284,0.5867520461543542,0.5797833514006302,70.70707070707071,38.811219948879284,0.5916570077263751,0.5797833514006302,70.70707070707071,38.70720742603622,0.5927602496974849,0.5614132405111305,70.70707070707071,38.70720742603622,0.5723991208318129,0.5614132405111305,70.70707070707071
39.69073413672331,0.5821850458658414,0.5754870972031375,74.74747474747475,39.69073413672331,0.5882282824422453,0.5754870972031375,74.74747474747475,39.584673307291204,0.5879489649072431,0.5577641393182027,74.74747474747475,39.584673307291204,0.5692325909597037,0.5577641393182027,74.74747474747475
39.075212430034554,0.5986879623498799,0.6073540779242212,73.73737373737373,39.075212430034554,0.6011554401149073,0.6073540779242212,73.73737373737373,39.210162068933606,0.6043747666747903,0.587745278597545,72.72727272727273,39.210162068933606,0.5822336807281057,0.587745278597545,72.72727272727273
38.287728195385576,0.582474345890752,0.5748867322760771,72.72727272727273,38.287728195385576,0.5882195176973288,0.5748867322760771,72.72727272727273,38.16028123825947,0.5887206599926871,0.5550178701255154,72.72727272727273,38.16028123825947,0.568137872015833,0.5550178701255154,72.72727272727273
38.00002218828352,0.5925359077971912,0.5931763839682069,70.70707070707071,38.00002218828352,0.5959688339857019,0.5931763839682069,70.70707070707071,38.37724648147932,0.5984214790976151,0.5748086969761703,70.70707070707071,38.37724648147932,0.5769450444106217,0.5748086969761703,70.70707070707071
41.80839993039866,0.5926160470342376,0.594542310621564,73.73737373737373,41.80839993039866,0.5959977508894883,0.594542310621564,73.73737373737373,41.830484586284065,0.5986227274183381,0.575425052321753,72.72727272727273,41.830484586284065,0.5766450776152247,0.575425052321753,72.72727272727273
39.09954972630608,0.5843152332778274,0.5768665315175743,73.73737373737373,39.09954972630608,0.5897263606006984,0.5768665315175743,73.73737373737373,39.13654504157111,0.5899891331811766,0.5587675058712354,72.72727272727273,39.13654504157111,0.5706728935220912,0.5587675058712354,72.72727272727273
39.97219283250042,0.5779130182746768,0.5668675559290404,71.71717171717171,39.97219283250042,0.5834154442688594,0.5668675559290404,71.71717171717171,39.85333992387312,0.5838629781734987,0.54632799602706,71.71717171717171,39.85333992387312,0.563265738720636,0.54632799602706,71.71717171717171
40.032057104209265,0.5796739119031822,0.5784185787005132,69.6969696969697,40.032057104209265,0.5845177401818851,0.5784185787005132,69.6969696969697,39.8733596358014,0.5855473084212283,0.5598963069489971,70.70707070707071,39.8733596358014,0.5653411793152706,0.5598963069489971,70.70707070707071
40.346976695663194,0.6004111686353473,0.608249999641584,72.72727272727273,40.346976695663194,0.605309870090748,0.608249999641584,72.72727272727273,40.51941889487799,0.6064304411217436,0.587910359857599,72.72727272727273,40.51941889487799,0.5854810232280341,0.587910359857599,72.72727272727273
39.51190496710777,0.5792561079870424,0.5710813426058933,73.73737373737373,39.51190496710777,0.5859191102392578,0.5710813426058933,73.73737373737373,39.33328414869369,0.5849023872730348,0.5533417958648943,73.73737373737373,39.33328414869369,0.567095415364771,0.5533417958648943,73.73737373737373
40.207197812072515,0.5837541677709095,0.5803300323468905,72.72727272727273,40.207197812072515,0.5884144382010763,0.5803300323468905,72.72727272727273,40.09994524638405,0.589718130040966,0.5609266761219509,71.71717171717171,40.09994524638405,0.5689784380604528,0.5609266761219509,71.71717171717171
40.78435120707897,0.5990192738745771,0.6046966383348993,73.73737373737373,40.78435120707897,0.6033861971137457,0.6046966383348993,73.73737373737373,41.07571994204184,0.604835294870137,0.5844360591270108,73.73737373737373,41.07571994204184,0.5837362536075643,0.5844360591270108,73.73737373737373
39.415820031039075,0.5897517556328924,0.5941352189165622,72.72727272727273,39.415820031039075,0.5934818037503449,0.5941352189165622,72.72727272727273,39.4519968790618,0.5958355475487125,0.5756746230436931,72.72727272727273,39.4519968790618,0.5742932339952243,0.5756746230436931,72.72727272727273
38.61124940761185,0.5889991346560439,0.5883605189149501,72.72727272727273,38.61124940761185,0.59514331802769,0.5883605189149501,72.72727272727273,39.31109507852937,0.5946670259561148,0.5710995422264913,72.72727272727273,39.31109507852937,0.5763414097287952,0.5710995422264913,72.72727272727273
38.810276305936156,0.5921686984846368,0.5974738284305348,72.72727272727273,38.810276305936156,0.596810065053466,0.5974738284305348,72.72727272727273,39.13954477432128,0.5981982678292883,0.578237889866302,72.72727272727273,39.13954477432128,0.5773068550859397,0.578237889866302,72.72727272727273
40.47842373974705,0.5929449251952121,0.5953948367395346,73.73737373737373,40.47842373974705,0.5978927311770789,0.5953948367395346,73.73737373737373,40.307472514890854,0.5988630927167358,0.5755654992901712,73.73737373737373,40.307472514890854,0.5783720859201122,0.5755654992901712,73.73737373737373
38.53767309339893,0.5943062179740677,0.5970060964409086,73.73737373737373,38.53767309339893,0.5969128153829939,0.5970060964409086,73.73737373737373,38.43430244905146,0.6003070217809079,0.577984783492574,73.73737373737373,38.43430244905146,0.5775883786954333,0.577984783492574,73.73737373737373
40.38140706487714,0.6022316734757209,0.613574457376342,72.72727272727273,40.38140706487714,0.6046049944837464,0.613574457376342,72.72727272727273,40.262565548797234,0.608423145227356,0.5953251260130221,72.72727272727273,40.262565548797234,0.5854292943581612,0.5953251260130221,72.72727272727273
40.45391411074688,0.5898371812003562,0.5866332314995438,73.73737373737373,40.45391411074688,0.5934194019382243,0.5866332314995438,73.73737373737373,40.34609515209924,0.5956543576951812,0.5657042382283121,72.72727272727273,40.34609515209924,0.5735175980260501,0.5657042382283121,72.72727272727273
41.03984989685967,0.5893448396826051,0.5883876115189628,74.74747474747475,41.03984989685967,0.5947669995429364,0.5883876115189628,74.74747474747475,40.951713938038814,0.5952977368721255,0.5690413144160416,74.74747474747475,40.951713938038814,0.5752718032494372,0.5690413144160416,74.74747474747475
39.75114102690522,0.5866488212144341,0.5861953531424019,73.73737373737373,39.75114102690522,0.5902726977893556,0.5861953531424019,73.73737373737373,40.272299426081105,0.5927400532010865,0.5650806448147676,72.72727272727273,40.272299426081105,0.5701667707122421,0.5650806448147676,72.72727272727273
39.29200256446729,0.5992039153014405,0.603049355034529,73.73737373737373,39.29200256446729,0.6007542013120759,0.603049355034529,73.73737373737373,39.154835081862416,0.6051459830057371,0.5802738781112271,72.72727272727273,39.154835081862416,0.5804197095355488,0.5802738781112271,72.72727272727273
37.82028037793344,0.5986983255994824,0.6053593739662455,71.71717171717171,37.82028037793344,0.6007568552359632,0.6053593739662455,71.71717171717171,38.08135736780686,0.6050543126076917,0.585747596952375,71.71717171717171,38.08135736780686,0.5810715141245302,0.585747596952375,71.71717171717171
42.07645988056284,0.5988866884820354,0.6053936759922811,72.72727272727273,42.07645988056284,0.6021912667868007,0.6053936759922811,72.72727272727273,41.888866756639466,0.604869011439062,0.5849417908601251,72.72727272727273,41.888866756639466,0.5825916985013118,0.5849417908601251,72.72727272727273
39.377171501937525,0.5974932422905255,0.5998577928152802,72.72727272727273,39.377171501937525,0.6032462158100778,0.5998577928152802,72.72727272727273,39.39725618426601,0.6034036549243968,0.5802459496052812,72.72727272727273,39.39725618426601,0.5836320117982678,0.5802459496052812,72.72727272727273
40.12244569134772,0.5882077407280975,0.58496381509139,74.74747474747475,40.12244569134772,0.5918737832562796,0.58496381509139,74.74747474747475,39.983039296095015,0.5940826584739812,0.5654988730562105,73.73737373737373,39.983039296095015,0.5722225567853996,0.5654988730562105,73.73737373737373
40.86635426120502,0.5852135451333667,0.5803210265472212,72.72727272727273,40.86635426120502,0.591108722904872,0.5803210265472212,72.72727272727273,40.746247686409355,0.5911948952469925,0.561096551630153,71.71717171717171,40.746247686409355,0.5715950835779795,0.561096551630153,71.71717171717171
39.0645192445842,0.5924248568376606,0.5944309923617657,72.72727272727273,39.0645192445842,0.5968176405896503,0.5944309923617657,72.72727272727273,38.88750725449906,0.5983088489251434,0.5727378235537469,72.72727272727273,38.88750725449906,0.5766657881033809,0.5727378235537469,72.72727272727273
39.03816137497365,0.6037936863113719,0.613365216084053,73.73737373737373,39.03816137497365,0.6083151247385367,0.613365216084053,73.73737373737373,38.901685400875074,0.6093935637658268,0.5963642221671472,74.74747474747475,38.901685400875074,0.5902502756229524,0.5963642221671472,74.74747474747475
39.553291295368176,0.5911300404382097,0.5857416388888955,72.72727272727273,39.553291295368176,0.5945358858629431,0.5857416388888955,72.72727272727273,39.422901773040785,0.5969608948475353,0.5653900706414554,72.72727272727273,39.422901773040785,0.5749164167482639,0.5653900706414554,72.72727272727273
39.45952192185381,0.5883559748182644,0.5824989417585567,72.72727272727273,39.45952192185381,0.5930565595135888,0.5824989417585567,72.72727272727273,39.4796393778939,0.5939522919437801,0.5640498750765859,72.72727272727273,39.4796393778939,0.573941617110963,0.5640498750765859,72.72727272727273
38.80419087827374,0.5943603432261043,0.601262727439458,73.73737373737373,38.80419087827374,0.5964465626656694,0.601262727439458,73.73737373737373,39.08007219065311,0.6005434787545081,0.5827235307535799,73.73737373737373,39.08007219065311,0.5771096113807959,0.5827235307535799,73.73737373737373
39.18894359680106,0.594885832055033,0.5952949091377322,72.72727272727273,39.18894359680106,0.5995519488321479,0.5952949091377322,72.72727272727273,39.05940677709226,0.6008259367554041,0.5757976055530747,71.71717171717171,39.05940677709226,0.5800507984365881,0.5757976055530747,71.71717171717171
39.51478650184232,0.5898201538176631,0.5878952408743192,72.72727272727273,39.51478650184232,0.5935009991679432,0.5878952408743192,72.72727272727273,39.40754740887523,0.5958351263448116,0.5674952293141117,72.72727272727273,39.40754740887523,0.5736123234130475,0.5674952293141117,72.72727272727273
41.043352013611546,0.5971773494260635,0.6020704075058967,71.71717171717171,41.043352013611546,0.6010348230036229,0.6020704075058967,71.71717171717171,40.881663016260426,0.6031453729747542,0.5826195260233353,71.71717171717171,40.881663016260426,0.5814371284054864,0.5826195260233353,71.71717171717171
39.84959825200194,0.560628613879557,0.5422939142173497,72.72727272727273,39.84959825200194,0.5676321726258527,0.5422939142173497,72.72727272727273,39.73215259329046,0.5663022048314197,0.5224656796790348,72.72727272727273,39.73215259329046,0.5477038717968848,0.5224656796790348,72.72727272727273
40.42708672237194,0.5848152259146101,0.5835332282342305,73.73737373737373,40.42708672237194,0.5895925509534636,0.5835332282342305,73.73737373737373,40.547699378212755,0.5907487124258968,0.5648359444445101,73.73737373737373,40.547699378212755,0.5705056346212447,0.5648359444445101,73.73737373737373
39.930457960301055,0.5837263453816272,0.5765491992383909,71.71717171717171,39.930457960301055,0.5902751370619966,0.5765491992383909,71.71717171717171,40.3653293463198,0.5893704369265759,0.5554982017751369,71.71717171717171,40.3653293463198,0.5703651367218123,0.5554982017751369,71.71717171717171
39.02035767365008,0.5816730126128962,0.5793841950352523,72.72727272727273,39.02035767365008,0.58775826366621,0.5793841950352523,72.72727272727273,39.22060081655064,0.5876524190994925,0.5605538502551486,72.72727272727273,39.22060081655064,0.5682761625715003,0.5605538502551486,72.72727272727273
40.93553729397045,0.5876162696179525,0.5877226579032828,73.73737373737373,40.93553729397045,0.5914833281473324,0.5877226579032828,73.73737373737373,40.763099366896114,0.5937071712870396,0.5686616391671113,73.73737373737373,40.763099366896114,0.572266060060802,0.5686616391671113,73.73737373737373
39.42183418912029,0.5959473692811543,0.6015106379444557,72.72727272727273,39.42183418912029,0.5992899537703598,0.6015106379444557,72.72727272727273,39.28431431087759,0.601928928793992,0.5827734299839815,72.72727272727273,39.28431431087759,0.5800519499475505,0.5827734299839815,72.72727272727273
38.90329884764877,0.5793632678777256,0.573597622645478,73.73737373737373,38.90329884764877,0.5843799551594269,0.573597622645478,73.73737373737373,38.809949436242164,0.5849670421912113,0.5575664246774505,72.72727272727273,38.809949436242164,0.5659166936470785,0.5575664246774505,72.72727272727273
39.71120097990934,0.5901243853190633,0.5863234923545189,73.73737373737373,39.71120097990934,0.5949824266940886,0.5863234923545189,73.73737373737373,39.572898834357005,0.5958619868528182,0.5669235861862492,73.73737373737373,39.572898834357005,0.5755804554084437,0.5669235861862492,73.73737373737373
41.70871324382615,0.5885722944791265,0.5854703325133588,72.72727272727273,41.70871324382615,0.5945176623483368,0.5854703325133588,72.72727272727273,41.75495713397911,0.5944177780990935,0.566767804320591,72.72727272727273,41.75495713397911,0.5750616263300373,0.566767804320591,72.72727272727273
40.42292481229115,0.5850369956374455,0.5861371890806932,73.73737373737373,40.42292481229115,0.5895461356235059,0.5861371890806932,73.73737373737373,40.48282350011267,0.5907240153731803,0.5701280640799271,72.72727272727273,40.48282350011267,0.5711759333062956,0.5701280640799271,72.72727272727273
40.141916544704934,0.5981667844053971,0.6051734325335336,73.73737373737373,40.141916544704934,0.6020824096939669,0.6051734325335336,73.73737373737373,39.98289099107078,0.6043507219212265,0.5836127824374462,73.73737373737373,39.98289099107078,0.581999415941747,0.5836127824374462,73.73737373737373
39.16776328602444,0.5888856637856024,0.5878137302200743,71.71717171717171,39.16776328602444,0.5930276172449463,0.5878137302200743,71.71717171717171,39.56266644985421,0.5947173780781969,0.5678871832255122,71.71717171717171,39.56266644985421,0.5734633222261949,0.5678871832255122,71.71717171717171
40.87884775958197,0.599474888319451,0.612873472447792,74.74747474747475,40.87884775958197,0.6026592235992789,0.612873472447792,74.74747474747475,40.89952202533128,0.6055191286763209,0.5940391066375268,72.72727272727273,40.89952202533128,0.5837026882201173,0.5940391066375268,72.72727272727273
39.614282415384636,0.5853528334676712,0.582280929002936,72.72727272727273,39.614282415384636,0.590037182202969,0.582280929002936,72.72727272727273,39.435295245294974,0.5909787861827176,0.5640371948671798,72.72727272727273,39.435295245294974,0.571078778948195,0.5640371948671798,72.72727272727273
39.18123588194034,0.5957550724828012,0.597922780523253,72.72727272727273,39.18123588194034,0.5980067816263577,0.597922780523253,72.72727272727273,39.54439351336616,0.601888168384846,0.5795869089801364,72.72727272727273,39.54439351336616,0.5790508039969542,0.5795869089801364,72.72727272727273
39.14089877645686,0.5882304543420502,0.5849355305962457,73.73737373737373,39.14089877645686,0.5936937094362436,0.5849355305962457,73.73737373737373,39.036115690942495,0.5940602848875183,0.565076506974284,73.73737373737373,39.036115690942495,0.5741197018857411,0.565076506974284,73.73737373737373
40.276399550600296,0.5880242743514068,0.5887150456767001,71.71717171717171,40.276399550600296,0.5926757597074965,0.5887150456767001,71.71717171717171,40.15783294375701,0.5937547683173496,0.5695238601998769,70.70707070707071,40.15783294375701,0.573314311844489,0.5695238601998769,70.70707070707071
39.590072347148876,0.5829966303698868,0.5811610398229283,72.72727272727273,39.590072347148876,0.5907339888582451,0.5811610398229283,72.72727272727273,39.45959718563725,0.58881305505361,0.564116013834615,72.72727272727273,39.45959718563725,0.571891490100491,0.564116013834615,72.72727272727273
39.20795334325031,0.5897402975014838,0.574318475840065,73.73737373737373,39.20795334325031,0.5956204301724997,0.574318475840065,73.73737373737373,39.60315952552119,0.5954364588290346,0.5540639913747389,73.73737373737373,39.60315952552119,0.5756970043534007,0.5540639913747389,73.73737373737373
38.19394205892848,0.577240001307598,0.568317026448139,71.71717171717171,38.19394205892848,0.5838240979609585,0.568317026448139,71.71717171717171,38.076510913301064,0.5830847994772523,0.5478384758275147,71.71717171717171,38.076510913301064,0.5636798417084224,0.5478384758275147,71.71717171717171
39.910510662888264,0.5942952703057429,0.6022484411120479,73.73737373737373,39.910510662888264,0.59829870681767,0.6022484411120479,73.73737373737373,40.150875076099624,0.6002500339125696,0.5838031569324991,73.73737373737373,40.150875076099624,0.5791563246636982,0.5838031569324991,73.73737373737373
39.703185035924534,0.5907421628183263,0.5876859940924375,73.73737373737373,39.703185035924534,0.5962423517302762,0.5876859940924375,73.73737373737373,40.90351546980928,0.5968156647502341,0.5679408529348414,73.73737373737373,40.90351546980928,0.57631176781254,0.5679408529348414,73.73737373737373
40.73733315454007,0.6078891940957227,0.6239824003380792,70.70707070707071,40.73733315454007,0.6095871729599779,0.6239824003380792,70.70707070707071,40.59823716917018,0.6141502812109383,0.6053791367982532,70.70707070707071,40.59823716917018,0.5905370010895516,0.6053791367982532,70.70707070707071
39.45403879082574,0.5873473736739836,0.5783431749150604,74.74747474747475,39.45403879082574,0.5927833274799542,0.5783431749150604,74.74747474747475,39.293990474341456,0.5930614549548138,0.560106921048874,74.74747474747475,39.293990474341456,0.57358599549246,0.560106921048874,74.74747474747475
38.99230164415505,0.5832396979428588,0.5800530372281893,73.73737373737373,38.99230164415505,0.5905968268943371,0.5800530372281893,73.73737373737373,38.83674650306615,0.5891588123509481,0.5608760209490582,73.73737373737373,38.83674650306615,0.5708700476603972,0.5608760209490582,73.73737373737373
39.16422109296096,0.5883076556107558,0.5833306035064765,72.72727272727273,39.16422109296096,0.5942891216650796,0.5833306035064765,72.72727272727273,39.04858749853541,0.5943162055338183,0.5644748067796421,72.72727272727273,39.04858749853541,0.5748435244724139,0.5644748067796421,72.72727272727273
39.65029550137458,0.5863018528570316,0.580934088193336,73.73737373737373,39.65029550137458,0.5901324739099485,0.580934088193336,73.73737373737373,39.54432833016537,0.5921642077280693,0.5626776537927313,73.73737373737373,39.54432833016537,0.5709421827965133,0.5626776537927313,73.73737373737373
40.74935704933137,0.5948849492809001,0.5935397116012633,73.73737373737373,40.74935704933137,0.5993536748421162,0.5935397116012633,73.73737373737373,41.2860084005367,0.6009420308297289,0.5724813524143628,73.73737373737373,41.2860084005367,0.5792605173900721,0.5724813524143628,73.73737373737373
40.576526160820904,0.5893962097438409,0.583763344140205,72.72727272727273,40.576526160820904,0.5943942224567904,0.583763344140205,72.72727272727273,40.48066126923271,0.5951517586001466,0.5644881847503955,71.71717171717171,40.48066126923271,0.5751818803338776,0.5644881847503955,71.71717171717171
38.724760908003184,0.599696310669558,0.6049730944216349,73.73737373737373,38.724760908003184,0.6037982149487269,0.6049730944216349,73.73737373737373,38.620951015448,0.6057721226556265,0.58420260953041,72.72727272727273,38.620951015448,0.5838749003913299,0.58420260953041,72.72727272727273
38.94977016664172,0.5960140354670822,0.5966287800169698,76.76767676767676,38.94977016664172,0.5998894205419556,0.5966287800169698,76.76767676767676,38.845433404614525,0.6021880166965587,0.5785047324964043,76.76767676767676,38.845433404614525,0.5805268213049883,0.5785047324964043,76.76767676767676
40.42973309488449,0.5945638157728022,0.5950481026053518,75.75757575757575,40.42973309488449,0.5987540904934109,0.5950481026053518,75.75757575757575,40.46668188711929,0.6006467159687068,0.5771770188895131,75.75757575757575,40.46668188711929,0.5797212981547437,0.5771770188895131,75.75757575757575
39.25399749229781,0.5841329501025823,0.5804166852153745,72.72727272727273,39.25399749229781,0.5885257558491539,0.5804166852153745,72.72727272727273,39.31240492520549,0.5901137954937163,0.5602560161578518,72.72727272727273,39.31240492520549,0.5687803415682804,0.5602560161578518,72.72727272727273
39.52681262014126,0.5871060348391308,0.5849861381290985,73.73737373737373,39.52681262014126,0.5914032719889318,0.5849861381290985,73.73737373737373,39.546956818608294,0.5929381386760083,0.5663795952977477,73.73737373737373,39.546956818608294,0.5721420572196023,0.5663795952977477,73.73737373737373
39.758019732297,0.5863433699538227,0.5822069962649836,72.72727272727273,39.758019732297,0.5913986558078914,0.5822069962649836,72.72727272727273,39.600143935456735,0.5922498471327415,0.5630021486191692,72.72727272727273,39.600143935456735,0.5719138813795195,0.5630021486191692,72.72727272727273
40.428780336343706,0.5976654987392116,0.6038900203819519,73.73737373737373,40.428780336343706,0.6018647747223176,0.6038900203819519,73.73737373737373,40.23415660228815,0.6038269965631092,0.5839699462402986,73.73737373737373,40.23415660228815,0.582004174771876,0.5839699462402986,73.73737373737373
37.91058626422509,0.5890312570113928,0.5939723648626961,72.72727272727273,37.91058626422509,0.5934672192033477,0.5939723648626961,72.72727272727273,37.777222063868855,0.5950998811907449,0.5747491555569431,72.72727272727273,37.777222063868855,0.5740511996559275,0.5747491555569431,72.72727272727273
39.716622950381584,0.6019042496564027,0.6142913833256818,70.70707070707071,39.716622950381584,0.6051214123973034,0.6142913833256818,70.70707070707071,39.55887168421156,0.6078432716719386,0.5962237455842334,70.70707070707071,39.55887168421156,0.5863351522214875,0.5962237455842334,70.70707070707071
41.4815303638792,0.5970524804888078,0.6068877815737055,73.73737373737373,41.4815303638792,0.6009423191108045,0.6068877815737055,73.73737373737373,41.33853778560531,0.6030300136272988,0.5889291387155217,72.72727272727273,41.33853778560531,0.5819476647193904,0.5889291387155217,72.72727272727273
39.70108219994574,0.586610445303031,0.5840415415110431,73.73737373737373,39.70108219994574,0.5924904981181573,0.5840415415110431,73.73737373737373,39.54337771132103,0.5926573734704231,0.5644094115770265,73.73737373737373,39.54337771132103,0.5727119033676475,0.5644094115770265,73.73737373737373
38.42257180547125,0.5830515328472725,0.5798050201851634,71.71717171717171,38.42257180547125,0.5884703110079993,0.5798050201851634,71.71717171717171,38.294854353965036,0.589083502936034,0.5601487695060523,71.71717171717171,38.294854353965036,0.5688461765001924,0.5601487695060523,71.71717171717171
39.637259463251716,0.5958794216201843,0.6022406682212685,73.73737373737373,39.637259463251716,0.5993005009053183,0.6022406682212685,73.73737373737373,40.090354286338716,0.6016555118591396,0.5850047587019567,72.72727272727273,40.090354286338716,0.5807809944100408,0.5850047587019567,72.72727272727273
39.98484020253117,0.5862305040182907,0.5792908907042387,72.72727272727273,39.98484020253117,0.5906460996908728,0.5792908907042387,72.72727272727273,40.168979352849696,0.592004130981949,0.5573121877119017,72.72727272727273,40.168979352849696,0.5702218518648181,0.5573121877119017,72.72727272727273
39.54368285444113,0.592052017185311,0.5954541941065892,71.71717171717171,39.54368285444113,0.5964476834074184,0.5954541941065892,71.71717171717171,39.3864529829284,0.5980951117065492,0.5775271621581659,71.71717171717171,39.3864529829284,0.5774102218541435,0.5775271621581659,71.71717171717171
40.033062533016796,0.5881978142677065,0.589864774773096,71.71717171717171,40.033062533016796,0.5940865514879387,0.589864774773096,71.71717171717171,39.852583805674044,0.5942731027554069,0.5702529413525399,71.71717171717171,39.852583805674044,0.5745288175601782,0.5702529413525399,71.71717171717171
38.782564001228515,0.5828795862009064,0.5778352645221485,72.72727272727273,38.782564001228515,0.5876755528867058,0.5778352645221485,72.72727272727273,38.80241053435549,0.5885112415425282,0.5592812613391135,72.72727272727273,38.80241053435549,0.5685400856413654,0.5592812613391135,72.72727272727273
40.693879211149294,0.5950209490336111,0.5986727856977593,72.72727272727273,40.693879211149294,0.6002543696715132,0.5986727856977593,72.72727272727273,41.050405497863274,0.600945120782264,0.5788282613894402,71.71717171717171,41.050405497863274,0.5807741416844547,0.5788282613894402,71.71717171717171
38.17684700793114,0.5908257155035518,0.5939158517218589,71.71717171717171,38.17684700793114,0.5958856938104711,0.5939158517218589,71.71717171717171,38.07432651978695,0.5967238932132177,0.5762754762740012,72.72727272727273,38.07432651978695,0.5771753683463348,0.5762754762740012,72.72727272727273
39.63880960470987,0.5930084387282272,0.5903871238174752,72.72727272727273,39.63880960470987,0.5968315718713014,0.5903871238174752,72.72727272727273,39.69771058596952,0.5985256378818962,0.5727273841494857,72.72727272727273,39.69771058596952,0.5785374452185441,0.5727273841494857,72.72727272727273
40.78129238447501,0.599974872717653,0.6104513583401703,73.73737373737373,40.78129238447501,0.6039651244246076,0.6104513583401703,73.73737373737373,40.801173419657054,0.6059168870764551,0.5921309040815743,73.73737373737373,40.801173419657054,0.584769414438009,0.5921309040815743,73.73737373737373
39.81510601496936,0.5798355260305459,0.5720654452442471,72.72727272727273,39.81510601496936,0.5873706122495561,0.5720654452442471,72.72727272727273,39.708757447925215,0.5857131722718865,0.5535105202383068,72.72727272727273,39.708757447925215,0.5679606540725467,0.5535105202383068,72.72727272727273
40.08275850828933,0.5957163580653345,0.6028512719014489,74.74747474747475,40.08275850828933,0.5992916718069267,0.6028512719014489,74.74747474747475,40.11649429779078,0.601634905471939,0.5840946493098195,73.73737373737373,40.11649429779078,0.5802596479673061,0.5840946493098195,73.73737373737373
39.488169878203514,0.5814311085033973,0.5691751003956069,73.73737373737373,39.488169878203514,0.5869656151096775,0.5691751003956069,73.73737373737373,39.35793218023036,0.5871589973498499,0.5468411345269809,73.73737373737373,39.35793218023036,0.5665209989301219,0.5468411345269809,73.73737373737373
38.71995496416306,0.605161761026719,0.6184605238920873,71.71717171717171,38.71995496416306,0.6086891628391816,0.6184605238920873,71.71717171717171,38.59326172494049,0.6112180680193291,0.598432540730973,71.71717171717171,38.59326172494049,0.5891295475322458,0.598432540730973,71.71717171717171
40.06351266627321,0.5723221345419031,0.5606994800276255,71.71717171717171,40.06351266627321,0.5774456599744477,0.5606994800276255,71.71717171717171,39.88292592665365,0.578176088897741,0.5392683643564582,70.70707070707071,39.88292592665365,0.5571654983248548,0.5392683643564582,70.70707070707071
40.88413028195207,0.5851554285568521,0.5771735542305532,72.72727272727273,40.88413028195207,0.5922937766704455,0.5771735542305532,72.72727272727273,40.70065529101456,0.591011673706147,0.5585159802514394,72.72727272727273,40.70065529101456,0.5731812089496993,0.5585159802514394,72.72727272727273
41.331549249972376,0.5940227371681881,0.5994049707520064,73.73737373737373,41.331549249972376,0.5969490083379805,0.5994049707520064,73.73737373737373,41.17824940588465,0.6002725496884578,0.5806916332614438,73.73737373737373,41.17824940588465,0.5775784620278797,0.5806916332614438,73.73737373737373
38.4538390881501,0.5968990943637416,0.6010509332963998,71.71717171717171,38.4538390881501,0.6003161888024356,0.6010509332963998,71.71717171717171,38.350665616002665,0.6030107734287724,0.5799633477161532,71.71717171717171,38.350665616002665,0.5802058622502333,0.5799633477161532,71.71717171717171
39.55639513708904,0.6023901837481234,0.6086544543754038,71.71717171717171,39.55639513708904,0.6041834121249021,0.6086544543754038,71.71717171717171,39.450645638181214,0.6084608498055383,0.5916598553647667,71.71717171717171,39.450645638181214,0.5848096465097763,0.5916598553647667,71.71717171717171
40.15001281898953,0.5989109568189392,0.5990941165569159,72.72727272727273,40.15001281898953,0.6038671396603923,0.5990941165569159,72.72727272727273,40.04289180270031,0.604623621160855,0.5801800802617032,72.72727272727273,40.04289180270031,0.5846140714617514,0.5801800802617032,72.72727272727273
39.2198322272417,0.5930870287151201,0.5961210723413843,73.73737373737373,39.2198322272417,0.5974124925678438,0.5961210723413843,73.73737373737373,39.114865141925904,0.59949153149745,0.574912045612105,74.74747474747475,39.114865141925904,0.5769417453945929,0.574912045612105,74.74747474747475
39.68856012056797,0.5858953312337885,0.5858108131570567,71.71717171717171,39.68856012056797,0.5923790490910339,0.5858108131570567,71.71717171717171,39.49664324037047,0.591778864420889,0.5680474506332172,72.72727272727273,39.49664324037047,0.5735773813257641,0.5680474506332172,72.72727272727273
39.33811399915763,0.5851977239305878,0.5801606136285029,72.72727272727273,39.33811399915763,0.5884712053608738,0.5801606136285029,72.72727272727273,39.20822710854005,0.5908988317106358,0.5608135515360597,72.72727272727273,39.20822710854005,0.5691810726760628,0.5608135515360597,72.72727272727273
39.616403871903586,0.594306709121188,0.5987878833480602,72.72727272727273,39.616403871903586,0.596985596540138,0.5987878833480602,72.72727272727273,39.853571812690994,0.6002492447851265,0.5804917820054671,72.72727272727273,39.853571812690994,0.5777834818223704,0.5804917820054671,72.72727272727273
39.20359715708881,0.5768619877643306,0.5757524827404543,72.72727272727273,39.20359715708881,0.582762889760745,0.5757524827404543,72.72727272727273,39.26193975791246,0.5827743546813087,0.5576315619993322,72.72727272727273,39.26193975791246,0.5636406021786489,0.5576315619993322,72.72727272727273
39.688942290664066,0.5983609018068916,0.6081379934201185,72.72727272727273,39.688942290664066,0.6002390556096906,0.6081379934201185,72.72727272727273,40.08775437485376,0.604651468139974,0.5856896388418045,72.72727272727273,40.08775437485376,0.5798117627206467,0.5856896388418045,72.72727272727273
39.568079373131326,0.5879448219325232,0.5878532721704915,71.71717171717171,39.568079373131326,0.592992363967166,0.5878532721704915,71.71717171717171,40.55554766409878,0.5938761395150329,0.5684185146006494,71.71717171717171,40.55554766409878,0.5734034348974071,0.5684185146006494,71.71717171717171
40.80416705624281,0.5836633637223492,0.5776135892078098,72.72727272727273,40.80416705624281,0.5895647343792174,0.5776135892078098,72.72727272727273,40.643179783608076,0.589630897257063,0.5571172277538894,72.72727272727273,40.643179783608076,0.5694099280510571,0.5571172277538894,72.72727272727273
40.2857270359817,0.593098775919727,0.596300223572903,73.73737373737373,40.2857270359817,0.5961918024757233,0.596300223572903,73.73737373737373,40.17829398470987,0.5992141940063288,0.5783190473463928,73.73737373737373,40.17829398470987,0.5768958428732827,0.5783190473463928,73.73737373737373
40.640094413992536,0.5962780449255627,0.6042618751487037,72.72727272727273,40.640094413992536,0.6013815219776415,0.6042618751487037,72.72727272727273,40.633758414824904,0.6021714690356006,0.5872151529804572,72.72727272727273,40.633758414824904,0.582741295841722,0.5872151529804572,72.72727272727273
40.05766642528727,0.5878348367938473,0.5771768981348047,74.74747474747475,40.05766642528727,0.5959233650581903,0.5771768981348047,74.74747474747475,40.01874782691407,0.5938902520946789,0.5584292934868071,74.74747474747475,40.01874782691407,0.5761334573930237,0.5584292934868071,74.74747474747475
40.60700162800863,0.5999672237869188,0.6069532146969062,73.73737373737373,40.60700162800863,0.6023295189829871,0.6069532146969062,73.73737373737373,40.627570431129044,0.6060732083478315,0.5881247779568444,73.73737373737373,40.627570431129044,0.5829274455877529,0.5881247779568444,73.73737373737373
39.34512654987123,0.5824806177579485,0.5738823671195277,72.72727272727273,39.34512654987123,0.5879480801367649,0.5738823671195277,72.72727272727273,39.741364973854985,0.588374831968496,0.554243811749907,72.72727272727273,39.741364973854985,0.568229173678688,0.554243811749907,72.72727272727273
38.81241835606279,0.5750875799710544,0.5585225908460798,71.71717171717171,38.81241835606279,0.5826457744800501,0.5585225908460798,71.71717171717171,38.69772060784995,0.5805476873885895,0.5377976599467196,71.71717171717171,38.69772060784995,0.5627812948174815,0.5377976599467196,71.71717171717171
39.47545832212559,0.5780816497366992,0.5696941902860777,74.74747474747475,39.47545832212559,0.5828174873263868,0.5696941902860777,74.74747474747475,39.51671104769071,0.5838606185121353,0.5470471183568231,75.75757575757575,39.51671104769071,0.5619523692548969,0.5470471183568231,75.75757575757575
39.596118916470125,0.599667964231416,0.6043751287109114,72.72727272727273,39.596118916470125,0.6046614481728163,0.6043751287109114,72.72727272727273,39.69715943293684,0.6055693835569963,0.5839181469357755,72.72727272727273,39.69715943293684,0.5850841853536066,0.5839181469357755,72.72727272727273
39.744059986643286,0.5878841338038605,0.5852559021268516,72.72727272727273,39.744059986643286,0.5943246977723697,0.5852559021268516,72.72727272727273,39.57552452987909,0.5937793210829838,0.5673552011700966,72.72727272727273,39.57552452987909,0.5752433523105738,0.5673552011700966,72.72727272727273
39.18299190889526,0.5893201719310454,0.5871399442936476,70.70707070707071,39.18299190889526,0.5944221127465719,0.5871399442936476,70.70707070707071,39.1428790402172,0.5951137612942935,0.570333985397486,70.70707070707071,39.1428790402172,0.5758882452880669,0.570333985397486,70.70707070707071
39.79425361287464,0.5858704661222963,0.5883101854568058,71.71717171717171,39.79425361287464,0.5915058615934077,0.5883101854568058,71.71717171717171,39.746856546701196,0.5919269903844315,0.5685812155531728,71.71717171717171,39.746856546701196,0.5719286910153378,0.5685812155531728,71.71717171717171
39.485447725408854,0.6003722652731098,0.605610567140885,73.73737373737373,39.485447725408854,0.6033617042093262,0.605610567140885,73.73737373737373,39.34775550300007,0.606556209600722,0.5854381634251029,73.73737373737373,39.34775550300007,0.5836559490632647,0.5854381634251029,73.73737373737373
39.45230667824609,0.5860514442156026,0.5834669071269639,73.73737373737373,39.45230667824609,0.5892847265509379,0.5834669071269639,73.73737373737373,39.84934949355736,0.5916374315626789,0.5652705590448157,73.73737373737373,39.84934949355736,0.5704294878236322,0.5652705590448157,73.73737373737373
37.602517147031,0.5933547687602945,0.5997972611287179,71.71717171717171,37.602517147031,0.5965038672802626,0.5997972611287179,71.71717171717171,37.63728395563008,0.5988937558241703,0.5823578914867062,71.71717171717171,37.63728395563008,0.5782823498824015,0.5823578914867062,71.71717171717171
39.8082775109608,0.5689612625155682,0.5433499561261181,72.72727272727273,39.8082775109608,0.5768875042227015,0.5433499561261181,72.72727272727273,40.16581656584436,0.574632753662918,0.5241235738480317,71.71717171717171,40.16581656584436,0.5570791587473353,0.5241235738480317,71.71717171717171
39.89872544327255,0.5904918662907517,0.5938010565417593,70.70707070707071,39.89872544327255,0.5949355856258685,0.5938010565417593,70.70707070707071,39.79218368784985,0.5966413473598408,0.5768876132785387,71.71717171717171,39.79218368784985,0.5759475125808253,0.5768876132785387,71.71717171717171
38.710743480629084,0.5862882375656733,0.585001998714535,72.72727272727273,38.710743480629084,0.5915683182494307,0.585001998714535,72.72727272727273,38.57755323331963,0.5923324796971351,0.5673152107383163,72.72727272727273,38.57755323331963,0.5724482620862029,0.5673152107383163,72.72727272727273
38.795559664298885,0.5864463410677023,0.5865575149124176,72.72727272727273,38.795559664298885,0.5907423709909424,0.5865575149124176,72.72727272727273,38.60696286935278,0.5921721573652569,0.5688029592086197,72.72727272727273,38.60696286935278,0.5719524748894431,0.5688029592086197,72.72727272727273
39.50813192243084,0.5902439078452393,0.5870802474726079,72.72727272727273,39.50813192243084,0.5947216419650325,0.5870802474726079,72.72727272727273,39.528268700296145,0.5964608147234536,0.568753939744812,72.72727272727273,39.528268700296145,0.5752515058918025,0.568753939744812,72.72727272727273
40.39799205147937,0.5786330998348514,0.5750493314452535,73.73737373737373,40.39799205147937,0.5825061668507792,0.5750493314452535,73.73737373737373,40.23820468461143,0.5842735288005279,0.5583033662586288,73.73737373737373,40.23820468461143,0.5638601678741124,0.5583033662586288,73.73737373737373
39.191639487212846,0.5915552473690495,0.5866669719880391,74.74747474747475,39.191639487212846,0.5977462474418903,0.5866669719880391,74.74747474747475,39.15942216043644,0.5977192049376516,0.5661905749366307,74.74747474747475,39.15942216043644,0.5773574696393882,0.5661905749366307,74.74747474747475
38.54587224736248,0.5805370202941329,0.5707393399309537,73.73737373737373,38.54587224736248,0.5859019585600335,0.5707393399309537,73.73737373737373,38.447087527958644,0.5866217277533097,0.5509837480273594,73.73737373737373,38.447087527958644,0.5656279490628258,0.5509837480273594,73.73737373737373
39.26592543711423,0.5905370377918449,0.5946795257441992,72.72727272727273,39.26592543711423,0.5939286103736461,0.5946795257441992,72.72727272727273,39.10953685714937,0.5964228002969614,0.5765626397235342,72.72727272727273,39.10953685714937,0.5750401864067538,0.5765626397235342,72.72727272727273
40.51462430277372,0.5892429774594621,0.5914562334130609,74.74747474747475,40.51462430277372,0.5950315016543368,0.5914562334130609,74.74747474747475,40.541817687292856,0.5951407367285184,0.5726656957300968,74.74747474747475,40.541817687292856,0.575655364412255,0.5726656957300968,74.74747474747475
39.47133917767079,0.5964646535874516,0.5936524366591827,73.73737373737373,39.47133917767079,0.600614076422943,0.5936524366591827,73.73737373737373,39.33368516055006,0.6022203809383015,0.573140072286902,72.72727272727273,39.33368516055006,0.580676075052929,0.573140072286902,72.72727272727273
40.66861282569754,0.5882178092873624,0.589664732798705,74.74747474747475,40.66861282569754,0.5930738906589725,0.589664732798705,74.74747474747475,40.5080248473694,0.593942174778426,0.5718802017746337,74.74747474747475,40.5080248473694,0.5743888296111583,0.5718802017746337,74.74747474747475
39.68935800517186,0.5932328670636471,0.5946506090204157,73.73737373737373,39.68935800517186,0.595985198981376,0.5946506090204157,73.73737373737373,39.57233468280119,0.5990535574923893,0.5750567883083688,72.72727272727273,39.57233468280119,0.5764598980857597,0.5750567883083688,72.72727272727273
40.34737679933228,0.5856379167286949,0.5766715669791613,74.74747474747475,40.34737679933228,0.5912233221833821,0.5766715669791613,74.74747474747475,40.227191061083346,0.591086044399346,0.557703342165512,75.75757575757575,40.227191061083346,0.5719909812512958,0.557703342165512,75.75757575757575
39.41153695571796,0.5717241394239919,0.5493215108028613,72.72727272727273,39.41153695571796,0.5789821607723653,0.5493215108028613,72.72727272727273,39.43163532095787,0.5775030696124941,0.5284251453079594,72.72727272727273,39.43163532095787,0.5585565719874765,0.5284251453079594,72.72727272727273
39.198219191300296,0.5905101376093476,0.59261214317814,74.74747474747475,39.198219191300296,0.5943205340493434,0.59261214317814,74.74747474747475,39.077579662750104,0.5966254831881446,0.5726289593260462,74.74747474747475,39.077579662750104,0.5745754297324395,0.5726289593260462,74.74747474747475
38.19367454950346,0.580278818826135,0.5664826061782957,73.73737373737373,38.19367454950346,0.5879159906895698,0.5664826061782957,73.73737373737373,38.504830411222066,0.5859292413493422,0.5475360460733933,74.74747474747475,38.504830411222066,0.5685660684737102,0.5475360460733933,74.74747474747475
39.950551194794606,0.6028660902211574,0.6095281675911439,72.72727272727273,39.950551194794606,0.60652439083451,0.6095281675911439,72.72727272727273,39.81363175819092,0.609055960615976,0.587972296693773,72.72727272727273,39.81363175819092,0.586068962669433,0.587972296693773,72.72727272727273
40.37644960422533,0.5929081657140711,0.594044092981709,75.75757575757575,40.37644960422533,0.5998126136414437,0.594044092981709,75.75757575757575,40.413305670743185,0.5989283830774272,0.5733624019633878,74.74747474747475,40.413305670743185,0.5796715732871258,0.5733624019633878,74.74747474747475
40.09843706327047,0.591114225058198,0.5894224388430913,73.73737373737373,40.09843706327047,0.5977619582169664,0.5894224388430913,73.73737373737373,39.939541266931464,0.5971292283809579,0.5692427606798225,72.72727272727273,39.939541266931464,0.5779031440118377,0.5692427606798225,72.72727272727273
40.02611458057511,0.5712253737564995,0.5438314217777659,71.71717171717171,40.02611458057511,0.5802849746551453,0.5438314217777659,71.71717171717171,39.832958214630985,0.5770780097318751,0.5237626071342021,70.70707070707071,39.832958214630985,0.5599159105367975,0.5237626071342021,70.70707070707071
39.76591710695077,0.5925621217197112,0.5974510987002699,72.72727272727273,39.76591710695077,0.5971346567238734,0.5974510987002699,72.72727272727273,39.79187260839249,0.5984098925315926,0.5782237892511777,72.72727272727273,39.79187260839249,0.5777818880998296,0.5782237892511777,72.72727272727273
40.45494908867779,0.5911696720993505,0.5897029648017262,72.72727272727273,40.45494908867779,0.5963773338780967,0.5897029648017262,72.72727272727273,40.329708612322705,0.5969471651297742,0.5695341179473932,73.73737373737373,40.329708612322705,0.5767535292893693,0.5695341179473932,73.73737373737373
38.68641288129928,0.5872165297965142,0.5780969436791997,72.72727272727273,38.68641288129928,0.5918097290400817,0.5780969436791997,72.72727272727273,38.57205126608856,0.59305195088365,0.5581871273590682,72.72727272727273,38.57205126608856,0.5720166810897623,0.5581871273590682,72.72727272727273
39.60252375144251,0.5777444133473338,0.5703467140751421,74.74747474747475,39.60252375144251,0.5827649940918597,0.5703467140751421,74.74747474747475,39.464514891272565,0.583540977194835,0.5504928765564638,74.74747474747475,39.464514891272565,0.5631109400272765,0.5504928765564638,74.74747474747475
41.00840195271075,0.5846273498728298,0.5830867052988526,72.72727272727273,41.00840195271075,0.590094870800761,0.5830867052988526,72.72727272727273,40.8468152668237,0.5906979338664964,0.5628569438633597,72.72727272727273,40.8468152668237,0.5702331066956909,0.5628569438633597,72.72727272727273
39.867957638663995,0.5829133814812713,0.5732371550749338,73.73737373737373,39.867957638663995,0.5876888533619431,0.5732371550749338,73.73737373737373,39.76148694197592,0.5887473625769359,0.5541827172662998,73.73737373737373,39.76148694197592,0.5682633080761373,0.5541827172662998,73.73737373737373
40.395814719272515,0.6004010093917715,0.6051804944964334,72.72727272727273,40.395814719272515,0.603257657492182,0.6051804944964334,72.72727272727273,40.45567909149423,0.6064255176923217,0.5856785405656371,72.72727272727273,40.45567909149423,0.583727439190812,0.5856785405656371,72.72727272727273
39.00972694074909,0.5874148449545447,0.5843846307854508,73.73737373737373,39.00972694074909,0.5930345736655828,0.5843846307854508,73.73737373737373,38.85411858562262,0.59329784626002,0.5646180963044839,72.72727272727273,38.85411858562262,0.5733402328513613,0.5646180963044839,72.72727272727273
38.84131972375785,0.5923236196175294,0.5904232201469068,72.72727272727273,38.84131972375785,0.5982045294822729,0.5904232201469068,72.72727272727273,38.705382271206524,0.5980849829464243,0.5697041556821119,72.72727272727273,38.705382271206524,0.5783757848911777,0.5697041556821119,72.72727272727273
40.263154785160204,0.5869069086455833,0.5788909752383702,73.73737373737373,40.263154785160204,0.592488459852834,0.5788909752383702,73.73737373737373,40.14462287781899,0.5927708127081226,0.5582474502673112,73.73737373737373,40.14462287781899,0.5724024570014246,0.5582474502673112,73.73737373737373
39.43529181043801,0.571606162091535,0.5581857797610464,72.72727272727273,39.43529181043801,0.5782385629298024,0.5581857797610464,72.72727272727273,39.27584194780221,0.5774759290868403,0.5380462389253519,72.72727272727273,39.27584194780221,0.5581917599559414,0.5380462389253519,72.72727272727273
38.63275408654096,0.5852065092189469,0.5787692025877048,72.72727272727273,38.63275408654096,0.5909948935453113,0.5787692025877048,72.72727272727273,38.51853576218978,0.5908497491491944,0.5576903535001233,71.71717171717171,38.51853576218978,0.570941475183715,0.5576903535001233,71.71717171717171
39.70358397546481,0.588688568163168,0.5866572697685615,71.71717171717171,39.70358397546481,0.5920743012414064,0.5866572697685615,71.71717171717171,39.53518264425953,0.5944632524212632,0.5690940586447907,72.72727272727273,39.53518264425953,0.573445144313111,0.5690940586447907,72.72727272727273
39.32747004602691,0.5957052503242639,0.6019725537860527,74.74747474747475,39.32747004602691,0.599534495044006,0.6019725537860527,74.74747474747475,39.43005891365664,0.6018746533079722,0.5830303537532189,74.74747474747475,39.43005891365664,0.579943434090688,0.5830303537532189,74.74747474747475
39.677572197181576,0.5945412595333692,0.5947532209087112,71.71717171717171,39.677572197181576,0.5989932531308155,0.5947532209087112,71.71717171717171,39.57154184605163,0.6006537314663627,0.5763361402530129,71.71717171717171,39.57154184605163,0.5796814413705713,0.5763361402530129,71.71717171717171
40.64835953031996,0.5795984023731819,0.5766152055657109,72.72727272727273,40.64835953031996,0.5843597231326365,0.5766152055657109,72.72727272727273,40.54009550492545,0.585512783886237,0.5598254523476832,72.72727272727273,40.54009550492545,0.5652767361751851,0.5598254523476832,72.72727272727273
38.31300186701492,0.5917950206655724,0.5884563264286922,72.72727272727273,38.31300186701492,0.5962199585011659,0.5884563264286922,72.72727272727273,38.62175456188536,0.597901859780059,0.5700071400833226,72.72727272727273,38.62175456188536,0.5769802935728594,0.5700071400833226,72.72727272727273
39.712850168871114,0.5970141686240036,0.6037965224673463,72.72727272727273,39.712850168871114,0.6006811626073687,0.6037965224673463,72.72727272727273,39.73306812438857,0.602950761296424,0.5853841240527016,72.72727272727273,39.73306812438857,0.5815650207757556,0.5853841240527016,72.72727272727273
40.94181137023756,0.5826639249875302,0.5750900655811784,74.74747474747475,40.94181137023756,0.5877035066033206,0.5750900655811784,74.74747474747475,40.82150862507498,0.5886896210799568,0.556311287794932,73.73737373737373,40.82150862507498,0.5682031264198977,0.556311287794932,73.73737373737373
38.98726587082606,0.5895529408817517,0.5865555276631846,72.72727272727273,38.98726587082606,0.5956153524814064,0.5865555276631846,72.72727272727273,39.00719468859255,0.5954627828499408,0.5669657507937076,72.72727272727273,39.00719468859255,0.5757144782437404,0.5669657507937076,72.72727272727273
40.91368729963545,0.5995091840392438,0.605031201181075,72.72727272727273,40.91368729963545,0.6038845371675843,0.605031201181075,72.72727272727273,40.77410735392875,0.6053687533140136,0.5849386311499675,72.72727272727273,40.77410735392875,0.5842141625472608,0.5849386311499675,72.72727272727273
40.635740285375434,0.5970564933224336,0.6042593321502615,71.71717171717171,40.635740285375434,0.5987866717048521,0.6042593321502615,71.71717171717171,41.041538696249994,0.6027198145700023,0.5880058450570452,71.71717171717171,41.041538696249994,0.5807339672809497,0.5880058450570452,71.71717171717171
39.4504265200535,0.581170381311394,0.5718100768113168,73.73737373737373,39.4504265200535,0.5859394473780624,0.5718100768113168,73.73737373737373,39.7210228800142,0.5869879717802187,0.551143897963142,73.73737373737373,39.7210228800142,0.5657733820391865,0.551143897963142,73.73737373737373
40.0784609657906,0.5875596586053637,0.5855537637312482,75.75757575757575,40.0784609657906,0.5922373170514477,0.5855537637312482,75.75757575757575,40.0022305841092,0.593614471646576,0.5670416765936825,73.73737373737373,40.0022305841092,0.5728767061290976,0.5670416765936825,73.73737373737373
40.3606010534709,0.587350192604184,0.586403219019719,72.72727272727273,40.3606010534709,0.5927903928175219,0.586403219019719,72.72727272727273,40.25299609483872,0.5933604432829569,0.5681180313197521,72.72727272727273,40.25299609483872,0.57342301265129,0.5681180313197521,72.72727272727273
39.989713597144025,0.5867058057407869,0.5828402603214442,72.72727272727273,39.989713597144025,0.5917632413837114,0.5828402603214442,72.72727272727273,39.83114278513884,0.592618566812311,0.5624190560886599,72.72727272727273,39.83114278513884,0.571896247522566,0.5624190560886599,72.72727272727273
39.715216250478136,0.5990396692395378,0.6059739924472494,73.73737373737373,39.715216250478136,0.602063506803019,0.6059739924472494,73.73737373737373,39.742707052000846,0.6050866018389347,0.5890731716102804,73.73737373737373,39.742707052000846,0.5837007680013226,0.5890731716102804,73.73737373737373
38.653012383339394,0.595031949669645,0.5997400802916031,73.73737373737373,38.653012383339394,0.5996348614914477,0.5997400802916031,73.73737373737373,39.00900645700127,0.6008764776060161,0.5814232225320782,73.73737373737373,39.00900645700127,0.5805269617568489,0.5814232225320782,73.73737373737373
40.524173739464906,0.59291881970952,0.5896351266328115,74.74747474747475,40.524173739464906,0.597154580913346,0.5896351266328115,74.74747474747475,40.36401250052919,0.598817521872694,0.5695208469206929,74.74747474747475,40.36401250052919,0.5773586435765593,0.5695208469206929,74.74747474747475
40.329616754472276,0.5934848808552764,0.595566902296849,72.72727272727273,40.329616754472276,0.5978317914614066,0.595566902296849,72.72727272727273,40.15915232942696,0.5993255096382758,0.5762302345385277,71.71717171717171,40.15915232942696,0.5785877045003542,0.5762302345385277,71.71717171717171
39.816531935568,0.5843158594495488,0.5786514418898294,71.71717171717171,39.816531935568,0.5910769269835516,0.5786514418898294,71.71717171717171,39.7101800723761,0.5903830537702197,0.5601532983887763,71.71717171717171,39.7101800723761,0.5714050476982908,0.5601532983887763,71.71717171717171
40.26552801883212,0.5928692374046995,0.5920655692817561,72.72727272727273,40.26552801883212,0.5952021629208766,0.5920655692817561,72.72727272727273,40.474730626701685,0.59872618372444,0.5731434769335113,72.72727272727273,40.474730626701685,0.5760895018047734,0.5731434769335113,72.72727272727273
39.12908670199686,0.6076889640695726,0.624951113230707,73.73737373737373,39.12908670199686,0.6107662761739366,0.624951113230707,73.73737373737373,39.363896320640514,0.6136482541584498,0.6064523156669996,73.73737373737373,39.363896320640514,0.5918146369395162,0.6064523156669996,73.73737373737373
40.54623889146677,0.5981869506756634,0.6010867788007046,73.73737373737373,40.54623889146677,0.6025771251158343,0.6010867788007046,73.73737373737373,41.07571134800176,0.6041163729273888,0.5795647552903406,74.74747474747475,41.07571134800176,0.582359090942245,0.5795647552903406,74.74747474747475
39.36717304293613,0.5848376044489967,0.5824574949287907,73.73737373737373,39.36717304293613,0.5897683255456971,0.5824574949287907,73.73737373737373,39.23721811163946,0.5909384422324282,0.5625858503559358,74.74747474747475,39.23721811163946,0.569884418376752,0.5625858503559358,74.74747474747475
40.90263939551784,0.5876640166079615,0.5780603160790584,73.73737373737373,40.90263939551784,0.5935203385735303,0.5780603160790584,73.73737373737373,40.901885420227636,0.5935581485355033,0.5576289106703127,73.73737373737373,40.901885420227636,0.573638291086545,0.5576289106703127,73.73737373737373
39.27146968536127,0.5954243880719305,0.6034155810773357,71.71717171717171,39.27146968536127,0.5994710247647566,0.6034155810773357,71.71717171717171,39.53522302731044,0.601243835038608,0.5839227022148394,71.71717171717171,39.53522302731044,0.5804103652224462,0.5839227022148394,71.71717171717171
40.26136349311387,0.5904320930517779,0.5845909963762427,71.71717171717171,40.26136349311387,0.5944528871379562,0.5845909963762427,71.71717171717171,40.26253212548034,0.596248717018284,0.5667412925003468,71.71717171717171,40.26253212548034,0.5756501761638849,0.5667412925003468,71.71717171717171
39.30706027950963,0.5919028659290347,0.5959616307401101,71.71717171717171,39.30706027950963,0.5947160850083779,0.5959616307401101,71.71717171717171,39.389424363559435,0.5978806539282386,0.5776195625278793,71.71717171717171,39.389424363559435,0.575684689771712,0.5776195625278793,71.71717171717171
40.04290161330365,0.5947352885356558,0.5992533802194648,74.74747474747475,40.04290161330365,0.5972805548443351,0.5992533802194648,74.74747474747475,40.007057963505275,0.6004520902882593,0.5814405390108701,74.74747474747475,40.007057963505275,0.5787878871405014,0.5814405390108701,74.74747474747475
39.8512532892923,0.5884231276471525,0.5870577163453723,72.72727272727273,39.8512532892923,0.594245791083432,0.5870577163453723,72.72727272727273,39.693097416117936,0.5940863085047698,0.5689101785773993,72.72727272727273,39.693097416117936,0.5754787159751472,0.5689101785773993,72.72727272727273
39.415032968577414,0.5758599639995461,0.5664217355966268,71.71717171717171,39.415032968577414,0.5815131321633868,0.5664217355966268,71.71717171717171,39.2775315288739,0.5818213522295062,0.5470455172485444,71.71717171717171,39.2775315288739,0.561798434409637,0.5470455172485444,71.71717171717171
40.41615314179966,0.5905955740098399,0.5935495778763117,71.71717171717171,40.41615314179966,0.5954684243661972,0.5935495778763117,71.71717171717171,40.28400021358305,0.5965030714199127,0.5757172101056707,71.71717171717171,40.28400021358305,0.5767178366005101,0.5757172101056707,71.71717171717171
40.33173852849083,0.5923235841561532,0.5901896183456148,73.73737373737373,40.33173852849083,0.598357582973396,0.5901896183456148,73.73737373737373,40.13746731001725,0.5982404568776718,0.5683513383954205,72.72727272727273,40.13746731001725,0.5779680310943505,0.5683513383954205,72.72727272727273
38.92078197295349,0.589114067753292,0.586016758202512,73.73737373737373,38.92078197295349,0.5923413728669376,0.586016758202512,73.73737373737373,38.79187780576202,0.5947540979489578,0.5683622458243843,73.73737373737373,38.79187780576202,0.5736133375078503,0.5683622458243843,73.73737373737373
40.568178275405884,0.5899754711165421,0.5903791486969582,73.73737373737373,40.568178275405884,0.5927714392048435,0.5903791486969582,73.73737373737373,40.50201500876973,0.5959652750538711,0.5714288403246672,72.72727272727273,40.50201500876973,0.5734366731450962,0.5714288403246672,72.72727272727273
39.729615582076136,0.5801045584668181,0.5697486362152266,71.71717171717171,39.729615582076136,0.585682844841346,0.5697486362152266,71.71717171717171,40.077376934983874,0.586111707720441,0.551586025099976,71.71717171717171,40.077376934983874,0.566299108476731,0.551586025099976,71.71717171717171
40.311787930850684,0.5958235067610659,0.5960006757871228,73.73737373737373,40.311787930850684,0.5980402543133116,0.5960006757871228,73.73737373737373,40.33224156825024,0.601452941778728,0.5762610405135282,73.73737373737373,40.33224156825024,0.5787289606344279,0.5762610405135282,73.73737373737373
40.371305459400155,0.5971425559698161,0.5961489653477464,72.72727272727273,40.371305459400155,0.6003335473007335,0.5961489653477464,72.72727272727273,40.189630288525294,0.6029889999689142,0.5770737666577875,72.72727272727273,40.189630288525294,0.5811413737089033,0.5770737666577875,72.72727272727273
38.621986145979314,0.5851781788748619,0.5829418691616332,72.72727272727273,38.621986145979314,0.5885483514045649,0.5829418691616332,72.72727272727273,38.507796587231425,0.5910426088744645,0.5646143894146088,72.72727272727273,38.507796587231425,0.5693764378113446,0.5646143894146088,72.72727272727273
39.71918469423643,0.5933860470687353,0.5911478769050895,73.73737373737373,39.71918469423643,0.598847437169991,0.5911478769050895,73.73737373737373,39.77818843751497,0.5993662691225072,0.5703224621208507,73.73737373737373,39.77818843751497,0.5788432288101237,0.5703224621208507,73.73737373737373
39.7834247018221,0.5684021561258961,0.5503592786783524,72.72727272727273,39.7834247018221,0.5760017750731359,0.5503592786783524,72.72727272727273,39.64492798720114,0.5743524987652913,0.530151353976952,72.72727272727273,39.64492798720114,0.5556819326934778,0.530151353976952,72.72727272727273
39.74549775338069,0.584467687883869,0.578717778275814,72.72727272727273,39.74549775338069,0.5902279625172382,0.578717778275814,72.72727272727273,40.22083070004439,0.5903515601078835,0.5609637602836852,72.72727272727273,40.22083070004439,0.5711971336399853,0.5609637602836852,72.72727272727273
38.91087437974319,0.5814251529762956,0.5805072845576555,72.72727272727273,38.91087437974319,0.5857488246674114,0.5805072845576555,72.72727272727273,39.92024431557913,0.5871180663951812,0.5628404313107103,72.72727272727273,39.92024431557913,0.5670524508369805,0.5628404313107103,72.72727272727273
39.31221041286882,0.6023217371959935,0.6091313923701148,72.72727272727273,39.31221041286882,0.6044342626515706,0.6091313923701148,72.72727272727273,39.25361421999878,0.6082031621225008,0.5903693264597887,72.72727272727273,39.25361421999878,0.5854379892416846,0.5903693264597887,72.72727272727273
39.33938333332948,0.5875756427606764,0.5858567590227759,73.73737373737373,39.33938333332948,0.5926195868646188,0.5858567590227759,73.73737373737373,39.35945295972621,0.5936375163978842,0.56726104438485,73.73737373737373,39.35945295972621,0.5732699857228817,0.56726104438485,73.73737373737373
39.27919658818598,0.5814577677902832,0.5745567764258164,71.71717171717171,39.27919658818598,0.5867237063411483,0.5745567764258164,71.71717171717171,39.10141100486242,0.5871720677763597,0.5556518839886103,71.71717171717171,39.10141100486242,0.5674469933267625,0.5556518839886103,71.71717171717171
39.53149076969351,0.5846244362345072,0.5848937305861801,72.72727272727273,39.53149076969351,0.5895577588675857,0.5848937305861801,72.72727272727273,39.41488431893687,0.5905252782911101,0.5664499607063929,72.72727272727273,39.41488431893687,0.5703552903365675,0.5664499607063929,72.72727272727273
40.20823912562852,0.6006555795203096,0.6098674186022187,73.73737373737373,40.20823912562852,0.6040664072340073,0.6098674186022187,73.73737373737373,40.2706622937452,0.6065517357747467,0.5911745731710332,73.73737373737373,40.2706622937452,0.5848936261231799,0.5911745731710332,73.73737373737373
39.59279548732586,0.5917741712472937,0.590402643843636,71.71717171717171,39.59279548732586,0.5975195815305124,0.590402643843636,71.71717171717171,39.47900817476846,0.5975744242493868,0.5715257785718284,72.72727272727273,39.47900817476846,0.5782606574577991,0.5715257785718284,72.72727272727273
40.075096357687116,0.5841138298564077,0.574855697901554,73.73737373737373,40.075096357687116,0.5877567886486862,0.574855697901554,73.73737373737373,39.96814783321878,0.5900322837222927,0.555141407124424,74.74747474747475,39.96814783321878,0.5679369198851235,0.555141407124424,74.74747474747475
39.39821734627898,0.5767870117319993,0.5663785002743182,72.72727272727273,39.39821734627898,0.5830314818309632,0.5663785002743182,72.72727272727273,40.1568418812804,0.5825972683164917,0.5474155996789346,72.72727272727273,40.1568418812804,0.5635556643510063,0.5474155996789346,72.72727272727273
40.40008988146899,0.5797803391803911,0.5715027919980272,71.71717171717171,40.40008988146899,0.5854267623122695,0.5715027919980272,71.71717171717171,40.240296290628486,0.5856255384307457,0.550535510768428,71.71717171717171,40.240296290628486,0.5654401595486589,0.550535510768428,71.71717171717171
38.55150342467082,0.5923693295311505,0.5993427663662434,73.73737373737373,38.55150342467082,0.5949091156207106,0.5993427663662434,73.73737373737373,38.58701285952307,0.598359342335954,0.5837647379250045,71.71717171717171,38.58701285952307,0.5767709925153959,0.5837647379250045,71.71717171717171
41.31859548877603,0.5897597147414729,0.5886127199720824,71.71717171717171,41.31859548877603,0.593682730335005,0.5886127199720824,71.71717171717171,41.278897613671205,0.5955238434228708,0.5699758267139938,71.71717171717171,41.278897613671205,0.5746653795717336,0.5699758267139938,71.71717171717171
38.789786338224964,0.595778199341977,0.6051480139982744,73.73737373737373,38.789786338224964,0.600712017658096,0.6051480139982744,73.73737373737373,38.74231028952021,0.601803810875291,0.584667216424184,73.73737373737373,38.74231028952021,0.5810669624735421,0.584667216424184,73.73737373737373
39.609682272769945,0.5894021678072485,0.5842515442658867,74.74747474747475,39.609682272769945,0.5936297482081299,0.5842515442658867,74.74747474747475,39.6460076384346,0.5955020966882256,0.5640976102407043,74.74747474747475,39.6460076384346,0.5736549810499086,0.5640976102407043,74.74747474747475
38.21749261250784,0.5932862742291755,0.5957584155079496,74.74747474747475,38.21749261250784,0.5990743972595705,0.5957584155079496,74.74747474747475,38.25274183720405,0.5993253903000249,0.5764742960920521,73.73737373737373,38.25274183720405,0.5796657018860972,0.5764742960920521,73.73737373737373
38.44548885109439,0.587685278562543,0.583192399895909,71.71717171717171,38.44548885109439,0.5927406055444887,0.583192399895909,71.71717171717171,38.65599019647007,0.5934812327454055,0.5642554197568765,71.71717171717171,38.65599019647007,0.573300204185905,0.5642554197568765,71.71717171717171
38.959065469981724,0.5973700748756878,0.5952628895655883,73.73737373737373,38.959065469981724,0.6029544932170616,0.5952628895655883,73.73737373737373,38.9789829705298,0.6029508197375332,0.5766355829027998,73.73737373737373,38.9789829705298,0.5837988064280403,0.5766355829027998,73.73737373737373
39.053278550449065,0.5957838396256274,0.6043994278678892,72.72727272727273,39.053278550449065,0.597774865777972,0.6043994278678892,72.72727272727273,39.44731709107621,0.6018452152773477,0.5844303089063843,72.72727272727273,39.44731709107621,0.5780900937195697,0.5844303089063843,72.72727272727273
39.31267532747511,0.5908641280464193,0.5859964299367102,75.75757575757575,39.31267532747511,0.5958793000850099,0.5859964299367102,75.75757575757575,39.3752622437251,0.5967086579912732,0.567299246083472,75.75757575757575,39.3752622437251,0.5766575628251354,0.567299246083472,75.75757575757575
39.98815011147078,0.5902704575601542,0.5953646463323587,72.72727272727273,39.98815011147078,0.5932290479247933,0.5953646463323587,72.72727272727273,39.82958397825281,0.5964685717139009,0.5770214549528623,72.72727272727273,39.82958397825281,0.5741392957001759,0.5770214549528623,72.72727272727273
39.92527866588465,0.5828318618015054,0.5772886703607422,72.72727272727273,39.92527866588465,0.5878356214160205,0.5772886703607422,72.72727272727273,39.773586255883295,0.5886990268247209,0.5579826351834598,72.72727272727273,39.773586255883295,0.5684384443335091,0.5579826351834598,72.72727272727273
39.82797632700308,0.5711834890716766,0.5618782971269027,71.71717171717171,39.82797632700308,0.5781614013333902,0.5618782971269027,71.71717171717171,39.899993423562506,0.577221252040206,0.5433098756692318,71.71717171717171,39.899993423562506,0.5585883136083714,0.5433098756692318,71.71717171717171
38.918272856304746,0.5894549557270621,0.5905046273151804,70.70707070707071,38.918272856304746,0.5929988189976061,0.5905046273151804,70.70707070707071,39.0793730744612,0.5955920475856876,0.5705713454676267,70.70707070707071,39.0793730744612,0.5731449819493184,0.5705713454676267,70.70707070707071
38.958765675765164,0.6067334340751147,0.6159072948013891,72.72727272727273,38.958765675765164,0.6083147940269673,0.6159072948013891,72.72727272727273,38.8293815884978,0.6128436248437581,0.5952215420740623,72.72727272727273,38.8293815884978,0.5886189100168779,0.5952215420740623,72.72727272727273
40.30645339972405,0.5967008400307163,0.6006776869370665,72.72727272727273,40.30645339972405,0.6004861640753973,0.6006776869370665,72.72727272727273,40.166555779109046,0.6026369682144206,0.5822624282811096,72.72727272727273,40.166555779109046,0.5811150007745902,0.5822624282811096,72.72727272727273
41.54452502796443,0.5933898033151991,0.5963383951836261,73.73737373737373,41.54452502796443,0.5982375162982079,0.5963383951836261,73.73737373737373,41.40961700808131,0.5990730412248341,0.5784725357026981,73.73737373737373,41.40961700808131,0.5794986754850013,0.5784725357026981,73.73737373737373
40.59207318276577,0.579005101387025,0.5702580702555587,72.72727272727273,40.59207318276577,0.5843293037605486,0.5702580702555587,72.72727272727273,40.45929637004727,0.5845835916830644,0.5509645337372726,71.71717171717171,40.45929637004727,0.5649141806950213,0.5509645337372726,71.71717171717171
40.19816636188829,0.579086875000629,0.568355586001394,72.72727272727273,40.19816636188829,0.5861084016020716,0.568355586001394,72.72727272727273,40.27313077032544,0.5848841783677877,0.5499286078516916,72.72727272727273,40.27313077032544,0.566910460128372,0.5499286078516916,72.72727272727273
40.1614589627604,0.6033857371675568,0.6112994732062264,73.73737373737373,40.1614589627604,0.6053148348838562,0.6112994732062264,73.73737373737373,40.14065538599787,0.6093983748298302,0.5924541505084667,73.73737373737373,40.14065538599787,0.5860246283629315,0.5924541505084667,73.73737373737373
39.614214916549315,0.587146975828192,0.5838985859616836,71.71717171717171,39.614214916549315,0.59147251720171,0.5838985859616836,71.71717171717171,39.43522798777833,0.5930821111282268,0.5655889458043308,71.71717171717171,39.43522798777833,0.5721615642748727,0.5655889458043308,71.71717171717171
39.73116107960768,0.5818032333773449,0.5744872230623781,72.72727272727273,39.73116107960768,0.5873435920243144,0.5744872230623781,72.72727272727273,39.62500666923701,0.5876551879288558,0.5557461160245094,72.72727272727273,39.62500666923701,0.56793667777733,0.5557461160245094,72.72727272727273
39.895225825778894,0.5823799548432915,0.5758024430881672,75.75757575757575,39.895225825778894,0.5881694708832051,0.5758024430881672,75.75757575757575,39.7369380458092,0.5881383869989147,0.5565842901734526,74.74747474747475,39.7369380458092,0.5686288804679284,0.5565842901734526,74.74747474747475
40.41675629352385,0.5965796129504599,0.5981830399022426,72.72727272727273,40.41675629352385,0.6008130791649937,0.5981830399022426,72.72727272727273,41.19247047670815,0.6022230186873656,0.5804848734233803,73.73737373737373,41.19247047670815,0.58195306318731,0.5804848734233803,73.73737373737373
41.60289516127631,0.5998028205230745,0.6078797049078468,73.73737373737373,41.60289516127631,0.602897494670466,0.6078797049078468,73.73737373737373,41.41692647537473,0.6059834798997629,0.5888463297630284,74.74747474747475,41.41692647537473,0.5835323346907895,0.5888463297630284,74.74747474747475
39.966709885189125,0.5914923073167395,0.5924415902068838,73.73737373737373,39.966709885189125,0.5960680034450807,0.5924415902068838,73.73737373737373,40.11238893928982,0.5975091908117222,0.5729036105092526,74.74747474747475,40.11238893928982,0.5764555285957738,0.5729036105092526,74.74747474747475
40.24052117234571,0.5767957067975791,0.5642403534803611,72.72727272727273,40.24052117234571,0.5837636854908055,0.5642403534803611,72.72727272727273,40.13319199553123,0.5824914009013666,0.5450583879927018,72.72727272727273,40.13319199553123,0.5642905166579193,0.5450583879927018,72.72727272727273
38.09078392402403,0.5876355828160513,0.5898615506209315,72.72727272727273,38.09078392402403,0.5908778669912673,0.5898615506209315,72.72727272727273,38.107055980678176,0.593693341581312,0.571551608141049,72.72727272727273,38.107055980678176,0.5717239911556855,0.571551608141049,72.72727272727273
38.739061736840654,0.5898530071596177,0.5921479253657237,70.70707070707071,38.739061736840654,0.5936105426713454,0.5921479253657237,70.70707070707071,38.635218312345444,0.5956937487954924,0.5744523080785774,70.70707070707071,38.635218312345444,0.5745250292777138,0.5744523080785774,70.70707070707071
40.48606193483275,0.5887772098270856,0.5829449810977685,73.73737373737373,40.48606193483275,0.593444822053762,0.5829449810977685,73.73737373737373,40.543941807080486,0.594543489289957,0.5643337408823423,74.74747474747475,40.543941807080486,0.5742026425976248,0.5643337408823423,74.74747474747475
38.20728741691452,0.5828880422220081,0.5701479688713631,73.73737373737373,38.20728741691452,0.5886136520810793,0.5701479688713631,73.73737373737373,38.24252867125109,0.5888975426531029,0.5501474525327327,73.73737373737373,38.24252867125109,0.5685240577681447,0.5501474525327327,73.73737373737373
41.0432942669122,0.5916854735394442,0.5959341698417511,72.72727272727273,41.0432942669122,0.5969463877772279,0.5959341698417511,72.72727272727273,40.88160543854266,0.5976993503591937,0.5767876796290581,72.72727272727273,40.88160543854266,0.5774973753327938,0.5767876796290581,72.72727272727273
40.107212187468065,0.5860932865558486,0.5802998182695354,71.71717171717171,40.107212187468065,0.5919074805698223,0.5802998182695354,71.71717171717171,39.96784653885308,0.592017537054238,0.558312421372583,72.72727272727273,39.96784653885308,0.5712988258011584,0.558312421372583,72.72727272727273
38.89085771161429,0.5836453120932334,0.5744097059841538,75.75757575757575,38.89085771161429,0.5887300116491069,0.5744097059841538,75.75757575757575,39.05708354555324,0.5892746594569661,0.5541164704035966,72.72727272727273,39.05708354555324,0.5692695005483757,0.5541164704035966,72.72727272727273
41.120055831666825,0.591400638211965,0.5911943198488332,73.73737373737373,41.120055831666825,0.5955005207110439,0.5911943198488332,73.73737373737373,41.01071701239603,0.597231276558911,0.5730188518304125,73.73737373737373,41.01071701239603,0.576161839805182,0.5730188518304125,73.73737373737373
39.893291556758015,0.5846427257505812,0.5746254581668743,73.73737373737373,39.893291556758015,0.5918988269504677,0.5746254581668743,73.73737373737373,39.71330939104708,0.5906858376711066,0.5550699247273039,72.72727272727273,39.71330939104708,0.5721610578767065,0.5550699247273039,72.72727272727273
40.213249451175116,0.5904532737142721,0.5884203413730063,74.74747474747475,40.213249451175116,0.5957081861996778,0.5884203413730063,74.74747474747475,40.684250972348536,0.5966677259741763,0.5668627321969106,74.74747474747475,40.684250972348536,0.5753204869128719,0.5668627321969106,74.74747474747475
39.611124141690254,0.5843650600572539,0.578829905265352,72.72727272727273,39.611124141690254,0.5912589158009496,0.578829905265352,72.72727272727273,39.43214826322992,0.5903839033471148,0.5582821318419213,72.72727272727273,39.43214826322992,0.5709478265495114,0.5582821318419213,72.72727272727273
39.10039752727402,0.5826123943361674,0.5726718018148098,72.72727272727273,39.10039752727402,0.5882568659351906,0.5726718018148098,72.72727272727273,38.971069133929895,0.5886919493072018,0.5519029496236134,72.72727272727273,38.971069133929895,0.5677784464835869,0.5519029496236134,72.72727272727273
40.44883846336749,0.600174833355352,0.6087915726000281,74.74747474747475,40.44883846336749,0.6033580366339346,0.6087915726000281,74.74747474747475,40.341031138059044,0.6061282846624528,0.5886427976085238,74.74747474747475,40.341031138059044,0.5837496269231245,0.5886427976085238,74.74747474747475
39.370794443904046,0.5859609605035117,0.5794553216127306,72.72727272727273,39.370794443904046,0.5914108822384905,0.5794553216127306,72.72727272727273,39.20349972543763,0.5919222769433906,0.5618218075820467,72.72727272727273,39.20349972543763,0.5723784709561015,0.5618218075820467,72.72727272727273
39.6874225646487,0.5828303954239985,0.5782010357224214,72.72727272727273,39.6874225646487,0.5854590272930091,0.5782010357224214,72.72727272727273,39.58136940312187,0.5886631120084562,0.5596027965739877,72.72727272727273,39.58136940312187,0.5662705018955143,0.5596027965739877,72.72727272727273
39.437796689423465,0.5739493125936735,0.5623721825987685,72.72727272727273,39.437796689423465,0.5793061773251683,0.5623721825987685,72.72727272727273,39.27027862009638,0.5797229958217864,0.5441219145702082,72.72727272727273,39.27027862009638,0.5601621557131962,0.5441219145702082,72.72727272727273
38.80816304894871,0.6036959827514696,0.6198300413196907,71.71717171717171,38.80816304894871,0.6053724357858173,0.6198300413196907,71.71717171717171,38.859512071580305,0.609791706066094,0.6023182574507042,71.71717171717171,38.859512071580305,0.586444689438381,0.6023182574507042,71.71717171717171
39.28926635171439,0.5989780445542823,0.6027054949009131,73.73737373737373,39.28926635171439,0.6018705782461986,0.6027054949009131,73.73737373737373,39.14991665234865,0.6051461231257984,0.5840202739774458,72.72727272727273,39.14991665234865,0.582438451374599,0.5840202739774458,72.72727272727273
41.01183865095639,0.5952745926146534,0.5995910420715438,74.74747474747475,41.01183865095639,0.5998893235406764,0.5995910420715438,74.74747474747475,41.07247959611773,0.6011992345731475,0.5810736018189537,74.74747474747475,41.07247959611773,0.5805108140622854,0.5810736018189537,74.74747474747475
39.674021156296455,0.5818399684795059,0.5755294195026752,71.71717171717171,39.674021156296455,0.5879532944049839,0.5755294195026752,71.71717171717171,39.59351234303672,0.5879140038828861,0.5552176904642823,71.71717171717171,39.59351234303672,0.5679254975822753,0.5552176904642823,71.71717171717171
40.286181965937715,0.5907862555209289,0.59056286478848,73.73737373737373,40.286181965937715,0.5964458596709892,0.59056286478848,73.73737373737373,40.27096027922226,0.5967090434678406,0.5730520498150466,73.73737373737373,40.27096027922226,0.5775683736142563,0.5730520498150466,73.73737373737373
38.83916179047298,0.5964889883051516,0.5978602120096114,72.72727272727273,38.83916179047298,0.5998918434375624,0.5978602120096114,72.72727272727273,38.72439276503861,0.6023999659373407,0.5789358715921111,73.73737373737373,38.72439276503861,0.5806659026352605,0.5789358715921111,73.73737373737373
39.367550676473805,0.575286438399145,0.5646554928066254,74.74747474747475,39.367550676473805,0.5814898286395842,0.5646554928066254,74.74747474747475,39.23017803107566,0.5811325496392006,0.5460086888320183,74.74747474747475,39.23017803107566,0.5621304999398122,0.5460086888320183,74.74747474747475
39.21148861276333,0.5987726632322834,0.6115753484401618,72.72727272727273,39.21148861276333,0.6028323614721844,0.6115753484401618,72.72727272727273,40.46111341615022,0.604680936653571,0.5943590814196997,72.72727272727273,40.46111341615022,0.5841225827035482,0.5943590814196997,72.72727272727273
37.48450967656968,0.594606791167452,0.589452292557366,72.72727272727273,37.48450967656968,0.5995951982704626,0.589452292557366,72.72727272727273,38.170580112861096,0.6005542601843734,0.5690068988259069,72.72727272727273,38.170580112861096,0.5797959348007597,0.5690068988259069,72.72727272727273
40.40529107466754,0.599784143407601,0.6031214097614501,73.73737373737373,40.40529107466754,0.6026849161091072,0.6031214097614501,73.73737373737373,40.223496098468345,0.6059164479306832,0.5838004681951081,73.73737373737373,40.223496098468345,0.5832827101481801,0.5838004681951081,73.73737373737373
40.134162771937866,0.5805694355194545,0.5768231427545676,72.72727272727273,40.134162771937866,0.5858933955046748,0.5768231427545676,72.72727272727273,40.19369528769155,0.5864775205008519,0.5560746964547145,72.72727272727273,40.19369528769155,0.5656869023430713,0.5560746964547145,72.72727272727273
40.05124846870076,0.5995417798361462,0.608370444946438,72.72727272727273,40.05124846870076,0.6021191350691661,0.608370444946438,72.72727272727273,39.91404888052601,0.605671588521338,0.5882467916822732,72.72727272727273,39.91404888052601,0.5825829433777682,0.5882467916822732,72.72727272727273
38.18766732795752,0.5986562381532822,0.5988029011869882,74.74747474747475,38.18766732795752,0.6032382826033308,0.5988029011869882,74.74747474747475,39.04498551308411,0.6043838050968341,0.579854468964619,74.74747474747475,39.04498551308411,0.5840302968066545,0.579854468964619,74.74747474747475
39.31422654404899,0.5753361757806243,0.5599752853515583,72.72727272727273,39.31422654404899,0.5816634490637722,0.5599752853515583,72.72727272727273,39.37271139443534,0.5810570544543086,0.5415123198728755,72.72727272727273,39.37271139443534,0.5623842787721183,0.5415123198728755,72.72727272727273
39.48431821163961,0.5758743795197453,0.5625833414263397,72.72727272727273,39.48431821163961,0.5814032623595498,0.5625833414263397,72.72727272727273,39.32726774608467,0.5816495437226921,0.54385495816034,72.72727272727273,39.32726774608467,0.5619255190097683,0.54385495816034,72.72727272727273
39.39956345709085,0.5730871268797304,0.5582403124802207,70.70707070707071,39.39956345709085,0.5807499918139103,0.5582403124802207,70.70707070707071,39.24276950786316,0.5789062487251984,0.5364952272998709,70.70707070707071,39.24276950786316,0.5599933323315858,0.5364952272998709,70.70707070707071
39.79130491061317,0.5924151236917707,0.5969372722944346,71.71717171717171,39.79130491061317,0.5981110615385697,0.5969372722944346,71.71717171717171,39.823889924410395,0.5984326563875098,0.577435470002554,71.71717171717171,39.823889924410395,0.5784535501438388,0.577435470002554,71.71717171717171
39.54481085381357,0.5848534289078716,0.5800155289077439,72.72727272727273,39.54481085381357,0.5893386908271991,0.5800155289077439,72.72727272727273,39.49878919555738,0.5909182686726866,0.5603398548073382,72.72727272727273,39.49878919555738,0.5695295235364028,0.5603398548073382,72.72727272727273
39.036517371361455,0.5978006519342429,0.6006024939357258,72.72727272727273,39.036517371361455,0.6015322086385926,0.6006024939357258,72.72727272727273,38.880827239122574,0.6037746625951141,0.5814673302307043,71.71717171717171,38.880827239122574,0.5821351106338749,0.5814673302307043,71.71717171717171
38.87030084912654,0.5861543330986518,0.5877161433436682,72.72727272727273,38.87030084912654,0.5915364875887494,0.5877161433436682,72.72727272727273,40.10398317266583,0.5920857616381338,0.5692525048585442,72.72727272727273,40.10398317266583,0.5724180682706546,0.5692525048585442,72.72727272727273
40.434520905799374,0.6045639261461546,0.6146214901040338,73.73737373737373,40.434520905799374,0.6085094257252259,0.6146214901040338,73.73737373737373,40.31554047074659,0.6105337492079432,0.5948140256249366,72.72727272727273,40.31554047074659,0.5889569581237992,0.5948140256249366,72.72727272727273
38.805599004429716,0.5932968781005058,0.5961083901894099,74.74747474747475,38.805599004429716,0.5953572733943726,0.5961083901894099,74.74747474747475,39.19775966261303,0.5994222250103378,0.5781415774714399,74.74747474747475,39.19775966261303,0.5760314313386151,0.5781415774714399,74.74747474747475
39.84443899186698,0.5928598196947864,0.59480623832184,73.73737373737373,39.84443899186698,0.5982433118973116,0.59480623832184,73.73737373737373,39.776593733654394,0.5986879433925499,0.5755521153795347,73.73737373737373,39.776593733654394,0.5790754685165136,0.5755521153795347,73.73737373737373
39.32743561377471,0.5918693668703272,0.588599197656863,72.72727272727273,39.32743561377471,0.5958848801664256,0.588599197656863,72.72727272727273,39.34750047761386,0.5976770564053755,0.5693795078559885,72.72727272727273,39.34750047761386,0.576527330176648,0.5693795078559885,72.72727272727273
41.87790805157249,0.5856829733605411,0.5814776182930477,73.73737373737373,41.87790805157249,0.5906308609447297,0.5814776182930477,73.73737373737373,41.91261667534667,0.5914804946793606,0.5626084746763097,73.73737373737373,41.91261667534667,0.5713812580781146,0.5626084746763097,73.73737373737373
38.40129207926763,0.5914901415879057,0.5924874742508697,73.73737373737373,38.40129207926763,0.5966930976306364,0.5924874742508697,73.73737373737373,38.24755284599792,0.5975629531067207,0.5754917299883531,72.72727272727273,38.24755284599792,0.5776847844108042,0.5754917299883531,72.72727272727273
39.22588764652883,0.5873304825834924,0.5921739553847951,72.72727272727273,39.22588764652883,0.5915536735419085,0.5921739553847951,72.72727272727273,40.47580647206153,0.5934650924353124,0.5722197669567182,72.72727272727273,40.47580647206153,0.5717696944778956,0.5722197669567182,72.72727272727273
38.76967812026889,0.6021550823457296,0.6107596953046892,69.6969696969697,38.76967812026889,0.6051773003009759,0.6107596953046892,69.6969696969697,38.93728418720235,0.6078990138375575,0.592938559747833,69.6969696969697,38.93728418720235,0.5865070513800731,0.592938559747833,69.6969696969697
40.136342647493436,0.5785458074215608,0.5698786423817661,73.73737373737373,40.136342647493436,0.5842336044273972,0.5698786423817661,73.73737373737373,40.01265330955424,0.5843843580820509,0.551143758603931,73.73737373737373,40.01265330955424,0.56490998994274,0.551143758603931,73.73737373737373
39.915368161724786,0.5910612395262704,0.5861836395490743,73.73737373737373,39.915368161724786,0.5968416203425603,0.5861836395490743,73.73737373737373,39.9746222595271,0.5968940860109818,0.5682752061486251,73.73737373737373,39.9746222595271,0.5777612226823752,0.5682752061486251,73.73737373737373
39.51678045219457,0.5950961360144125,0.5995360935500217,71.71717171717171,39.51678045219457,0.5984201848372501,0.5995360935500217,71.71717171717171,39.35963185536181,0.6010999116227347,0.5835287879999207,70.70707070707071,39.35963185536181,0.5800752815476962,0.5835287879999207,70.70707070707071
41.15662300914844,0.5952096018743045,0.5982844726047016,73.73737373737373,41.15662300914844,0.5994281988154188,0.5982844726047016,73.73737373737373,41.214018715275444,0.6011314762192999,0.5776865478892192,73.73737373737373,41.214018715275444,0.5796564688815257,0.5776865478892192,73.73737373737373
40.96739743229973,0.5813920655580453,0.574048981502442,75.75757575757575,40.96739743229973,0.5883643432060017,0.574048981502442,75.75757575757575,40.78363182154443,0.5871783620765116,0.5566450689738444,76.76767676767676,40.78363182154443,0.5692577396724877,0.5566450689738444,76.76767676767676
39.288452360305115,0.5856110738684639,0.5857390690299338,71.71717171717171,39.288452360305115,0.5913732169015293,0.5857390690299338,71.71717171717171,39.183325471110805,0.5911843978396543,0.5675102365956923,71.71717171717171,39.183325471110805,0.5722122483645815,0.5675102365956923,71.71717171717171
39.42673160759917,0.5957011365099582,0.6003352516956504,72.72727272727273,39.42673160759917,0.5984415529812468,0.6003352516956504,72.72727272727273,39.32128312885834,0.601654698760821,0.5809593756944895,72.72727272727273,39.32128312885834,0.5791219043282411,0.5809593756944895,72.72727272727273
40.3776629962315,0.589180564897877,0.5846333645558961,72.72727272727273,40.3776629962315,0.5935538404235794,0.5846333645558961,72.72727272727273,40.23955847554031,0.595071302084542,0.5643041682652898,72.72727272727273,40.23955847554031,0.5737425501454437,0.5643041682652898,72.72727272727273
38.364510770630034,0.5775763897263724,0.5593320081770674,71.71717171717171,38.364510770630034,0.5850343728794127,0.5593320081770674,71.71717171717171,38.52029132292745,0.5833826805137337,0.53923437354342,72.72727272727273,38.52029132292745,0.5649565223711699,0.53923437354342,72.72727272727273
38.472255883542836,0.5934165405752054,0.5966981341965465,72.72727272727273,38.472255883542836,0.5985276731367664,0.5966981341965465,72.72727272727273,38.31829747770396,0.5995226549631691,0.5777728082702375,71.71717171717171,38.31829747770396,0.579200397191771,0.5777728082702375,71.71717171717171
39.981983152341236,0.5840077120107809,0.5801251528032696,71.71717171717171,39.981983152341236,0.5890359096550575,0.5801251528032696,71.71717171717171,39.81266134439184,0.5897569938717236,0.5611692783407394,71.71717171717171,39.81266134439184,0.569812756232476,0.5611692783407394,71.71717171717171
38.67694712015242,0.6012381522001855,0.6096839984957552,74.74747474747475,38.67694712015242,0.6023545272413884,0.6096839984957552,74.74747474747475,38.95251814096788,0.6072009329422177,0.5895350845152629,73.73737373737373,38.95251814096788,0.5828486530643251,0.5895350845152629,73.73737373737373
40.21631018870252,0.6042689803049706,0.6193126045927364,73.73737373737373,40.21631018870252,0.6073368478108383,0.6193126045927364,73.73737373737373,40.45484402474065,0.6100346267459873,0.6025779731465494,73.73737373737373,40.45484402474065,0.5890914490099343,0.6025779731465494,73.73737373737373
38.69568993254712,0.5890612987955202,0.5881492777664035,71.71717171717171,38.69568993254712,0.5945769680121588,0.5881492777664035,71.71717171717171,38.93507140603183,0.5949722801896907,0.5667282550770589,71.71717171717171,38.93507140603183,0.574356151227768,0.5667282550770589,71.71717171717171
40.6683597415243,0.580481353378129,0.5774228212625259,73.73737373737373,40.6683597415243,0.5849759151753855,0.5774228212625259,73.73737373737373,40.53541018598968,0.5862464036164516,0.5586651909791158,73.73737373737373,40.53541018598968,0.5657504428595006,0.5586651909791158,73.73737373737373
40.3523933185435,0.5862280841176815,0.585743850852559,73.73737373737373,40.3523933185435,0.5899129930539444,0.585743850852559,73.73737373737373,40.75611654652425,0.5921764087899639,0.5662523731480898,74.74747474747475,40.75611654652425,0.5704124557990169,0.5662523731480898,74.74747474747475
39.620491669602806,0.5900166195665782,0.590249258566755,74.74747474747475,39.620491669602806,0.5953800420475519,0.590249258566755,74.74747474747475,39.42882576820279,0.5962551450377194,0.5709899818971451,74.74747474747475,39.42882576820279,0.5756040149152131,0.5709899818971451,74.74747474747475
38.87476472692075,0.586347252561438,0.5854568081240608,74.74747474747475,38.87476472692075,0.5920945600701146,0.5854568081240608,74.74747474747475,38.77469756052053,0.5923105240237851,0.5659310747321313,74.74747474747475,38.77469756052053,0.5724079708345142,0.5659310747321313,74.74747474747475
38.64526581735096,0.5828239555783731,0.583156561849571,73.73737373737373,38.64526581735096,0.5895706062351362,0.583156561849571,73.73737373737373,38.502651486175644,0.58859664959937,0.5644433761123024,73.73737373737373,38.502651486175644,0.5702234963473573,0.5644433761123024,73.73737373737373
40.78778319410643,0.587708239208568,0.5899668980673545,73.73737373737373,40.78778319410643,0.5931590481889777,0.5899668980673545,73.73737373737373,41.016074369061094,0.5939936741664986,0.5702960435474387,73.73737373737373,41.016074369061094,0.573320919162519,0.5702960435474387,73.73737373737373
39.498855803629596,0.5828342980854544,0.5732968400961727,72.72727272727273,39.498855803629596,0.5889000490051775,0.5732968400961727,72.72727272727273,39.39323982145832,0.5887931807068827,0.5538452261779581,72.72727272727273,39.39323982145832,0.5691627474936687,0.5538452261779581,72.72727272727273
40.660614603351334,0.5899053250054628,0.5874892859934733,74.74747474747475,40.660614603351334,0.5948661102409538,0.5874892859934733,74.74747474747475,40.51977651497841,0.595711530146839,0.5681486823134987,73.73737373737373,40.51977651497841,0.5755521867683779,0.5681486823134987,73.73737373737373
38.927117272003144,0.5892766886508638,0.588555722809857,73.73737373737373,38.927117272003144,0.595664259284278,0.588555722809857,73.73737373737373,39.04638632187122,0.5950571423626989,0.5699236423616934,73.73737373737373,39.04638632187122,0.5763339533119998,0.5699236423616934,73.73737373737373
38.54067611787063,0.592581835993381,0.5931499517191183,72.72727272727273,38.54067611787063,0.5969184958189493,0.5931499517191183,72.72727272727273,38.32487434396627,0.5985244895823234,0.5739102591455129,72.72727272727273,38.32487434396627,0.5774001802926462,0.5739102591455129,72.72727272727273
40.52388211016332,0.5917576540056647,0.5968999844533858,72.72727272727273,40.52388211016332,0.5958097861281368,0.5968999844533858,72.72727272727273,40.86152108697221,0.597638288624829,0.5786317138929381,72.72727272727273,40.86152108697221,0.5767113232329795,0.5786317138929381,72.72727272727273
39.056065436486975,0.5922365550334219,0.5947368780308089,73.73737373737373,39.056065436486975,0.5951806198938911,0.5947368780308089,73.73737373737373,38.92165484045073,0.5980525184766616,0.5770906461211526,73.73737373737373,38.92165484045073,0.5763624050008253,0.5770906461211526,73.73737373737373
39.41445161785442,0.5846726671600564,0.577271771850028,72.72727272727273,39.41445161785442,0.5904911271710477,0.577271771850028,72.72727272727273,39.23618015565752,0.5905147110718671,0.5584306392030279,71.71717171717171,39.23618015565752,0.5707861208506327,0.5584306392030279,71.71717171717171
38.912017639210326,0.5871208470133951,0.5820169063958922,72.72727272727273,38.912017639210326,0.590776484926244,0.5820169063958922,72.72727272727273,38.75670791428061,0.592886268082182,0.5613290433145735,72.72727272727273,38.75670791428061,0.5710769966067125,0.5613290433145735,72.72727272727273
39.88174316523564,0.5893785030040823,0.5877765067402214,74.74747474747475,39.88174316523564,0.5952107248698986,0.5877765067402214,74.74747474747475,40.28198995133131,0.5952443845632234,0.5695184050782793,74.74747474747475,40.28198995133131,0.5757523225226966,0.5695184050782793,74.74747474747475
39.93088959417038,0.5888268216175964,0.5846992504360627,72.72727272727273,39.93088959417038,0.5939523037213263,0.5846992504360627,72.72727272727273,39.79402491250872,0.5947780893705894,0.56604343040433,72.72727272727273,39.79402491250872,0.574213934439415,0.56604343040433,72.72727272727273
38.32438979847168,0.5915869059809027,0.5957126196899027,74.74747474747475,38.32438979847168,0.5958369087666658,0.5957126196899027,74.74747474747475,38.221521201833,0.5979373924369981,0.5781181557224976,73.73737373737373,38.221521201833,0.5766627151081349,0.5781181557224976,73.73737373737373
40.682674448866194,0.5956155225728462,0.6037938767036847,72.72727272727273,40.682674448866194,0.5996422548923911,0.6037938767036847,72.72727272727273,40.52407977652296,0.6018380272127298,0.5839192783568119,71.71717171717171,40.52407977652296,0.5798447647408634,0.5839192783568119,71.71717171717171
39.79568457346022,0.5988219606894045,0.6055337762215567,73.73737373737373,39.79568457346022,0.6010882197175774,0.6055337762215567,73.73737373737373,39.856526511048905,0.6053487200100467,0.5843575440939819,73.73737373737373,39.856526511048905,0.5807109586046768,0.5843575440939819,73.73737373737373
39.855575870273526,0.5964423026042416,0.5998424202321482,73.73737373737373,39.855575870273526,0.5986183544369817,0.5998424202321482,73.73737373737373,39.738114472323446,0.6023646673340571,0.5812616422127066,73.73737373737373,39.738114472323446,0.5794029916429193,0.5812616422127066,73.73737373737373
40.21762582883747,0.5903861122685862,0.595203534268709,73.73737373737373,40.21762582883747,0.5956791038716931,0.595203534268709,73.73737373737373,40.6203573553099,0.5964314058000793,0.5764344956294587,73.73737373737373,40.6203573553099,0.5764982375800876,0.5764344956294587,73.73737373737373
39.437360132524134,0.5796624051343545,0.5754570028894141,72.72727272727273,39.437360132524134,0.585828781217095,0.5754570028894141,72.72727272727273,39.686649198137445,0.5856246916404235,0.5561447867039362,72.72727272727273,39.686649198137445,0.5663157992971681,0.5561447867039362,72.72727272727273
41.33745553381255,0.5827727739622828,0.5792145273437805,71.71717171717171,41.33745553381255,0.5885727054967504,0.5792145273437805,71.71717171717171,41.17490865464618,0.5886296617187292,0.5607933319573395,71.71717171717171,41.17490865464618,0.5694796757878748,0.5607933319573395,71.71717171717171
38.75901612357028,0.5969218021276606,0.6011655322545562,71.71717171717171,38.75901612357028,0.6012087340176548,0.6011655322545562,71.71717171717171,38.778853171033,0.6027466613814334,0.5798273773431262,72.72727272727273,38.778853171033,0.5813284688238183,0.5798273773431262,72.72727272727273
41.024954861637475,0.5812575226396799,0.5766330828897048,73.73737373737373,41.024954861637475,0.5851728735648355,0.5766330828897048,73.73737373737373,40.86331970976775,0.5870622329128329,0.5594097140048999,72.72727272727273,40.86331970976775,0.5663733227179033,0.5594097140048999,72.72727272727273
40.972936072719826,0.5998234078544813,0.6063783416656854,73.73737373737373,40.972936072719826,0.6039454973890613,0.6063783416656854,73.73737373737373,40.91740046628962,0.6057770296536436,0.5893754125684288,72.72727272727273,40.91740046628962,0.5853606289644875,0.5893754125684288,72.72727272727273
40.12311673444589,0.587977152459056,0.5859474355858114,73.73737373737373,40.12311673444589,0.5925197289964055,0.5859474355858114,73.73737373737373,40.143496422683135,0.5938202868899205,0.566969667246426,73.73737373737373,40.143496422683135,0.5732759339248906,0.566969667246426,73.73737373737373
39.81676934069591,0.5853202336036745,0.5780358301442186,72.72727272727273,39.81676934069591,0.591452888915798,0.5780358301442186,72.72727272727273,39.81790985626896,0.5912259049553383,0.5571840125608691,72.72727272727273,39.81790985626896,0.5712619861056341,0.5571840125608691,72.72727272727273
39.75101888917641,0.5671730309045699,0.5466083910773478,71.71717171717171,39.75101888917641,0.5739135811769656,0.5466083910773478,71.71717171717171,39.643277965883975,0.5732801095935862,0.5275249175030166,70.70707070707071,39.643277965883975,0.5538357590032205,0.5275249175030166,70.70707070707071
38.76267023777519,0.5900064549619364,0.5912546271513168,73.73737373737373,38.76267023777519,0.5935113456989781,0.5912546271513168,73.73737373737373,38.58675094293028,0.5960201128228722,0.572712151964166,73.73737373737373,38.58675094293028,0.5743520233085878,0.572712151964166,73.73737373737373
40.145521076465855,0.5839274105899166,0.5790290998855543,72.72727272727273,40.145521076465855,0.589027927584469,0.5790290998855543,72.72727272727273,39.975660806720356,0.589821388097529,0.5587219392653866,72.72727272727273,39.975660806720356,0.5689836674651197,0.5587219392653866,72.72727272727273
40.29337229272025,0.5996694182733309,0.60825864348821,74.74747474747475,40.29337229272025,0.6031376619242361,0.60825864348821,74.74747474747475,40.696661579365056,0.6058791214582435,0.5875308184534707,74.74747474747475,40.696661579365056,0.5829894377997253,0.5875308184534707,74.74747474747475
40.004394196057014,0.5904145933086365,0.5937386721561152,70.70707070707071,40.004394196057014,0.5925955776326475,0.5937386721561152,70.70707070707071,39.897608618853184,0.5965768193071326,0.5757013696638408,70.70707070707071,39.897608618853184,0.5734619713652289,0.5757013696638408,70.70707070707071
39.41600891831942,0.5936455818356927,0.5976616517419284,73.73737373737373,39.41600891831942,0.5971221614339747,0.5976616517419284,73.73737373737373,39.36896827015496,0.5996959496748338,0.5766537216483096,72.72727272727273,39.36896827015496,0.5777890539031627,0.5766537216483096,72.72727272727273
41.271822055146544,0.5846156603153585,0.5747455347838157,75.75757575757575,41.271822055146544,0.5888271503153508,0.5747455347838157,75.75757575757575,41.15066349026719,0.5904171746581448,0.5563870635618197,74.74747474747475,41.15066349026719,0.5695492778552098,0.5563870635618197,74.74747474747475
39.20620961082017,0.5877965550788594,0.5833747885807706,73.73737373737373,39.20620961082017,0.5921654365551854,0.5833747885807706,73.73737373737373,39.43104968725266,0.5936910609436531,0.5640240542447579,72.72727272727273,39.43104968725266,0.5726250171497405,0.5640240542447579,72.72727272727273
39.80511422337572,0.5994378616136729,0.6052119938070163,73.73737373737373,39.80511422337572,0.6021804415503137,0.6052119938070163,73.73737373737373,39.636376643160354,0.605596675273369,0.5832210679898999,73.73737373737373,39.636376643160354,0.5817064678143694,0.5832210679898999,73.73737373737373
38.873093641642285,0.5873444592679539,0.5828528942050014,72.72727272727273,38.873093641642285,0.591051370519541,0.5828528942050014,72.72727272727273,38.88375485423181,0.5933197040186952,0.5646257164207924,72.72727272727273,38.88375485423181,0.571702454632494,0.5646257164207924,72.72727272727273
40.65920531967593,0.5846152333304295,0.5801563354091707,74.74747474747475,40.65920531967593,0.5890910896896999,0.5801563354091707,74.74747474747475,40.52032419506543,0.5905359005731978,0.563928065962314,74.74747474747475,40.52032419506543,0.5706442342555866,0.563928065962314,74.74747474747475
39.593763707666284,0.5882619795681512,0.5861234409905689,73.73737373737373,39.593763707666284,0.5916983238580941,0.5861234409905689,73.73737373737373,39.402196451098916,0.5942903112301856,0.5675064253051891,73.73737373737373,39.402196451098916,0.5724305211738034,0.5675064253051891,73.73737373737373
39.69096770054657,0.5868664764563312,0.5821866954308217,72.72727272727273,39.69096770054657,0.5923962814267009,0.5821866954308217,72.72727272727273,39.51170655793801,0.592992155139777,0.5608672338184775,72.72727272727273,39.51170655793801,0.5719649257185557,0.5608672338184775,72.72727272727273
37.95073117647816,0.5873369111211046,0.584916024254472,73.73737373737373,37.95073117647816,0.5898063962787701,0.584916024254472,73.73737373737373,37.946785283981995,0.592994645643933,0.5660018375706155,72.72727272727273,37.946785283981995,0.5707627276257972,0.5660018375706155,72.72727272727273
40.95431027394781,0.5875184535532174,0.5835804099334758,72.72727272727273,40.95431027394781,0.5930057792269692,0.5835804099334758,72.72727272727273,40.79288208627799,0.5933433587303469,0.5639534089636502,72.72727272727273,40.79288208627799,0.5734959648061594,0.5639534089636502,72.72727272727273
38.50507436953312,0.5926715812913734,0.5961319078345783,73.73737373737373,38.50507436953312,0.5958043809664252,0.5961319078345783,73.73737373737373,38.40178036992581,0.5986145956022675,0.5768341115491227,73.73737373737373,38.40178036992581,0.5763269867291203,0.5768341115491227,73.73737373737373
39.94122706068366,0.5926512267722481,0.5962839163773805,73.73737373737373,39.94122706068366,0.5965934129462063,0.5962839163773805,73.73737373737373,39.823540264336145,0.5984251018818019,0.5772770247477994,73.73737373737373,39.823540264336145,0.5775270768397367,0.5772770247477994,73.73737373737373
40.08592309894334,0.5880120903156437,0.5885788251109525,71.71717171717171,40.08592309894334,0.5935340254172953,0.5885788251109525,71.71717171717171,39.978949635687314,0.5939660462921559,0.5701320901999755,71.71717171717171,39.978949635687314,0.5741278740908383,0.5701320901999755,71.71717171717171
39.94101199808172,0.5939213582753602,0.5998574986247758,72.72727272727273,39.94101199808172,0.5981609550312486,0.5998574986247758,72.72727272727273,40.02859894528572,0.5999199679109739,0.5820885999346278,72.72727272727273,40.02859894528572,0.579121687849183,0.5820885999346278,72.72727272727273
39.46112130591401,0.5942120667463944,0.6026539325117592,72.72727272727273,39.46112130591401,0.5986710259785265,0.6026539325117592,72.72727272727273,39.481239397970604,0.6003654891330347,0.5819567274238102,72.72727272727273,39.481239397970604,0.5788101936505896,0.5819567274238102,72.72727272727273
38.458822624605645,0.5842564443878789,0.5827152925107855,72.72727272727273,38.458822624605645,0.5903864287310718,0.5827152925107855,72.72727272727273,38.66929808538653,0.590055388794022,0.5634139165747507,72.72727272727273,38.66929808538653,0.5709410627449961,0.5634139165747507,72.72727272727273
39.22238522305197,0.5882088650676698,0.5921715763909577,72.72727272727273,39.22238522305197,0.5918840792709349,0.5921715763909577,72.72727272727273,39.99022347804355,0.5942110462092385,0.5731023669707405,72.72727272727273,39.99022347804355,0.572424486118045,0.5731023669707405,72.72727272727273
39.88812855409288,0.5878544245724513,0.5877335405803793,72.72727272727273,39.88812855409288,0.5933706707995798,0.5877335405803793,72.72727272727273,39.75696240971125,0.5937878336105455,0.5697759258917834,72.72727272727273,39.75696240971125,0.5744250527984944,0.5697759258917834,72.72727272727273
39.69127120411456,0.5960189309444744,0.6035747881381821,72.72727272727273,39.69127120411456,0.5998954084789088,0.6035747881381821,72.72727272727273,39.5852091311407,0.6020845388943066,0.5862957847721668,71.71717171717171,39.5852091311407,0.5810387830651688,0.5862957847721668,71.71717171717171
39.45416255090901,0.5929054910655689,0.5923005150209295,72.72727272727273,39.45416255090901,0.5964465354059663,0.5923005150209295,72.72727272727273,39.34865034692201,0.598656870136528,0.5730810936669949,72.72727272727273,39.34865034692201,0.577087279019088,0.5730810936669949,72.72727272727273
39.73863210925158,0.5930623833138806,0.5971478643931689,71.71717171717171,39.73863210925158,0.5958504732634093,0.5971478643931689,71.71717171717171,40.18406556467197,0.5989868208176701,0.5795337962508134,71.71717171717171,40.18406556467197,0.5771763185598924,0.5795337962508134,71.71717171717171
41.1391448081301,0.5945835660296862,0.5931522235467505,72.72727272727273,41.1391448081301,0.596789758742313,0.5931522235467505,72.72727272727273,40.954781193442855,0.6006021291048217,0.5740044928591219,72.72727272727273,40.954781193442855,0.5774524561879834,0.5740044928591219,72.72727272727273
39.89001529733899,0.5889200861059214,0.5908154960237617,72.72727272727273,39.89001529733899,0.5926182631184027,0.5908154960237617,72.72727272727273,39.71004478624947,0.5947299591576358,0.5719690425871555,73.73737373737373,39.71004478624947,0.5735098129842569,0.5719690425871555,73.73737373737373
41.044658460958004,0.5834930067837849,0.5818455611860645,71.71717171717171,41.044658460958004,0.5870855253800029,0.5818455611860645,71.71717171717171,40.871867572615116,0.5894030627067519,0.5650027393730891,71.71717171717171,40.871867572615116,0.5684044488771454,0.5650027393730891,71.71717171717171
39.39211972227026,0.5797463781022731,0.5714038826580237,74.74747474747475,39.39211972227026,0.5841153192810742,0.5714038826580237,74.74747474747475,39.27588195179552,0.5856020568687312,0.553036607914019,73.73737373737373,39.27588195179552,0.5648941118757119,0.553036607914019,73.73737373737373
39.317164005083086,0.5865284145194012,0.5841115104165913,73.73737373737373,39.317164005083086,0.590294450990007,0.5841115104165913,73.73737373737373,39.1606198705142,0.5924244243351435,0.5656009249055618,73.73737373737373,39.1606198705142,0.5709619669145325,0.5656009249055618,73.73737373737373
39.85344487610122,0.5779900367175317,0.572347338669065,71.71717171717171,39.85344487610122,0.5834901818028133,0.572347338669065,71.71717171717171,39.67360450376979,0.5839643535704455,0.552883050886722,71.71717171717171,39.67360450376979,0.5638191735022458,0.552883050886722,71.71717171717171
40.475370061171745,0.5867418573465655,0.5848230392101249,71.71717171717171,40.475370061171745,0.5923726474609682,0.5848230392101249,71.71717171717171,40.47736525072666,0.5924645839166635,0.565580038004371,71.71717171717171,40.47736525072666,0.5730846699652654,0.565580038004371,71.71717171717171
39.043313287803564,0.5956937522346024,0.5939150273656337,72.72727272727273,39.043313287803564,0.6002081567549915,0.5939150273656337,72.72727272727273,39.0632645805415,0.6020129967448331,0.5756165613964097,72.72727272727273,39.0632645805415,0.5807791461576535,0.5756165613964097,72.72727272727273
39.155612406860506,0.5935284562084737,0.5945665798017287,73.73737373737373,39.155612406860506,0.5967463711263807,0.5945665798017287,73.73737373737373,38.999559276204124,0.5994459868974076,0.5739648862746204,73.73737373737373,38.999559276204124,0.5769445308026164,0.5739648862746204,73.73737373737373
39.28003066378359,0.5891504819755204,0.5871811185323901,74.74747474747475,39.28003066378359,0.5946240292991612,0.5871811185323901,74.74747474747475,39.47674244853376,0.5948293123159376,0.5671698988018063,74.74747474747475,39.47674244853376,0.5751336795229909,0.5671698988018063,74.74747474747475
40.439218038606626,0.5918811021388162,0.5957654919060846,72.72727272727273,40.439218038606626,0.5960501241989007,0.5957654919060846,72.72727272727273,40.29896709248655,0.5977500563985156,0.577266717089221,72.72727272727273,40.29896709248655,0.5768509495094591,0.577266717089221,72.72727272727273
41.1266903936321,0.5824647213961676,0.5731269563801608,74.74747474747475,41.1266903936321,0.5886238715368565,0.5731269563801608,74.74747474747475,40.98652782831965,0.58850697322087,0.5518085173789811,74.74747474747475,40.98652782831965,0.5681857118370721,0.5518085173789811,74.74747474747475
40.23570638229733,0.5946074760609371,0.602624230359669,71.71717171717171,40.23570638229733,0.5976686218761648,0.602624230359669,71.71717171717171,40.05450996749076,0.6008757515646781,0.5846204300716781,71.71717171717171,40.05450996749076,0.5784924614308724,0.5846204300716781,71.71717171717171
39.84759766404349,0.5893645343070855,0.588197915976334,72.72727272727273,39.84759766404349,0.5927319314173274,0.588197915976334,72.72727272727273,39.73015727318818,0.5952223718806819,0.5684458819998364,72.72727272727273,39.73015727318818,0.573364747189953,0.5684458819998364,72.72727272727273
39.59876229302968,0.5862302800981671,0.5818046093482059,72.72727272727273,39.59876229302968,0.5900765783991162,0.5818046093482059,72.72727272727273,39.61376985850794,0.5918662651052401,0.5640324156436611,72.72727272727273,39.61376985850794,0.5713975139864547,0.5640324156436611,72.72727272727273
39.67209710237724,0.5837155399174947,0.5712129488897602,73.73737373737373,39.67209710237724,0.5894409240574625,0.5712129488897602,73.73737373737373,39.522228913910965,0.5897249464616947,0.5513858649670811,73.73737373737373,39.522228913910965,0.5694943849547605,0.5513858649670811,73.73737373737373
40.25374063538851,0.5923378264102961,0.5950462860687169,73.73737373737373,40.25374063538851,0.5982417541525963,0.5950462860687169,73.73737373737373,40.121734203541656,0.5982168435767012,0.5768440751864666,72.72727272727273,40.121734203541656,0.5794173824008026,0.5768440751864666,72.72727272727273
39.20794736163885,0.5898089575019478,0.5868041205957379,73.73737373737373,39.20794736163885,0.5935720116212649,0.5868041205957379,73.73737373737373,39.0710084914232,0.5955871813810609,0.5677961179341067,73.73737373737373,39.0710084914232,0.574245648626337,0.5677961179341067,73.73737373737373
40.48547672098811,0.5925230048339133,0.5905741946746146,74.74747474747475,40.48547672098811,0.5966310299297202,0.5905741946746146,74.74747474747475,40.3529418777058,0.598526158725952,0.5682311420886769,74.74747474747475,40.3529418777058,0.5760312224688181,0.5682311420886769,74.74747474747475
39.79167157521387,0.6026571741296092,0.6093787321004973,72.72727272727273,39.79167157521387,0.6043838270350383,0.6093787321004973,72.72727272727273,40.51437257681748,0.6088069702482568,0.5887755611979879,72.72727272727273,40.51437257681748,0.5847417972627428,0.5887755611979879,72.72727272727273
39.22636865471944,0.570391663123732,0.5573558699284349,70.70707070707071,39.22636865471944,0.5791138215280465,0.5573558699284349,70.70707070707071,39.04877316425029,0.5762199329547628,0.5370997612580306,71.71717171717171,39.04877316425029,0.5590722377383106,0.5370997612580306,71.71717171717171
39.38323619449897,0.5821786971247206,0.5744048330498388,73.73737373737373,39.38323619449897,0.5885392667865335,0.5744048330498388,73.73737373737373,39.33332973236805,0.5876774153173332,0.5556762989805015,73.73737373737373,39.33332973236805,0.5693138807140465,0.5556762989805015,73.73737373737373
39.683339434993535,0.5949079317560856,0.5957354339993703,73.73737373737373,39.683339434993535,0.5978678701410637,0.5957354339993703,73.73737373737373,39.55264747881888,0.6007106922926866,0.5774639304451927,72.72727272727273,39.55264747881888,0.5787449097409338,0.5774639304451927,72.72727272727273
40.14656359143694,0.5750001957526207,0.5653537082008528,70.70707070707071,40.14656359143694,0.5819470350270315,0.5653537082008528,70.70707070707071,40.039450513039455,0.5808038368111057,0.5465775288187397,70.70707070707071,40.039450513039455,0.5624888293133006,0.5465775288187397,70.70707070707071
40.61805208404954,0.5889474253877109,0.5951878348411093,72.72727272727273,40.61805208404954,0.5928471208657855,0.5951878348411093,72.72727272727273,40.9628893653715,0.5950291226417026,0.5762503881617065,72.72727272727273,40.9628893653715,0.5736729344098643,0.5762503881617065,72.72727272727273
38.57548579001517,0.5745333431658503,0.5571013836978593,72.72727272727273,38.57548579001517,0.5820082723365951,0.5571013836978593,72.72727272727273,38.44027877462332,0.5803438122817552,0.5378079692715525,72.72727272727273,38.44027877462332,0.5622710672068885,0.5378079692715525,72.72727272727273
38.68289110677896,0.5888616567478551,0.5859392873780795,72.72727272727273,38.68289110677896,0.5939249743031192,0.5859392873780795,72.72727272727273,38.54953790739657,0.5946532963168973,0.5659921603444802,72.72727272727273,38.54953790739657,0.5742824595725255,0.5659921603444802,72.72727272727273
39.52615727438516,0.5798252431977069,0.568698164803116,72.72727272727273,39.52615727438516,0.58610804169967,0.568698164803116,72.72727272727273,39.923753242723905,0.5854756750764721,0.5494123012861478,72.72727272727273,39.923753242723905,0.5667174869857603,0.5494123012861478,72.72727272727273
40.334553565515684,0.5819923035877621,0.5740136811111204,73.73737373737373,40.334553565515684,0.5870008591983535,0.5740136811111204,73.73737373737373,41.1353548910938,0.5878995238337712,0.5544684853283381,72.72727272727273,41.1353548910938,0.5673440013235286,0.5544684853283381,72.72727272727273
41.12421529930954,0.5781181096222978,0.5553113559398805,71.71717171717171,41.12421529930954,0.5846826523516118,0.5553113559398805,71.71717171717171,40.99024090999108,0.583646379433787,0.5354505637843783,71.71717171717171,40.99024090999108,0.5650527302910752,0.5354505637843783,71.71717171717171
39.14954958930761,0.5878795087853286,0.5850024242224825,73.73737373737373,39.14954958930761,0.5931316207352576,0.5850024242224825,73.73737373737373,39.16954341824016,0.5937551231658742,0.5655322182174787,73.73737373737373,39.16954341824016,0.5736169526498255,0.5655322182174787,73.73737373737373
39.301559691634814,0.5882044407741696,0.5890890649888041,73.73737373737373,39.301559691634814,0.5904332834815411,0.5890890649888041,73.73737373737373,39.123693692093234,0.5944846789805404,0.5699017926059597,73.73737373737373,39.123693692093234,0.5708305596546157,0.5699017926059597,73.73737373737373
39.4297475634949,0.5882398939565224,0.5843353908014083,73.73737373737373,39.4297475634949,0.5932987434115006,0.5843353908014083,73.73737373737373,39.25142122722484,0.594003693207079,0.5636739506567379,72.72727272727273,39.25142122722484,0.5735014211869387,0.5636739506567379,72.72727272727273
38.811891108045714,0.6012744300845622,0.6077910870888081,73.73737373737373,38.811891108045714,0.603678294818314,0.6077910870888081,73.73737373737373,38.86553023377064,0.6075592162023069,0.58884246417235,73.73737373737373,38.86553023377064,0.5842796773436573,0.58884246417235,73.73737373737373
39.61978921459405,0.5880362586000756,0.5885234098474923,72.72727272727273,39.61978921459405,0.5926644719077122,0.5885234098474923,72.72727272727273,39.46232966206068,0.5941549777552695,0.5685896464177569,72.72727272727273,39.46232966206068,0.5728841110297356,0.5685896464177569,72.72727272727273
39.50519891414198,0.5882729461548042,0.5927507422129437,71.71717171717171,39.50519891414198,0.5918258445302402,0.5927507422129437,71.71717171717171,39.66137396030227,0.5942047785282073,0.5737154636125765,71.71717171717171,39.66137396030227,0.5726080603857697,0.5737154636125765,71.71717171717171
39.39855345800408,0.5802536374817153,0.5772099456279722,73.73737373737373,39.39855345800408,0.5846720201781386,0.5772099456279722,73.73737373737373,39.79519308906051,0.5860907192626603,0.5598358009305395,73.73737373737373,39.79519308906051,0.5659452298144281,0.5598358009305395,73.73737373737373
39.10438479092384,0.5999706726276003,0.6131767672612614,74.74747474747475,39.10438479092384,0.6035015867499981,0.6131767672612614,74.74747474747475,38.97006269557206,0.6062109139509102,0.5935287548310928,74.74747474747475,38.97006269557206,0.5839226181292199,0.5935287548310928,74.74747474747475
40.182151639791016,0.59612172645736,0.5945360922115785,72.72727272727273,40.182151639791016,0.6011549687098128,0.5945360922115785,72.72727272727273,40.07495667835457,0.6019896980707242,0.5731988793276164,72.72727272727273,40.07495667835457,0.5811203666384728,0.5731988793276164,72.72727272727273
41.00845100146431,0.5880369189538257,0.5904298502109837,72.72727272727273,41.00845100146431,0.5910686713119787,0.5904298502109837,72.72727272727273,40.88797515979525,0.5938997214888424,0.5732801601583317,73.73737373737373,40.88797515979525,0.5722659570236227,0.5732801601583317,73.73737373737373
39.666293255011475,0.5939057303506864,0.5962056429574725,72.72727272727273,39.666293255011475,0.5969735486250158,0.5962056429574725,72.72727272727273,39.53564088283327,0.5997201313462233,0.5772282277751264,73.73737373737373,39.53564088283327,0.5777625331640529,0.5772282277751264,73.73737373737373
42.094131964578175,0.5986276167408415,0.5995691059872923,73.73737373737373,42.094131964578175,0.6011423714332453,0.5995691059872923,73.73737373737373,41.929403210613295,0.6046897578160115,0.579296995765629,73.73737373737373,41.929403210613295,0.5813519020075819,0.579296995765629,73.73737373737373
38.91286044439606,0.5787025114972171,0.5628268627212969,72.72727272727273,38.91286044439606,0.5863145242265375,0.5628268627212969,72.72727272727273,39.30583557824341,0.5845061044891919,0.5435049271057524,72.72727272727273,39.30583557824341,0.5667415311657189,0.5435049271057524,72.72727272727273
40.51609206396801,0.5733143742322472,0.5609015285292167,76.76767676767676,40.51609206396801,0.5807225940299426,0.5609015285292167,76.76767676767676,40.48595645643507,0.5790162636377292,0.5410337976700195,74.74747474747475,40.48595645643507,0.5608106364992096,0.5410337976700195,74.74747474747475
41.983473229121934,0.6140665008624779,0.6257620321254362,73.73737373737373,41.983473229121934,0.6164634737761636,0.6257620321254362,73.73737373737373,42.004570203420855,0.6199701707981933,0.6057677169489045,73.73737373737373,42.004570203420855,0.597297040087686,0.6057677169489045,73.73737373737373
39.92573864103254,0.5811563514927809,0.5742218558831873,74.74747474747475,39.92573864103254,0.5872266524491319,0.5742218558831873,74.74747474747475,39.73294995832632,0.586987770362073,0.555588309012659,75.75757575757575,39.73294995832632,0.5678204450239368,0.555588309012659,75.75757575757575
39.417606637435156,0.5848994950284416,0.5829854159122303,72.72727272727273,39.417606637435156,0.5902556798680719,0.5829854159122303,72.72727272727273,39.791428702553624,0.5907297788191945,0.5647974413612451,72.72727272727273,39.791428702553624,0.5712002627555594,0.5647974413612451,72.72727272727273
37.99692158422082,0.5965585146106392,0.600215220894786,74.74747474747475,37.99692158422082,0.6004287070735155,0.600215220894786,74.74747474747475,37.93688321154573,0.6026245851592619,0.5811830265398781,74.74747474747475,37.93688321154573,0.5811271951888632,0.5811830265398781,74.74747474747475
38.964449980901094,0.5887351930402225,0.5884520875317434,73.73737373737373,38.964449980901094,0.5949741934844985,0.5884520875317434,73.73737373737373,39.000279357176574,0.5947189356002232,0.5722430176748509,73.73737373737373,39.000279357176574,0.5765771868830873,0.5722430176748509,73.73737373737373
39.650226809049926,0.5935799008872928,0.5943667747669679,74.74747474747475,39.650226809049926,0.5955417705099307,0.5943667747669679,74.74747474747475,39.51208913783205,0.5997260299952827,0.5728264602898321,74.74747474747475,39.51208913783205,0.5752855053095463,0.5728264602898321,74.74747474747475
39.85252801458361,0.5852950941208751,0.5801213694882464,73.73737373737373,39.85252801458361,0.5895878617224952,0.5801213694882464,73.73737373737373,39.85583320362961,0.5911681683783402,0.5578622306191556,72.72727272727273,39.85583320362961,0.5691765153466188,0.5578622306191556,72.72727272727273
39.264052167874254,0.5826012090701035,0.5762187472374145,73.73737373737373,39.264052167874254,0.5898697319321973,0.5762187472374145,73.73737373737373,39.158982085812546,0.588361259312844,0.5563166584024295,73.73737373737373,39.158982085812546,0.5702028401218998,0.5563166584024295,73.73737373737373
40.0256435594784,0.5954411810699214,0.6029973275122549,71.71717171717171,40.0256435594784,0.598147545496039,0.6029973275122549,71.71717171717171,39.8451911576866,0.6016334235766637,0.5809673738771024,71.71717171717171,39.8451911576866,0.5776712130045706,0.5809673738771024,71.71717171717171
40.08386742230745,0.586985294447998,0.5862349379748805,73.73737373737373,40.08386742230745,0.592666280862977,0.5862349379748805,73.73737373737373,39.965805768972594,0.5930343204225378,0.5656758011422989,73.73737373737373,39.965805768972594,0.5724561893638721,0.5656758011422989,73.73737373737373
38.460186506311366,0.5743930452893725,0.5515778227825181,73.73737373737373,38.460186506311366,0.5817791173695257,0.5515778227825181,73.73737373737373,38.24470683329151,0.5800820323809265,0.531432435246032,73.73737373737373,38.24470683329151,0.5615783189918444,0.531432435246032,73.73737373737373
38.87711807499308,0.5927967425695351,0.5933871393259293,72.72727272727273,38.87711807499308,0.597142803992071,0.5933871393259293,72.72727272727273,38.95682894963293,0.5988132499896502,0.5736422257418576,72.72727272727273,38.95682894963293,0.5774509519662968,0.5736422257418576,72.72727272727273
39.65958569143617,0.5918913122324276,0.5950383828188378,74.74747474747475,39.65958569143617,0.596783753948042,0.5950383828188378,74.74747474747475,39.69594921781353,0.5974424886146146,0.5760518285416558,73.73737373737373,39.69594921781353,0.5775447232167594,0.5760518285416558,73.73737373737373
40.20733178951359,0.5764037713383321,0.5642308707170471,73.73737373737373,40.20733178951359,0.5829568651788444,0.5642308707170471,73.73737373737373,40.15031258180271,0.5820703618097071,0.5467131685615365,73.73737373737373,40.15031258180271,0.5641050648369632,0.5467131685615365,73.73737373737373
39.277444207058295,0.5916486524680268,0.5946221306899702,72.72727272727273,39.277444207058295,0.5948068626898182,0.5946221306899702,72.72727272727273,39.35207085349756,0.5975584706187209,0.577238584088885,71.71717171717171,39.35207085349756,0.5760797562739006,0.577238584088885,71.71717171717171
39.5255717644654,0.5933302382395772,0.5862739462498368,72.72727272727273,39.5255717644654,0.5975446252077752,0.5862739462498368,72.72727272727273,39.961597347618415,0.5995253192756202,0.5651025682243971,71.71717171717171,39.961597347618415,0.5771272338935565,0.5651025682243971,71.71717171717171
38.72395225274477,0.5778190146215616,0.5646739590351285,72.72727272727273,38.72395225274477,0.5842681214203012,0.5646739590351285,72.72727272727273,38.59724905847731,0.5836367494734493,0.5447811225871596,72.72727272727273,38.59724905847731,0.5643317491737065,0.5447811225871596,72.72727272727273
40.35318058736483,0.5933126055341916,0.5976855338373365,72.72727272727273,40.35318058736483,0.5961974110812347,0.5976855338373365,72.72727272727273,40.226707105686586,0.5994437675079802,0.5788528222978162,72.72727272727273,40.226707105686586,0.5767863332146017,0.5788528222978162,72.72727272727273
41.18808118840471,0.6025390683491172,0.6097889391925821,71.71717171717171,41.18808118840471,0.6058394414849706,0.6097889391925821,71.71717171717171,41.93407819243505,0.6087524331985503,0.5909651667054334,71.71717171717171,41.93407819243505,0.5866936457805109,0.5909651667054334,71.71717171717171
40.1434999958807,0.5769597236577216,0.5622327117001703,72.72727272727273,40.1434999958807,0.5831045221311973,0.5622327117001703,72.72727272727273,39.96262981178166,0.5828363244496806,0.5432001723753581,72.72727272727273,39.96262981178166,0.5634041476672755,0.5432001723753581,72.72727272727273
38.93287694505515,0.5938248752925488,0.5872877649212279,71.71717171717171,38.93287694505515,0.598904226249461,0.5872877649212279,71.71717171717171,38.7670488350453,0.5996028467828786,0.5691848123091992,71.71717171717171,38.7670488350453,0.5799672911173477,0.5691848123091992,71.71717171717171
38.57893243294552,0.5998467282792557,0.6117236571558595,74.74747474747475,38.57893243294552,0.6025298876309153,0.6117236571558595,74.74747474747475,38.424645135858206,0.6059107017359986,0.5944528414750841,74.74747474747475,38.424645135858206,0.5834627007306439,0.5944528414750841,74.74747474747475
40.65189281412559,0.5881952260010174,0.5836109740267881,74.74747474747475,40.65189281412559,0.592103999772218,0.5836109740267881,74.74747474747475,40.469230769142705,0.594099188086381,0.5632610195930436,74.74747474747475,40.469230769142705,0.5723786704243479,0.5632610195930436,74.74747474747475
39.13644928118145,0.5999733898028548,0.6003371420680623,71.71717171717171,39.13644928118145,0.6034576051685225,0.6003371420680623,71.71717171717171,39.00872320988778,0.6056010768087121,0.5796736158045599,71.71717171717171,39.00872320988778,0.583774721016431,0.5796736158045599,71.71717171717171
41.79516640160161,0.5887210330779844,0.5888178055530017,72.72727272727273,41.79516640160161,0.5928601858683934,0.5888178055530017,72.72727272727273,41.68430135312511,0.5946550068354324,0.5706526302696726,72.72727272727273,41.68430135312511,0.5736025537850296,0.5706526302696726,72.72727272727273
38.965351151971106,0.5913798275186946,0.5896095858459857,73.73737373737373,38.965351151971106,0.5961791132995471,0.5896095858459857,73.73737373737373,38.84071793106394,0.5972761663736192,0.5675665252406648,73.73737373737373,38.84071793106394,0.57566107730678,0.5675665252406648,73.73737373737373
40.85417026809748,0.5979857905923793,0.6054864697170251,72.72727272727273,40.85417026809748,0.6011240962768907,0.6054864697170251,72.72727272727273,40.75363645665373,0.6040614809283426,0.5862095936190816,72.72727272727273,40.75363645665373,0.5817605645869728,0.5862095936190816,72.72727272727273
41.296841185977314,0.5698035320199187,0.5514150678468039,71.71717171717171,41.296841185977314,0.5765118681035204,0.5514150678468039,71.71717171717171,41.18635590948225,0.5752895183480715,0.5316722975816512,71.71717171717171,41.18635590948225,0.5570198548807526,0.5316722975816512,71.71717171717171
39.54429872327426,0.5956981234764473,0.602995381672089,73.73737373737373,39.54429872327426,0.5981624188226737,0.602995381672089,73.73737373737373,40.41643706040601,0.6017351745213745,0.5848938592477695,73.73737373737373,40.41643706040601,0.5793413288927045,0.5848938592477695,73.73737373737373
38.943396754530866,0.5881552775133104,0.5885598518915102,72.72727272727273,38.943396754530866,0.5929395496813947,0.5885598518915102,72.72727272727273,38.86236741653883,0.5939190098549537,0.570921019860223,72.72727272727273,38.86236741653883,0.5744020802084719,0.570921019860223,72.72727272727273
39.57459687244699,0.5843624131941472,0.5799544154944759,72.72727272727273,39.57459687244699,0.5891402729093043,0.5799544154944759,72.72727272727273,39.39575163482244,0.5901603823253136,0.5608043337838406,72.72727272727273,39.39575163482244,0.569773311095275,0.5608043337838406,72.72727272727273
39.242363468336926,0.5931250943909843,0.5996314851534821,72.72727272727273,39.242363468336926,0.5961931494415127,0.5996314851534821,72.72727272727273,39.590005348053346,0.5991828106414449,0.5828136912310145,72.72727272727273,39.590005348053346,0.5776060798121225,0.5828136912310145,72.72727272727273
38.960180317016516,0.5816216619459875,0.5744907417844918,72.72727272727273,38.960180317016516,0.5866897276645174,0.5744907417844918,72.72727272727273,39.41946905003139,0.5874400356602958,0.5557280543032945,72.72727272727273,39.41946905003139,0.5672513825034153,0.5557280543032945,72.72727272727273
39.74412571088924,0.5833583802462605,0.5826715014615524,74.74747474747475,39.74412571088924,0.5859138987491297,0.5826715014615524,74.74747474747475,40.143349061889985,0.5891674415041965,0.5672375512807938,74.74747474747475,40.143349061889985,0.56753906009044,0.5672375512807938,74.74747474747475
38.97116172311961,0.5989083318108325,0.6064638690609576,73.73737373737373,38.97116172311961,0.6032823175549864,0.6064638690609576,73.73737373737373,40.16392355752654,0.6049937460560227,0.5852089682494903,73.73737373737373,40.16392355752654,0.5831015735491001,0.5852089682494903,73.73737373737373
39.39675056747289,0.587625004091787,0.5906234461573885,72.72727272727273,39.39675056747289,0.5917300362291389,0.5906234461573885,72.72727272727273,39.29137176451445,0.5935819793449614,0.5710728415684596,72.72727272727273,39.29137176451445,0.5722365100558489,0.5710728415684596,72.72727272727273
39.97523983434759,0.5886125363158499,0.5842886179236765,74.74747474747475,39.97523983434759,0.5930768436968211,0.5842886179236765,74.74747474747475,40.04499277242854,0.5944108174874383,0.5645121160199614,73.73737373737373,40.04499277242854,0.5733184202077494,0.5645121160199614,73.73737373737373
39.671941267912395,0.5794361533602623,0.5710415238463018,73.73737373737373,39.671941267912395,0.5839126079509784,0.5710415238463018,73.73737373737373,39.647315387831505,0.585564939233606,0.5517138573351832,73.73737373737373,39.647315387831505,0.5639942194050419,0.5517138573351832,73.73737373737373
39.801004164164446,0.5919664097232339,0.5857455226491064,73.73737373737373,39.801004164164446,0.5960592451575037,0.5857455226491064,73.73737373737373,39.97158521352991,0.597749039638905,0.5667889721074435,73.73737373737373,39.97158521352991,0.5768195450752114,0.5667889721074435,73.73737373737373
39.35822281182711,0.582559181982924,0.5734742955887817,73.73737373737373,39.35822281182711,0.589402982604474,0.5734742955887817,73.73737373737373,39.22828883178745,0.5883352677810382,0.5557214703609286,73.73737373737373,39.22828883178745,0.5702517698075016,0.5557214703609286,73.73737373737373
38.92932370772025,0.5867527414429355,0.583885445797138,73.73737373737373,38.92932370772025,0.5894720675547878,0.583885445797138,73.73737373737373,38.77396104715224,0.5925930233474835,0.5659814123910587,73.73737373737373,38.77396104715224,0.5706009181394855,0.5659814123910587,73.73737373737373
38.45214197229316,0.5915303685125667,0.5901094166058192,72.72727272727273,38.45214197229316,0.5955129167182488,0.5901094166058192,72.72727272727273,38.75937686058018,0.5973163239572317,0.5698850233034338,72.72727272727273,38.75937686058018,0.5759779271942026,0.5698850233034338,72.72727272727273
41.14538695601734,0.5930119232526567,0.5953187205145931,72.72727272727273,41.14538695601734,0.5971350543924382,0.5953187205145931,72.72727272727273,41.201069920628676,0.5989555677901717,0.5742814506919531,72.72727272727273,41.201069920628676,0.5770255750067965,0.5742814506919531,72.72727272727273
39.587515849671504,0.5861289559890813,0.5836734898164195,73.73737373737373,39.587515849671504,0.5922048575241967,0.5836734898164195,73.73737373737373,39.62382425563469,0.5920587938625451,0.5673101712430928,73.73737373737373,39.62382425563469,0.5735676741743532,0.5673101712430928,73.73737373737373
38.69456705823428,0.587050619531541,0.5850875087220297,73.73737373737373,38.69456705823428,0.5929752326703353,0.5850875087220297,73.73737373737373,39.76927287119207,0.5929095385661713,0.5647994309855495,73.73737373737373,39.76927287119207,0.5731522247244653,0.5647994309855495,73.73737373737373
38.77142473991694,0.5930960118703311,0.5920798136881751,74.74747474747475,38.77142473991694,0.5988031863803752,0.5920798136881751,74.74747474747475,38.777000265654216,0.5988674318515075,0.5736974676132691,74.74747474747475,38.777000265654216,0.5797035441911029,0.5736974676132691,74.74747474747475
39.431967052194935,0.5925000296354123,0.5939111724578058,74.74747474747475,39.431967052194935,0.5967585745186758,0.5939111724578058,74.74747474747475,39.30186058991762,0.5983768848443762,0.5749288395982306,74.74747474747475,39.30186058991762,0.5773310245676382,0.5749288395982306,74.74747474747475
39.57414043996451,0.5817256498416918,0.5742158294905919,72.72727272727273,39.57414043996451,0.5870130330622598,0.5742158294905919,72.72727272727273,39.395296835326356,0.5875312133596665,0.5554086082393521,72.72727272727273,39.395296835326356,0.5676562759723526,0.5554086082393521,72.72727272727273
40.647321228640024,0.592197832177276,0.5917909675219899,74.74747474747475,40.647321228640024,0.5961876238133623,0.5917909675219899,74.74747474747475,40.475819159889106,0.5981966348155825,0.5730163127993401,74.74747474747475,40.475819159889106,0.5768639501965199,0.5730163127993401,74.74747474747475
39.5184484400587,0.5785582752575199,0.5721371571549545,73.73737373737373,39.5184484400587,0.5834424618677425,0.5721371571549545,73.73737373737373,39.38066689359497,0.5842243124160346,0.5533958086187427,73.73737373737373,39.38066689359497,0.5641824220967957,0.5533958086187427,73.73737373737373
38.761493606067575,0.5765731714484574,0.5621872602916145,75.75757575757575,38.761493606067575,0.5824658130579248,0.5621872602916145,75.75757575757575,38.712361552433784,0.5826048747342194,0.5437150948473028,74.74747474747475,38.712361552433784,0.5629984018105363,0.5437150948473028,74.74747474747475
38.987437855843474,0.5859454244290352,0.5824055569757074,74.74747474747475,38.987437855843474,0.5895012493571455,0.5824055569757074,74.74747474747475,38.85837603313417,0.591807680688928,0.5627154860993856,74.74747474747475,38.85837603313417,0.5698988764784245,0.5627154860993856,74.74747474747475
40.11768827131543,0.5990157645445155,0.610948589118489,72.72727272727273,40.11768827131543,0.6019717114142911,0.610948589118489,72.72727272727273,39.936909508889606,0.6052867047310211,0.5923647685036753,72.72727272727273,39.936909508889606,0.5827578212433338,0.5923647685036753,72.72727272727273
40.27586761693185,0.5871304446611754,0.5886614586747987,71.71717171717171,40.27586761693185,0.5919101194258174,0.5886614586747987,71.71717171717171,40.11644305227486,0.5933946238823862,0.5674142804295521,71.71717171717171,40.11644305227486,0.5715507636842616,0.5674142804295521,71.71717171717171
39.20007236615961,0.5921733564017005,0.5922400684270963,73.73737373737373,39.20007236615961,0.5963173376502995,0.5922400684270963,73.73737373737373,39.15324842997373,0.5982539934253523,0.5738545832862909,72.72727272727273,39.15324842997373,0.5770350021431984,0.5738545832862909,72.72727272727273
38.9165186692433,0.5869937648034838,0.5858015784371166,73.73737373737373,38.9165186692433,0.591951907860015,0.5858015784371166,73.73737373737373,39.00999201406778,0.5929363130421426,0.5657620566705218,73.73737373737373,39.00999201406778,0.5723573685825143,0.5657620566705218,73.73737373737373
39.63741202632175,0.5876521841871392,0.5870403470596306,74.74747474747475,39.63741202632175,0.5933236931695056,0.5870403470596306,74.74747474747475,40.035839616286,0.5937282261599603,0.569296949123064,73.73737373737373,40.035839616286,0.5739394568630984,0.569296949123064,73.73737373737373
39.21366694255567,0.584554440510276,0.578194626370323,72.72727272727273,39.21366694255567,0.5895191486143351,0.578194626370323,72.72727272727273,39.05743718090206,0.5904240150382762,0.5584637747204075,72.72727272727273,39.05743718090206,0.5696352335201619,0.5584637747204075,72.72727272727273
40.05178455349597,0.5951344666108678,0.6009196682254301,71.71717171717171,40.05178455349597,0.5985823709564729,0.6009196682254301,71.71717171717171,39.912567265306166,0.6010774484677123,0.581250854875109,71.71717171717171,39.912567265306166,0.5791583317708264,0.581250854875109,71.71717171717171
39.30645328677276,0.5955202356321079,0.600388606502313,73.73737373737373,39.30645328677276,0.5994989312153366,0.600388606502313,73.73737373737373,39.32650978411972,0.6011584970454917,0.5806301363731275,73.73737373737373,39.32650978411972,0.5802328741774352,0.5806301363731275,73.73737373737373
38.89307581930207,0.5801909819012507,0.5664701235981537,73.73737373737373,38.89307581930207,0.5852780146845551,0.5664701235981537,73.73737373737373,39.23601331264729,0.5858590855368224,0.5484804766720515,73.73737373737373,39.23601331264729,0.5662564644803965,0.5484804766720515,73.73737373737373
39.58556065412149,0.5897886481707639,0.5931918731195063,75.75757575757575,39.58556065412149,0.5946903401685835,0.5931918731195063,75.75757575757575,39.983600912246295,0.5958425923161409,0.5728656151210924,74.74747474747475,39.983600912246295,0.5747164124878981,0.5728656151210924,74.74747474747475
40.16432123267649,0.5841323341270568,0.5778495730687134,71.71717171717171,40.16432123267649,0.5883647166497341,0.5778495730687134,71.71717171717171,40.005228862138885,0.5897962153346217,0.5586597000147082,71.71717171717171,40.005228862138885,0.5692078548033881,0.5586597000147082,71.71717171717171
38.46097000631963,0.5924654697651024,0.5948929869267147,71.71717171717171,38.46097000631963,0.5968678281067372,0.5948929869267147,71.71717171717171,39.01313672922926,0.5986394589095074,0.5772649421197531,72.72727272727273,39.01313672922926,0.5779940533104233,0.5772649421197531,72.72727272727273
39.823392025688676,0.5749259451783069,0.5643184175357167,73.73737373737373,39.823392025688676,0.5818971714768483,0.5643184175357167,73.73737373737373,39.68682702254056,0.5805283680612413,0.5449641894423584,73.73737373737373,39.68682702254056,0.5624864712562471,0.5449641894423584,73.73737373737373
39.23143403619649,0.5965228371111242,0.5977672086766725,72.72727272727273,39.23143403619649,0.6004723153662488,0.5977672086766725,72.72727272727273,39.12643992224929,0.602366544692099,0.5782084751295891,72.72727272727273,39.12643992224929,0.5810657266069303,0.5782084751295891,72.72727272727273
40.753863334488614,0.5841001717800356,0.5810630296557555,72.72727272727273,40.753863334488614,0.5888749154047618,0.5810630296557555,72.72727272727273,40.61277872283452,0.5897704972089131,0.5621993078432282,72.72727272727273,40.61277872283452,0.5696173902195683,0.5621993078432282,72.72727272727273
41.40582042873018,0.5799230732228255,0.5692665538035913,72.72727272727273,41.40582042873018,0.584297560792812,0.5692665538035913,72.72727272727273,41.2630250565454,0.5857145262561905,0.5515711419079893,72.72727272727273,41.2630250565454,0.5652865470886055,0.5515711419079893,72.72727272727273
40.66842192569813,0.58723813973077,0.5802832573453537,74.74747474747475,40.66842192569813,0.593730206994591,0.5802832573453537,74.74747474747475,40.5275631794097,0.5928273769106503,0.5606775756047263,73.73737373737373,40.5275631794097,0.5743345830184896,0.5606775756047263,73.73737373737373
40.040398615993645,0.59628988087355,0.6044933713996614,75.75757575757575,40.040398615993645,0.6006980207641073,0.6044933713996614,75.75757575757575,40.44182140748745,0.6021749478746523,0.5857517437774789,74.74747474747475,40.44182140748745,0.5815506745266485,0.5857517437774789,74.74747474747475
40.51184136359034,0.5906949839513449,0.5915777048347777,73.73737373737373,40.51184136359034,0.5965071399844122,0.5915777048347777,73.73737373737373,40.37139753697049,0.596599138978827,0.57332617144736,73.73737373737373,40.37139753697049,0.577280956944924,0.57332617144736,73.73737373737373
40.070144434533084,0.5889324053913858,0.587719854293393,72.72727272727273,40.070144434533084,0.5938781441302575,0.587719854293393,72.72727272727273,39.91133313633559,0.5948231669831681,0.5673125652864643,72.72727272727273,39.91133313633559,0.5737188168780667,0.5673125652864643,72.72727272727273
39.82067051430421,0.5831173437800972,0.5793981586896573,71.71717171717171,39.82067051430421,0.5890374880070249,0.5793981586896573,71.71717171717171,39.83454766251412,0.5888693703870633,0.56075364926336,71.71717171717171,39.83454766251412,0.5696382754117222,0.56075364926336,71.71717171717171
40.08273852661595,0.5923112968420896,0.589717307417295,73.73737373737373,40.08273852661595,0.5976546034759004,0.589717307417295,73.73737373737373,39.975772398467655,0.5983168202493343,0.5705309209401808,73.73737373737373,39.975772398467655,0.5781023265751151,0.5705309209401808,73.73737373737373
40.41969227801173,0.6020299812881361,0.6055075148090525,73.73737373737373,40.41969227801173,0.605950030596318,0.6055075148090525,73.73737373737373,40.25984054291178,0.608008947571501,0.5863296691052617,73.73737373737373,40.25984054291178,0.5866090948774934,0.5863296691052617,73.73737373737373
39.97666711814682,0.5869722535358382,0.5897320962160599,72.72727272727273,39.97666711814682,0.5912026452097803,0.5897320962160599,72.72727272727273,40.02336177532383,0.5929957367529932,0.5691071999852888,72.72727272727273,40.02336177532383,0.5713306582905362,0.5691071999852888,72.72727272727273
38.74297737280521,0.5912033939081471,0.592331833128148,72.72727272727273,38.74297737280521,0.595783909097242,0.592331833128148,72.72727272727273,39.134661654362255,0.5974967643144933,0.5727499849438313,72.72727272727273,39.134661654362255,0.5759902015457694,0.5727499849438313,72.72727272727273
39.23293782318541,0.5828578277734786,0.5786971775808564,72.72727272727273,39.23293782318541,0.5887754700063266,0.5786971775808564,72.72727272727273,39.62833224594006,0.5886625551716373,0.5600931330620703,73.73737373737373,39.62833224594006,0.5694503701155075,0.5600931330620703,73.73737373737373
39.624303384908835,0.5900055292630283,0.5879182709945894,72.72727272727273,39.624303384908835,0.5941515193143441,0.5879182709945894,72.72727272727273,39.49429157838227,0.5960978840201733,0.5670534186927416,72.72727272727273,39.49429157838227,0.5740072324488363,0.5670534186927416,72.72727272727273
39.96603813180499,0.5893736129870195,0.5890933192846732,74.74747474747475,39.96603813180499,0.5947001668533138,0.5890933192846732,74.74747474747475,39.80753818581761,0.5953500657812287,0.5707486159292838,74.74747474747475,39.80753818581761,0.5753127708854351,0.5707486159292838,74.74747474747475
40.05596612497152,0.5891975240033855,0.585386276586229,73.73737373737373,40.05596612497152,0.5930385548304091,0.585386276586229,73.73737373737373,40.16922377700375,0.5952142604002251,0.5636535584792001,72.72727272727273,40.16922377700375,0.5728109875693812,0.5636535584792001,72.72727272727273
38.92686302964913,0.5916491928735335,0.5930645151546043,74.74747474747475,38.92686302964913,0.5962028417309626,0.5930645151546043,74.74747474747475,38.7503486352969,0.5977443156274971,0.5721136276831847,74.74747474747475,38.7503486352969,0.5759470985995023,0.5721136276831847,74.74747474747475
40.491492901238914,0.5826688174640846,0.5805746014530586,72.72727272727273,40.491492901238914,0.5871468422463673,0.5805746014530586,72.72727272727273,40.6826017242246,0.5883954037925248,0.5610986902826782,72.72727272727273,40.6826017242246,0.5677520441939361,0.5610986902826782,72.72727272727273
39.31054213071224,0.5994342593567059,0.6053250583302451,70.70707070707071,39.31054213071224,0.6032771018052808,0.6053250583302451,70.70707070707071,39.49307011164173,0.605248050904426,0.5860208707026053,70.70707070707071,39.49307011164173,0.5840473368702586,0.5860208707026053,70.70707070707071
39.3643221769199,0.5958618526057538,0.5988780907142515,74.74747474747475,39.3643221769199,0.5996338312272508,0.5988780907142515,74.74747474747475,39.400459499610605,0.6016016761596608,0.5782989778357301,74.74747474747475,39.400459499610605,0.579876905922224,0.5782989778357301,74.74747474747475
38.87720480149183,0.5899643601880014,0.596522700394911,71.71717171717171,38.87720480149183,0.5948305047873876,0.596522700394911,71.71717171717171,38.89708941654859,0.5960870808498882,0.5759395211257565,71.71717171717171,38.89708941654859,0.5751104129530501,0.5759395211257565,71.71717171717171
39.534633795812994,0.5893062363034589,0.5902662737419642,70.70707070707071,39.534633795812994,0.5937693423263188,0.5902662737419642,70.70707070707071,39.78019235331828,0.5950374440870374,0.5720883841105271,70.70707070707071,39.78019235331828,0.5748564737718911,0.5720883841105271,70.70707070707071
39.93385998425756,0.5720727120636828,0.5607194613266171,72.72727272727273,39.93385998425756,0.5787909983518769,0.5607194613266171,72.72727272727273,39.95416522292643,0.5781790512321989,0.5410421359058095,74.74747474747475,39.95416522292643,0.5587474577147808,0.5410421359058095,74.74747474747475
40.67360528286053,0.6092317271481642,0.6223544976202926,72.72727272727273,40.67360528286053,0.6111592164316242,0.6223544976202926,72.72727272727273,40.5715591332511,0.6151808692545302,0.6031619383816221,72.72727272727273,40.5715591332511,0.5920245827283172,0.6031619383816221,72.72727272727273
40.65030445771585,0.5949568688491497,0.6077730594948552,73.73737373737373,40.65030445771585,0.5976446440804618,0.6077730594948552,73.73737373737373,40.71049045273607,0.6010593290366525,0.5881936421576219,73.73737373737373,40.71049045273607,0.5782529316002936,0.5881936421576219,73.73737373737373
40.15788116493846,0.5884589297771039,0.587248547730381,72.72727272727273,40.15788116493846,0.5923916683311496,0.587248547730381,72.72727272727273,40.05074204217731,0.5946184708988398,0.5683772025178284,73.73737373737373,40.05074204217731,0.5727898974096335,0.5683772025178284,73.73737373737373
39.79519811025178,0.5919035374977349,0.5920575273901449,71.71717171717171,39.79519811025178,0.5978859051977167,0.5920575273901449,71.71717171717171,39.688895568709185,0.5976367535994649,0.5725083499947078,72.72727272727273,39.688895568709185,0.5785421738534681,0.5725083499947078,72.72727272727273
38.73349550739347,0.5959069580267858,0.6038834533128954,73.73737373737373,38.73349550739347,0.600273974321653,0.6038834533128954,73.73737373737373,38.619008236314656,0.601840623058342,0.5855596150218281,73.73737373737373,38.619008236314656,0.5810316132835687,0.5855596150218281,73.73737373737373
38.70800013929882,0.5850984405810411,0.5817380779429915,70.70707070707071,38.70800013929882,0.5922246117421027,0.5817380779429915,70.70707070707071,38.57960101172574,0.5909876536230734,0.5636550284591642,70.70707070707071,38.57960101172574,0.5731251130981213,0.5636550284591642,70.70707070707071
39.65600644333196,0.58697548482769,0.5818036890706622,74.74747474747475,39.65600644333196,0.5912594817307532,0.5818036890706622,74.74747474747475,40.4449928159761,0.5926565269276491,0.5618848700908641,73.73737373737373,40.4449928159761,0.5718208850121624,0.5618848700908641,73.73737373737373
39.67786718212742,0.5815180509439529,0.5791336027595977,73.73737373737373,39.67786718212742,0.5856736992151792,0.5791336027595977,73.73737373737373,39.566795737275406,0.5875272047009815,0.559370219716164,74.74747474747475,39.566795737275406,0.5657567654771638,0.559370219716164,74.74747474747475
40.38344925464736,0.5849114225781322,0.5811383317618368,73.73737373737373,40.38344925464736,0.5909514966150289,0.5811383317618368,73.73737373737373,40.40393090872426,0.5907925820750763,0.5649389698129582,72.72727272727273,40.40393090872426,0.5719528208268096,0.5649389698129582,72.72727272727273
39.434670888355164,0.6020102073153356,0.6128526607757753,73.73737373737373,39.434670888355164,0.6055744513608169,0.6128526607757753,73.73737373737373,39.30455810819055,0.6080901068173303,0.5941415947325852,73.73737373737373,39.30455810819055,0.5863576483818439,0.5941415947325852,73.73737373737373
38.699682165722436,0.6018061277099729,0.6075710206041669,72.72727272727273,38.699682165722436,0.6045214251951047,0.6075710206041669,72.72727272727273,38.52399162010772,0.6077464091716254,0.588887602395002,72.72727272727273,38.52399162010772,0.5854617334634618,0.588887602395002,72.72727272727273
38.60600654975934,0.5891177057165963,0.5951513349196702,70.70707070707071,38.60600654975934,0.5939132049300668,0.5951513349196702,70.70707070707071,38.472871984822866,0.595155681536948,0.5771011262214087,71.71717171717171,38.472871984822866,0.5749309936421562,0.5771011262214087,71.71717171717171
40.1230985775752,0.5964666938855625,0.6003471428894654,73.73737373737373,40.1230985775752,0.6015280340636546,0.6003471428894654,73.73737373737373,39.96412916852786,0.6026068949362562,0.5804992295043566,73.73737373737373,39.96412916852786,0.5816777852985398,0.5804992295043566,73.73737373737373
38.771312413225566,0.5821778468339589,0.5758430360973438,74.74747474747475,38.771312413225566,0.5900645658143695,0.5758430360973438,74.74747474747475,38.6427627328117,0.5878846070932575,0.5572446827099427,74.74747474747475,38.6427627328117,0.5704967992473753,0.5572446827099427,74.74747474747475
41.22364869173104,0.5789538992981993,0.5680528205331592,73.73737373737373,41.22364869173104,0.5851132139505875,0.5680528205331592,73.73737373737373,41.08132908003973,0.5846916493819934,0.5478527974015823,73.73737373737373,41.08132908003973,0.5652147776450483,0.5478527974015823,73.73737373737373
38.96070990360874,0.5843807806260468,0.5761339265464065,74.74747474747475,38.96070990360874,0.5908697965130559,0.5761339265464065,74.74747474747475,39.020526916039685,0.5902136593579457,0.5558523059022459,74.74747474747475,39.020526916039685,0.5710324849096806,0.5558523059022459,74.74747474747475
38.802887813032925,0.5817570728705185,0.5752367172799897,72.72727272727273,38.802887813032925,0.5876596828317868,0.5752367172799897,72.72727272727273,38.99880399512461,0.5876853861584718,0.5552913582380214,72.72727272727273,38.99880399512461,0.5677209807692586,0.5552913582380214,72.72727272727273
39.27787637759852,0.5723378880175112,0.5528562759342218,72.72727272727273,39.27787637759852,0.5791648558472753,0.5528562759342218,72.72727272727273,39.140747289676604,0.578338434646814,0.53265081960349,72.72727272727273,39.140747289676604,0.5589810419637022,0.53265081960349,72.72727272727273
38.92784472811945,0.6024146064686168,0.6133696897747442,74.74747474747475,38.92784472811945,0.6069593162559855,0.6133696897747442,74.74747474747475,39.972768906530106,0.6085538398620566,0.5921273155598594,74.74747474747475,39.972768906530106,0.5870535561939688,0.5921273155598594,74.74747474747475
39.49236596084269,0.5930805519663441,0.5893361781411166,70.70707070707071,39.49236596084269,0.5981277195665151,0.5893361781411166,70.70707070707071,39.5510794207931,0.5986960439457202,0.5715562490722386,70.70707070707071,39.5510794207931,0.579300500803269,0.5715562490722386,70.70707070707071
40.0815223569968,0.5953189135108996,0.5962734678579769,74.74747474747475,40.0815223569968,0.5970271209368367,0.5962734678579769,74.74747474747475,40.08853877694415,0.6014168071738435,0.5767636912671261,75.75757575757575,40.08853877694415,0.5775508792364166,0.5767636912671261,75.75757575757575
38.784664661045284,0.5880000838150055,0.5772525928544362,72.72727272727273,38.784664661045284,0.5951646246390121,0.5772525928544362,72.72727272727273,38.803080745106165,0.5940386469233493,0.5603354647853845,71.71717171717171,38.803080745106165,0.575975894791803,0.5603354647853845,71.71717171717171
39.25063107461507,0.5902050758710177,0.5891217368374218,72.72727272727273,39.25063107461507,0.595914766246259,0.5891217368374218,72.72727272727273,39.060334954030665,0.5960616513268786,0.5701436455929204,72.72727272727273,39.060334954030665,0.5765766760345977,0.5701436455929204,72.72727272727273
40.17889867392454,0.598160953287764,0.6070015863331423,75.75757575757575,40.17889867392454,0.6020785351214162,0.6070015863331423,75.75757575757575,40.039341383832685,0.6040849041427055,0.5863057006296938,74.74747474747475,40.039341383832685,0.5824217591124117,0.5863057006296938,74.74747474747475
41.027600417612376,0.5939491385003111,0.5928904314478864,73.73737373737373,41.027600417612376,0.5986630046817492,0.5928904314478864,73.73737373737373,41.08826114488171,0.5999183824133211,0.57433581725448,73.73737373737373,41.08826114488171,0.5790250007784248,0.57433581725448,73.73737373737373
39.23313162827194,0.5893812507631533,0.5903168792553131,72.72727272727273,39.23313162827194,0.5926450547206028,0.5903168792553131,72.72727272727273,39.09612422381675,0.5951735568310208,0.573817122851847,72.72727272727273,39.09612422381675,0.5742573808877691,0.573817122851847,72.72727272727273
40.44195300575717,0.5969074967822281,0.5978787568142342,72.72727272727273,40.44195300575717,0.5999607513503185,0.5978787568142342,72.72727272727273,40.33416146313007,0.6028562973130022,0.5795734764164859,72.72727272727273,40.33416146313007,0.5807786253383347,0.5795734764164859,72.72727272727273
39.44618413565411,0.5781257711211726,0.5705625870061464,75.75757575757575,39.44618413565411,0.5837345465958317,0.5705625870061464,75.75757575757575,39.78575852782,0.5839237756223832,0.5511887706722349,73.73737373737373,39.78575852782,0.5640532818923463,0.5511887706722349,73.73737373737373
40.56570017870834,0.5932471135413655,0.5971557512309673,72.72727272727273,40.56570017870834,0.5979376568652844,0.5971557512309673,72.72727272727273,40.6809677038926,0.5995025009320039,0.5774585208890489,72.72727272727273,40.6809677038926,0.5782585086175933,0.5774585208890489,72.72727272727273
38.71161621165774,0.590141570729247,0.5919952922195262,72.72727272727273,38.71161621165774,0.5942197576883999,0.5919952922195262,72.72727272727273,38.765241933838965,0.5960975115208016,0.5731824943652728,72.72727272727273,38.765241933838965,0.5749417287011447,0.5731824943652728,72.72727272727273
39.604215021562474,0.5990207421158661,0.6033579467763044,72.72727272727273,39.604215021562474,0.6027247597851471,0.6033579467763044,72.72727272727273,39.91393278189225,0.6050210128643458,0.5840400298604111,71.71717171717171,39.91393278189225,0.5834742823831609,0.5840400298604111,71.71717171717171
39.503418932829405,0.5867382370495635,0.5768469754739619,74.74747474747475,39.503418932829405,0.59222604152263,0.5768469754739619,74.74747474747475,39.39779235847094,0.592738840061589,0.5556547438563024,74.74747474747475,39.39779235847094,0.5718377355047346,0.5556547438563024,74.74747474747475
39.01680855006894,0.575376989665362,0.5669689803535767,72.72727272727273,39.01680855006894,0.5818582277076136,0.5669689803535767,72.72727272727273,38.9701467014407,0.5812531188323786,0.5475918483295489,72.72727272727273,38.9701467014407,0.5621009881348658,0.5475918483295489,72.72727272727273
39.08798671830891,0.5905519246595485,0.5870757086743976,73.73737373737373,39.08798671830891,0.5948859586453685,0.5870757086743976,73.73737373737373,38.91089001937454,0.5962834524797629,0.5676354973449932,73.73737373737373,38.91089001937454,0.5754355447578094,0.5676354973449932,73.73737373737373
39.00557260855967,0.5902774900338741,0.5889980737914218,73.73737373737373,39.00557260855967,0.5950103757825913,0.5889980737914218,73.73737373737373,39.39925022657192,0.5963241549612064,0.5692310445966291,73.73737373737373,39.39925022657192,0.5751262012131647,0.5692310445966291,73.73737373737373
39.18395793877515,0.5882628556854241,0.5892869529503493,72.72727272727273,39.18395793877515,0.592037700090066,0.5892869529503493,72.72727272727273,39.57898323624192,0.594350402438603,0.5699637555198724,72.72727272727273,39.57898323624192,0.5725984925353764,0.5699637555198724,72.72727272727273
40.30609690554261,0.5829647470174806,0.5743563948775785,72.72727272727273,40.30609690554261,0.5891381334146677,0.5743563948775785,72.72727272727273,40.276576338935776,0.5888678920078967,0.5543678186066452,72.72727272727273,40.276576338935776,0.5693211208206288,0.5543678186066452,72.72727272727273
38.886315480270575,0.5981763213702364,0.6017578102571408,72.72727272727273,38.886315480270575,0.6018722523619986,0.6017578102571408,72.72727272727273,38.906203757791104,0.603969599621893,0.5812807363160367,72.72727272727273,38.906203757791104,0.5822614980742605,0.5812807363160367,72.72727272727273
40.295155810056094,0.602561472921118,0.6160399741284966,71.71717171717171,40.295155810056094,0.6042737836593008,0.6160399741284966,71.71717171717171,40.187701101213435,0.6085327853936747,0.5958336837227034,71.71717171717171,40.187701101213435,0.5847511086276709,0.5958336837227034,71.71717171717171
38.90681150660629,0.5930344400554179,0.5982623892550224,72.72727272727273,38.90681150660629,0.5969934215728592,0.5982623892550224,72.72727272727273,39.91200227292904,0.59873457577,0.5804220631946,71.71717171717171,39.91200227292904,0.5780700464493391,0.5804220631946,71.71717171717171
39.354387243348455,0.5783548980372941,0.5649823392374409,73.73737373737373,39.354387243348455,0.5852283943881876,0.5649823392374409,73.73737373737373,39.73616907251636,0.5839406469113035,0.5460505641826139,73.73737373737373,39.73616907251636,0.5660467822462403,0.5460505641826139,73.73737373737373
39.552756913216705,0.5692261205602808,0.5535190369872246,74.74747474747475,39.552756913216705,0.5755135460473026,0.5535190369872246,74.74747474747475,39.37398982779031,0.5750004918685154,0.5358943529903973,74.74747474747475,39.37398982779031,0.5564077032543426,0.5358943529903973,74.74747474747475
40.310070627742824,0.5791542934009972,0.5715681023639949,71.71717171717171,40.310070627742824,0.5849885475367813,0.5715681023639949,71.71717171717171,40.170163368378574,0.5849069006502801,0.5542187263119271,70.70707070707071,40.170163368378574,0.5661406629025121,0.5542187263119271,70.70707070707071
39.953036049586466,0.5923336767829168,0.5930737378162354,74.74747474747475,39.953036049586466,0.5968317763156135,0.5930737378162354,74.74747474747475,39.79457503665367,0.5982573035703964,0.5722937563509067,74.74747474747475,39.79457503665367,0.5767214881323268,0.5722937563509067,74.74747474747475
39.76068771642352,0.5854647499311276,0.5852301209113969,73.73737373737373,39.76068771642352,0.5897240949266146,0.5852301209113969,73.73737373737373,39.780924595625066,0.5910408715516839,0.567299388668802,73.73737373737373,39.780924595625066,0.5708225902328526,0.567299388668802,73.73737373737373
39.8182053753041,0.6060451604582457,0.6187134092730153,71.71717171717171,39.8182053753041,0.6076893598705058,0.6187134092730153,71.71717171717171,39.66014871707544,0.6119032986548216,0.6025149239128185,72.72727272727273,39.66014871707544,0.589423102962606,0.6025149239128185,72.72727272727273
39.47450913610451,0.5787917602187063,0.5709881373463864,72.72727272727273,39.47450913610451,0.586025405994995,0.5709881373463864,72.72727272727273,39.344303319078044,0.584421345256403,0.5522703106847373,71.71717171717171,39.344303319078044,0.5665556816259607,0.5522703106847373,71.71717171717171
39.70157070863092,0.5878690007497877,0.5836419733035176,73.73737373737373,39.70157070863092,0.5938549833604667,0.5836419733035176,73.73737373737373,39.52227171455684,0.5937400457057151,0.5665486586669888,73.73737373737373,39.52227171455684,0.575010691565934,0.5665486586669888,73.73737373737373
38.87987658277652,0.5943626495044259,0.596561235048018,72.72727272727273,38.87987658277652,0.5997010950569619,0.596561235048018,72.72727272727273,39.272601457893686,0.6003146238061234,0.5766416034678639,73.73737373737373,39.272601457893686,0.5800221346126183,0.5766416034678639,73.73737373737373
39.56054060300068,0.5725888634522142,0.549862302239339,73.73737373737373,39.56054060300068,0.5801515252466893,0.549862302239339,73.73737373737373,39.809701407452636,0.5781933567817791,0.5290894375780618,73.73737373737373,39.809701407452636,0.5598871334480264,0.5290894375780618,73.73737373737373
38.65770775559301,0.5912756397867863,0.5884265956210728,70.70707070707071,38.65770775559301,0.5950905458281789,0.5884265956210728,70.70707070707071,38.55405516926012,0.596990947256268,0.5673598400297922,70.70707070707071,38.55405516926012,0.5752405458645736,0.5673598400297922,70.70707070707071
39.56262911695352,0.5781378755300284,0.573514420256696,72.72727272727273,39.56262911695352,0.586101948603851,0.573514420256696,72.72727272727273,39.40534203397158,0.5838467871792494,0.5556132026271912,72.72727272727273,39.40534203397158,0.5670761503893833,0.5556132026271912,72.72727272727273
39.21514140152982,0.6009561080656811,0.6097265125743896,73.73737373737373,39.21514140152982,0.6050217348062996,0.6097265125743896,73.73737373737373,39.024977253272,0.6070767174532685,0.5916020170258502,73.73737373737373,39.024977253272,0.5860151039665158,0.5916020170258502,73.73737373737373
39.25823732715518,0.5831334932334415,0.5746405402027888,73.73737373737373,39.25823732715518,0.5882150633710759,0.5746405402027888,73.73737373737373,39.1232565032236,0.5889754656635328,0.5554634581765892,73.73737373737373,39.1232565032236,0.5684391871082171,0.5554634581765892,73.73737373737373
38.41412156387732,0.5913784118128289,0.5916478795954377,73.73737373737373,38.41412156387732,0.5960398498464368,0.5916478795954377,73.73737373737373,38.449524125935994,0.597198322300076,0.5718478237287634,73.73737373737373,38.449524125935994,0.5765615976206655,0.5718478237287634,73.73737373737373
40.86551352163718,0.5918504940037344,0.5950242340534311,74.74747474747475,40.86551352163718,0.5968048941713715,0.5950242340534311,74.74747474747475,40.74540913358171,0.5977881618493522,0.5750471806358457,73.73737373737373,40.74540913358171,0.5772269389448488,0.5750471806358457,73.73737373737373
39.75879124308579,0.6013514499684163,0.6082263097262304,74.74747474747475,39.75879124308579,0.6048222609294194,0.6082263097262304,74.74747474747475,39.65257290285504,0.6071328422262976,0.5894292916758956,74.74747474747475,39.65257290285504,0.5858402050135108,0.5894292916758956,74.74747474747475
40.274693820308286,0.5991031309956968,0.6074775041346456,74.74747474747475,40.274693820308286,0.6035018788716027,0.6074775041346456,74.74747474747475,40.1561316819375,0.605306932368633,0.5872933741143654,73.73737373737373,40.1561316819375,0.5836861176733379,0.5872933741143654,73.73737373737373
40.3455060243473,0.5930154468251501,0.5945985604576431,73.73737373737373,40.3455060243473,0.5978283421985435,0.5945985604576431,73.73737373737373,40.16392185106857,0.5990035757180827,0.574337153387851,73.73737373737373,40.16392185106857,0.5783005607747896,0.574337153387851,73.73737373737373
41.1504537350607,0.5781564332150496,0.573115686681446,73.73737373737373,41.1504537350607,0.5827902202913504,0.573115686681446,73.73737373737373,41.04104588921955,0.5840662177284409,0.5526035495773352,73.73737373737373,41.04104588921955,0.563032329496457,0.5526035495773352,73.73737373737373
38.52688942920264,0.5963123066570429,0.5975958036757598,74.74747474747475,38.52688942920264,0.6010211552366592,0.5975958036757598,74.74747474747475,38.39181633549204,0.6022770756609038,0.5778091791912114,74.74747474747475,38.39181633549204,0.5812638321030802,0.5778091791912114,74.74747474747475
39.205830128951426,0.5959604406857992,0.5994242625459453,72.72727272727273,39.205830128951426,0.6002836595031608,0.5994242625459453,72.72727272727273,39.25323283528842,0.6016853620123008,0.5782502358612662,72.72727272727273,39.25323283528842,0.5804189183624371,0.5782502358612662,72.72727272727273
40.195637108689134,0.5886432603037566,0.5851616088627027,73.73737373737373,40.195637108689134,0.5922287445284681,0.5851616088627027,73.73737373737373,40.3818553499244,0.594400088832182,0.5659204001556097,73.73737373737373,40.3818553499244,0.5728456167727186,0.5659204001556097,73.73737373737373
40.14066229069496,0.5824263428024989,0.5764965764988689,72.72727272727273,40.14066229069496,0.5880710285307782,0.5764965764988689,72.72727272727273,40.26350416018506,0.5885656379723543,0.5577422595065493,71.71717171717171,40.26350416018506,0.5685590565819093,0.5577422595065493,71.71717171717171
40.50140138978189,0.5860579093558203,0.5824142854118088,74.74747474747475,40.50140138978189,0.59002973069215,0.5824142854118088,74.74747474747475,40.521929073381855,0.591764679286175,0.5655278463096246,74.74747474747475,40.521929073381855,0.5710189988323469,0.5655278463096246,74.74747474747475
39.69165923546112,0.5818249410070289,0.5722542621346616,72.72727272727273,39.69165923546112,0.586839388317798,0.5722542621346616,72.72727272727273,39.77447344419828,0.5876095836259029,0.5552102945232114,72.72727272727273,39.77447344419828,0.5681710002829329,0.5552102945232114,72.72727272727273
40.28385954243105,0.5819032853462542,0.5759765868117876,72.72727272727273,40.28385954243105,0.5865092569998878,0.5759765868117876,72.72727272727273,40.18205866350777,0.5876578688926244,0.5555725955352921,72.72727272727273,40.18205866350777,0.566764376704572,0.5555725955352921,72.72727272727273
39.38966603355127,0.591795793562091,0.5953174262046166,74.74747474747475,39.38966603355127,0.5961670662264991,0.5953174262046166,74.74747474747475,39.44824776399201,0.5974612546048206,0.5776721862215957,74.74747474747475,39.44824776399201,0.5772487134501958,0.5776721862215957,74.74747474747475
39.8024570466575,0.5839814593684448,0.5750086411754658,73.73737373737373,39.8024570466575,0.5867841092090953,0.5750086411754658,73.73737373737373,40.05656895079475,0.5895929836840909,0.5539936073378378,73.73737373737373,40.05656895079475,0.5667166345590521,0.5539936073378378,73.73737373737373
39.90826449773574,0.5933970049378627,0.601617123403626,70.70707070707071,39.90826449773574,0.5985127298721133,0.601617123403626,70.70707070707071,39.80170071763067,0.5993652192643244,0.5807071834778845,70.70707070707071,39.80170071763067,0.5785723160109816,0.5807071834778845,70.70707070707071
39.63453560856824,0.6040991714236177,0.6110436297795089,73.73737373737373,39.63453560856824,0.6076434784172757,0.6110436297795089,73.73737373737373,39.52860495178172,0.6100534972222187,0.592006557838634,73.73737373737373,39.52860495178172,0.5883862742981505,0.592006557838634,73.73737373737373
39.71985127195137,0.6031447124008573,0.6126038102904978,72.72727272727273,39.71985127195137,0.6058717262380146,0.6126038102904978,72.72727272727273,39.52781913281118,0.6092453468735428,0.5938501290464162,72.72727272727273,39.52781913281118,0.5867477711294664,0.5938501290464162,72.72727272727273
39.62079906895244,0.5803287189530386,0.577606222633452,73.73737373737373,39.62079906895244,0.5859363662515524,0.577606222633452,73.73737373737373,39.44178860219867,0.5863089739206433,0.5580109911065958,73.73737373737373,39.44178860219867,0.5662948646555396,0.5580109911065958,73.73737373737373
40.94222433754031,0.5869835756348638,0.5844087598916228,75.75757575757575,40.94222433754031,0.5927017621192255,0.5844087598916228,75.75757575757575,40.780831589091946,0.5928545768383534,0.5660511310783642,76.76767676767676,40.780831589091946,0.5734079043488891,0.5660511310783642,76.76767676767676
39.642697420993976,0.5882772998939076,0.5849300728797258,73.73737373737373,39.642697420993976,0.5920886268954294,0.5849300728797258,73.73737373737373,39.69774936529142,0.5939021826263235,0.5679633256454,72.72727272727273,39.69774936529142,0.573755136388338,0.5679633256454,72.72727272727273
38.73053625820631,0.5930000053889014,0.5954247873880927,72.72727272727273,38.73053625820631,0.5978026160513422,0.5954247873880927,72.72727272727273,38.62515441845629,0.5989783474461443,0.5766324439157041,72.72727272727273,38.62515441845629,0.5782639818537836,0.5766324439157041,72.72727272727273
39.47955617370524,0.5668663917092136,0.5452050838187812,73.73737373737373,39.47955617370524,0.5749345559334178,0.5452050838187812,73.73737373737373,39.301051253483756,0.5724088450713132,0.524604769686376,74.74747474747475,39.301051253483756,0.554797142837998,0.524604769686376,74.74747474747475
40.71937363997281,0.5945440112931029,0.5977211735363304,72.72727272727273,40.71937363997281,0.5984037653247629,0.5977211735363304,72.72727272727273,40.726481376192766,0.6006182386958403,0.578220221927835,72.72727272727273,40.726481376192766,0.5788916990757775,0.578220221927835,72.72727272727273
41.07395577300744,0.5815920768222552,0.5771372752399484,71.71717171717171,41.07395577300744,0.5871257126943499,0.5771372752399484,71.71717171717171,40.91217725086577,0.5875871313005236,0.5577201503904627,71.71717171717171,40.91217725086577,0.5676255683748956,0.5577201503904627,71.71717171717171
38.5600422694369,0.5867516180013657,0.5880817175048533,73.73737373737373,38.5600422694369,0.5917329985415472,0.5880817175048533,73.73737373737373,38.433747958286645,0.5929073686039594,0.5696595571696501,73.73737373737373,38.433747958286645,0.5723665126185249,0.5696595571696501,73.73737373737373
39.654072418946306,0.582183585254897,0.5805254604167043,72.72727272727273,39.654072418946306,0.5853234285750898,0.5805254604167043,72.72727272727273,39.47494304442694,0.5881635782908737,0.5621781844339906,71.71717171717171,39.47494304442694,0.5661331454315255,0.5621781844339906,71.71717171717171
38.963068252078955,0.5948492566040571,0.5927284849126777,72.72727272727273,38.963068252078955,0.5983620032868799,0.5927284849126777,72.72727272727273,38.84662938393208,0.6007301175036113,0.5741345633518264,72.72727272727273,38.84662938393208,0.5792607728117232,0.5741345633518264,72.72727272727273
39.45738782741663,0.600683480473423,0.6050883113599916,73.73737373737373,39.45738782741663,0.6040557383408353,0.6050883113599916,73.73737373737373,39.70602342032827,0.6064228647609975,0.5856803381864202,73.73737373737373,39.70602342032827,0.5847916877862109,0.5856803381864202,73.73737373737373
40.44431627172321,0.5834498733830988,0.5768560666042052,71.71717171717171,40.44431627172321,0.5891611742176551,0.5768560666042052,71.71717171717171,41.0658616170792,0.5891460592392609,0.5584520934937038,71.71717171717171,41.0658616170792,0.570021324100759,0.5584520934937038,71.71717171717171
41.809064636469785,0.5833412432337199,0.5767156664556485,73.73737373737373,41.809064636469785,0.5888365986459216,0.5767156664556485,73.73737373737373,41.686520268679295,0.589149184389538,0.5565285441018046,73.73737373737373,41.686520268679295,0.5690335667545148,0.5565285441018046,73.73737373737373
40.16336858469261,0.5838100678412529,0.5792354947644474,73.73737373737373,40.16336858469261,0.5891657172908141,0.5792354947644474,73.73737373737373,40.03156910379351,0.5895850984325005,0.5611428629504264,73.73737373737373,40.03156910379351,0.570109489106926,0.5611428629504264,73.73737373737373
38.70371853060656,0.5884722813550827,0.5877329285195452,71.71717171717171,38.70371853060656,0.5931923772071734,0.5877329285195452,71.71717171717171,38.55972244000687,0.5945202836756989,0.5675590879631166,72.72727272727273,38.55972244000687,0.5731167439348539,0.5675590879631166,72.72727272727273
39.94294252522278,0.5778284213093805,0.5710999083427881,72.72727272727273,39.94294252522278,0.5854497213297567,0.5710999083427881,72.72727272727273,39.80623175961027,0.5837877168565191,0.5499961327476475,72.72727272727273,39.80623175961027,0.5649801368770403,0.5499961327476475,72.72727272727273
39.09205972744094,0.6033033684471096,0.6117506616529864,73.73737373737373,39.09205972744094,0.6071389293628364,0.6117506616529864,73.73737373737373,38.96275098429722,0.6094708505273998,0.5925340829994927,73.73737373737373,38.96275098429722,0.5878054408715495,0.5925340829994927,73.73737373737373
39.74882197435372,0.5930840072982698,0.591108024195392,74.74747474747475,39.74882197435372,0.5991983786618887,0.591108024195392,74.74747474747475,39.556683188848055,0.5994290333626144,0.572052444648739,74.74747474747475,39.556683188848055,0.5792853054822628,0.572052444648739,74.74747474747475
39.00616066704312,0.5932744452627031,0.5933730522370222,74.74747474747475,39.00616066704312,0.5975009916683125,0.5933730522370222,74.74747474747475,40.064749996056335,0.5991733463823751,0.573483312388229,74.74747474747475,40.064749996056335,0.5779487917660276,0.573483312388229,74.74747474747475
39.06781478742254,0.6014870400105279,0.6123830820235006,74.74747474747475,39.06781478742254,0.6057023224063524,0.6123830820235006,74.74747474747475,38.96320223592169,0.6076099690052297,0.5921822887568886,73.73737373737373,38.96320223592169,0.5860315732759552,0.5921822887568886,73.73737373737373
38.948939319791265,0.585411680892413,0.5861797506725304,75.75757575757575,38.948939319791265,0.5920411725298264,0.5861797506725304,75.75757575757575,38.8073754199246,0.5913176299901051,0.5675832997435073,75.75757575757575,38.8073754199246,0.5727215665846657,0.5675832997435073,75.75757575757575
39.89930083531772,0.5766818970600485,0.5729324576156403,74.74747474747475,39.89930083531772,0.5828758605576805,0.5729324576156403,74.74747474747475,39.71929729462826,0.5827221123399763,0.5548619723576436,74.74747474747475,39.71929729462826,0.5635541413340941,0.5548619723576436,74.74747474747475
41.16465582969586,0.59484389194281,0.5970762222941052,71.71717171717171,41.16465582969586,0.5979608338321345,0.5970762222941052,71.71717171717171,41.225488386479455,0.6007356114292042,0.5763304713571263,71.71717171717171,41.225488386479455,0.578316842020437,0.5763304713571263,71.71717171717171
39.972166429704394,0.5851178309022538,0.58347937955065,73.73737373737373,39.972166429704394,0.5894940237802366,0.58347937955065,73.73737373737373,39.9154079120037,0.5910799003207456,0.5622142513879538,73.73737373737373,39.9154079120037,0.5692241427613599,0.5622142513879538,73.73737373737373
40.159944641622715,0.5966485654229072,0.6025267599393695,73.73737373737373,40.159944641622715,0.6008406716836069,0.6025267599393695,73.73737373737373,40.05280077074818,0.6026437516347978,0.5843812169782598,73.73737373737373,40.05280077074818,0.5817797837448315,0.5843812169782598,73.73737373737373
39.52869965143204,0.5948093933436637,0.5948584378928576,72.72727272727273,39.52869965143204,0.5993215366186367,0.5948584378928576,72.72727272727273,39.52213886401154,0.6008591569699908,0.5748055160706939,72.72727272727273,39.52213886401154,0.5795768404664615,0.5748055160706939,72.72727272727273
39.8030869241952,0.5890231686370976,0.5881631765942776,73.73737373737373,39.8030869241952,0.5940004009620556,0.5881631765942776,73.73737373737373,39.67211738703038,0.5949780517522448,0.5693365748291335,74.74747474747475,39.67211738703038,0.5748346011446507,0.5693365748291335,74.74747474747475
40.15150746829359,0.5849303736359208,0.5858863170732296,72.72727272727273,40.15150746829359,0.5891963730628362,0.5858863170732296,72.72727272727273,39.99245330805938,0.5909310803130601,0.5668166593814117,71.71717171717171,39.99245330805938,0.5699165651980772,0.5668166593814117,71.71717171717171
39.101134301753284,0.5815690873549912,0.5677811300592552,71.71717171717171,39.101134301753284,0.5882451411075997,0.5677811300592552,71.71717171717171,40.04929924432228,0.5875072886613233,0.5474535591379636,71.71717171717171,40.04929924432228,0.5682514662339608,0.5474535591379636,71.71717171717171
39.10314769676816,0.596501550907099,0.5944052248968557,74.74747474747475,39.10314769676816,0.5997533180414489,0.5944052248968557,74.74747474747475,38.97550387822807,0.6026844948650665,0.5732357451618577,73.73737373737373,38.97550387822807,0.5793266263721132,0.5732357451618577,73.73737373737373
38.55715866609917,0.5854852686654073,0.5856302890449023,72.72727272727273,38.55715866609917,0.5909878095474536,0.5856302890449023,72.72727272727273,39.713720797710195,0.5913648435750449,0.565613348715496,71.71717171717171,39.713720797710195,0.5713206326041026,0.565613348715496,71.71717171717171
40.61161631419249,0.5934898215770598,0.5996979227716722,72.72727272727273,40.61161631419249,0.5984344991932122,0.5996979227716722,72.72727272727273,40.45119657292386,0.5993107835796623,0.5813192453278229,72.72727272727273,40.45119657292386,0.579563004782552,0.5813192453278229,72.72727272727273
39.19786747810049,0.5878674049630157,0.5859075967643808,72.72727272727273,39.19786747810049,0.5952772823229905,0.5859075967643808,72.72727272727273,39.22317968867222,0.5936907467204215,0.5667855378529966,71.71717171717171,39.22317968867222,0.575801947434681,0.5667855378529966,71.71717171717171
39.84423120244026,0.5965740063883599,0.6029313499167037,73.73737373737373,39.84423120244026,0.6005802104121254,0.6029313499167037,73.73737373737373,39.67536424489476,0.6025755717526791,0.5826377412399567,73.73737373737373,39.67536424489476,0.5807307159958401,0.5826377412399567,73.73737373737373
38.273903333927436,0.5929578232670305,0.5921114486268743,73.73737373737373,38.273903333927436,0.5974296166669522,0.5921114486268743,73.73737373737373,38.56681605393606,0.5989412334596915,0.5719389390215621,73.73737373737373,38.56681605393606,0.5776433397039116,0.5719389390215621,73.73737373737373
38.74387867786958,0.6006099743655562,0.6083957113784231,74.74747474747475,38.74387867786958,0.6044333209260322,0.6083957113784231,74.74747474747475,38.750700605842745,0.6066954763221121,0.5892714041979947,74.74747474747475,38.750700605842745,0.5850117769439318,0.5892714041979947,74.74747474747475
38.92277660833978,0.5739048801784807,0.5581227029207618,72.72727272727273,38.92277660833978,0.5805709614427608,0.5581227029207618,72.72727272727273,38.76743397180766,0.5799242089345994,0.5377434461152182,72.72727272727273,38.76743397180766,0.5601709342157914,0.5377434461152182,72.72727272727273
38.8717634286188,0.5907767042223586,0.5908424497773987,73.73737373737373,38.8717634286188,0.5944760172499252,0.5908424497773987,73.73737373737373,38.83608940683241,0.5964451365430754,0.5727486784251675,73.73737373737373,38.83608940683241,0.575653474709466,0.5727486784251675,73.73737373737373
38.916489475472545,0.5914529285542749,0.5941608585936045,71.71717171717171,38.916489475472545,0.595512411829203,0.5941608585936045,71.71717171717171,39.30949213305185,0.5972658125059147,0.5740765793516525,71.71717171717171,39.30949213305185,0.575915768320566,0.5740765793516525,71.71717171717171
40.067653269617765,0.6006983810876656,0.606006736533494,73.73737373737373,40.067653269617765,0.6049625455220871,0.606006736533494,73.73737373737373,39.96072189197824,0.6066887282337594,0.5864643787094317,73.73737373737373,39.96072189197824,0.5856611206333455,0.5864643787094317,73.73737373737373
39.62631943248418,0.5868469182858019,0.5843155650224989,72.72727272727273,39.62631943248418,0.5932268960956855,0.5843155650224989,72.72727272727273,39.609210845771834,0.5929210814042378,0.5669583795480442,72.72727272727273,39.609210845771834,0.5740786289426268,0.5669583795480442,72.72727272727273
39.115129163083914,0.5914485536353087,0.5946397210356726,73.73737373737373,39.115129163083914,0.5957290415357913,0.5946397210356726,73.73737373737373,39.4153797110186,0.597707232224836,0.5755407063737856,73.73737373737373,39.4153797110186,0.5761547352063501,0.5755407063737856,73.73737373737373
41.23095467919822,0.5916190976159272,0.5932884317259157,72.72727272727273,41.23095467919822,0.5948301046630575,0.5932884317259157,72.72727272727273,41.12136417345029,0.5975208708483348,0.5739174376861406,71.71717171717171,41.12136417345029,0.5752014693598098,0.5739174376861406,71.71717171717171
40.24097836381883,0.582705371924436,0.5791270082606792,72.72727272727273,40.24097836381883,0.5879244423612573,0.5791270082606792,72.72727272727273,40.16436618509693,0.5885935958027781,0.5591522086932402,72.72727272727273,40.16436618509693,0.5682427157429725,0.5591522086932402,72.72727272727273
38.121058738548975,0.5837663442698946,0.5770571931913542,72.72727272727273,38.121058738548975,0.5891388441590666,0.5770571931913542,72.72727272727273,38.451460028158735,0.5897045564033649,0.5554643318492972,71.71717171717171,38.451460028158735,0.5686854873972439,0.5554643318492972,71.71717171717171
39.79437220165117,0.598357429575719,0.6020904462068627,71.71717171717171,39.79437220165117,0.6047615161223843,0.6020904462068627,71.71717171717171,39.61474222620358,0.604326890893963,0.5826408795837246,71.71717171717171,39.61474222620358,0.5852858885640388,0.5826408795837246,71.71717171717171
39.3921230718378,0.5953564615199103,0.6025490737536596,74.74747474747475,39.3921230718378,0.6001857354156912,0.6025490737536596,74.74747474747475,39.44735772889595,0.6012592205460321,0.5832346197280323,74.74747474747475,39.44735772889595,0.580744858892513,0.5832346197280323,74.74747474747475
40.931251164683246,0.5912355448964843,0.5877444271597874,73.73737373737373,40.931251164683246,0.595684340803194,0.5877444271597874,73.73737373737373,40.797709037938866,0.5972983205863354,0.568136707955023,72.72727272727273,40.797709037938866,0.5760028419226222,0.568136707955023,72.72727272727273
39.9138711148622,0.595824572906889,0.6010550551133035,74.74747474747475,39.9138711148622,0.60044191439988,0.6010550551133035,74.74747474747475,39.807294390969595,0.6019685084259722,0.5813237043182071,75.75757575757575,39.807294390969595,0.5808642522410532,0.5813237043182071,75.75757575757575
40.73672086487022,0.588393122463424,0.5895727711583836,71.71717171717171,40.73672086487022,0.5924084272955872,0.5895727711583836,71.71717171717171,41.14325560330929,0.5942753191211905,0.5717777769319012,72.72727272727273,41.14325560330929,0.5736692982384094,0.5717777769319012,72.72727272727273
39.72228542646037,0.5878327542773822,0.5806994319687913,73.73737373737373,39.72228542646037,0.5942276819355152,0.5806994319687913,73.73737373737373,39.61615155729304,0.5937462643805259,0.5603736218546694,73.73737373737373,39.61615155729304,0.5743994534747814,0.5603736218546694,73.73737373737373
38.786512808674935,0.5946834337354686,0.5971919770767328,71.71717171717171,38.786512808674935,0.597712830757263,0.5971919770767328,71.71717171717171,38.65792701798219,0.6004661698028781,0.5778984051542977,72.72727272727273,38.65792701798219,0.5786381904378596,0.5778984051542977,72.72727272727273
39.190288153951656,0.5884736497626514,0.5860232539586814,71.71717171717171,39.190288153951656,0.5929728316647926,0.5860232539586814,71.71717171717171,39.585361179706226,0.5943963100369498,0.566910746973468,72.72727272727273,39.585361179706226,0.5734181839062216,0.566910746973468,72.72727272727273
40.16076355063169,0.580272662202692,0.5735346192770625,73.73737373737373,40.16076355063169,0.5866062767817997,0.5735346192770625,73.73737373737373,40.193517931982,0.5864557057755585,0.5553313754896454,73.73737373737373,40.193517931982,0.5671580738411092,0.5553313754896454,73.73737373737373
39.8760305288705,0.5763656212198944,0.5625416710648388,72.72727272727273,39.8760305288705,0.5812212417729145,0.5625416710648388,72.72727272727273,39.816088842790684,0.5821479644840314,0.541332418764148,72.72727272727273,39.816088842790684,0.5608198829562812,0.541332418764148,72.72727272727273
39.63851935816982,0.5901377401604446,0.5930261928747116,72.72727272727273,39.63851935816982,0.5949509573542343,0.5930261928747116,72.72727272727273,39.507931518855365,0.5959626471854861,0.5755526812447695,72.72727272727273,39.507931518855365,0.576052163173294,0.5755526812447695,72.72727272727273
39.282244493267804,0.5958607272022802,0.6047543875194424,73.73737373737373,39.282244493267804,0.6005108303728146,0.6047543875194424,73.73737373737373,39.091830893589716,0.6020566541917391,0.5867471629418635,73.73737373737373,39.091830893589716,0.581401911237263,0.5867471629418635,73.73737373737373
39.29855629297473,0.575263834272635,0.5674600298571675,73.73737373737373,39.29855629297473,0.5799342009348931,0.5674600298571675,73.73737373737373,39.2662676799016,0.5810710394191549,0.549405691932735,73.73737373737373,39.2662676799016,0.5610110389476282,0.549405691932735,73.73737373737373
39.42140718395174,0.5903559845531928,0.5904174794846232,73.73737373737373,39.42140718395174,0.5953954362806655,0.5904174794846232,73.73737373737373,39.43706016706612,0.5960345205497983,0.571911044719333,73.73737373737373,39.43706016706612,0.5765312007085992,0.571911044719333,73.73737373737373
38.38410728199777,0.5882434552484876,0.5898441022900616,72.72727272727273,38.38410728199777,0.5930214804732367,0.5898441022900616,72.72727272727273,39.3414438750342,0.5942374110512119,0.5720212258595697,72.72727272727273,39.3414438750342,0.5740606861281536,0.5720212258595697,72.72727272727273
40.051999720472686,0.5861056759672222,0.5853111425953814,72.72727272727273,40.051999720472686,0.5913370137582181,0.5853111425953814,72.72727272727273,39.85874865844635,0.5920886010448121,0.5664550122492618,72.72727272727273,39.85874865844635,0.5718764946973103,0.5664550122492618,72.72727272727273
40.03493751577065,0.5984121007679826,0.606900567746663,72.72727272727273,40.03493751577065,0.6027573656713272,0.606900567746663,72.72727272727273,39.92808152648257,0.6044271669912614,0.5874139982830768,72.72727272727273,39.92808152648257,0.5834248298718623,0.5874139982830768,72.72727272727273
40.66743662377499,0.5870714738227201,0.5780562125058972,73.73737373737373,40.66743662377499,0.5916303626039029,0.5780562125058972,73.73737373737373,40.48472005810554,0.5930257924579477,0.5596520320138768,73.73737373737373,40.48472005810554,0.5720290636927331,0.5596520320138768,73.73737373737373
39.108912924503755,0.5851756448660874,0.582735706889473,72.72727272727273,39.108912924503755,0.5892973553188905,0.582735706889473,72.72727272727273,40.35643901354261,0.5912702209386116,0.5647947285603012,72.72727272727273,40.35643901354261,0.5702672805789042,0.5647947285603012,72.72727272727273
39.44440483902794,0.6041147674828578,0.6209058458734046,72.72727272727273,39.44440483902794,0.6064383806371089,0.6209058458734046,72.72727272727273,39.287475118657426,0.6103132759030907,0.6015839756694457,71.71717171717171,39.287475118657426,0.5868821005928087,0.6015839756694457,71.71717171717171
38.23973011839401,0.5872682518866845,0.5780328049994783,72.72727272727273,38.23973011839401,0.5925414955754548,0.5780328049994783,72.72727272727273,38.274664139705216,0.5931888660673793,0.5573134185099315,72.72727272727273,38.274664139705216,0.5724302070200955,0.5573134185099315,72.72727272727273
40.49768707761473,0.5996232988543826,0.6151870187979814,73.73737373737373,40.49768707761473,0.6024122929318921,0.6151870187979814,73.73737373737373,40.337604234815096,0.6057388355602163,0.5982377007590747,72.72727272727273,40.337604234815096,0.5839439936962014,0.5982377007590747,72.72727272727273
38.848174895488285,0.5908901611712336,0.5966405336844598,73.73737373737373,38.848174895488285,0.5958782966090284,0.5966405336844598,73.73737373737373,39.60393653377325,0.5970557164239696,0.5758342529757153,73.73737373737373,39.60393653377325,0.5757963986374589,0.5758342529757153,73.73737373737373
40.027430606071036,0.5919412847327832,0.5889123341980633,72.72727272727273,40.027430606071036,0.5963361775391884,0.5889123341980633,72.72727272727273,39.84697186278271,0.5976214382246375,0.5693629212789253,72.72727272727273,39.84697186278271,0.576981398544407,0.5693629212789253,72.72727272727273
38.903935282650494,0.593533232227667,0.591845113680566,73.73737373737373,38.903935282650494,0.5980899461960127,0.591845113680566,73.73737373737373,38.76782630915683,0.5995133204619288,0.5720008752770789,73.73737373737373,38.76782630915683,0.5784711696000095,0.5720008752770789,73.73737373737373
39.689869582083595,0.5915377958717061,0.5938424149775052,73.73737373737373,39.689869582083595,0.5962202894900411,0.5938424149775052,73.73737373737373,39.77224812357252,0.5974249488662109,0.5750890685563799,73.73737373737373,39.77224812357252,0.5767982659031516,0.5750890685563799,73.73737373737373
39.43717628970379,0.5824767935892086,0.5751448659823534,73.73737373737373,39.43717628970379,0.589066826174389,0.5751448659823534,73.73737373737373,39.321838698143566,0.5883729376923006,0.5551693685918315,73.73737373737373,39.321838698143566,0.5692451666186049,0.5551693685918315,73.73737373737373
40.894977908811924,0.5793136853358796,0.5726859204279409,72.72727272727273,40.894977908811924,0.5847772995862326,0.5726859204279409,72.72727272727273,41.09548399787584,0.5851928866206837,0.5538343327858479,72.72727272727273,41.09548399787584,0.5653702462491372,0.5538343327858479,72.72727272727273
40.4967516652768,0.5836227082555103,0.5677211959211166,73.73737373737373,40.4967516652768,0.5885960109195361,0.5677211959211166,73.73737373737373,40.30188144107891,0.5894746910479178,0.5459280682529859,73.73737373737373,40.30188144107891,0.5681271004219911,0.5459280682529859,73.73737373737373
40.11540545453482,0.5950214251938855,0.6001132901177351,72.72727272727273,40.11540545453482,0.5983164967926655,0.6001132901177351,72.72727272727273,39.94694056156261,0.6010301761403761,0.5816508352567911,72.72727272727273,39.94694056156261,0.5791923318258001,0.5816508352567911,72.72727272727273
40.14272164440145,0.6025161184890861,0.609112428389082,73.73737373737373,40.14272164440145,0.6044818618605391,0.609112428389082,73.73737373737373,40.13305136742766,0.6087254959480473,0.5879922040719705,72.72727272727273,40.13305136742766,0.5844507504091941,0.5879922040719705,72.72727272727273
39.69230544320298,0.5806217181049844,0.5729015063153158,73.73737373737373,39.69230544320298,0.5858789440551195,0.5729015063153158,73.73737373737373,39.75706678435098,0.5865746996158843,0.5521566076536719,73.73737373737373,39.75706678435098,0.565757947128827,0.5521566076536719,73.73737373737373
40.476336665720616,0.5933645998235247,0.5960748628648601,73.73737373737373,40.476336665720616,0.597667272308653,0.5960748628648601,73.73737373737373,40.76032634336006,0.599192004159333,0.578657915511575,73.73737373737373,40.76032634336006,0.5787821814359895,0.578657915511575,73.73737373737373
39.973137095530845,0.5855408947584664,0.5876515892436056,72.72727272727273,39.973137095530845,0.5885817483931091,0.5876515892436056,72.72727272727273,39.78017469507225,0.5916984252445587,0.5685947542987874,72.72727272727273,39.78017469507225,0.5691694249756352,0.5685947542987874,72.72727272727273
38.84483639223594,0.5827425799425174,0.5682739490655815,73.73737373737373,38.84483639223594,0.5911043920098877,0.5682739490655815,73.73737373737373,39.46871966123755,0.5881617696686234,0.5486627640236701,72.72727272727273,39.46871966123755,0.571644088761752,0.5486627640236701,72.72727272727273
41.537690645225425,0.5859120890809053,0.5788892439636896,73.73737373737373,41.537690645225425,0.5895198903241928,0.5788892439636896,73.73737373737373,41.61100854655406,0.5918563104574806,0.560688595727411,73.73737373737373,41.61100854655406,0.5702621429716276,0.560688595727411,73.73737373737373
41.01308706911166,0.5879743270080173,0.5848122070281208,73.73737373737373,41.01308706911166,0.5931023088755913,0.5848122070281208,73.73737373737373,40.851486663709366,0.5938908044754796,0.5642318343781989,73.73737373737373,40.851486663709366,0.5730808177203718,0.5642318343781989,73.73737373737373
38.89859146827776,0.5942211365286456,0.590898417432691,70.70707070707071,38.89859146827776,0.5979948680296795,0.590898417432691,70.70707070707071,38.743322823900805,0.6001542660492105,0.5701261205143562,70.70707070707071,38.743322823900805,0.5779862080499312,0.5701261205143562,70.70707070707071
40.703338494899,0.5832801411628055,0.5815235901696076,73.73737373737373,40.703338494899,0.5890809632200151,0.5815235901696076,73.73737373737373,40.53165412570829,0.5893580419811049,0.5606317931580531,72.72727272727273,40.53165412570829,0.5688494836517441,0.5606317931580531,72.72727272727273
39.859922043599084,0.5952424348104245,0.6040964712988606,72.72727272727273,39.859922043599084,0.5987759227923968,0.6040964712988606,72.72727272727273,39.667374861712524,0.6016079069083697,0.5858552374781676,72.72727272727273,39.667374861712524,0.5794821010717185,0.5858552374781676,72.72727272727273
37.81942359520609,0.5938129484825119,0.5985577399506461,71.71717171717171,37.81942359520609,0.5976344645013707,0.5985577399506461,71.71717171717171,38.41117041998901,0.599680563049489,0.579537863389592,70.70707070707071,38.41117041998901,0.5786234524118399,0.579537863389592,70.70707070707071
38.96352410427348,0.5924944253957065,0.5948979548869755,70.70707070707071,38.96352410427348,0.5976304794206295,0.5948979548869755,70.70707070707071,39.18275750341351,0.5980926071574075,0.5781303439532036,70.70707070707071,39.18275750341351,0.5792284986131959,0.5781303439532036,70.70707070707071
40.62667091257843,0.5829225323914621,0.5805778696895967,72.72727272727273,40.62667091257843,0.5880956466882599,0.5805778696895967,72.72727272727273,40.49381571306393,0.5886548240028728,0.5611404347653874,72.72727272727273,40.49381571306393,0.5685963929650256,0.5611404347653874,72.72727272727273
39.51123175201434,0.5867564674164398,0.5879090889255749,74.74747474747475,39.51123175201434,0.5925253038269978,0.5879090889255749,74.74747474747475,39.76754915805787,0.5929597276431945,0.5688643280357597,73.73737373737373,39.76754915805787,0.5730169441431734,0.5688643280357597,73.73737373737373
40.853432739113636,0.5912261495794536,0.5906510890448728,74.74747474747475,40.853432739113636,0.596568697398346,0.5906510890448728,74.74747474747475,40.744700590616276,0.5971286528808695,0.5719004767001438,73.73737373737373,40.744700590616276,0.5773395688885707,0.5719004767001438,73.73737373737373
40.30697335687292,0.5878050630526911,0.5853320223910403,73.73737373737373,40.30697335687292,0.5923862513264936,0.5853320223910403,73.73737373737373,40.71036269420699,0.5935491346984869,0.5686807852982617,73.73737373737373,40.71036269420699,0.573854461456138,0.5686807852982617,73.73737373737373
39.47672882393781,0.6083833703443988,0.6185069972774768,74.74747474747475,39.47672882393781,0.6101859722671252,0.6185069972774768,74.74747474747475,39.87395466437628,0.6145320029618742,0.5966270687627049,74.74747474747475,39.87395466437628,0.5899919098136066,0.5966270687627049,74.74747474747475
38.87679977798966,0.5999370117961054,0.6052059509640929,71.71717171717171,38.87679977798966,0.6029404366518902,0.6052059509640929,71.71717171717171,38.93472093952295,0.605613692211796,0.5873172363602933,71.71717171717171,38.93472093952295,0.5845150646063084,0.5873172363602933,71.71717171717171
40.107759242423114,0.5977041648770127,0.6058839765223936,72.72727272727273,40.107759242423114,0.6017429767584648,0.6058839765223936,72.72727272727273,39.97608735177375,0.6042131440140478,0.5852725879436478,71.71717171717171,39.97608735177375,0.581660737211154,0.5852725879436478,71.71717171717171
40.22245501353772,0.5803975727480093,0.5756558607257396,73.73737373737373,40.22245501353772,0.5863892522451718,0.5756558607257396,73.73737373737373,40.067367175201376,0.5864429307801202,0.5563657938873321,72.72727272727273,40.067367175201376,0.5665702279896107,0.5563657938873321,72.72727272727273
40.13845433441791,0.5794123770524588,0.5741636628508878,71.71717171717171,40.13845433441791,0.5839024872928902,0.5741636628508878,71.71717171717171,39.957602017988656,0.5850974653369844,0.5558422807414618,71.71717171717171,39.957602017988656,0.5649015213912394,0.5558422807414618,71.71717171717171
39.924913895065075,0.6016758841190293,0.6070796620786949,74.74747474747475,39.924913895065075,0.6056477191706618,0.6070796620786949,74.74747474747475,40.01818868280667,0.6078965241170635,0.5875091797372716,74.74747474747475,40.01818868280667,0.5858735506661347,0.5875091797372716,74.74747474747475
39.32238532036267,0.588855993965916,0.5835990679799792,73.73737373737373,39.32238532036267,0.5930081822444104,0.5835990679799792,73.73737373737373,39.18722395351926,0.5946918337062372,0.5649044724786607,73.73737373737373,39.18722395351926,0.5738620651685992,0.5649044724786607,73.73737373737373
40.50340977814217,0.5838831210423603,0.5829950184793637,73.73737373737373,40.50340977814217,0.5872055981557918,0.5829950184793637,73.73737373737373,40.63345129381115,0.5899110919634196,0.5626885477769807,73.73737373737373,40.63345129381115,0.5672269166997328,0.5626885477769807,73.73737373737373
39.730608094091814,0.5925259144214736,0.5974971226526843,73.73737373737373,39.730608094091814,0.596514248235646,0.5974971226526843,73.73737373737373,40.093171112227196,0.5984713606429443,0.576528912727203,72.72727272727273,40.093171112227196,0.5767048340103675,0.576528912727203,72.72727272727273
40.242496198045366,0.5910114213837561,0.5950599752430001,72.72727272727273,40.242496198045366,0.5960208706885077,0.5950599752430001,72.72727272727273,40.08317093447044,0.597246199376364,0.5742816718214975,72.72727272727273,40.08317093447044,0.5757003422506444,0.5742816718214975,72.72727272727273
40.380254181729505,0.5802961566304271,0.5726329637007608,73.73737373737373,40.380254181729505,0.5857566623294581,0.5726329637007608,73.73737373737373,40.272604129107336,0.586430866533775,0.5525514654652943,72.72727272727273,40.272604129107336,0.5657082863403462,0.5525514654652943,72.72727272727273
39.2184074891254,0.5996180746908755,0.6039036183428441,74.74747474747475,39.2184074891254,0.604047696146488,0.6039036183428441,74.74747474747475,39.19007753718567,0.6056465580855506,0.5852743801200216,73.73737373737373,39.19007753718567,0.5849348453224258,0.5852743801200216,73.73737373737373
38.989262821758786,0.5832480955534262,0.5797311156209957,72.72727272727273,38.989262821758786,0.5878068750258904,0.5797311156209957,72.72727272727273,38.88483374509488,0.5890308791411779,0.5597889033405579,72.72727272727273,38.88483374509488,0.5681956200954588,0.5597889033405579,72.72727272727273
38.95701268187259,0.5937499558643007,0.5937222770968467,73.73737373737373,38.95701268187259,0.5971258498602148,0.5937222770968467,73.73737373737373,38.85265898680108,0.5996129595997682,0.5770737909824593,73.73737373737373,38.85265898680108,0.5786332985120841,0.5770737909824593,73.73737373737373
40.18805363985436,0.5832655204621054,0.5730978728973455,73.73737373737373,40.18805363985436,0.5902166056957633,0.5730978728973455,73.73737373737373,40.00702575409419,0.5893912601373373,0.5544457678104479,73.73737373737373,40.00702575409419,0.5706189661046241,0.5544457678104479,73.73737373737373
40.17570727362917,0.6039769087063414,0.6156252726562012,72.72727272727273,40.17570727362917,0.6057597504690736,0.6156252726562012,72.72727272727273,39.9947230760889,0.6099931736009334,0.5978513367246039,72.72727272727273,39.9947230760889,0.5871114830505133,0.5978513367246039,72.72727272727273
39.634222170362975,0.5870422257594349,0.5910368279002078,73.73737373737373,39.634222170362975,0.5914317505860736,0.5910368279002078,73.73737373737373,39.4660509198672,0.5929978209104925,0.5725080210812585,73.73737373737373,39.4660509198672,0.5719454175041909,0.5725080210812585,73.73737373737373
39.55088399009223,0.5915436650653778,0.5974288979302147,74.74747474747475,39.55088399009223,0.5944165372295049,0.5974288979302147,74.74747474747475,39.382989575633054,0.597729211379737,0.5796933640978158,74.74747474747475,39.382989575633054,0.5755223493865217,0.5796933640978158,74.74747474747475
39.71139002260284,0.5928306040965159,0.5941068230504056,75.75757575757575,39.71139002260284,0.5972991249278417,0.5941068230504056,75.75757575757575,39.594308583756835,0.598549537223344,0.5757309336860554,75.75757575757575,39.594308583756835,0.5782047760015276,0.5757309336860554,75.75757575757575
41.91108902127054,0.5900320113197222,0.5871078525750155,73.73737373737373,41.91108902127054,0.5935111789413848,0.5871078525750155,73.73737373737373,41.9517354743555,0.5961892915941496,0.5693545837182296,73.73737373737373,41.9517354743555,0.57433378033605,0.5693545837182296,73.73737373737373
40.00559625417215,0.5651579449213929,0.5414692484108232,73.73737373737373,40.00559625417215,0.5715548215189308,0.5414692484108232,73.73737373737373,40.12973259963891,0.5706569316984857,0.5207793931681958,73.73737373737373,40.12973259963891,0.5512716021307631,0.5207793931681958,73.73737373737373
40.59101222102832,0.5762701709474289,0.5661113524751732,71.71717171717171,40.59101222102832,0.5798283061874012,0.5661113524751732,71.71717171717171,40.99648394094358,0.5821599809878701,0.5460241469201064,72.72727272727273,40.99648394094358,0.5600345643156743,0.5460241469201064,72.72727272727273
38.589172176504796,0.595063275288499,0.5977547653109868,73.73737373737373,38.589172176504796,0.596785318358849,0.5977547653109868,73.73737373737373,38.64672088714056,0.6011597404423097,0.5789851888813358,73.73737373737373,38.64672088714056,0.5773843030167758,0.5789851888813358,73.73737373737373
38.725202069451505,0.6004400808659842,0.6033478978482321,73.73737373737373,38.725202069451505,0.6042347385878328,0.6033478978482321,73.73737373737373,38.54941881462703,0.6061880267495361,0.5854088478289108,73.73737373737373,38.54941881462703,0.5855059902137083,0.5854088478289108,73.73737373737373
38.024691818329174,0.5848259968056189,0.5799133184295135,72.72727272727273,38.024691818329174,0.5905890091730779,0.5799133184295135,72.72727272727273,37.91210352789338,0.5905520951320888,0.5618051212835657,71.71717171717171,37.91210352789338,0.5715470177241093,0.5618051212835657,71.71717171717171
39.71337175864391,0.5876916925139704,0.5861113074481161,71.71717171717171,39.71337175864391,0.5916328447651721,0.5861113074481161,71.71717171717171,39.68080777155506,0.5937883713788494,0.5664459229578234,72.72727272727273,39.68080777155506,0.5721391967917258,0.5664459229578234,72.72727272727273
40.579937429141054,0.612367310164896,0.6277076256610543,73.73737373737373,40.579937429141054,0.613604202869845,0.6277076256610543,73.73737373737373,40.724156078323595,0.6184743450646379,0.6093350743615968,73.73737373737373,40.724156078323595,0.5945961033092414,0.6093350743615968,73.73737373737373
40.4546650744511,0.5844186486037988,0.5801931019648671,75.75757575757575,40.4546650744511,0.5917242098594714,0.5801931019648671,75.75757575757575,41.16796881141836,0.5905017980498195,0.5601588348546866,74.74747474747475,41.16796881141836,0.5718267441939907,0.5601588348546866,74.74747474747475
39.039579636719466,0.5775424931451193,0.569368132187311,72.72727272727273,39.039579636719466,0.5826546286272186,0.569368132187311,72.72727272727273,39.27467912923783,0.5834739086544141,0.5495783548297951,72.72727272727273,39.27467912923783,0.5629140496450062,0.5495783548297951,72.72727272727273
39.92883891575853,0.5920565809939482,0.5935458945526699,74.74747474747475,39.92883891575853,0.5970977428565964,0.5935458945526699,74.74747474747475,39.82222764100083,0.5979512014390307,0.5750579068559771,74.74747474747475,39.82222764100083,0.5781199997174938,0.5750579068559771,74.74747474747475
41.26893365613742,0.6005130558926202,0.6015256515126994,73.73737373737373,41.26893365613742,0.6046874788982533,0.6015256515126994,73.73737373737373,41.14778256671971,0.6064688161163734,0.5825705193138646,72.72727272727273,41.14778256671971,0.5853340752321166,0.5825705193138646,72.72727272727273
40.05278734342911,0.5809432470394158,0.5687052612794297,74.74747474747475,40.05278734342911,0.5868497627954765,0.5687052612794297,74.74747474747475,40.089450539532834,0.5865377727851024,0.5489440362360176,74.74747474747475,40.089450539532834,0.5671616966513372,0.5489440362360176,74.74747474747475
39.191701532144094,0.5914362515236034,0.5937017860114587,71.71717171717171,39.191701532144094,0.5960679271823577,0.5937017860114587,71.71717171717171,39.29911516086126,0.5973472130392533,0.5724625591912531,71.71717171717171,39.29911516086126,0.5760027667884289,0.5724625591912531,71.71717171717171
40.45162050375177,0.6009996171987565,0.6072559093102644,74.74747474747475,40.45162050375177,0.6049970126767206,0.6072559093102644,74.74747474747475,40.313311626523976,0.6071829317508217,0.5863067268285544,74.74747474747475,40.313311626523976,0.5848608549900725,0.5863067268285544,74.74747474747475
41.19451690485083,0.5801007363787809,0.5729104694009937,73.73737373737373,41.19451690485083,0.5870775939445431,0.5729104694009937,73.73737373737373,41.06038559878844,0.5858208583740139,0.5549816814329269,73.73737373737373,41.06038559878844,0.5678837653962455,0.5549816814329269,73.73737373737373
40.37564826606979,0.5944161558115906,0.600705600167404,72.72727272727273,40.37564826606979,0.5979403648221595,0.600705600167404,72.72727272727273,40.435487103514056,0.6005527336607135,0.5818557119737315,72.72727272727273,40.435487103514056,0.5786116742225778,0.5818557119737315,72.72727272727273
40.52125792558421,0.5901404797196868,0.5882216913656091,72.72727272727273,40.52125792558421,0.5958897997470176,0.5882216913656091,72.72727272727273,40.41328469095915,0.5959441094128939,0.569706138987719,72.72727272727273,40.41328469095915,0.576819642297686,0.569706138987719,72.72727272727273
40.470819320400444,0.5799193267907945,0.5656063074326367,73.73737373737373,40.470819320400444,0.5850749282167216,0.5656063074326367,73.73737373737373,40.36296162090982,0.5856365875917009,0.5465420632063266,73.73737373737373,40.36296162090982,0.5656543949238027,0.5465420632063266,73.73737373737373
39.40930407986689,0.5903179744093235,0.5844171641128938,74.74747474747475,39.40930407986689,0.5946581941106011,0.5844171641128938,74.74747474747475,39.27181817340421,0.5958750189186794,0.5651504685570545,74.74747474747475,39.27181817340421,0.5753304379378901,0.5651504685570545,74.74747474747475
39.21204805430286,0.5847085945793637,0.5767744022983062,72.72727272727273,39.21204805430286,0.5893239595591037,0.5767744022983062,72.72727272727273,39.125241968107346,0.5904460287130608,0.5579631794479354,71.71717171717171,39.125241968107346,0.5699331087218742,0.5579631794479354,71.71717171717171
40.145920580338355,0.5853375976304214,0.5777255261343086,74.74747474747475,40.145920580338355,0.590884387603871,0.5777255261343086,74.74747474747475,39.976058997233906,0.5911504384224123,0.5577545892507982,74.74747474747475,39.976058997233906,0.5711016793792707,0.5577545892507982,74.74747474747475
38.54276832464472,0.5973855282468541,0.6012849302934313,72.72727272727273,38.54276832464472,0.6010266177074122,0.6012849302934313,72.72727272727273,38.388592445857796,0.6032904684996037,0.5836717082267822,72.72727272727273,38.388592445857796,0.581946046295704,0.5836717082267822,72.72727272727273
38.89836443310934,0.5896246603635441,0.594879106197048,74.74747474747475,38.89836443310934,0.5954086911008454,0.594879106197048,74.74747474747475,39.41002276305792,0.5957112062714801,0.5773950541008359,74.74747474747475,39.41002276305792,0.5763830691060814,0.5773950541008359,74.74747474747475
39.98789915328247,0.5811388638744232,0.5736646426431744,70.70707070707071,39.98789915328247,0.5862828654555008,0.5736646426431744,70.70707070707071,39.921374449657144,0.586885244067424,0.5550980305354198,70.70707070707071,39.921374449657144,0.5669621393173447,0.5550980305354198,70.70707070707071
39.41052274523289,0.5875174738667406,0.5849068068182214,73.73737373737373,39.41052274523289,0.5916528078593835,0.5849068068182214,73.73737373737373,39.73551480851838,0.5933520271164866,0.5663103219464254,73.73737373737373,39.73551480851838,0.5722448685562482,0.5663103219464254,73.73737373737373
37.639595287041516,0.5940368984167945,0.5973905757444855,72.72727272727273,37.639595287041516,0.5975521435163251,0.5973905757444855,72.72727272727273,38.04782918682189,0.6002032003314073,0.5778684869790999,71.71717171717171,38.04782918682189,0.5778731981323186,0.5778684869790999,71.71717171717171
38.62928495334077,0.5811143975089554,0.5769275428846643,73.73737373737373,38.62928495334077,0.5854015901791317,0.5769275428846643,73.73737373737373,38.96032891852496,0.5868930505432466,0.55626772153972,73.73737373737373,38.96032891852496,0.5654205773050518,0.55626772153972,73.73737373737373
40.13400421826352,0.5811353174644324,0.5751183613989745,71.71717171717171,40.13400421826352,0.5858076749109811,0.5751183613989745,71.71717171717171,40.31230936740439,0.587292323857017,0.5542190666343536,71.71717171717171,40.31230936740439,0.5654646962111818,0.5542190666343536,71.71717171717171
39.645322825233144,0.5946397812316268,0.594611625406007,73.73737373737373,39.645322825233144,0.5996647861466978,0.594611625406007,73.73737373737373,39.70423213802721,0.6003799103867125,0.5765647031210035,73.73737373737373,39.70423213802721,0.5808834827095197,0.5765647031210035,73.73737373737373
39.2687949494269,0.5819124528618314,0.57345608473646,72.72727272727273,39.2687949494269,0.5883446951448363,0.57345608473646,72.72727272727273,39.17553978388947,0.587643265811155,0.5554846199383444,72.72727272727273,39.17553978388947,0.5694790051156733,0.5554846199383444,72.72727272727273
39.913684291466225,0.5921345108184185,0.5943679598125793,71.71717171717171,39.913684291466225,0.5964213849029445,0.5943679598125793,71.71717171717171,40.00564131899728,0.598164449861351,0.5772156534485501,71.71717171717171,40.00564131899728,0.5777808487430576,0.5772156534485501,71.71717171717171
39.53117184553692,0.58855504314971,0.5822488787874311,72.72727272727273,39.53117184553692,0.5931610432005158,0.5822488787874311,72.72727272727273,39.70602474854804,0.5944142024263015,0.5632675704792246,72.72727272727273,39.70602474854804,0.5738281334581603,0.5632675704792246,72.72727272727273
40.7401076210689,0.5918468807623964,0.5952335262675059,73.73737373737373,40.7401076210689,0.5956966755142649,0.5952335262675059,73.73737373737373,40.80040683770165,0.5978846309510677,0.5755677403021328,73.73737373737373,40.80040683770165,0.5759851761578012,0.5755677403021328,73.73737373737373
39.32975040808777,0.5912001576163928,0.5913802473860473,73.73737373737373,39.32975040808777,0.59463315407455,0.5913802473860473,73.73737373737373,39.2245274126541,0.5971222898368109,0.5735220792380473,73.73737373737373,39.2245274126541,0.5756679245461634,0.5735220792380473,73.73737373737373
40.17422173340756,0.5857910457957947,0.5862966718483542,71.71717171717171,40.17422173340756,0.5914678902062329,0.5862966718483542,71.71717171717171,40.05592296226408,0.5918145532885561,0.5671618684767543,70.70707070707071,40.05592296226408,0.5719058812893736,0.5671618684767543,70.70707070707071
39.50070261354555,0.5805922448431019,0.5704819994110006,72.72727272727273,39.50070261354555,0.5880983038291767,0.5704819994110006,72.72727272727273,39.57315746633644,0.586394304604061,0.5504612992978899,72.72727272727273,39.57315746633644,0.5683287424040993,0.5504612992978899,72.72727272727273
39.93952130825122,0.5728586305280686,0.5490653817188822,72.72727272727273,39.93952130825122,0.581617786893103,0.5490653817188822,72.72727272727273,39.81847928351186,0.5786283023109161,0.5274852179094409,72.72727272727273,39.81847928351186,0.5608333183300982,0.5274852179094409,72.72727272727273
39.27274336464927,0.5960428715239932,0.6024279775621526,73.73737373737373,39.27274336464927,0.5990109634944473,0.6024279775621526,73.73737373737373,39.8813635593805,0.6021029223789454,0.5835615022551766,73.73737373737373,39.8813635593805,0.579440707043241,0.5835615022551766,73.73737373737373
39.37754098777555,0.5794752963878023,0.5755523891514511,73.73737373737373,39.37754098777555,0.5844309847032916,0.5755523891514511,73.73737373737373,39.272206842252835,0.5856660402019006,0.5560561871016478,73.73737373737373,39.272206842252835,0.5645812811471029,0.5560561871016478,73.73737373737373
39.28209742251928,0.5918003542372663,0.5874517798828018,72.72727272727273,39.28209742251928,0.5949755638186245,0.5874517798828018,72.72727272727273,39.09168436920073,0.5975875637861398,0.569421155043685,72.72727272727273,39.09168436920073,0.5757639854433735,0.569421155043685,72.72727272727273
40.9570938449212,0.5939761564726351,0.5969348556656094,73.73737373737373,40.9570938449212,0.5994721960355222,0.5969348556656094,73.73737373737373,40.81550600844698,0.6002463212860625,0.5747126244402679,73.73737373737373,40.81550600844698,0.5787401184948225,0.5747126244402679,73.73737373737373
40.08145412239732,0.5868387291011485,0.580715471358987,73.73737373737373,40.08145412239732,0.591848185423207,0.580715471358987,73.73737373737373,39.92438018073634,0.5926999214261974,0.5617297315028538,72.72727272727273,39.92438018073634,0.5723383608630579,0.5617297315028538,72.72727272727273
40.066422794945034,0.5792688780742717,0.5754430733935403,73.73737373737373,40.066422794945034,0.5845930363174892,0.5754430733935403,73.73737373737373,40.08678020943343,0.5850867580323986,0.5554571895467233,71.71717171717171,40.08678020943343,0.5647371705090516,0.5554571895467233,71.71717171717171
40.87096481715238,0.6026367346644211,0.614468259661908,72.72727272727273,40.87096481715238,0.6044578078493517,0.614468259661908,72.72727272727273,40.75084625082746,0.6090543249171557,0.5946444830336334,72.72727272727273,40.75084625082746,0.584552499227581,0.5946444830336334,72.72727272727273
39.638037370805755,0.5764352403289287,0.5658322047349035,69.6969696969697,39.638037370805755,0.582569134485532,0.5658322047349035,69.6969696969697,39.54125255863013,0.5821563496065285,0.5482543670922224,69.6969696969697,39.54125255863013,0.5634701620445746,0.5482543670922224,69.6969696969697
40.55400261172657,0.5818976504290315,0.5714731893125267,73.73737373737373,40.55400261172657,0.5878506821103129,0.5714731893125267,73.73737373737373,40.85813514832808,0.5878185433797558,0.5520773998143051,73.73737373737373,40.85813514832808,0.5681329794071696,0.5520773998143051,73.73737373737373
38.416119456725674,0.5778465652377849,0.5689699280476925,73.73737373737373,38.416119456725674,0.5824186019626635,0.5689699280476925,73.73737373737373,38.241461827885935,0.5838906039356313,0.548409198593119,72.72727272727273,38.241461827885935,0.562287675098577,0.548409198593119,72.72727272727273
38.704690927393436,0.6011373272976575,0.6108174878705404,72.72727272727273,38.704690927393436,0.6040180954269497,0.6108174878705404,72.72727272727273,38.56912843871638,0.6071308328711598,0.5913592416222377,72.72727272727273,38.56912843871638,0.5845384737236357,0.5913592416222377,72.72727272727273
40.56522765502175,0.5659778607360155,0.5422302726608632,72.72727272727273,40.56522765502175,0.5721018397593736,0.5422302726608632,72.72727272727273,40.45715376717531,0.5716827196656574,0.5228118220322912,72.72727272727273,40.45715376717531,0.5523539624770535,0.5228118220322912,72.72727272727273
39.5107389892746,0.5855967848191099,0.5828836271483784,71.71717171717171,39.5107389892746,0.5897756273379402,0.5828836271483784,71.71717171717171,39.394187394871125,0.5913865441775225,0.5653991832613574,71.71717171717171,39.394187394871125,0.5711409871120858,0.5653991832613574,71.71717171717171
40.69124605819767,0.5802758114171956,0.5775656584485758,72.72727272727273,40.69124605819767,0.5860772249308677,0.5775656584485758,72.72727272727273,41.097449415412626,0.5861746315205739,0.5598150618070842,71.71717171717171,41.097449415412626,0.566795589042463,0.5598150618070842,71.71717171717171
40.240673887560675,0.5861371241369341,0.5758634743540239,73.73737373737373,40.240673887560675,0.5907626771729069,0.5758634743540239,73.73737373737373,40.0813540485206,0.592071299185611,0.5567267050432393,73.73737373737373,40.0813540485206,0.5710018822907262,0.5567267050432393,73.73737373737373
38.87516057557826,0.6015520719122978,0.6070552382040231,72.72727272727273,38.87516057557826,0.606344332189577,0.6070552382040231,72.72727272727273,38.888900559512905,0.6072891945325778,0.5891268934333516,72.72727272727273,38.888900559512905,0.5877058214475439,0.5891268934333516,72.72727272727273
39.72876095695928,0.5952967651596768,0.5977458944560723,72.72727272727273,39.72876095695928,0.5993126793036676,0.5977458944560723,72.72727272727273,39.89292209434643,0.6011639452244137,0.5803097605807028,72.72727272727273,39.89292209434643,0.5804339169833599,0.5803097605807028,72.72727272727273
39.7943836316512,0.5873495464674132,0.5882964001511715,73.73737373737373,39.7943836316512,0.5915920995668382,0.5882964001511715,73.73737373737373,39.688082973378,0.5935168861441651,0.5694671407155594,72.72727272727273,39.688082973378,0.5721670336827153,0.5694671407155594,72.72727272727273
39.645127273164846,0.5879782121184941,0.5887344370568914,72.72727272727273,39.645127273164846,0.5916554581574209,0.5887344370568914,72.72727272727273,39.476919829495536,0.5939865942352528,0.5697940116648601,70.70707070707071,39.476919829495536,0.5722877782252935,0.5697940116648601,70.70707070707071
38.482483135242816,0.5744907083772213,0.5555346492013273,75.75757575757575,38.482483135242816,0.5795805458088339,0.5555346492013273,75.75757575757575,38.517938904430096,0.5799849059221591,0.5361026950737644,75.75757575757575,38.517938904430096,0.5601329224197324,0.5361026950737644,75.75757575757575
40.01763709275341,0.5713870649734152,0.5509510599036409,74.74747474747475,40.01763709275341,0.5799805800158777,0.5509510599036409,74.74747474747475,39.858982744399874,0.5767594983859812,0.531693307240453,74.74747474747475,39.858982744399874,0.5604859751980822,0.531693307240453,74.74747474747475
41.23860673841273,0.5792869748475209,0.5722639095634114,73.73737373737373,41.23860673841273,0.5849034655849129,0.5722639095634114,73.73737373737373,41.12899888034078,0.5853439078422049,0.5527107350039698,73.73737373737373,41.12899888034078,0.565004093277347,0.5527107350039698,73.73737373737373
39.87328971718247,0.575109425117196,0.5686024658531886,72.72727272727273,39.87328971718247,0.5815355943108997,0.5686024658531886,72.72727272727273,39.85210435827382,0.5809441421353541,0.5501560490521764,72.72727272727273,39.85210435827382,0.5623087856631312,0.5501560490521764,72.72727272727273
38.89618674718582,0.5992981113556267,0.6050575385369927,71.71717171717171,38.89618674718582,0.6022793457336177,0.6050575385369927,71.71717171717171,38.71978340529535,0.6051644748697396,0.5850946831484585,71.71717171717171,38.71978340529535,0.5827222462971966,0.5850946831484585,71.71717171717171
38.79221846961571,0.5966956689419503,0.6036472128820283,72.72727272727273,38.79221846961571,0.6001034593079364,0.6036472128820283,72.72727272727273,38.68825046019466,0.6029352894341309,0.5834285696339702,72.72727272727273,38.68825046019466,0.5802993468002462,0.5834285696339702,72.72727272727273
39.05851458938688,0.5861393755126902,0.5904553741529485,73.73737373737373,39.05851458938688,0.5899685768483763,0.5904553741529485,73.73737373737373,39.67228412020032,0.5923045494608676,0.575277273906313,72.72727272727273,39.67228412020032,0.5715669228306264,0.575277273906313,72.72727272727273
39.072079221108105,0.5842798422924877,0.5773731014319173,71.71717171717171,39.072079221108105,0.5902973207718507,0.5773731014319173,71.71717171717171,38.93551065604841,0.5900433150906454,0.5576201464776942,71.71717171717171,38.93551065604841,0.570353303164598,0.5576201464776942,71.71717171717171
39.753332864007476,0.5857040336148983,0.5839730364539719,73.73737373737373,39.753332864007476,0.5902641569219513,0.5839730364539719,73.73737373737373,39.909469673084864,0.5916812679700232,0.5652937645910598,73.73737373737373,39.909469673084864,0.5708238041413718,0.5652937645910598,73.73737373737373
39.89219721340574,0.5824917935851687,0.5730361504765167,73.73737373737373,39.89219721340574,0.588299899937099,0.5730361504765167,73.73737373737373,39.71221894052002,0.5883235852051986,0.5532041889996939,72.72727272727273,39.71221894052002,0.5684219811810678,0.5532041889996939,72.72727272727273
40.04678744868577,0.5697610874172068,0.5548074491996907,71.71717171717171,40.04678744868577,0.5773786517536946,0.5548074491996907,71.71717171717171,39.93990414926634,0.5754551739674608,0.5367660823472816,71.71717171717171,39.93990414926634,0.5582903972601312,0.5367660823472816,71.71717171717171
39.642551670500325,0.5876261495978661,0.5878881746991527,71.71717171717171,39.642551670500325,0.5933639156947825,0.5878881746991527,71.71717171717171,39.70672476921432,0.5933639956934198,0.5691157085559193,72.72727272727273,39.70672476921432,0.5745253446561629,0.5691157085559193,72.72727272727273
39.61631197573588,0.5867138832500489,0.586501790276905,72.72727272727273,39.61631197573588,0.5899894774151351,0.586501790276905,72.72727272727273,40.014582000915844,0.593086911297026,0.5667619520119286,72.72727272727273,40.014582000915844,0.5699536339564104,0.5667619520119286,72.72727272727273
40.32652399504488,0.5871466067247628,0.5809925090701276,71.71717171717171,40.32652399504488,0.5911043122843108,0.5809925090701276,71.71717171717171,40.21899725432165,0.5931130507441187,0.5605245033393272,71.71717171717171,40.21899725432165,0.5711443474903602,0.5605245033393272,71.71717171717171
39.96370213755207,0.5745399277238621,0.5618042549679728,72.72727272727273,39.96370213755207,0.5824080780796621,0.5618042549679728,72.72727272727273,39.883956900994086,0.5804062074892276,0.5403115966547551,72.72727272727273,39.883956900994086,0.5619349668314779,0.5403115966547551,72.72727272727273
38.53923924512544,0.5901068110776879,0.5852216405472196,72.72727272727273,38.53923924512544,0.5955851055961356,0.5852216405472196,72.72727272727273,38.43586491932105,0.596008685038243,0.5639962056804203,72.72727272727273,38.43586491932105,0.5754462597099018,0.5639962056804203,72.72727272727273
40.334975565720214,0.5874257695913503,0.5853691429134484,73.73737373737373,40.334975565720214,0.593109235948466,0.5853691429134484,73.73737373737373,40.48169208639941,0.5933485878260858,0.5649052540857953,73.73737373737373,40.48169208639941,0.5731081908670066,0.5649052540857953,73.73737373737373
39.17989270450983,0.5868031828785437,0.5913564792120556,73.73737373737373,39.17989270450983,0.5919594994494874,0.5913564792120556,73.73737373737373,39.02376567567434,0.5928004415105655,0.5728863080212951,73.73737373737373,39.02376567567434,0.5727825115267965,0.5728863080212951,73.73737373737373
39.57416535722589,0.6021204517217913,0.6117803233833814,72.72727272727273,39.57416535722589,0.6042368780960994,0.6117803233833814,72.72727272727273,39.41684344951919,0.6081374845236973,0.593912369603354,72.72727272727273,39.41684344951919,0.5854394446126361,0.593912369603354,72.72727272727273
39.09896632390755,0.5987179537463323,0.6060374575524476,73.73737373737373,39.09896632390755,0.6019878546196,0.6060374575524476,73.73737373737373,38.90923484092008,0.6048072020358929,0.5891104089785244,72.72727272727273,38.90923484092008,0.5831190498271648,0.5891104089785244,72.72727272727273
39.92198064169779,0.5884042109933685,0.5872536445091121,73.73737373737373,39.92198064169779,0.5941899762839483,0.5872536445091121,73.73737373737373,39.72920573946694,0.5942794069098847,0.5688266287791206,73.73737373737373,39.72920573946694,0.5747573207468817,0.5688266287791206,73.73737373737373
39.256696754946454,0.5918476765563672,0.5904133742966493,72.72727272727273,39.256696754946454,0.5957836317756111,0.5904133742966493,72.72727272727273,39.28554283330568,0.5977743125922356,0.5709283241281887,72.72727272727273,39.28554283330568,0.576212735550701,0.5709283241281887,72.72727272727273
39.92214978918383,0.5850424177717466,0.5795522412972438,73.73737373737373,39.92214978918383,0.5897639552240561,0.5795522412972438,73.73737373737373,39.782455415053356,0.5907612962555756,0.5604336294246897,73.73737373737373,39.782455415053356,0.5705346666251427,0.5604336294246897,73.73737373737373
39.47029795746292,0.5903506978309557,0.5909435541868935,72.72727272727273,39.47029795746292,0.5955594041849483,0.5909435541868935,72.72727272727273,39.37340059739173,0.5962709102426202,0.5706555214257951,72.72727272727273,39.37340059739173,0.5757112967270075,0.5706555214257951,72.72727272727273
39.336952050338716,0.5854716133311946,0.5803696678106158,74.74747474747475,39.336952050338716,0.590546291425377,0.5803696678106158,74.74747474747475,39.45302415845019,0.5911444050697191,0.561524731733362,73.73737373737373,39.45302415845019,0.5714743785326997,0.561524731733362,73.73737373737373
41.09640703309897,0.5913822677864862,0.595284236801408,71.71717171717171,41.09640703309897,0.5969179501343407,0.595284236801408,71.71717171717171,40.91219204603933,0.5970507784472143,0.5772631651125921,71.71717171717171,40.91219204603933,0.5783162269786983,0.5772631651125921,71.71717171717171
39.841375355204825,0.5975027241878945,0.6037743097248987,73.73737373737373,39.841375355204825,0.5992167114945361,0.6037743097248987,73.73737373737373,39.73496607417537,0.6035044911551469,0.5848177346510408,73.73737373737373,39.73496607417537,0.5798227403156107,0.5848177346510408,73.73737373737373
39.07585073752027,0.5928206576150006,0.5884008833194025,73.73737373737373,39.07585073752027,0.5955787650355178,0.5884008833194025,73.73737373737373,39.11176608961801,0.5983882102471748,0.5686648356314853,72.72727272727273,39.11176608961801,0.5763093924843309,0.5686648356314853,72.72727272727273
40.54715495892023,0.5911863052228237,0.5883958254525341,72.72727272727273,40.54715495892023,0.5956141152762574,0.5883958254525341,72.72727272727273,40.38692573511107,0.5967725899150274,0.5689528104915964,72.72727272727273,40.38692573511107,0.5765116513210629,0.5689528104915964,72.72727272727273
39.86759569662994,0.5881051477409796,0.5818087007404574,73.73737373737373,39.86759569662994,0.5925023641374629,0.5818087007404574,73.73737373737373,39.949050576441024,0.5937990749867574,0.5614062247918056,73.73737373737373,39.949050576441024,0.5727992472417143,0.5614062247918056,73.73737373737373
