Date,NVDA,AAPL,AMZN,GOOGL,GOOG,AVGO,TSLA,MU,LLY,WMT,JPM,AMD,UNH,ORCL,XOM,JNJ,BAC,ABBV,CVX,KO,MRK,PEP,TMO,LIN,GE,IBM,RTX,QCOM,TXN,CSCO,AMAT,GS,CAT,BLK,MS,AXP,LRCX,PLD,VRTX,ADI,DE,REGN,CB,KLAC,SCHW,C,MO,EOG,TJX,SO,WFC,SBUX,ETN,NOC,ITW,ELV,PNC,COP,APH,PANW,SNPS,CDNS,FTNT,MRVL,HPE,NEE,USB,TFC,MET,PRU,DUK,D,APD,FCX,NEM,VZ,AMGN,GILD,HUM,CVS,BMY,BDX,PPG,NUE,STLD,VMC,MLM,PWR,ODFL,CSX,UNP,NSC,FDX,UPS,LMT,BA,HII,GD,HON,MMM,,NVDA,AAPL,AMZN,GOOGL,GOOG,AVGO,TSLA,MU,LLY,WMT,JPM,AMD,UNH,ORCL,XOM,JNJ,BAC,ABBV,CVX,KO,MRK,PEP,TMO,LIN,GE,IBM,RTX,QCOM,TXN,CSCO,AMAT,GS,CAT,BLK,MS,AXP,LRCX,PLD,VRTX,ADI,DE,REGN,CB,KLAC,SCHW,C,MO,EOG,TJX,SO,WFC,SBUX,ETN,NOC,ITW,ELV,PNC,COP,APH,PANW,SNPS,CDNS,FTNT,MRVL,HPE,NEE,USB,TFC,MET,PRU,DUK,D,APD,FCX,NEM,VZ,AMGN,GILD,HUM,CVS,BMY,BDX,PPG,NUE,STLD,VMC,MLM,PWR,ODFL,CSX,UNP,NSC,FDX,UPS,LMT,BA,HII,GD,HON,MMM
2026-05-29,210.8942108,312.0599976,270.6400146,380.1129456,376.2035828,446.769989,435.7900085,971,1105,115.75,299.3099976,516.0999756,380.3099976,225.7799988,145.2599945,225.3300018,51.33328247,217.7200012,182.4600067,79.01000214,118.7200012,142.6887665,492.5100098,496.1211548,323.7600098,297.7999878,179.6600037,250.096283,305.6799927,120.4199982,450.0599976,1021.060059,875.8699951,1041.013672,208,316.4700012,318.1799927,143.4700012,447.5400085,412.7195129,542.1799927,614.7800293,311.730011,192.1710052,87.34999847,125.9000015,69.58000183,133.3800049,154.75,92.05000305,77.54000092,99.16000366,400.6000061,561.210022,247.2799988,391.5965881,221.1199951,113.9800034,148.7599945,281.6900024,475.6199951,374.9299927,137.9700012,205,43.04000092,86.37733459,54.84999847,48.20999908,82.69000244,100.6399994,122.7300034,66.94000244,278.6199951,65.70999908,109.8099976,47.81000137,336.7900085,134.4299927,305.4200134,90.98000336,57.18000031,146.0900879,112.9800034,250,260.1499939,282.9200134,580.8099976,711.7299805,224.8649597,45.25999832,262.6400146,304.9599915,331.7888794,106.6900024,527,231.1499939,308.1700134,346.8200073,237.8600006,153.1300049,,-0.01451570375,-0.001439992938,-0.01226272026,-0.02509425962,-0.02509583013,0.0473299336,-0.01427278324,0.05141196668,-0.01934686536,-0.02649286363,0.008694727452,-0.003841130241,-0.005803469604,0.1083947087,-0.01156785608,-0.02370017829,0.01634817086,-0.004162299967,-0.003114200236,-0.01741078799,-0.009758930477,-0.01435497425,0.01085753568,-0.008546181839,0.009164024607,0.1270910091,0.003911471401,0.03177284053,-0.03250520378,0.01500336133,0.0008450562378,0.01704736476,-0.01329321484,0.0003726770588,0.02065855465,0.00428410169,0.0005660147037,-0.01489974031,-0.0009598693542,-0.0123148135,0.005899800883,-0.01084436546,-0.01419894446,-0.00307110409,0.02343292368,0.009785059494,-0.03320827218,-0.008916606717,-0.0009038633236,-0.005079913623,0.01161121164,-0.01578160137,-0.003333821789,0.007849282723,-0.009453615671,0.001120267185,0.006096989468,-0.00878332486,0.007313122187,0.09279595937,-0.01044444777,0.002888823204,0.06376256335,0.0008299476025,0.1264067508,-0.002750668157,0.007346147026,0.008577402802,0.008906824855,0.0002981689605,-0.008322549786,0.003417742872,-0.01773311788,-0.002429082366,0.01459848612,-0.004165735373,0.0009212956148,-0.01314057061,-0.01062519809,-0.02140473096,0.004744341214,-0.008692176834,0.001063288552,0.002807849738,-0.002301078058,0.02229453813,0.01130159293,-0.02516093101,0.01942403398,-0.008977526698,-0.01121896139,-0.009484258092,0.0008507922807,0.0001875341971,-0.0125835906,0.01035927585,-0.03552195786,-0.006132462698,0.02085837172,0.001831853243
2026-05-28,214.0005798,312.5100098,274,389.8971252,385.8877563,426.5799866,442.1000061,923.5200195,1126.800049,118.9000015,296.730011,518.0900269,382.5299988,203.6999969,146.9600067,230.8000031,50.50757599,218.6300049,183.0299988,80.41000366,119.8899994,144.7668915,487.2200012,500.397644,320.8200073,264.2200012,178.9600067,242.3947144,315.9500122,118.6399994,449.6799927,1003.945435,887.6699829,1040.625854,203.7899933,315.1199951,318,145.6399994,447.9700012,417.865448,539,621.5200195,316.2200012,192.7630005,85.34999847,124.6800003,71.97000122,134.5800018,154.8899994,92.51999664,76.65000153,100.75,401.9400024,556.8392334,249.6399994,391.1583862,219.7799988,114.9899979,147.6799927,257.769989,480.6400146,373.8500061,129.6999969,204.8300018,38.20999908,86.61558533,54.45000076,47.79999924,81.95999908,100.6100006,123.7600021,66.71199799,283.6499939,65.87000275,108.2300034,48.00999832,336.480011,136.2200012,308.7000122,92.97000122,56.90999985,147.3710632,112.8600006,249.3000031,260.75,276.75,574.3192749,730.0999756,220.5803986,45.67000198,265.6199951,307.8800049,331.5068359,106.6699982,533.7160645,228.7799988,319.519989,348.9599915,233,152.8500061,,0.007761016342,0.005340207912,0.007908750591,0.003343444398,0.003352185642,0.01118854925,0.003951359819,-0.005267019695,0.04052007822,0.003036954678,-0.008520408325,0.04550594891,-0.003854094812,0.06671548904,-0.006355559306,-0.002118510306,-0.006457897823,0.0149954089,0.003453974254,-0.01482478613,-0.002910832338,-0.009814557896,0.06797310525,-0.01159744837,0.01138052384,0.03534484475,0.01342097755,0.04237361427,-0.004725153386,-0.008606992522,0.003190167709,0.01194221155,-0.02446343119,-0.02228259804,0.01081291935,0.008254900178,-0.002915977478,-0.006006039156,0.02458716429,0.005109443883,0.01815294034,-0.009908514353,-0.01375418269,-0.01510325385,-0.003037053316,-0.005662326246,-0.001941469816,0.00208487545,-0.01350229407,-0.01301473489,0.00709500606,-0.0132223163,-0.01090137739,0.01441929698,-0.002596963178,0.00326972171,-0.004619584503,-0.001216011404,0.05305181754,0.03742901657,-0.0860966872,-0.0005346389413,0.01383566512,0.03085055348,0.02715049196,-0.004563642061,-0.004388331867,-0.01361947709,-0.01490382102,-0.008670778125,-0.01268445439,0.002678564466,-0.007279659153,0.03520354614,0.009325748099,-0.004767896951,0.001249816791,0.01892436781,0.00793425174,0.009775187671,-0.01060501748,0.007946173908,-0.0001771495708,0.01148213501,0.009797842024,0.00399058998,0.00130568349,-0.004798151025,0.006425169393,-0.02821375062,-0.04434670578,-0.0546548397,-0.000922849115,0.02105864767,0.01142835794,0.01997323079,0.01051765278,0.01829638732,0.006262133142,-0.01495129273
2026-05-27,212.3525085,310.8500061,271.8500061,388.5978699,384.5985107,421.8599854,440.3599854,928.4099731,1082.920044,118.5400009,299.2799988,495.5400085,384.0100098,190.9600067,147.8999939,231.2899933,50.83586884,215.3999939,182.3999939,81.62000275,120.2399979,146.2017975,456.2099915,506.2690735,317.2099915,255.1999969,176.5899963,232.5411072,317.4500122,119.6699982,448.25,992.0975952,909.9299927,1064.342163,201.6100006,312.5400085,318.9299927,146.5200043,437.2200012,415.7412415,529.3900146,627.7399902,320.6300049,195.7189941,85.61000061,125.3899994,72.11000061,134.3000031,157.0099945,93.73999786,76.11000061,102.0999985,406.3699951,548.9241333,250.2899933,389.8835754,220.8000031,115.1299973,140.2400055,248.4700012,525.9199829,374.0499878,127.9300003,198.6999969,37.20000076,87.01268005,54.68999863,48.45999908,83.19999695,101.4899979,125.3499985,66.53378296,285.730011,63.63000107,107.2300034,48.24000168,336.0599976,133.6900024,306.269989,92.06999969,57.52000046,146.209259,112.8799973,246.4700012,258.2200012,275.6499939,573.5703735,733.6199951,219.1721802,46.99593353,277.9459839,325.6799927,331.8130493,104.4700012,527.6854858,224.3000031,316.1943665,342.6900024,231.5500031,155.1699982,,-0.0105184813,0.008173125032,0.02472764653,-0.0001286197569,-0.0000260258551,-0.0003554996578,0.01561380353,0.03631063098,0.01707464158,-0.000253004802,-0.02432024416,-0.01657108865,0.01897262828,-0.01087740014,-0.01274950733,0.004822315778,-0.02107280397,0.01069819272,-0.01250615957,0.01441714734,0.004343440008,0.01414062961,0.01791690595,-0.01378718609,0.008648927804,0.01799032456,-0.01329834535,-0.06197260705,-0.02290006496,0.01132423153,-0.01459696725,0.00196070708,0.001518909142,-0.006552877007,-0.0007434273422,0.005857387091,-0.01162142087,-0.002858297005,0.002959210347,-0.007286742226,0.0005103181391,-0.01084114105,-0.01481028466,-0.0269466052,-0.04239374554,-0.01158758642,-0.003592678269,-0.01395002892,-0.01232941246,-0.003719826631,-0.0181888041,0.006704795084,0.008037085295,-0.00980596274,-0.0004792555178,0.009333548751,-0.00004526292716,-0.01235311354,0.004872513231,-0.03224926496,-0.01616285298,-0.02017030048,-0.04501348243,-0.04590414775,-0.02259591643,0,-0.009598018513,-0.004519334826,-0.0008406352545,-0.01101154602,0.003040707768,-0.001189082977,-0.01336324253,-0.01134244151,-0.03700040569,-0.005155702028,0.0003571921067,-0.0002990599522,0.01518110158,0.01476905421,-0.008788528903,-0.003451736992,0.0304911111,0.02571895671,0.03085949762,0.02494977093,0.02399586888,-0.01153358706,0.0131110776,0.0113708914,0.0305791542,0.01705075084,0.02944998511,0.02451701451,-0.003302764689,0.02466884105,-0.01056241019,-0.005658113174,-0.0007336361473,0.007401151715
2026-05-26,214.6098785,308.3299866,265.2900085,388.6478577,384.6085205,422.0100098,433.5899963,895.8800049,1064.73999,118.5699997,306.7399902,503.8900146,376.8599854,193.0599976,149.8099976,230.1799927,51.93018341,213.1199951,184.7100067,80.45999908,119.7200012,144.1632385,448.1799927,513.3466797,314.4899902,250.6900024,178.9700012,247.9043884,324.8900146,118.3300018,454.8900146,990.156189,908.5499878,1071.362671,201.7599945,310.7200012,322.6799927,146.9400024,435.9299927,418.7928772,529.1199951,634.6199951,325.4500122,201.1390076,89.40000153,126.8600006,72.37000275,136.1999969,158.9700012,94.08999634,77.51999664,101.4199982,403.1300049,554.3601685,250.4100037,386.2782288,220.8099976,116.5699997,139.5599976,256.75,534.5599976,381.75,133.9600067,208.2599945,38.06000137,87.01268005,55.22000122,48.68000031,83.26999664,102.6200027,124.9700012,66.61299133,289.6000061,64.36000061,111.3499985,48.49000168,335.9400024,133.7299957,301.6900024,90.73000336,58.02999878,146.715683,109.5400009,240.2899933,250.4900055,268.9400024,560.1295776,742.1799927,216.3357849,46.467556,269.698822,320.2200012,322.3207092,101.9700012,529.434082,218.8999939,319.5697937,344.6400146,231.7200012,154.0299988,,-0.002182691862,-0.00158675196,-0.003867523096,0.0154319959,0.01439184832,0.01900322316,0.01779297763,0.1929161184,-0.000244140625,-0.01413483824,0.001174963594,0.07781652611,-0.02988651848,0.005102018525,-0.03298477066,-0.01210303573,0.007722037447,-0.01196106568,-0.03510414365,-0.01251846135,-0.0219753481,-0.03247664597,-0.0002230884799,-0.005042764364,0.03846913894,-0.01240936788,0.01107285902,0.04475989314,0.05070994996,-0.01727432745,0.05259628562,-0.002217203665,0.03257222229,0.004100673168,0.00363127758,-0.003399825398,0.05675449886,0.007128228845,0.003244968466,0.05759689227,-0.00005675006234,-0.006667934093,-0.007441527135,0.06514054533,-0.008319467413,0.0141498467,-0.02070363664,-0.03554740284,0.004422802359,-0.004865221566,0.01465962166,-0.01639028641,0.03010092908,0.002195915229,-0.007097515098,-0.01733007059,0.007207051324,-0.03229287248,0.05679236816,-0.01469793065,0.01871404411,0.02184213641,0.0002241024395,0.06076500058,0.01277273866,-0.01016374454,0.007112883032,0.00620089356,-0.009398060177,-0.0009735053829,-0.005570119825,-0.005763229002,0.0004491134911,0.03823195463,0.03688215256,0.002895619623,-0.009902698121,-0.004688931825,-0.02032800623,-0.02712844436,-0.02404978687,0.0008128151884,0.01632958022,0.03573272968,0.04357791429,0.03180513616,0.04557495632,0.02590400057,0.02917283081,0.02394554218,0.01963292946,0.01809049205,0.01471332666,0.009404124027,-0.0006375736165,-0.0005479425333,0.0009980669562,0.005103677346,0.0166725302,0.01043030906
2026-05-22,215.0793304,308.8200073,266.3200073,382.741394,379.151825,414.1400146,426.0100098,751,1065,120.2699966,306.3800049,467.5100098,388.4700012,192.0800018,154.9199982,233,51.53224945,215.6999969,191.4299927,81.48000336,122.4100037,149.0023346,448.2799988,515.9484863,302.8399963,253.8399963,177.0099945,237.2835999,309.2099915,120.4100037,432.1600037,992.3564453,879.8900146,1066.987305,201.0299988,311.7799988,305.3500061,145.8999939,434.519989,395.9853516,529.1500244,638.8800049,327.8900146,188.8379974,90.15000153,125.0899963,73.90000153,141.2200012,158.2700043,94.55000305,76.40000153,103.1100006,391.3500061,553.1455078,252.1999969,393.0905151,219.2299957,120.4599991,132.0599976,260.5799866,524.7399902,373.5899963,133.9299927,196.3300018,37.58000183,87.90613556,54.83000183,48.38000107,84.05999756,102.7200012,125.6699982,66.99912262,289.4700012,61.99000168,107.3892517,48.34999847,339.2999878,134.3600006,307.9500122,93.26000214,59.45999908,146.5965271,107.7799988,232,240.0299988,260.6499939,535.7144165,723.4400024,210.2035522,45.38088608,264.5057983,314.5299988,317.6470642,101.0199966,529.7718506,219.0200043,319.2511597,342.8900146,227.9199982,152.4400024,,-0.01904237299,0.01255784522,-0.007971333528,-0.01209821618,-0.01066572214,-0.001037201602,0.01952854743,-0.01456498615,0.0224163347,-0.008818194553,0.01115513163,0.03985856797,0.01566092361,0.01217261689,-0.002382607593,0.01126311663,0.006020542409,0.005594391367,0.002198828234,0.003819209006,0.05635145464,0.01155522434,-0.002425609964,0.005966922678,0.003578958567,0.003439123663,0.01004276466,0.1159739327,0.0362611893,0.0186971808,0.01123179164,0.008662436457,0.01609792972,0.00869560802,0.002593408243,0.006716133323,0.01028988873,0.008780951191,0.002260415301,0.03347132971,-0.004140305397,-0.005773544278,-0.007176149237,0.02507895569,-0.002875811588,-0.0010382118,0.002577702398,0.008858447857,0.005144147873,0.00328952881,0.006322489048,-0.009795416018,0.02579223634,0.007251913784,0.009082560473,0.01249290886,0.003938272792,-0.0007466110743,0.05766455961,0.03028621089,0.04119206872,0.04220835029,0.03452792932,0.02957679646,0.1062702526,-0.01271048071,0.004948688617,0.01023181634,-0.002847040148,-0.001151178261,0.008101993239,-0.00907892967,-0.002481137236,-0.00513560725,-0.006369426752,0.001657302996,0.005571614873,0.02957854874,0.01406091818,-0.0006429228332,-0.001511337594,0.009435943709,0.01078497192,0.02455395468,0.03532609805,-0.003479139282,-0.002769634615,0.009108576448,0.01338530158,-0.008278926056,0.001657694423,0.009921642415,0.01360213123,0.02819335006,0.01998899606,-0.002686564074,0.009699316554,0.01234100941,0.01840927194,0.0107412481
2026-05-21,219.2544556,304.9899902,268.4599915,387.4285889,383.2393494,414.5700073,417.8500061,762.0999756,1041.650024,121.3399963,303,449.5899963,382.480011,189.7700043,155.2899933,230.4049225,51.22385406,214.5,191.0099945,81.16999817,115.8799973,147.3002472,449.3699951,512.8881226,301.7600098,252.9700012,175.25,212.6246796,298.3900146,118.1999969,427.3599854,983.8340454,865.9500122,1057.789185,200.5099945,309.7000122,302.2399902,144.6300049,433.5400085,383.1604614,531.3499756,642.5900269,330.2600098,184.2180023,90.41000366,125.2200012,73.70999908,139.9799957,157.4600067,94.23999786,75.91999817,104.1299973,381.5100098,549.1630249,249.9299927,388.2402649,218.3699951,120.5500031,124.8600006,252.9199982,503.980011,358.4599915,129.4600067,190.6900024,33.97000122,89.03784943,54.56000137,47.88999939,84.30000305,102.8383865,124.6600037,67.61297607,290.1900024,62.31000137,108.0776443,48.27000046,337.4200134,130.5,303.6799927,93.31999969,59.54999924,145.226181,106.6299973,226.4400024,231.8399963,261.5599976,537.2022705,716.9099731,207.4270782,45.75972748,264.0680542,311.4400024,313.3843689,98.25,519.3897705,219.6100006,316.1843872,338.7099915,223.8000031,150.8200073,,-0.01772053736,0.009065310949,0.01301830709,-0.003214146516,-0.003715246322,-0.007635968898,0.001413977674,0.04113442226,0.02235813147,-0.07267871091,0.003377670629,0.004490839238,-0.002139256021,0.008556550696,-0.006334818921,0.01050929014,0.005075215827,0.01036267978,-0.00167254127,-0.004659777665,0.02548670136,-0.002947220431,-0.005356500547,0.01555370287,0.005296985931,0.1243111165,0.006462639759,0.05382452521,-0.02128703139,0.03366854854,0.002439430497,0.006160126973,-0.00757539352,0.01158274701,0.01385442775,-0.0003873059013,0.03474954303,-0.000345505913,0.007201947045,-0.03476955486,-0.05193955901,-0.01103481717,0.005725089393,0.006947345682,0.003329298077,0.003204626878,0.005182016145,-0.01165013838,-0.01099177141,0.006622464206,0.001451004009,-0.02225354692,0.004793403336,-0.001068489108,-0.003349729164,-0.01612773624,0.007102307214,-0.0147923958,0.01470944749,0.02537904165,0.0101216972,0.02157364556,-0.004153794509,0.02082440753,0.0050296446,0.01608710177,0.001100942629,-0.002291679382,0.02169435061,0.00988182137,0.006865407643,0.008268050864,0.003457934201,0.0236570144,0.008753166695,0.009410304597,0.01764335125,-0.001453840675,-0.001381168758,0.000428826287,0.01725313129,-0.0047635196,0.02145797372,0.00341208082,0.01550588366,-0.004482316281,-0.007398899915,0.009831927853,-0.01019869652,-0.0008706414103,-0.001354343137,-0.001282689524,0.005351015956,-0.006270888332,0.0003825342435,-0.0116561493,-0.01357486225,-0.00306109947,0.02948619385,0.01215127536
2026-05-20,223.2098541,302.25,265.0100098,388.6778564,384.6684875,417.7600098,417.2600098,731.9899902,1018.869995,130.8500061,301.980011,447.5799866,383.2999878,188.1600037,156.2799988,228.0087128,50.9651947,212.3000031,191.3300018,81.55000305,113,147.7356567,451.7900085,505.0329895,300.1700134,225,174.1246948,201.7647858,304.8800049,114.3499985,426.3200073,977.8106079,872.5599976,1045.677368,197.7700043,309.8200073,292.0899963,144.6799927,430.4400024,396.962677,560.460022,649.7600098,328.3800049,182.9470062,90.11000061,124.8199997,73.33000183,141.6300049,159.2100067,93.62000275,75.80999756,106.5,379.6900024,549.7504272,250.7700043,394.6043396,216.8300018,122.3600006,123.0500031,246.6600037,498.9299927,350.8900146,130,186.8000031,33.79999924,87.6281662,54.5,48,82.51000214,101.8320999,123.8099976,67.05853271,289.1900024,60.86999893,107.1398315,47.81999969,331.5700073,130.6900024,304.1000061,93.27999878,58.54000092,145.9212799,104.3899994,225.6699982,228.3000031,262.7376709,541.206604,709.9299927,209.5643616,45.79960251,264.426178,311.8399963,311.7163696,98.87000275,519.1911621,222.1999969,320.535614,339.75,217.3899994,149.0093536,,0.01296407066,0.01097099631,0.02186324326,0.003224510565,0,0.01627460608,0.03254070647,0.04758565484,-0.002486737054,-0.02496267452,0.02123773595,0.08098055734,-0.01526051431,0.03692271961,-0.03857277241,-0.00295647827,0.0104536363,-0.006830050022,-0.03001266499,-0.004516542059,-0.01085432324,-0.007182287696,0.00888772249,0.001106551965,0.05219438696,0.01200916722,0.002063147324,0.03527424103,0.008501231666,-0.00892701338,0.04900341456,0.05747576125,0.01442768446,0.01473501087,0.04320077203,0.001648862855,0.06843950223,0.01572585086,-0.008910674723,-0.03924595752,0.004282643068,0.03241392031,-0.005300941975,0.05106922771,-0.01851646872,0.04042676023,-0.00905402931,-0.01850310542,0.05661013043,-0.005523652501,0.01690133407,0.001128057433,0.02100139146,-0.007495536705,0.0137446304,-0.01506448274,0.01669244379,-0.02198065691,0.03229870975,0.02719359783,0.01024560635,0.03776771476,0.01848950659,0.05973789371,0.03617413684,-0.01987564633,0.02251408593,0.02629889951,0.01776245771,0.02036371948,-0.006021194723,-0.005871013246,-0.008842535797,0.03696760035,0.02188605258,0.001675702001,0.002479236052,0.001455957405,-0.02076954417,-0.009556185209,0.003944426973,0,0.02645036895,0.01776937048,0.02207103927,0.01464588109,0.01751612402,-0.005881299173,0.02626424544,-0.003038194408,-0.02121087794,-0.01998747839,0.03165591007,0.02106785993,-0.007671320321,0.03344031731,-0.008256354223,-0.001146629716,0.001105252129,0.002811946568
2026-05-19,220.3531799,298.9700012,259.3399963,387.4285889,384.6684875,411.0700073,404.1099854,698.7399902,1021.409973,134.1999969,295.7000122,414.0499878,389.2399902,181.4600067,162.5500031,228.6848145,50.43793488,213.7599945,197.25,81.91999817,114.2399979,148.8044128,447.8099976,504.474762,285.2799988,222.3300018,173.7661896,194.8901825,302.3099976,115.3799973,406.4047852,924.6647949,860.1500244,1030.493042,189.5800018,309.3099976,273.3800049,142.4400024,434.3099976,413.1782532,558.0700073,629.3599854,330.1300049,174.0579987,91.80999756,119.9700012,74,144.3000031,150.6799927,94.13999939,74.55000305,106.3799973,371.8800049,553.9022217,247.3699951,400.6397705,213.2700043,125.1100006,119.1999969,240.1300049,493.8699951,338.1199951,127.6399994,176.2700043,32.61999893,89.40515137,53.29999924,46.77000046,81.06999969,99.79980469,124.5599976,67.45455933,291.769989,58.70000076,104.8451843,47.74000168,330.75,130.5,310.5499878,94.18000031,58.31000137,145.9212799,101.6999969,221.7299957,223.3699951,258.9451904,531.8899536,714.1300049,204.2011719,45.93917465,270.1564331,318.2000122,302.1514893,96.83000183,523.204834,215.0099945,323.2041016,340.1400146,217.1499939,148.5915222,,-0.007691677106,0.003793999787,-0.0208411588,-0.02337888446,-0.0208847043,-0.02291360872,-0.01434182547,0.02523698207,0.03372156927,0.006449682271,-0.01672596214,-0.01648495832,-0.004832190384,-0.02759763078,0.01283567505,0.004717795085,0.0001972858968,0.02077260288,0.01497377646,0.00886701044,0.01492537617,0.008788375569,0.01314479086,-0.00937628917,-0.002482574493,-0.001885513665,-0.008297755352,-0.03943229267,0.005688594213,-0.02944145425,-0.01610368824,-0.01861874825,-0.004398388494,-0.04565877453,-0.01613991681,-0.009383784164,-0.01647714316,0.0009135330268,-0.005199480241,-0.01020114541,-0.01137306776,0.0009846338677,-0.0006053997444,-0.009035301754,-0.006277755546,-0.01993303136,0.00379813856,0.009161462398,0.002861848092,0.004588627781,0.002420334793,-0.002063801349,-0.02616071009,0.01152734026,-0.00837814295,0.02080843161,-0.002105544384,0.004576840297,-0.02070328826,-0.02997373491,-0.009148722239,-0.02274630868,0.009011852883,0.04345002021,-0.01151518388,0.01145549751,-0.002806389593,-0.005951089986,-0.004176439651,-0.01767329866,0.01400196412,0.008436904116,-0.005250446823,-0.02975205351,-0.04333186353,0.02095815638,0.01960598374,0.006400877942,0.01486924115,-0.01885610583,0.01744896137,0.03231469529,-0.01890803246,-0.02097315476,-0.02279292446,-0.02579501101,-0.04161716837,-0.0123093427,0.001616654173,-0.002597390766,-0.01297566927,-0.005873451775,0.0141999673,0.01360832271,-0.00317993975,-0.02538418969,-0.01442228681,-0.008656031098,-0.0003682816951,-0.02078277495
2026-05-18,222.061203,297.8399963,264.8599854,396.703064,392.8735352,420.7099915,409.9899902,681.539978,988.0900269,133.3399963,300.730011,420.9899902,391.1300049,186.6100006,160.4900055,227.6109924,50.42798615,209.4100037,194.3399963,81.19999695,112.5599976,147.5080566,442,509.2496338,285.9899902,222.75,175.2201233,202.890625,300.6000061,118.8799973,413.0565186,942.2075195,863.9500122,1079.795166,192.6900024,312.2399902,277.9599915,142.3099976,436.5799866,417.4365845,564.4899902,628.7409058,330.3299866,175.6450043,92.38999939,122.4100037,73.72000122,142.9900055,150.25,93.70999908,74.37000275,106.5999985,381.8699951,547.5899658,249.4600067,392.4730225,213.7200012,124.5400009,121.7200012,247.5500031,498.4299927,345.9899902,126.5,168.9299927,33,88.3925705,53.45000076,47.04999924,81.41000366,101.5953293,122.8399963,66.89021301,293.3099976,60.5,109.594101,46.75999832,324.3900146,129.6699982,306,95.98999786,57.31000137,141.3534851,103.6600037,226.4799957,228.5800018,265.8015442,554.9869385,723.0300293,203.871582,46.05880737,273.7079773,320.0799866,297.9210205,95.52999878,524.8739014,220.6100006,327.9336548,343.1099854,217.2299957,151.7452087,,-0.01331438836,-0.007960612067,0.002725716147,0.0004032653411,-0.0005339830774,-0.01053649183,-0.02901193701,-0.05950376275,-0.01674755835,0.01437808622,0.009804954339,-0.007333213451,-0.006906185549,-0.03285823497,0.01627410938,0.009748111179,0.01848496267,-0.004657995772,0.02626890552,0.004701772517,0.01059436465,-0.0004023377571,0.008349691319,0.0093853508,0.0158419759,0.01573186001,0.02786540823,0.01067043613,-0.007035988523,0.005667863752,-0.0527918597,-0.00222459992,-0.02742284272,0.003678661054,0.0009350576059,-0.003955661313,-0.02374265853,0.01266632601,-0.0008468374515,0.002610800324,0.004734480294,-0.0982026981,0.01906522533,-0.02528832396,0.01661534091,-0.008183394278,0.00861957743,0.01946393194,0.01912777226,0.0209172911,0.01293931628,-0.002059550846,-0.04398659928,0.01721877942,0.007186749397,0.003539782819,0.004134584185,0.01740051621,-0.02623999023,0.01943747142,-0.007941603928,-0.003599815791,0.0302981044,-0.04499975545,-0.003021102076,-0.04627250542,0.006212383993,0.001916527989,0.02043124728,0.01030118065,0.0156262872,0.09444354289,-0.007007946679,-0.03983492126,0.007243742765,0.008410597339,-0.005883923032,0.0006945233571,0.002884127218,0.001042845706,0.005438620584,-0.007806564875,0.009937687827,-0.002378682648,-0.003313833256,-0.00560062748,-0.005155128696,-0.06098775508,0.004972462959,0.01182653191,0.01689091935,0.01307160692,-0.01612652243,-0.01809026744,0.02383668587,0.0005442202104,0.009749505167,0.02573986652,0.01871126492,0.04315409976
2026-05-15,225.0577087,300.230011,264.1400146,396.5431519,393.0834351,425.1900024,422.2399902,724.6599731,1004.919983,131.4499969,297.8099976,424.1000061,393.8500061,192.9499969,157.9199982,225.4136353,49.5127449,210.3899994,189.3655701,80.81999969,111.3799973,147.5674286,438.3399963,504.5145874,281.5299988,219.3000031,170.4699097,200.7485504,302.730011,118.2099991,436.0778809,944.3082275,888.3099976,1075.837524,192.5099945,313.480011,284.7200012,140.5299988,436.9500122,416.3495789,561.8300171,697.2086792,324.1499939,180.2020111,90.87999725,123.4199982,73.08999634,140.2599945,147.4299927,91.79000092,73.41999817,106.8199997,399.4400024,538.3207397,247.6799927,391.0886536,212.8399963,122.4100037,125,242.8300018,502.4200134,347.2399902,122.7799988,176.8899994,33.09999847,92.68115997,53.11999893,46.95999908,79.77999878,100.5594482,120.9499969,61.11801147,295.3800049,63.00999832,108.8059387,46.36999893,326.3099976,129.5800018,305.1199951,95.88999939,57,142.4656525,102.6399994,227.0200043,229.3399963,267.298584,557.862793,769.9899902,202.862854,45.52045822,269.1615906,315.9500122,302.8041992,97.29000092,512.6539307,220.4900055,324.767334,334.5,213.2400055,145.4676819,,-0.04420122721,0.006773815731,-0.01152603307,-0.01069640168,-0.009693588021,-0.03319767575,-0.04750732718,-0.06617187404,-0.00004980131401,-0.007625016718,-0.007002120896,-0.05692685214,-0.01312984611,-0.01359850546,0.04065896652,-0.01772100119,-0.001604728372,-0.001802936258,0.02389629445,0.004599164209,-0.01789971205,0.003026822288,-0.02202091722,-0.01082774578,-0.03433494365,0.004258863193,-0.02561469941,0.00704720254,-0.0176526015,0.02319744078,-0.008943189462,-0.02114643869,-0.03467646232,-0.02004473436,-0.0103840245,0.002270109018,-0.04823664707,-0.01493063808,-0.02988386436,-0.02179057885,-0.02229221292,-0.02050857627,0.01268392516,-0.04681608415,0.01610012045,-0.01121616351,0.009390866474,0.03139928554,0.0005428338578,-0.01206233145,-0.00501426673,0.009831734993,-0.0212202978,-0.01450843062,-0.01232209413,-0.01015856303,-0.002857815034,0.02891487271,-0.03243286912,0.01939463073,-0.01490132887,-0.01587123388,0.007549632072,-0.03116443413,-0.03017880345,-0.0242474948,-0.005615860115,-0.003607086352,0.007577651829,-0.01230611289,-0.01862149172,-0.01969198015,-0.01497312271,-0.04732387507,-0.06249465064,-0.0146621849,-0.02217501401,-0.01877931072,0.01251033329,-0.01296965637,0.004051427521,-0.006921828868,-0.03096675638,-0.02503758505,-0.02275437406,-0.02639139981,-0.02880582001,-0.01293460496,0.02167894517,-0.005662009002,0.004529552397,-0.005320496044,-0.01105321769,0.005181907097,-0.008454785784,-0.03804371958,-0.03199288028,-0.01796722214,-0.0151941685,0.007579966752
2026-05-14,235.4655762,298.2099915,267.2200012,400.8305969,396.9311218,439.7900085,443.2999878,776.0100098,1004.970032,132.4600067,299.9100037,449.7000122,399.0899963,195.6100006,151.75,229.4802551,49.59232712,210.7700043,184.9460449,80.44999695,113.4100037,147.1221161,448.2099915,510.0371399,291.5400085,218.3699951,174.9512329,199.3437347,308.1700134,115.5299988,440.0130005,964.708374,920.2199707,1097.843506,194.5299988,312.769989,299.1499939,142.6600037,450.4100037,425.624176,574.6400146,711.8068237,320.0899963,189.0527191,89.44000244,124.8199997,72.41000366,135.9900055,147.3500061,92.91072083,73.79000092,105.7799988,408.1000061,546.2459106,250.7700043,395.1023254,213.4499969,118.9700012,129.1900024,238.2100067,510.019989,352.8399963,121.8600006,182.5800018,34.13000107,94.98429108,53.41999817,47.13000107,79.18000031,101.8123627,123.2450027,62.3457222,299.8699951,66.13999939,116.0590057,47.06000137,333.710022,132.0599976,301.3500061,97.15000153,56.77000046,143.4586487,105.9199982,232.8500061,234.6799927,274.5441895,574.4091187,780.0800171,198.5583191,45.77966309,267.9479065,317.6400146,306.1885681,96.78845215,517.0252686,229.2100067,335.5009766,340.6199951,216.5299988,144.3733368,,0.04388258598,-0.002208330287,-0.01077260434,-0.003849777671,-0.004686223731,0.0551836645,-0.004424284747,-0.03436904415,-0.008909649044,0.007530276747,-0.001132377478,0.009427636828,-0.005160054106,0.0308284479,0.007983012925,0.001649210601,0.0002005735773,0.01088731066,0.003440830091,0.002367241552,-0.0003525190587,-0.004019541135,0.004887547209,-0.003136860675,-0.01075627906,0.01737791529,-0.01364335102,-0.06140636113,0.00597381051,0.1340924282,0.009047053581,0.01417184502,0.01986033819,0.009075983409,0.003611396283,0.01020640099,0.01255751227,0.004647913113,-0.005849101467,-0.01295130247,-0.01035048568,-0.009737771934,0.01291094094,0.023371315,-0.01897549372,0.005801782672,0.01216106703,0.007856020714,0.00545901315,0.005797752126,0.003536000823,0.004247307922,0.00285055206,-0.005708539735,0.002678921042,-0.00733166262,0.01710662502,0.0133730807,0.03650515945,0.04574394721,0.001453012559,-0.004822991155,0.035432051,0.02601857242,0.06423453049,0.008750681223,0.01289337256,0.0126772699,0.01408809488,0.008009310872,0.003309112839,0.003985951924,-0.02067281789,-0.01518767446,-0.02210825121,-0.003177244526,-0.0006538925341,-0.007440852841,-0.01148105603,-0.009784925884,0.006738802487,0.002011439402,0.00436183471,0.002195101032,-0.01012320371,0.002003279471,-0.002704669733,0.008220088181,0.05090392375,0.0342342215,0.01772156506,0.02273175472,0.02780639287,-0.0003047251788,0.0009039035874,-0.04733997964,0.008168277971,-0.002167770876,-0.001101142582,-0.01346026821
2026-05-13,225.5671082,298.8699951,270.1300049,402.3796692,398.7999878,416.7900085,445.269989,803.6300049,1014.004456,131.4700012,300.25,445.5,401.1600037,189.7599945,150.548172,229.102417,49.5823822,208.5,184.3118591,80.26000214,113.4499969,147.7158661,446.0299988,511.6420898,294.7099915,214.6399994,177.37117,212.3855591,306.3399963,101.8700027,436.0678711,951.2277222,902.2999878,1087.969116,193.8300018,309.6099854,295.4400024,142,453.0599976,431.2088928,580.6500244,718.8063965,316.0100098,184.7352142,91.16999817,124.0999985,71.54000092,134.9299927,146.5499878,92.37515259,73.52999878,105.3326187,406.9400024,549.3820801,250.1000061,398.0204773,209.8600006,117.4000015,124.6399994,227.7899933,509.2799988,354.5499878,117.6900024,177.9499969,32.06999969,94.1603241,52.74000168,46.54000092,78.08000183,101.0033951,122.8385162,62.09820175,306.2000122,67.16000366,118.6828766,47.20999908,333.9283752,133.0500031,304.8500061,98.11000061,56.38999939,143.1706696,105.4599991,232.3399963,237.0800018,273.9953003,575.9669189,773.7199707,188.940506,44.26430893,263.282135,310.5799866,297.9049072,96.81795502,516.5583496,240.6000061,332.7827148,341.3599854,216.768692,146.3431549,,0.02287348205,0.01380599557,0.01621396975,0.03942173768,0.03965400552,-0.005986118104,0.02726952699,0.04833153352,0.02614483118,0.008592213769,-0.01518631858,-0.006223668812,0.01203357511,0.01568266685,0.006240504976,0.02746816513,-0.01851117564,0.003078992532,0.0002689673756,0.002873964269,0.009611054332,-0.0169905047,-0.02889176871,0.01863578351,-0.009211701595,-0.02089226259,-0.004360218492,0.01359895609,0.03784253956,0.02598450808,0.01254632753,0.01006440532,-0.01078784693,0.001464558724,0.01016258546,-0.01495342892,0.02143552903,-0.01224258886,0.01064040894,0.03035870857,-0.01449443811,-0.004879644752,-0.01872437778,0.021177606,0.01097802019,-0.01850683266,0.02360854973,0.005964271705,-0.02149605361,-0.003530579938,-0.02194734662,-0.00591111106,0.01347347316,-0.0116424484,-0.005210602361,0.01612007142,-0.0248594672,-0.003987454057,-0.02526005543,0.05653982763,-0.007657728854,-0.009747571971,0.03354702382,0.08176289938,0.06156903895,0.002748710976,-0.03193828705,-0.0261560991,-0.007121026996,-0.001949703794,-0.009354736097,-0.003178576828,0.0085639198,0.01711350755,-0.006099110741,-0.01502193232,0.000475817734,-0.01400622021,0.03216522703,0.0311087655,-0.001062911824,-0.02257472754,-0.008648225162,0.01092109162,0.01838487424,-0.01714803539,-0.007485319176,0.01032889773,-0.01015069967,-0.002919331199,-0.003576841278,-0.005666782445,-0.0178524662,0.0001015065607,-0.002034538814,0.01574708094,0.001978665985,-0.01472033201,-0.002653897741,0.02716286667
2026-05-12,220.5229797,294.7999878,265.8200073,387.1187744,383.5891418,419.2999878,433.4500122,766.5800171,988.1689453,130.3500061,304.8800049,448.2900085,396.3900146,186.8300018,149.614502,222.9776306,50.5175209,207.8600006,184.2622986,80.02999878,112.3700027,150.2690125,459.2999878,502.2816772,297.4500122,219.2200012,178.147934,209.536087,295.1700134,99.29000092,430.6646118,941.7495728,912.1400146,1086.378052,191.8800049,314.3099976,289.2399902,143.7599945,448.2900085,418.5036621,589.1900024,722.3311157,322.0400085,180.9040985,90.18000031,126.4400024,69.88999939,134.1300049,149.7694397,92.70244598,75.18000031,105.9589539,401.5299988,555.8535767,251.4100037,391.7061462,215.2100067,117.8700027,127.8700027,215.6000061,513.210022,358.0400085,113.8700027,164.5,30.20999908,93.90221405,54.47999954,47.79000092,78.63999939,101.2007065,123.9984894,62.29621506,303.6000061,66.02999878,119.4111786,47.93000031,333.7695618,134.9400024,295.3500061,95.15000153,56.45000076,146.477356,106.3799973,229.8300018,232.8000031,278.7757568,580.31073,765.8099976,190.8780518,44.39390945,264.2272339,312.3500061,303.3199158,96.80812836,517.6114502,236.8699951,332.1255493,346.4599915,217.3455048,142.473175,,0.006106452319,0.007243389266,-0.01178476161,-0.003319307375,-0.007627236134,-0.02131037752,-0.02595502875,-0.03614851619,0.02366106898,0.02163186649,0.01626668294,-0.02288628742,0.03108420594,-0.03616381882,0.006346928185,0.01278053895,0.004549914874,0.02505178944,0.006549675275,0.01741666735,0.009795147189,0.01633090593,0.01480331772,-0.001050735497,-0.01103825823,-0.01936927655,0.001567664757,-0.1145960258,-0.00869826791,0.005773902834,-0.02799691786,0.001100783453,-0.01580720954,0.01033929025,0.004081626135,0.006371638665,-0.02300286384,-0.002151820654,0.03014912497,-0.007286064557,0.0007643649395,0.01492760926,0.005557980157,-0.01833956517,0.0267562157,0.004688152359,0.01865615461,0.006151131492,0.009065800249,0.003974271305,0.02174501813,0.007944092632,-0.04169451365,0.01840533675,-0.002697420309,0.03025543224,0.002889279028,0.02007788519,0.04409244282,0.009079857756,-0.005773030192,-0.01691379312,-0.01360013567,-0.03711072626,-0.02138003683,-0.002635959055,-0.0001835591103,-0.003752351482,0.01619132846,0.01443828964,0.001361067793,0.005754460622,-0.00295564498,0.02578834802,-0.008121301834,0.01482110459,0.02032836835,0.01063509679,0.07689781808,0.03177185281,0.01401118411,0.03045759984,-0.01454376785,-0.009353440383,-0.01343390326,-0.01192086561,-0.008259625852,-0.01992629352,-0.02050019434,-0.004693871617,0.008543770882,0.003985795411,-0.006545243371,-0.01559994529,0.01708149147,-0.005625337135,0.04975607818,0.007063316235,-0.002601479003,-0.0009068441535
2026-05-11,219.1845398,292.6799927,268.9899902,388.40802,386.5373535,428.4299927,445,795.3300171,965.3282471,127.5899963,300,458.7900085,384.4400024,193.8399963,148.6708984,220.1638184,50.28871155,202.7799988,183.0632935,78.66000366,111.2799988,147.8544159,452.6000061,502.8099976,300.769989,223.5500031,177.8690948,236.6559143,297.7600098,98.72000122,443.0691833,940.7140503,926.789978,1075.26062,191.1000061,312.3200073,296.0499878,144.0700073,435.1700134,421.5752869,588.7399902,711.7070313,320.2600098,184.283783,87.83000183,125.8499985,68.61000061,133.3099976,148.4238586,92.33547974,73.58000183,105.1238403,419,545.8078003,252.0899963,380.2029419,214.5899963,115.5500031,122.4700012,213.6600037,516.1900024,364.2000122,115.4400024,170.8399963,30.87000084,94.15039063,54.49000168,47.97000122,77.38700104,99.76033783,123.8299484,61.939785,304.5,64.37000275,120.3888931,47.22999954,327.119751,133.5200043,274.2600098,92.22000122,55.66999817,142.1478729,107.9499969,232,235.9700012,282.1390991,585.1437988,781.3800049,194.8729858,44.60327148,261.9888611,311.1099854,305.3182983,98.34226227,508.9183655,238.2100067,316.3835449,344.0299988,217.9123993,142.6024933,,0.01970259096,-0.001262670574,-0.01353235492,-0.03033924459,-0.02589098933,-0.003651179824,0.03887006807,0.06496969737,0.01954765969,-0.02177410486,-0.006951360679,0.007908798709,0.01173743704,-0.01076805636,0.03534617373,0.000496966714,-0.01481195395,0.006102682753,0.01717876601,0.003060513884,-0.0008978135804,-0.03369545121,-0.02666665354,0.02279177254,0.01218238328,-0.0270281668,0.01431089498,0.08416634365,0.03460744404,0.02226365882,0.01878556559,0.008948371442,0.03269259059,-0.003235553451,-0.01030602451,-0.01173936484,0.006801564642,-0.0001387258948,0.01244708485,0.01490936464,0.02418057673,-0.002965467295,0.001939666778,-0.01283987514,-0.008802604378,0.002389449742,0.007193156841,0.02522493894,-0.02901668222,0.01416118956,-0.02723423553,0.007719383032,0.04356053351,-0.002383899658,-0.01048044523,0.00973360145,-0.0104219954,0.02229500398,-0.04342730307,0.02780449607,-0.0005614506628,0.004135649158,0.0120101933,0.004173228911,-0.01531099,0.01868950115,-0.01872856337,-0.02321318215,-0.001280685952,0.003075093545,0.0058790479,0.01082564373,0.03077078036,0.04412005115,0.03570506859,0.0002117391206,-0.006361236236,0.0166755685,-0.002545758333,0.01844282841,-0.008725101136,-0.04202637712,-0.008723641546,0.01978021978,0.003700532091,-0.0035950889,-0.007452855026,0.04883222132,-0.01618520362,-0.002007596278,-0.004912121841,-0.002884601089,0.0008453195308,-0.007739603946,0.01133245099,0.003581084013,0.00464779858,-0.007214382619,0.02810623114,0.0003489490906
2026-05-08,214.9494781,293.0500183,272.6799927,400.56073,396.8111877,430,428.3500061,746.8099976,946.8201294,130.4299927,302.1000061,455.1900024,379.980011,195.9499969,143.5953522,220.0544586,51.04478455,201.5500031,179.9716034,78.41999817,111.3799973,153.0101624,465,491.6054382,297.1499939,229.7599945,175.3595428,218.2837677,287.7999878,96.56999969,434.899353,932.3708496,897.4500122,1078.750977,193.0899963,316.0299988,294.0499878,144.0899963,429.8200073,415.3822021,574.8400269,713.8238525,319.6400146,186.6807404,88.61000061,125.5500031,68.12000275,130.0299988,152.8593292,91.04615784,75.63999939,104.3185654,401.5100098,547.1120605,254.7599945,376.5378723,216.8500061,113.0299988,128.0299988,207.8800049,516.4799805,362.7000122,114.0699997,170.1300049,31.35000038,92.42304993,55.52999878,49.11000061,77.48623657,99.45450592,123.1062012,61.27642822,295.4100037,61.65000153,116.2385864,47.22000122,329.2139587,131.3300018,274.9599915,90.55000305,56.15999985,148.3839111,108.9000015,227.5,235.1000061,283.157074,589.5375366,745,198.0789337,44.69299698,263.282135,312.0100098,305.0604248,99.10932922,503.2156982,237.3600006,314.9198608,346.5299988,211.9551392,142.5527496,,0.01749409595,0.02045649789,0.005568385785,0.00706047032,0.004427055512,0.0422726453,0.04021466576,0.1549262978,-0.02719089293,0.003678256906,-0.01361538205,0.1144053566,0.02769519398,0.006989057176,-0.01371261805,-0.005348012936,-0.02729856607,-0.005722478534,-0.004821897022,-0.0001275294682,-0.008192393351,-0.01068520367,-0.0199384387,-0.001397207173,-0.01810795657,0.0006097003424,-0.003903134113,0.08165880545,0.008974890079,0.04785151755,0.06039349974,0.01145946012,0.001964976455,0.01600568044,0.01535467317,-0.008346680604,0.02628088464,0.01265024342,0.0113411937,0.01958289163,-0.00981836116,0.008165376744,-0.005104532299,0.06008228991,-0.006391564172,-0.0274226771,-0.01332558164,-0.006570407322,-0.007250159797,-0.006815946637,-0.03900402823,0.006426203802,0.008692430797,-0.00497949603,-0.003013361547,0.01380990577,-0.01112676026,-0.008791772561,-0.06287510353,0.05775202857,0.02234798387,0.0162511023,0.05649716037,0.06324611414,0.05555554128,-0.002357465802,0.00397753391,-0.002234876222,-0.009388510077,0.01377713983,-0.005605869965,0.004544739636,0.001423822644,0.0171588996,0.02661032075,0.002760693729,0.007931009449,-0.02036398461,0.1126578055,0.03651559546,-0.001600002713,-0.02499023936,0.006242567512,0.003528906319,0.009359470856,-0.01803199175,-0.0168362633,-0.007632545146,0.001363275774,0.008322185935,-0.000906074346,-0.00009613760568,0.00704918918,0.006793172989,-0.01151417039,0.02739904716,0.004956762478,-0.003536953508,-0.01365301786,-0.003200058385
2026-05-07,211.2537842,287.175415,271.1700134,397.7524109,395.0622253,412.5599976,411.7900085,646.6300049,973.2846069,129.9519958,306.269989,408.4599915,369.7399902,194.5899963,145.5917969,221.2376404,52.4773407,202.7100067,180.8436127,78.43000031,112.3000031,154.6627655,474.4599915,492.2932739,302.6300049,229.6199951,176.0466766,201.8046417,285.2399902,92.16000366,410.1301575,921.8074341,895.6900024,1061.756836,190.1699982,318.6900024,286.519989,142.2899933,425,407.4040527,580.539978,708.0424194,321.2799988,176.100235,89.18000031,129.0899963,69.04000092,130.8899994,153.9756775,91.67098236,78.71000671,103.6524734,398.0499878,549.8500366,255.5299988,371.4087524,219.2899933,114.032547,136.6199951,196.5299988,505.1900024,356.8999939,107.9700012,160.0099945,29.70000076,92.64144897,55.31000137,49.22000122,78.22061157,98.10292816,123.800209,60.99920273,294.9899902,60.61000061,113.2256165,47.09000015,326.6235046,134.0599976,247.1199951,87.36000061,56.25,152.1871033,108.2244034,226.6999969,232.9199982,288.35672,599.6331177,750.7299805,197.8092651,44.32412338,263.5209045,312.0400085,302.9250488,98.44060516,509.077301,231.0299988,313.3665771,347.7600098,214.8890228,143.0103912,,0.01765865404,-0.0002435071144,-0.01389133038,-0.0001256598581,0.0004048636184,-0.0302745506,0.03275398691,-0.02994347525,-0.01224854801,0.0009224692182,-0.0274055416,-0.03068421829,0.006697863927,0.002886139062,-0.01419062775,-0.009393694034,-0.01585816291,-0.01131537862,-0.0143659896,-0.0100972235,-0.01109540801,0.002115856934,0.003192682544,-0.01598017646,-0.01046326989,0.02467437033,0.0002262720978,0.05182527165,-0.01451082149,0.005674424661,-0.04194850131,-0.01224722706,-0.03370264257,-0.005430395832,-0.01644689855,-0.00997201465,-0.03583815302,-0.004268723838,-0.00619664196,-0.01710662979,-0.0187614704,-0.01657307048,-0.001926048863,-0.02920239753,-0.02875746774,0.01167709939,-0.01610370932,-0.02821295555,-0.00623991069,-0.01154962263,-0.01566765949,-0.02048102492,-0.05277778484,-0.01309858965,-0.01915396302,-0.004776944277,-0.01407249757,-0.03380995517,-0.01336033861,0.06995865971,0.001526483869,0.005635390348,0.2003335729,-0.07051989439,-0.02206124655,-0.02170037075,-0.01513530051,-0.02086609229,-0.01671658115,-0.00718850494,-0.005336890729,-0.0004866748538,-0.01738783308,-0.004598436231,-0.01398788127,-0.007377708353,-0.006100667373,-0.01643437596,0.003207052654,0.005756389552,-0.006008131325,0.05871784088,-0.02331206337,-0.03210658455,-0.03692374492,-0.02296098399,-0.02435490704,-0.04394835999,-0.01276046006,-0.02500001259,-0.01245206248,-0.01216700129,-0.003340523106,0.002102326096,-0.003597430412,0.004784091413,-0.01508422633,0.001411065648,-0.003642870752,-0.01903910026
2026-05-06,207.5880585,287.2453613,274.9899902,397.8023987,394.9023438,425.4400024,398.730011,666.5900269,985.3537598,129.8322296,314.8999939,421.3900146,367.2799988,194.0299988,147.6875763,223.3355865,53.32294464,205.0299988,183.4794769,79.23000336,113.5599976,154.3362122,472.9500122,500.2879639,305.8299866,224.0906982,176.0068512,191.8613739,289.4400024,91.63999939,428.0877991,933.2369995,926.9299927,1067.554077,193.3500061,321.8999939,297.1700134,142.8999939,427.6499939,414.4946594,591.6400146,719.9746094,321.8999939,181.3974762,91.82052612,127.5999985,70.16999817,134.6900024,154.9425049,92.74211884,79.96283722,105.8197708,420.2287292,557.1478882,260.519989,373.1914673,222.4199982,118.0228958,138.4700012,183.6799927,504.4200134,354.8999939,89.94999695,172.1499939,30.37000084,94.69639587,56.15999985,50.26891708,79.55042267,98.81324768,124.4644623,61.02890396,300.2099915,60.88999939,114.831871,47.43999863,328.6283569,136.3000031,246.3300018,86.86000061,56.59000015,143.7466125,110.8075562,234.2200012,241.8500061,295.1332703,614.6016846,785.2399902,200.3660278,45.46063995,266.8436584,315.8833618,303.9403687,98.23408508,510.9152832,229.9299927,318.165863,347.269989,215.6746979,145.786026,,0.05765907539,0.01171792495,0.005264129065,0.02474066222,0.02828748942,-0.004492659528,0.02403887302,0.04122151538,-0.001840507032,-0.005428441381,0.01777634166,0.186145367,0.009371489015,0.04683027996,-0.03996643055,-0.004123256521,0.009036165234,-0.005239929299,-0.03882889507,0.009556574515,0.003623473506,0.005934015136,0.01326163834,0.003158092421,0.06679919906,-0.01436492209,0.02238683336,0.03227017511,0.03003559588,-0.02820788522,0.04332788696,0.02008942004,0.02469623272,0.02351003643,0.02166449724,0.018832035,0.07748378021,0.01874947989,0.007752871756,0.0268300977,0.02752746179,0.02674179586,-0.002077110123,0.04812163928,-0.002705640844,-0.003202843921,-0.03599399249,-0.04353078088,0.003162026831,-0.0249217428,0.00663409726,0.01429392976,0.02562930896,0.001790276951,0.02345309719,0.01528160658,0.003564469019,-0.03584167868,0.01302215778,-0.001630628648,0.003800926598,0.003591293149,0.0003336163246,0.02014811198,0.01098534999,-0.009243883149,0.01007196742,0.01701694417,0.003254109275,-0.001096956603,-0.01599002057,-0.02143203871,-0.01223966476,0.05565185623,0.05586643558,0.002112346299,0.004611784989,0.02112681611,0.0283889412,0.07646546018,-0.006321345137,0.004092331177,0.04811573218,0.00926441948,0.01848732109,0.01444208883,0.01547603405,0.01766437079,0.02315383218,0.01265819128,0.01598433067,0.01173573914,0.0398070125,0.01855813343,0.01047298329,0.02473476991,-0.02020662043,-0.005413033075,0.03730987732,0.02604671073
2026-05-05,196.2712402,283.9184265,273.5499878,388.1981201,384.0388489,427.3599854,389.3699951,640.2000122,987.1706543,130.540863,309.3999939,355.2600098,363.8699951,185.3500061,153.8358459,224.2602692,52.84542465,206.1100006,190.8915863,78.48000336,113.1500015,153.4257813,466.7600098,498.7129822,286.6799927,227.3566589,172.1528931,185.8635254,281,94.30000305,410.3099365,914.8580322,904.5900269,1043.032349,189.25,315.9500122,275.7999878,140.2700043,424.3599854,403.6643066,575.789978,701.2226563,322.5700073,173.0691071,92.06963348,128.0099945,72.79000092,140.8200073,154.4541168,95.11248779,79.43585205,104.3285065,409.7276917,556.1522217,254.5500031,367.5743408,221.6300049,122.4102859,136.6900024,183.9799957,502.5100098,353.6300049,89.91999817,168.75,30.04000092,95.57992554,55.59999847,49.42780685,79.29239655,98.92176056,126.4869919,62.36552429,303.9299927,57.68000031,108.7560577,47.34000015,327.119751,133.4799957,239.5299988,80.69000244,56.95000076,143.1607513,105.720726,232.0700073,237.4600067,290.9316101,605.2350464,771.6099854,195.8317719,44.89238358,262.6454468,312.2192383,292.3045959,96.44425964,505.6199341,224.3800049,324.7275085,349.1600037,207.9173279,142.0851746,,-0.009975799777,0.02655069093,0.005513692583,0.01351598885,0.01219563594,0.0260743946,-0.007999833304,0.110590682,0.021633771,0.003529368432,0.005688282252,0.04017099279,-0.01855699227,0.02806596598,0.007742851991,0.006021430537,0.01781944896,-0.009848208185,0.001872283351,0.003708925777,0.0003536461437,0.002910910809,0.008992658035,0.0136562189,0.02195923251,-0.001960906327,-0.0001735174142,0.1079106577,0.00547464405,0.01802877953,0.04967047696,0.01729271529,0.03407713546,-0.003174155413,0.006595423272,-0.0102126479,0.06663564985,0.0108821694,-0.01277194527,0.0195204044,-0.00449529998,-0.009785588597,-0.007843220446,0.0114281118,0.01005683486,0.01894449817,-0.008445752835,-0.005578654634,0.002069415916,-0.000937628924,0.008966901192,-0.0002858509762,-0.02741226942,-0.01481486527,0.01152397864,-0.007609520383,0.01646492252,-0.01272921907,-0.03077356857,-0.003142619412,0.01007037139,0.01178791738,0.007619904992,0.03110104011,0.04632538744,0.008061935388,0.006516958449,0.00949881666,0.01203298213,0.02683042473,0.001020045334,0.0006354368607,0.01870282037,0.03797013896,0.006277092688,-0.004834970437,0.01772419572,0.005953676024,0.00659771399,-0.01609559396,-0.007493905493,-0.01462645177,0.02238658518,0.02772246505,0.03324340417,0.01317249535,0.004657758639,0.01884220824,0.0202934883,0.006931996766,0.002277796625,0.006128545047,0.01383450815,0.01827435971,-0.01779419304,0.01391776678,-0.1024850235,0.000229222794,-0.002528729675,0.008900874074
2026-05-04,198.2489319,276.5751648,272.0499878,383.0212097,379.4116821,416.5,392.5100098,576.4500122,966.2666626,130.0817566,307.6499939,341.5400085,370.75,180.2899933,152.6538696,222.917984,51.92023468,208.1600037,190.5348511,78.19000244,113.1100006,152.9804688,462.6000061,491.9942017,280.519989,227.80336,172.1827698,167.7603912,279.4700012,92.62999725,390.894043,899.3065796,874.7800293,1046.353638,188.0099945,319.2099915,258.5700073,138.7599945,429.8500061,395.9354858,578.3900146,708.1523438,325.1199951,171.1136017,91.15292358,125.6299973,73.41000366,141.6100006,154.1351471,95.20175171,78.72988892,104.3583374,421.2758179,564.5154419,251.6499939,370.3928528,218.0399933,123.9885635,141.0299988,184.5599976,497.5,349.5100098,89.23999786,163.6600037,28.70999908,94.81552887,55.24000168,48.96271896,78.349617,96.33699799,126.3581009,62.3259201,298.3500061,55.56999969,108.0776443,47.56999969,321.4227905,132.6900024,237.9600067,82.01000214,57.38000107,145.2857666,103.4058228,225.8099976,229.8200073,287.1491394,602.4290771,757.3400269,191.9367065,44.58333206,262.0485535,310.3174438,288.3158875,94.71343231,514.7800293,221.3000031,361.8073425,349.0799866,208.4444275,140.8316498,,0.0001511106711,-0.01181560319,0.01412800227,-0.006326388006,-0.00934182218,-0.01134637009,0.004324247505,0.06314894385,0.00477511025,-0.0096504343,-0.01542550423,-0.05269872843,0.005341941611,0.04923465847,0.006153894119,-0.0131607807,-0.01972205223,0.007550810806,0.008655432182,-0.004963087052,0.00847001531,-0.01791506312,-0.01408747783,-0.02829186662,-0.02090684635,-0.01171407091,-0.006264822912,-0.04875426972,-0.0004625672526,0.008492093547,0.00591139481,-0.02212818859,-0.01673649095,-0.008882185643,-0.01135827777,-0.001470224072,0.007206318537,-0.01873989878,0.01398847067,-0.001684760951,0.001957531898,0.01110612827,-0.003371976272,-0.007496019266,-0.0006554342829,-0.009539630054,-0.01529174169,0.0191436036,-0.01396423451,-0.007444947976,-0.02017069203,-0.008781822021,-0.00730814405,-0.002006664496,-0.01495286063,-0.002092992643,-0.01209738275,0.01396218584,-0.008924836579,0.01921800139,0.01734082691,0.02513640894,0.03418700796,-0.007820511125,0.004900223701,-0.01485291633,-0.01882766559,-0.02847044882,-0.01595419597,-0.00983570846,-0.00894249099,-0.01548322524,-0.009034447652,-0.01732978878,-0.002669834816,-0.01122429658,-0.01810080249,0.007899799416,0.01853358619,-0.0009744695484,-0.01442803392,-0.02009235872,-0.03190395158,-0.001017500152,0.002398931572,-0.03228847715,-0.01822650304,0.0203850722,-0.06622614142,-0.008205822326,-0.01092670085,-0.01342198661,-0.0911168461,-0.1046760477,0.01049207802,-0.02673938649,0.007681554452,0.009368465963,-0.01369416161,-0.006596504295
2026-05-01,198.2189789,279.8821411,268.2600098,385.4597778,382.989502,421.2799988,390.8200073,542.210022,961.6745605,131.3493347,312.4700012,360.5400085,368.7799988,171.8300018,151.7201996,225.8908844,52.96480942,206.6000061,188.8998413,78.58000183,112.1600037,155.7711182,469.2099915,506.3189087,286.5100098,230.5034943,173.2682648,176.3586273,279.5993347,91.84999847,388.5968933,919.6569214,889.6699829,1055.730835,190.1699982,319.6799927,256.7200012,141.4100037,423.9200134,396.6036682,577.2600098,700.3739014,326.2200012,172.4059601,91.21270752,126.840004,74.55000305,138.9499969,156.3180084,95.91584015,80.35061646,105.2829132,424.3772278,565.6505127,255.4700012,371.1697083,220.7100067,122.28125,142.3000031,181.0800018,489.019989,340.9400024,86.29000092,164.9499969,28.56999969,96.24504852,56.29999924,50.39756012,79.61988831,97.29395294,127.4982529,63.30610275,301.0700073,56.54999924,108.3669662,48.11000061,327.348053,131.6499939,233.6300049,82.08999634,58.22000122,148.2647552,106.8135986,226.0399933,229.2700043,296.7301025,613.6130981,742.210022,205.5494537,44.95220184,264.943512,314.5391846,317.2199707,105.7867737,509.4349976,227.3800049,359.0492859,345.8399963,211.3385315,141.7668152,,-0.005612075634,0.03239351812,0.01207278441,0.002312960443,0.003351326787,0.009223118058,0.02408092216,0.04843771778,0.03074046269,-0.002501247147,-0.00242636318,0.01706682411,-0.004588674575,0.06468803817,-0.0102378224,-0.01157283532,-0.004115184718,-0.02233579906,-0.01386371055,-0.002285427886,0.02729440693,-0.006814313697,-0.02035660634,0.01352910934,-0.0117958921,0.005281858735,-0.01181344659,-0.01431119323,-0.0002134470088,0.003825119936,-0.01371392712,-0.00006496937547,-0.0004943236776,-0.003678598842,-0.002203673734,-0.01043180698,-0.004420942355,-0.004295173863,-0.008095819682,-0.01136083376,-0.02137756702,-0.007976696855,-0.002385317368,-0.01376296298,-0.001091198457,-0.004219370616,0.02615280779,-0.01152458058,0.0005103898916,0.0001034956223,-0.01726871157,0.005411512858,-0.01722826712,-0.01956911947,-0.009844612413,-0.009935736326,-0.01026902819,-0.02059149556,-0.03374754584,0.009814825089,0.01330290682,0.03443674332,0.02348479913,-0.001211001851,-0.006951712192,-0.009501460501,-0.006353699459,-0.0110679634,0.001622992087,0.005198255004,-0.00733303942,-0.008682213922,0.003399498659,-0.02128763531,-0.02223418014,0.001665663816,-0.04745124805,0.006190748863,-0.01188461144,-0.0144075467,-0.03911534784,0.001811609892,-0.009124441856,0.003329042667,0.002667718886,-0.01464825283,-0.007398229666,0.01984143624,-0.03116320061,-0.007483993253,-0.01172632222,0.0002216499608,-0.02390225598,-0.0113051483,-0.01003911057,-0.007204269769,-0.01012929716,0.004472868427,-0.008538209193,-0.02743660845
2026-04-30,199.337677,271.1002502,265.0599976,384.570282,381.7102661,417.4299927,381.6300049,517.1599731,932.9938965,131.6786957,313.230011,354.4899902,370.480011,161.3899994,153.2895508,228.5356903,53.18367004,211.3200073,191.5555115,78.76000214,109.1800003,156.8398743,478.9599915,499.5603027,289.9299927,229.2924042,175.3396301,178.9191742,279.6590271,91.5,394.0001831,919.7166748,890.1099854,1059.628784,190.5899963,323.0499878,257.8599854,142.0200043,427.3800049,401.1611938,589.8699951,706.0054932,327,174.8118896,91.31234741,127.3774567,72.65000153,140.5700073,156.238266,95.90591431,81.76255035,104.7162399,431.8166809,576.9407349,258.0100098,374.8945618,223,124.8521423,147.2700043,179.3200073,482.6000061,329.5899963,84.30999756,165.1499939,28.77000046,97.16828918,56.65999985,50.96160126,79.49087524,96.79080963,128.4401093,63.86055374,300.0499878,57.77999878,110.8312073,48.02999878,343.6549072,130.8399963,236.4400024,83.29000092,60.59000015,147.9966431,107.7971878,225.2899933,228.6600037,301.1412964,618.1865845,727.7700195,212.1610718,45.29116058,268.0871887,314.4694824,324.987915,106.9963837,514.6011353,229.0299988,362.7234192,344.2999878,213.1585236,145.7661438,,-0.0462604556,0.004367659938,0.007679398373,0.09961702407,0.09970916515,0.02954736739,0.02368566894,-0.002507519911,0.09796635733,0.03062257476,0.01286988193,0.0515558887,-0.0007012441466,-0.01489350189,-0.00219822656,0.01099631973,0.01096818446,0.03644125733,0.005670593822,-0.00139470783,-0.01595310222,0.02060663326,0.02723798186,-0.007073308082,0.02242827234,0.017084926,0.01898263464,0.1511539276,0.04405309481,0.02154739658,0.03110378981,0.02006411212,0.09883340382,0.025226624,0.0242368576,0.02344366875,0.03662305669,0.02305141031,0.009781718987,0.0332640233,0.05330162234,0.03015910067,0.003837298542,-0.03626233245,0.005265415529,0.002899440451,0.0652493369,0.01042274481,0.004357020022,0.03411390112,0.008833237032,-0.001611345291,0.05414222451,0.0123512547,-0.02883277478,-0.00055754439,0.01961498402,-0.01925922357,-0.007480796427,-0.01222863305,0.002867721373,-0.00109112246,-0.02090353082,0.05479968175,0.01660781743,0.03939681234,0.008723548058,0.01678184094,0.01443771054,0.01752746544,0.02402971023,0.03200004685,-0.008099213908,0.01493058966,0.03233893089,0.03046552565,0.02434772547,0.0155231299,-0.02747611389,-0.007270567333,0.05209237701,0.02566925787,0.03639311954,0.01304012727,0.01912024174,0.01911646742,0.01014929678,0.1577633595,0.01471217893,0.01678602158,0.01775063266,0.01188649471,0.03788049935,0.02054214903,0.01600591391,0.02195349675,0.005853653913,0.01644370627,0.01916306185,0.01841953094
2026-04-29,209.0064087,269.9213257,263.0400085,349.7311096,347.1011047,405.4500122,372.7999878,518.460022,849.7472534,127.7661667,309.25,337.1099854,370.7399902,163.8300018,153.6272583,226.0499725,52.60667038,203.8899994,190.4754028,78.87000275,110.9499969,153.6731873,466.2600098,503.1190186,283.5700073,225.4407654,172.0732269,155.4259338,267.8590088,89.56999969,382.1149597,901.6263428,810.0499878,1033.555664,186.0800018,315.6499939,248.75,138.8200073,423.2399902,388.2465515,560.0200195,685.3363647,325.75,181.3894958,90.8340683,127.009201,68.19999695,139.1199951,155.5604858,92.74211884,81.04664612,104.8852463,409.63797,569.9017334,265.6700134,375.1036987,218.7100067,127.3039169,148.3800049,181.5399933,481.2200012,329.9500122,86.11000061,156.5700073,28.29999924,93.48526764,56.16999817,50.12048721,78.35954285,95.12353516,125.4261551,61.88037872,302.5,56.93000031,107.3593216,46.61000061,335.4865723,128.8399963,243.1199951,83.90000153,57.59000015,144.2927551,104.0118713,222.3899994,224.3699951,295.4925232,611.9754639,628.5999756,209.0849762,44.54345322,263.4114685,310.7754517,313.1265259,104.8426895,506.4942322,224.1100006,360.6125183,338.730011,209.1505585,143.1297607,,-0.01838907511,-0.001994705759,0.01286097875,0.0004574521886,-0.0005467471925,0.01405603838,-0.008563377785,0.02809893749,-0.02607546634,0.003291831273,-0.007063773064,0.04300607736,0.01082422592,-0.01283444683,0.02729808106,-0.001931606926,0.004177774522,0.03136221798,0.02049267339,0.006636940429,0.008361339445,-0.006398296603,-0.0084215717,-0.01093501421,-0.0194675126,-0.02548914397,-0.01645033266,0.04,0.01592453929,0.03119962083,0.003883439568,-0.02261078068,-0.009561430754,-0.009888036466,-0.01723050545,-0.0007913896956,-0.009871415714,-0.01914782363,-0.01604134509,0.01578563947,-0.006810140673,-0.06205510782,-0.01389476415,0.004002312808,0.003633236034,-0.007157831808,0.005899614727,0.02459858866,-0.007188303479,-0.009532880232,0.0001227682123,0.08449838026,-0.005568085644,-0.009362878653,-0.01042942519,0.03829188733,-0.009869132518,0.03161196652,0.03242418329,0.003038774387,-0.00551781055,0.0142633632,0.004549689502,0.02179737447,0.01252230642,-0.02424624416,-0.0007116334492,-0.009775191399,0.008686748395,-0.005056261099,-0.01009393833,-0.006201328412,-0.002802063908,-0.02198932828,-0.02083714737,-0.01333617794,-0.004564620667,-0.00324925102,0.05833185541,0.03605826189,-0.01150014055,-0.02815686102,-0.02776740945,-0.01208298704,-0.01141175326,0.01585114879,-0.0019379708,-0.003708794571,-0.05600398746,-0.01216002285,-0.01105550565,-0.01449273399,-0.004151580488,0.02568791248,-0.00484094235,-0.02864944771,0.002130615562,0.07985851471,-0.01235143362,-0.01479154146
2026-04-28,212.9218445,270.4608154,259.7000122,349.5711975,347.2909851,399.8299866,376.019989,504.2900085,872.4980469,127.346962,311.4500122,323.2099915,366.769989,165.9600067,149.5449677,226.4874573,52.38780594,197.6900024,186.6504364,78.34999847,110.0299988,154.6627655,470.2200012,508.6814575,289.2000122,231.3373566,174.9512329,149.4480133,263.6603394,86.86000061,380.6367798,922.484436,817.8699951,1043.877563,189.3424683,315.8999939,251.2299957,141.5299988,430.1400146,382.2130737,563.8599854,730.6787109,330.3399963,180.6664124,90.50524139,127.9248657,67.80000305,135.7799988,156.6867981,93.63472748,81.03669739,96.7131424,411.9316406,575.2880859,268.4700012,361.269989,220.8899994,123.4029083,143.7200012,180.9900055,483.8900146,325.3099976,85.72000122,153.2299957,27.95000076,95.80825806,56.20999908,50.61526108,77.68471527,95.60694885,126.7051086,62.26651382,303.3500061,58.20999908,109.6439896,47.24000168,337.0249634,129.2599945,229.7200012,80.98000336,58.25999832,148.4732971,106.9824982,225.1100006,226.9600067,290.8817139,613.1637573,630.9400024,221.4892578,45.09177017,266.3561707,315.3456726,314.4319153,102.2169495,508.9580688,230.7200012,359.8458252,313.6799927,211.7661743,145.278656,,-0.01588104909,0.01158410277,-0.005438047399,-0.001598436271,-0.002926638906,-0.04392641104,-0.006998242058,-0.03864188865,0.006599259645,0,-0.0005775845489,-0.03412728465,0.03405787163,-0.04047178381,0.01599296145,0.01087245445,0.0005700411466,0.001570562118,0.01937443629,0.03857364712,-0.00181442957,0.01421139647,0.004657705829,-0.0009005904577,0.01630592736,0.02188114414,0.01326552309,-0.001730369021,-0.0166975252,-0.01586224215,-0.05866227723,-0.0120066737,-0.01317581438,-0.006717981825,0.0009465182503,-0.009220933619,-0.03175706422,0.01078413413,0.009694619347,-0.0237652277,-0.006746669967,-0.01701944745,0.01768327211,-0.04791054464,0.0007712450292,-0.004723586103,0.02727277351,0.01921631538,-0.001777986716,0.006825274435,0.01166829458,-0.006231482549,-0.00887776365,0.004415240396,-0.004708197003,0.01856066264,-0.001987992761,0.02169622256,-0.03310009546,-0.0104428019,-0.02938579381,-0.03336902211,0.0005836705127,-0.03147721873,-0.02341020463,0.01771592602,0.004287973174,-0.00156156421,0.007853749575,0.01380908401,0.005586662539,0.006240024856,0.003207888105,-0.03896319337,-0.05323914425,0.00297246728,-0.001793198212,0.01181991786,0.02727844664,0.03343546103,0.008307365046,-0.004659826717,-0.02375345448,0.04702325865,0.008531876489,0.0004805273079,0.007035664394,-0.009948572941,0.005622834074,-0.005059405019,-0.004350965652,-0.006836354899,0.005981129161,-0.0397265032,-0.002064857888,-0.002636928222,0.008370514096,0.003679627239,0.004149931206,0.001783558997
2026-04-27,216.3578339,267.3636475,261.1199951,350.1308594,348.3103638,418.2000122,378.6700134,524.5599976,866.7779541,127.346962,311.6300049,334.6300049,354.6900024,172.9600067,147.1909485,224.0514679,52.35795975,197.3800049,183.1029205,75.44000244,110.2300034,152.4955902,468.0400085,509.1399841,284.5599976,226.3838196,172.6607971,149.7070618,268.1375732,88.26000214,404.3572998,933.6950073,828.789978,1050.937744,189.1634216,318.8399963,259.4700012,140.0200043,426.0100098,391.5175781,567.6900024,743.3297729,324.6000061,189.7578125,90.43549347,128.5319977,66,133.2200012,156.9658813,92.99997711,80.10204315,97.31958771,415.6214294,572.7592163,269.7399902,354.6867676,221.3300018,120.7823868,148.6399994,182.8999939,498.5400085,336.5400085,85.66999817,158.2100067,28.62000084,94.14047241,55.97000122,50.69442368,77.07935333,94.3046875,126.0011826,61.88037872,302.3800049,60.56999969,115.8095932,47.09999847,337.6304016,127.75,223.6199951,78.36000061,57.77999878,149.168396,109.5855331,215,225.0399933,290.7420044,608.8798828,637.2800293,220.250824,45.32106781,267.5201416,317.5163269,312.562439,106.4456635,510.0111694,231.3300018,356.8587341,312.5299988,210.8909912,145.0200043,,0.04004417715,-0.01272786158,-0.01087160583,0.01724741151,0.01811167225,-0.01078625568,0.006298234684,0.05604766522,-0.01774965723,-0.0179341695,0.01086676436,-0.03789423182,-0.0006480642895,-0.001846676291,-0.004835155131,-0.009494484857,0.01114315997,-0.006693179941,-0.002321712825,-0.01552909898,-0.01492402275,-0.008620599009,-0.003555348919,0.0008818271261,-0.000140578159,-0.01694106877,-0.005049798517,0.009472548849,-0.02756741113,-0.008426019346,-0.02920585475,0.01175950275,-0.002407347287,0.01137830877,0.01121916089,0.01515540617,-0.03103292851,-0.01463759143,-0.009946777044,-0.01746886522,0.008975521935,-0.009486831576,-0.004660827415,-0.01808780715,0.02553675912,0.009063935219,-0.01315785421,0.0006760034146,0.002865702152,0.002994990494,0.01435409981,-0.007905105754,-0.01686642394,0.0002956942168,0.001670992889,0.03297943689,0.006686078489,-0.0006570044674,-0.007147199761,0.02442030231,-0.004552531341,0.01096456408,0.01576952678,-0.03712489158,0.01633526258,-0.004722879578,0.007016901346,0.009856121838,-0.0003860749055,0.01464810667,-0.001414326155,-0.0012783877,0.00205459669,-0.007862400462,-0.0382766574,0.01552387644,-0.01268312838,-0.02032204003,0.03898155255,0.005388736923,-0.01584057775,-0.01261992912,0.004553769795,0.003313298503,-0.00771638984,-0.002567852522,-0.009019946876,0.01990909978,0.002500285102,0.001101067033,0.000781573408,-0.00256472742,-0.0002320286853,0.01139973942,-0.0001948513886,-0.004775428492,-0.002477098695,-0.00217104401,-0.005254013059,-0.001506875019
2026-04-24,208.0275421,270.8104858,263.9899902,344.194397,342.1141052,422.7600098,376.2999878,496.7200012,882.440979,129.6725311,308.2799988,347.8099976,354.9200134,173.2799988,147.9060974,226.1991119,51.78095627,198.7100067,183.5290222,76.62999725,111.9000015,153.8216248,469.7099915,508.6914063,284.6000061,230.2850952,173.5371246,148.3022614,275.7389832,89.01000214,416.5221863,922.8428345,830.789978,1039.11438,187.0647125,314.0799866,267.7799988,142.1000061,430.2900085,398.4785461,562.6400146,750.4491577,326.1199951,193.2533417,88.18357086,127.3774567,66.87999725,133.1300049,156.5173492,92.72227478,78.96852112,98.09503937,422.7517395,572.5899048,269.2900085,343.362854,219.8600006,120.8617935,149.7100067,178.5399933,500.8200073,332.8900146,84.33999634,164.3099976,28.15999985,94.58719635,55.58000183,50.19964981,77.10912323,92.94324493,126.1796417,61.9595871,301.7600098,61.04999924,120.4188232,46.38000107,341.9676208,130.3999939,215.2299957,77.94000244,58.70999908,151.0749512,109.088768,214.2899933,226.7899933,291.490509,614.421936,624.8400269,219.7015076,45.27122116,267.3112183,318.3327637,312.6349792,105.2458878,510.1105652,232.4400024,357.7449036,313.2099915,212.0048676,145.2388611,,0.04322778898,-0.008667702544,0.03493017226,0.01625888135,0.01353074637,0.006715262437,0.006903528213,0.03113842058,-0.03671331642,-0.01598115197,-0.01094036907,0.1391281985,0.001015387725,-0.01701837997,-0.01076191703,-0.01365705968,-0.008004619253,-0.01114700308,-0.01273991691,0.004588338748,-0.02373059811,-0.001669882575,0.006449494685,0.004408931483,0.008004568233,0.003894724372,-0.02810937508,0.1112356471,-0.01803483398,0.004741007063,0.03250719236,-0.004713830468,-0.005327824648,-0.00806859553,-0.003074419709,-0.01403233838,0.03565903971,-0.001686035131,-0.01105492413,-0.01067146409,-0.04951431194,-0.01886375851,-0.0203076474,0.06586317822,-0.004723311734,-0.00412412753,-0.00402091238,-0.005527678056,-0.008336050756,-0.00447243435,-0.0135387552,-0.008740269166,-0.001366308714,-0.02135586668,-0.01405922553,-0.004418273879,-0.02323513178,-0.02098580993,-0.003129484517,0.03077181667,0.096246034,0.05904631715,0.01909127792,-0.007550132994,0.008234856417,-0.01007789237,-0.01854139533,-0.01303507044,0.0215618823,-0.001483890518,-0.006013698925,0.0009597109368,-0.006224219229,-0.006994149453,0.0867999569,-0.0177890752,-0.0116746731,-0.02424427947,0.001302622858,-0.01166622067,-0.005252480022,-0.01750087921,-0.004442814559,0.006292539831,0.007731571699,-0.002186369482,-0.005800744739,-0.01357662218,-0.01256848773,-0.016673885,-0.00943749465,-0.00538208411,-0.01199416942,-0.006498370654,-0.03084231177,-0.007302974587,-0.029313244,-0.01725706802,-0.005458615544,0.007939835197
2026-04-23,199.4075928,273.1783142,255.0800018,338.6877136,337.5468445,419.9400024,373.7200012,481.7200012,916.0730591,131.7785034,311.6900024,305.3299866,354.5599976,176.2799988,149.5151672,229.3311005,52.19878769,200.9499969,185.8973389,76.27999878,114.6200027,154.0789185,466.7000122,506.4584656,282.3399963,229.3916779,178.5562286,133.457077,280.8032227,88.58999634,403.4085083,927.213562,835.2399902,1047.566772,187.6416016,318.5499878,258.5599976,142.3399963,435.1000061,402.7767639,591.9500122,764.8776245,332.8800049,181.3115845,88.60206604,127.904953,67.15000153,133.8699951,157.8330536,93.13883209,80.05233002,98.9599762,423.3301392,585.0848999,273.1300049,344.8866577,225.0899963,123.4525452,150.1799927,173.2100067,456.8500061,314.3299866,82.76000214,165.5599976,27.93000031,95.55014038,56.63000107,50.86264801,75.4815979,93.08136749,126.9430389,61.90018082,303.6499939,61.47999954,110.8012772,47.22000122,346.0071411,133.6399994,214.9499969,78.86000061,59.02000046,153.7659912,109.575592,212.9499969,225.0500031,292.1292114,618.0068359,633.4400024,222.4979706,46.03886795,269.8580017,320.0553284,316.4302979,105.934288,526.3442383,234.1499939,368.5482483,318.7099915,213.1684723,144.0947723,,-0.01412347439,0.0009516944881,-0.001096486445,-0.001267255695,0.00005913157417,-0.006411904636,-0.03558619958,-0.01181588914,-0.004156298645,0.01577167074,-0.004248887033,0.006162245996,0.002941866308,-0.05984000651,0.006889632196,0.02012379047,-0.01223638503,0.002244373807,0.006869923849,0.02210909268,0.01532468214,0.01241958342,-0.09198795684,0.0271723963,0.02189723698,-0.08250614377,-0.008899513904,-0.01558032156,0.1943210639,-0.01347446183,0.001065747447,-0.003786818375,0.03260103017,-0.008470843729,-0.01256226349,-0.04310605697,-0.02632269085,0.006505431911,-0.005872020576,0.05888522596,0.02062108342,0.02603873921,0.02289282603,0.001859805817,-0.03042203494,-0.009404207561,0.03022401368,0.006465684128,-0.0007571787316,0.02220527649,-0.0008687130192,0.0002010290497,0.0256844005,-0.003324182785,0.02261413242,0.0551188395,0.0001332923648,0.01443725536,0.01383911244,-0.04409486959,-0.04276495672,-0.05210940425,-0.04971861734,0.0523772556,-0.0203437362,0.06944441005,0.0005300811803,0.00883222213,-0.0118228391,-0.005271497404,0.0222753935,0.02575876418,0.02321736051,-0.1262080869,-0.007063053957,0.02696828384,0.007805227876,0.005568137902,-0.0112695355,0.04085001314,0.003741517407,-0.005139660127,-0.01235785999,-0.006114055784,-0.01059528529,0.008962143933,0.01351040379,0.0320309756,0.01272846529,0.06947655627,0.0876504594,0.07746462088,0.01746336066,0.02298195627,-0.04616248375,0.01240917992,0.008885714345,-0.006329110311,-0.02559439945,-0.00644808527
2026-04-22,202.264267,272.9185791,255.3600006,339.1174622,337.526886,422.6499939,387.5100098,487.480011,919.8964233,129.7324066,313.019989,303.4599915,353.519989,187.5,148.4921112,224.8071289,52.84542465,200.5,184.628952,74.62999725,112.8899994,152.188797,513.9799805,493.0608215,276.2900085,250.0198517,180.1595612,135.5692902,235.1153564,89.80000305,402.9790344,930.7380981,808.8699951,1056.516357,190.0287933,332.8999939,265.5499878,141.4199982,437.6700134,380.3781128,579.9899902,745.4666138,325.4299927,180.9750061,91.38209534,129.1192169,65.18000031,133.0099945,157.952652,91.11558533,80.12193298,98.94008636,412.7294312,587.0363159,267.0899963,326.8699646,225.0599976,121.6955948,148.1300049,181.1999969,477.2600098,331.6099854,87.08999634,157.3200073,28.51000023,89.34558868,56.59999847,50.41735077,76.3846817,93.574646,124.1769485,60.3457489,296.7600098,70.36000061,111.5894394,45.97999954,343.3273926,132.8999939,217.3999939,75.76499939,58.79999924,154.560379,110.9466553,214.2599945,227.4600067,289.5343628,609.7686157,613.7800293,219.7015076,43.04803848,248.1109619,297.0448608,310.9992065,103.5544052,551.8175049,231.2799988,365.3022766,320.7399902,218.7677002,145.0299377,,0.01310783091,0.02629899524,0.0218078383,0.02115626211,0.02196874831,0.05092368845,0.002820755396,0.08478349212,0.02044245448,0.002931951822,0.00006386266349,0.06668073349,0.02170451442,0.03493956999,0.007683974481,-0.0002652530873,-0.006731557104,-0.02252337767,0.001828153111,-0.0009370776129,0.002931786054,-0.007294122799,-0.02018801439,-0.0004446354336,-0.03641056758,-0.01494052568,-0.03344548602,0.003762243305,0.01355351856,0.001114895283,0.02320400026,0.00894721015,0.01051906151,0.01881390039,0.009191346436,0.009430198826,0.02778957623,-0.003523111658,0.002473755924,0.01638822378,-0.0124467865,-0.001043636008,-0.01172223805,0.01494922934,-0.002827019335,-0.01480856662,0.008197970097,0.004379686349,-0.004897940271,-0.0005438857376,-0.01189453413,0.01758681986,0.01017817977,-0.03519713701,-0.01460981971,0.0002743759139,-0.01311118375,0.01945778081,-0.02501143932,0.03566523774,0.0207023899,0.01770804407,0.02146368937,0.03971984576,-0.008692628582,-0.006622485659,-0.004222408125,-0.002349684859,-0.006582305962,-0.0165888772,-0.003342049229,-0.0022916807,0.006716910898,0.04129052728,0.02333021311,-0.006267579699,0.003073822472,-0.002925946502,0.0001839956111,-0.01202168113,-0.009934335051,-0.006637376863,0.006761683406,0.0297990821,0.03292311784,-0.002098362835,-0.006265320009,0.0130221896,-0.01978436882,-0.004380895748,-0.007363186752,-0.0128714764,-0.02189614565,-0.00950050539,-0.02888371732,0.05530203922,-0.02995683349,-0.01468419434,-0.0101250983,-0.01811815972
2026-04-21,199.6473236,265.9250183,249.9100037,332.0916443,330.2712402,402.1700134,386.4200134,449.3800049,901.4682007,129.3531494,313,284.4899902,346.0100098,181.1699982,147.3598022,224.8667755,53.2035675,205.1199951,184.292038,74.69999695,112.5599976,153.3070374,524.5700073,493.2801514,286.730011,253.8119354,186.3935852,135.0611572,231.9713287,89.69999695,393.8403625,922.484436,800.4500122,1037.006226,188.2980804,329.7900085,258.3699951,141.9199982,436.5899963,374.2449036,587.2999878,746.2454224,329.2900085,178.3094177,91.64116669,131.0600281,64.65000153,132.4299927,158.7301025,91.16516876,81.08641815,97.2301178,408.5709229,608.4520874,271.0499878,326.780304,228.0500031,119.3728638,151.9299927,174.9600067,467.5799866,325.8399963,85.26000214,151.3099976,28.76000023,89.94122314,56.84000015,50.53609467,76.89080048,95.15312958,124.5933456,60.48435974,294.7799988,67.56999969,109.0453873,46.27000046,342.2752991,133.2899933,217.3600006,76.68690491,59.38999939,155.5931091,110.2015076,208.0599976,220.2100067,290.1431885,613.6130981,605.8900146,224.1358948,43.23745728,249.9514008,300.9181213,317.9613342,104.5476608,568.2301025,219.1600037,376.5835266,325.519989,221.0054016,147.7061005,,-0.01078878712,-0.025196704,0.006565188057,-0.0152036488,-0.01469885996,0.006355900493,-0.01549041165,0.002140830976,-0.01834984277,0.0131332966,-0.01258711744,0.03469713622,0.06964881295,0.02021621974,0.004604650713,-0.01963677609,-0.008711781962,0.006921547086,0.01489772717,-0.01033394772,-0.03877029013,-0.01318564147,-0.002756572285,-0.006644573807,-0.05556651771,0.007764731813,-0.04402669387,-0.01425248565,-0.00235347219,0.02268838085,0.006919893629,-0.01612972102,0.002567619903,-0.005312902127,-0.007288926773,-0.000242479078,-0.0182018866,-0.02144384359,-0.00589734592,-0.01516855981,-0.01214430381,-0.002735394988,-0.002121220977,-0.01105070097,-0.01266774308,-0.01029692648,0.0006191133749,0.02531734996,-0.00275536708,-0.01700360196,-0.005123797892,-0.01162191807,0.00522605898,-0.06978897512,-0.005977720869,0.02739854308,0.004492817152,0.03271794201,-0.005758817465,0.03184718821,0.01438328276,0.0230455144,0.03220343476,0.02347132918,0.03416040206,-0.01532444544,-0.002807014867,0.004523936478,-0.002831347897,-0.05994151727,-0.01712814126,-0.01816136308,-0.004626017712,-0.03719009118,-0.04824094543,-0.003660598061,-0.01513604572,-0.01898875339,0.03337455736,0.01018536385,0.00439706269,-0.01229192598,-0.03320849801,0.0286759775,0.05187485213,-0.013739414,-0.02049896554,0.00152080928,0.004655732866,-0.007778490551,-0.003687813871,-0.006280181747,0.002107907433,-0.007468932864,-0.01605073057,-0.02630175103,-0.0356460167,-0.01993143055,-0.03273265225,-0.01935265769
2026-04-20,201.8247681,272.798645,248.2799988,337.2185974,335.1982727,399.6300049,392.5,448.4200134,918.3192139,127.6763382,316.9899902,274.9500122,323.480011,177.5800018,146.6843719,229.3708801,53.67113876,203.7100067,181.5868073,75.48000336,117.0999985,155.3554993,526.0200195,496.5797119,303.6000061,251.8563385,194.9778137,137.0139465,232.5185547,87.70999908,391.1337585,937.6077881,798.4000244,1042.545166,189.6806488,329.8699951,263.1600037,145.0299988,439.1799927,380.0090942,594.5200195,748.2922974,329.9899902,180.3018799,92.81694794,132.423584,64.61000061,129.1600037,159.1686707,92.74211884,81.50402832,98.37340546,406.4468079,654.1011353,272.6799927,318.0657654,227.0299988,115.5909653,152.8099976,169.5599976,460.9500122,318.5,82.59999847,147.8399963,27.80999947,91.3409729,57,50.3085022,77.10912323,101.2204361,126.7645874,61.60315704,296.1499939,70.18000031,114.5724716,46.43999863,347.535614,135.8699951,210.3399963,75.91369629,59.13000107,157.5294495,113.9868393,202.2599945,209.3500061,294.1851196,626.4547729,604.9699707,223.0972137,43.57641602,250.8765869,302.8198853,317.292511,105.3343964,577.4993896,225.0800018,390.503418,332.1400146,228.4842987,150.6210175,,0.001884196631,0.01043547537,-0.009099612075,-0.01246777444,-0.01178548904,-0.01699710611,-0.02026857175,-0.01461312279,-0.007691217442,0.003294094766,0.02159264399,-0.01235677381,-0.003542475678,0.01439508916,0.008467550271,-0.01490301558,0.0007420086655,-0.02241097063,-0.004022001033,-0.003432723979,-0.01654489986,-0.004312756822,-0.001101321841,0.01202689372,-0.001742671788,0.000946874426,-0.003207458697,0.009691722489,0.01688269665,0.01692752562,-0.01340250547,0.01705274256,0.006631880461,-0.003535595665,0.009956482434,-0.005487073203,-0.016591937,-0.0004824763699,-0.004578466626,0.02584453701,0.006875990596,-0.001545565726,-0.002539057437,0.007748041327,0.009427834768,0.006581947731,0.006856824902,0.005684116078,-0.006161235967,-0.01058083704,0.006878755745,-0.01050002751,0.003348122639,-0.01244634675,0.001542580236,-0.01142238928,0.009875011097,0.003533258318,0.01158480093,0.01018761628,0.02529032869,0.02401697987,0.00928643903,0.05834343012,0.05181538972,0.0003261103607,0.001229574819,0.005339138879,-0.004866842925,0.009345785149,-0.001327793278,-0.00320403812,0.01487267871,-0.000427272179,-0.01424894954,-0.002363063634,-0.01446654674,-0.01285966493,0.02534852766,-0.009314385888,-0.01728431332,0.0006307826182,-0.00104479046,0.03262367667,0.04507786766,0.01048985685,0.008568845904,0.005133856907,0.02580822509,0.009002706651,0.004141106533,0.005787422186,0.003516976763,0.006294593568,-0.01842315504,0.007610336248,-0.006636106559,-0.01234052095,-0.01631346169,-0.02038182793
2026-04-17,201.4452057,269.9812622,250.5599976,341.4760437,339.1958618,406.5400085,400.6199951,455.0700073,925.4369507,127.2571411,310.2900085,278.3900146,324.6300049,175.0599976,145.4527435,232.8409119,53.63134384,208.3800049,182.3200989,75.73999786,119.0699997,156.0284119,526.5999756,490.6783752,304.1300049,251.6180878,195.6052094,135.6987915,228.6581879,86.25,396.4471436,921.887085,793.1400146,1046.244263,187.8107147,331.6900024,267.6000061,145.1000061,441.2000122,370.4353638,590.460022,749.4506226,330.8299866,178.9156342,91.95005798,131.5576782,64.16999817,128.4299927,160.155426,93.73390198,80.94721222,99.41728973,405.0905151,662.3449097,272.2600098,321.7408142,224.8099976,115.1839905,151.0599976,167.8500061,449.5799866,311.0299988,81.83999634,139.6900024,26.44000053,91.31119537,56.93000031,50.04132462,77.48623657,100.2832108,126.9331284,61.80117035,291.8099976,70.20999908,116.2286072,46.54999924,352.6370544,137.6399994,205.1399994,76.62743378,60.16999817,157.4301453,114.1060562,195.8699951,200.3200073,291.1311951,621.1323853,601.8800049,217.4843292,43.18761063,249.8419647,301.0774231,316.1805115,104.6755066,588.3384399,223.3800049,393.1121521,336.2900085,232.2734833,153.7548218,,0.01678844153,0.02593021155,0.003444135446,0.01684431209,0.01992374868,0.020252484,0.03013628543,-0.004724107364,0.02548703055,0.02147092664,0.001096939263,0.0004672064912,0.02601141323,-0.01839182935,-0.03645219106,-0.001534916102,0.007475267146,-0.002918802786,-0.02210998974,0.007448757067,0.03126624492,-0.004482879074,0.02054258834,-0.01400182438,0.01957824993,0.009840623192,0.00291034654,0.01286520109,0.03012105381,0.02071005917,0.01805588862,0.02883338608,0.02846016124,0.02652820462,0.008007725101,0.01820356243,0.02544456954,0.02060918599,0.01273962674,0.04988708791,0.01073284292,0.006125987731,0.007338082474,0.0326194934,-0.003670984064,0.02195763703,-0.01185716421,-0.0420676836,0.02031998706,-0.004109644895,0.001969296614,0.01667340505,0.03432372993,-0.01116283367,0.02503680125,0.02289273416,0.02153855626,-0.04548818329,0.01409768226,0.005270437063,0.01910913021,0.01325908078,-0.00679617934,0.04738702524,0.02124376815,0.001633466326,0.02613555831,0.02306292164,0.01284218271,0.01874123427,-0.004664634602,-0.0009603253599,-0.01826804217,0.02826596865,0.02724620654,-0.004916621382,0.0169150678,-0.00656805227,0.02181711996,0.006641580084,0.02052237285,0.0240278782,0.02398353806,0.02095381228,0.02334614214,0.02075015255,0.02309295663,0.02461615606,0.01961884439,0.01404496923,0.0002787572667,-0.000826120519,0.03019324644,0.01313536177,-0.02518561682,0.02055921007,-0.003432882517,0.004090514339,0.01817947955,0.02656922123
2026-04-16,198.1190948,263.1575317,249.6999969,335.819397,332.5698242,398.4700012,388.8999939,457.230011,902.4365234,124.5822449,309.9500122,278.2600098,316.3999939,178.3399963,150.9553986,233.1988525,53.23340988,208.9900055,186.442337,75.18000031,115.4599991,156.7310181,516,497.6463318,298.2900085,249.1661377,195.0375824,133.975174,221.9721527,84.5,389.4158936,896.0509033,771.1917725,1019.206543,186.3187256,325.7600098,260.9599915,142.1699982,435.6499939,352.8335266,584.1900024,744.8874512,328.4200134,173.263855,92.28884888,128.7310486,64.94000244,134.0700073,156.9658813,94.12070465,80.78811646,97.78684998,391.6477051,669.8220215,265.6099854,314.5401306,220.0700073,120.6731949,148.9600067,166.9700012,441.1499939,306.9599915,82.40000153,133.3699951,25.88999939,91.16228485,55.47999954,48.91324234,76.50376129,98.43835449,127.5279999,61.86057663,297.2399902,68.27999878,113.145813,46.77999878,346.7713928,138.5500031,200.7599945,76.12186432,58.95999908,153.7361908,111.4334869,191.8500061,195.75,285.2129822,607.1123657,587.4199829,213.2996368,42.58944321,249.7723389,301.326355,306.9137878,103.3183823,603.5389404,218.8800049,394.4663086,334.9200134,228.1262665,149.7754059,,-0.002614769797,-0.01137263363,0.004828961562,-0.003262997962,-0.005082750702,0.004411171594,-0.007781651271,0.002191876851,-0.001149195364,0.0004809025209,0.013140325,0.0780257827,0.007482904617,0.05023260645,0.01993157921,-0.01730422949,-0.01491162891,0.002734897463,0.01752199899,-0.001726161966,-0.0206955251,0.02279620867,-0.02947313825,0.002570601628,-0.04981997418,0.02532676445,-0.01280306994,0.01067271767,0.0314855817,0.02598347953,-0.01105868518,0.0005669759897,0.003233081268,-0.02255386476,-0.02244020879,-0.0100285292,-0.01583953895,0.01717102256,-0.01369712054,0.01684190029,0.01309306951,-0.01051818932,0.003513992889,-0.007585338334,-0.07629388135,-0.01784499598,0.008072093872,0.02055273127,-0.01716276928,0.002747263019,0.01195657814,0.0002034412394,-0.005897758653,-0.008576602985,0.004614284336,0.01491104802,-0.008961498047,0.02228392038,0.01347129571,0.01742733898,0.006158014858,0.009404752694,0.03465597887,-0.009138268429,0.05158401735,0.006466531649,-0.01578852948,-0.003226414057,-0.005547019002,0.003621044247,0.005078984987,0.001603046245,0.006876456889,-0.006113510737,0.003273200186,0.03886298129,0.003360013944,-0.008728634066,0.01204818999,0.02400321935,0.01848332538,-0.004501023584,0.04121804278,0.01186708823,0.00844881451,-0.0187810822,-0.01452337594,-0.007434734141,0.04084023985,0.01472688019,0.01225659952,0.01652624634,0.04373560991,0.0143864231,-0.005907324344,-0.02255163649,-0.004923008562,-0.01168552702,-0.01210218326,-0.004562266978
2026-04-15,198.6384888,266.1847534,248.5,336.9187622,334.2688293,396.7200012,391.9500122,456.230011,903.4747925,124.5223618,305.9299927,258.1199951,314.0499878,169.8099976,148.0054169,237.3052368,54.03922272,208.4199982,183.2317505,75.30999756,117.9000015,153.2377777,531.6699829,496.3703613,313.9299927,243.0114441,197.5670471,132.5603943,215.1965637,82.36000061,393.7704773,895.5431519,768.7064819,1042.723999,190.5957336,329.0599976,265.1600037,139.7700043,441.7000122,346.989563,576.6400146,752.805603,327.269989,174.5881653,99.91148376,131.0699921,64.41999817,131.3699951,159.7068939,93.86283875,79.83358002,97.76696014,393.9712524,675.6165161,264.3900146,309.9189148,222.0599976,118.0427399,146.9799957,164.1100006,438.4500122,304.1000061,79.63999939,134.6000061,24.62000084,90.5765686,56.36999893,49.07156754,76.93049622,98.08319092,126.8835602,61.76156998,295.2099915,68.69999695,112.7766724,45.02999878,345.6101379,139.7700043,198.3699951,74.33752441,57.88999939,154.4312897,107.0222397,189.6000061,194.1100006,290.6721191,616.0596313,591.8200073,204.9302368,41.97133636,246.7480469,296.4275208,294.0531921,101.8530807,607.1254272,223.9299927,396.4178772,338.8800049,230.9209137,150.461853,,0.01200957408,0.02936295529,-0.002088202809,0.01264606688,0.01176721076,0.04186144885,0.07619439613,-0.0202508109,-0.01893762882,-0.002319104188,-0.01668167435,0.01195745366,-0.0004456368673,0.04177912613,-0.001541176707,-0.005955877761,0.01818179466,-0.0005275049681,-0.01128222254,-0.007773438148,-0.01717237058,-0.005586882599,0.008440522845,-0.003422417154,-0.01279876517,0.01885378743,-0.0217937582,0.00158085888,-0.01178781265,-0.003026267984,-0.003488042965,-0.01114740385,-0.03031798319,-0.005651793768,0.04516203637,0.006422822848,-0.02661429427,0.01019083301,-0.005807118437,-0.001893304629,-0.03254809089,-0.002091293438,0.004696993999,-0.02661605304,0.01921119535,0.01628338653,-0.01828717658,-0.008982675225,-0.0003120398081,-0.0137557093,-0.01725817587,-0.00132027147,-0.01701920162,-0.002264201079,-0.02887046961,-0.006925222384,0.003887887081,0.001094325302,-0.01169987546,0.01559505124,0.04691983044,0.04012043364,0.01194412297,0.005753599805,0.006130017576,-0.0007666759166,0.004991955403,0.001211370916,0.01946340094,0.00668276247,-0.01386960644,-0.02087584257,-0.004787153708,0.008514413867,-0.05247273751,-0.009894475978,-0.007778957642,-0.004841528591,0.01100855374,-0.03388311431,-0.003271391794,-0.001348466497,-0.02551114121,-0.002315234678,-0.00609320237,-0.01889772231,-0.02197208041,-0.004340540013,-0.0248087184,-0.009644827914,-0.01591010886,-0.006640032767,-0.01410271548,0.003390762236,-0.0007849355854,0.0007149680487,0.0001506791263,-0.002942214857,-0.004501821134,-0.008587304463
2026-04-14,196.2812347,258.5917358,249.0200043,332.7112732,330.3811646,380.7799988,364.2000122,465.6600037,920.9147339,124.8118134,311.1199951,255.0700073,314.1900024,163,148.2338715,238.727066,53.07423782,208.5299988,185.3226013,75.90000153,119.9599991,154.0987091,527.2199707,498.0749817,318,238.5145416,201.9687042,132.3511658,217.7635193,82.61000061,395.1487732,905.6386719,792.7407837,1048.650757,182.3599854,326.9599915,272.4100037,138.3600006,444.2799988,347.6477661,596.039978,754.3832397,325.7399902,179.3620758,98.02824402,128.9699249,65.62000275,132.5607452,159.7567444,95.17199707,81.23555756,97.89620972,400.7924194,677.1497192,272.25,312.0801392,221.1999969,117.9137039,148.7200012,161.5899963,418.7999878,292.3699951,78.69999695,133.8300018,24.46999931,90.64606476,56.09000015,49.01219559,75.46175385,97.4320755,128.6681366,63.0783844,296.6300049,68.11999512,119.0220871,45.47999954,348.3197021,140.4499969,196.2100067,76.94464874,58.08000183,154.6398163,109.8239746,190.0399933,195.3000031,296.2709656,629.8998413,594.4000244,210.143631,42.38008499,250.7373047,298.4089661,298.2594604,101.5088882,607.602356,223.7700043,396.3581543,339.8800049,231.9651794,151.7651062,,0.03803286541,-0.001427586909,0.03805913088,0.03610221659,0.03561917819,0.002712307516,0.03342602103,0.09166355572,-0.007584268832,0.003853333757,-0.008161175779,0.03338332225,0.003801924733,0.04742324325,-0.02227461321,0.008993102697,0,0.01835611855,-0.02482010004,-0.00667454668,-0.001581376937,-0.001026471429,0.02526105192,-0.01811854094,0.01955757045,0.01030190282,0.0069509341,0.01219131796,0.00996715688,0.003157281616,-0.000227469603,0.02114975613,0.00318296323,0.03019595082,0.01214525799,0.00969669588,0.0190408357,0.008822506509,0.009612569262,-0.004028484851,-0.01160785397,0.01212380326,-0.01284932605,0.01533820945,0.01642729006,0.02613245579,-0.01781162783,-0.02460586503,0.005962473008,0.0003127384631,-0.05701755707,0.0101559172,-0.003619562434,-0.001732011118,-0.008232886544,-0.008605711483,-0.0004519028565,-0.03907136919,0.02374885969,-0.005661179005,0.002465468575,0.01446905876,-0.000508012657,0.01926884022,-0.013704158,-0.01072591384,-0.007432280683,-0.009598030212,0.009023336154,0.002843241265,-0.004754576445,0.0117516034,-0.006763733651,0.003527837184,0.0240343577,0.001321034252,0.003230292303,0.01021360988,-0.01019012792,-0.006018613973,0.0003444791128,0.001930112965,0.002812292944,0.001950730852,-0.0008696893021,-0.0009760548081,-0.007067620908,-0.002416760165,0.01338916943,0.003778053049,0.002785066556,0.007191780681,-0.004705703119,0.01176247556,-0.01308708684,0.007337736955,0.009151847475,-0.002582476986,-0.001711962196,-0.001570812126
2026-04-13,189.0896149,258.9614258,239.8899994,321.1181946,319.0180054,379.75,352.4200134,426.5599976,927.9525757,124.3327179,313.6799927,246.8300018,313,155.6199951,151.6109467,236.5993042,53.07423782,204.7711945,190.0393982,76.41000366,120.1500015,154.2570496,514.2299805,507.2658997,311.8999939,236.0824432,200.5745239,130.7570648,215.6144562,82.34999847,395.238678,886.8813477,790.2255249,1017.913879,180.1717529,323.8200073,267.3200073,137.1499939,440.0499878,349.0539246,603.039978,745.3468018,329.980011,176.6525421,96.44393158,125.6854553,66.80999756,135.9048004,158.809845,95.14224243,86.1474762,96.91197968,402.2483826,678.324585,274.5100098,314.7891235,221.3000031,122.7080765,145.2700043,162.5099945,417.769989,288.2000122,78.73999786,131.3000031,24.80999947,91.6288681,56.50999832,49.48717499,74.78692627,97.15583801,129.2828217,62.3457222,298.6499939,67.88052368,116.2286072,45.41999817,347.1981506,139.0299988,198.2299957,77.41055298,58.06000137,154.3419189,109.5159836,189.6699982,195.4700012,296.5604248,634.3834229,595.8400269,207.367157,42.22057343,250.0409241,296.2781982,299.6696167,100.3287735,615.6595459,222.1399994,392.7636414,340.7600098,232.3629761,152.0038757,,0.003604892099,-0.004913954204,0.006334400855,0.01282938922,0.01105414395,0.02206974156,0.009944121219,0.01419434906,-0.01055914668,-0.01735425579,0.01229547106,0.007304964879,0.02848885687,0.126946189,0.0008524794531,-0.002096811676,0.01541681878,-0.007069327428,0.01713073011,-0.01368268416,-0.01045953436,-0.007513020183,0.03652414919,0.01136837189,0.01151285138,0.03059464607,-0.0007441480159,0.02483222074,0.009220933074,0.001581090385,-0.009411946473,-0.01873760858,0.00135325585,0.02435681114,0.01970277694,0.03291868365,0.01388152777,-0.0002916287208,0.008664356647,-0.0003712622401,-0.00323970574,-0.003218136886,0.006312730021,0.01813185823,0.02099150494,0.01519410055,-0.008459479342,0.005653873509,-0.01404702501,-0.01255792287,0.01451987468,0.009109791047,0.0008933025168,0.01125084088,0.01474944889,0.01457325113,0.008456559361,0.008731100944,0.03211370709,0.04353688413,0.06508769992,0.08484532197,0.02659714468,0.02186938624,-0.003214139239,-0.01892008972,0.0152712626,0.008266096894,0.02003254956,0.01630545516,-0.01054712873,-0.01961700922,-0.0002008555466,0.003392180831,-0.03639375598,-0.01346661021,-0.003418530897,0.0002877421725,0.03164195693,-0.0156309908,-0.009553012091,0.007845890814,-0.0009063510766,0.01907373278,0.02571230366,0.005651822328,0.005953704251,0.01790358372,-0.003455709922,0.002604101793,0.00331319586,0.004286331407,-0.005854374633,0.003146529743,0.00972753181,0.02072322017,0.0001267441109,0.01673882134,-0.005956438602,0.01643160657
2026-04-10,188.4104156,260.2402344,238.3800049,317.0506287,315.5300903,371.5499878,348.9500122,420.5899963,937.8555298,126.5285263,309.8699951,245.0399933,304.3299866,138.0899963,151.4818115,237.0964508,52.26842499,206.2290955,186.8387146,77.47000122,121.4199982,155.4247589,496.1099854,501.5639343,308.3500061,229.0740051,200.7238922,127.5887527,213.644455,82.22000122,398.993988,903.8167114,789.1575928,993.7102661,176.6904602,313.5,263.6600037,137.1900024,436.269989,349.1835632,605,747.7531738,327.9100037,173.506546,94.46105194,123.8043594,67.37999725,135.1407318,161.0724335,96.35222626,84.91452789,96.03710175,401.8893738,670.777771,270.519989,310.2675171,219.4442596,121.6459732,140.75,155.7299957,392.2399902,265.6600037,76.69999695,128.4900055,24.88999939,93.39592743,55.65999985,49.08146286,73.31817627,95.59708405,130.6609192,63.5932312,298.7099915,67.65103912,120.6183624,46.04000092,348.3891296,138.9900055,192.1499939,78.63977051,58.61999893,153.1403961,109.6153336,186.1199951,190.5700073,294.8937378,630.6288452,585.3599854,208.0862427,42.11091232,249.2152252,295.0136719,301.4343262,100.0140762,609.7283936,217.6300049,392.7138672,335.1499939,233.7553253,149.5465851,,0.0256647419,-0.00003834482173,0.02024400218,-0.003924717523,-0.002054615298,0.04688508061,0.009634908677,-0.002182660925,-0.01645746681,-0.01827617307,-0.001482265572,0.0354969317,-0.008406428787,0.001668328206,-0.01631844233,-0.01181049782,-0.003225185048,-0.02099807212,-0.009508255202,-0.009081594803,-0.01027064015,-0.002730422208,-0.008692015701,-0.0002980508629,-0.01491912042,-0.02706804506,-0.008022081556,0.00242656657,-0.00116288659,-0.01142235144,0.00422313016,0.004514713112,0.00456123686,-0.002306266279,-0.002918762614,-0.01343735772,0.01893644192,-0.006013634295,-0.02352390392,-0.003472156297,-0.02103559871,-0.02471832616,-0.01510782346,0.005801062896,-0.02539313471,-0.004242709414,-0.001185915093,-0.002855455646,-0.02060606387,-0.004508572886,-0.007207566259,-0.003301721038,0.006392975529,-0.02438569051,-0.009737183298,-0.01685233647,-0.009407307787,-0.007451159503,0.02229813689,-0.06742924364,-0.03131488386,-0.05462441041,-0.04909504753,0.07191132666,0.002416410235,-0.004233653212,-0.01189422975,-0.01743264405,-0.01031480771,-0.002059658989,-0.009097722844,0.001871818027,0.003257880206,0.02031621073,0.0158810184,-0.0219238127,-0.01287975783,-0.02181709427,-0.02620116175,0.006215171023,-0.01429295899,-0.007976352452,0.005742972225,0.01152171259,0.003000038549,0.00839540051,0.009640332678,0.005669497658,-0.005489260787,-0.00588376255,-0.002548262383,0.003352566923,-0.007745340525,0.0005902462288,-0.01626941432,-0.01104240981,-0.02221288134,-0.02091672377,-0.004320977343,-0.001196035107
2026-04-09,183.6959076,260.2502136,233.6499939,318.2998657,316.179718,354.9100037,345.6199951,421.5100098,953.5485229,128.8840332,310.3299866,236.6399994,306.9100037,137.8600006,153.9947662,239.9301453,52.43754578,210.6523895,188.6322784,78.18000031,122.6800003,155.850296,500.4599915,501.7134705,313.019989,235.4470978,202.3471375,127.2798996,213.8931885,83.16999817,397.3160706,899.7545776,785.5744019,996.0073242,177.2076874,317.769989,258.7600098,138.0200043,446.7799988,350.4002075,618,766.704834,332.9400024,172.5058289,96.92221069,124.3318634,67.45999908,135.5277252,164.4613342,96.78860474,85.53099823,96.35523987,399.3364258,687.5440063,273.1799927,315.5858765,221.528244,122.5591812,137.6799927,166.9900055,404.9200134,281.0100098,80.66000366,119.8699951,24.82999992,93.79301453,56.33000183,49.95226288,74.08232117,95.79438782,131.8605499,63.47441864,297.7399902,66.30399323,118.7327652,47.0719986,352.934845,142.0899963,197.3200073,78.15402985,59.47000122,154.3717194,108.9894104,184,190,292.4385986,624.6074219,582.0599976,209.234787,42.36014938,249.8519135,294.0279236,303.787262,99.95507813,619.8123779,220.0599976,401.6353455,342.3099976,234.7697601,149.7256622,,0.01005050464,0.006141348348,0.05604517015,0.003687064768,0.005178905574,0.0122065959,0.006904574267,0.03633859902,0.001982551723,0.01469427997,0.007663036472,0.0207919589,0.003039390295,-0.03702153476,-0.007553437836,0.00004140322987,0.01599839287,0.003828129931,-0.01311626722,0.01151506507,-0.004059100493,0.01737732371,-0.005958765445,0.005634561663,0.01610073198,-0.0188633212,-0.001425156183,0.001882234075,0.02910479647,-0.006332124237,0.03134396106,-0.002241264844,0.02007561534,0.00007991528,0.01215767563,0.004520429577,0.04977891192,0.004439273663,0.006442569078,0.01487534494,0.01424537611,-0.009902947302,0.0009018391647,0.03284031356,0.005894526272,0.01157991605,0.009880179679,-0.01776341952,0.02078692591,0.004322307773,0.01606411252,-0.002983201659,0.03853938118,0.004509391348,0.01361724158,-0.00427364994,0.01118862805,-0.01397540757,0.01744003269,-0.03907235202,-0.01277547832,-0.02932639114,-0.03412763024,0.04788115797,-0.006004788682,0.003291929252,0.01752169816,0.02414282,0.004170099177,0.004655949504,0.01063825682,0.0143987302,0.003809733113,0.02073727875,0.007278861044,-0.005412197676,0.01655186441,0.003885849073,-0.005393377029,0.0006345417531,0.004560818485,-0.01037613299,-0.006970239679,0.01010098979,0.01300918358,0.001503829493,0.001825859182,0.01009997123,0.009492642085,0.008305738642,0.008189126321,0.004080222561,0.009560013618,0.01184676675,-0.00736679051,0.01037646683,-0.0193995284,-0.01748471742,0.01544283308,0.008916062238
2026-04-08,181.868042,258.6616821,221.25,317.1305847,314.5506897,350.6300049,343.25,406.730011,951.6618042,127.017601,307.9700012,231.8200073,305.980011,143.1600037,155.1668091,239.9202118,51.61183929,209.8490601,191.1393127,77.29000092,123.1800003,153.1882935,503.4599915,498.9023743,308.0599976,239.9738007,202.6359253,127.0407791,207.8439331,83.69999695,385.2410889,901.7756958,770.1138916,995.9277344,175.0791321,316.3399963,246.4900055,137.4100037,443.9200134,345.2642822,609.3200073,774.3734131,332.6400146,167.020813,96.35424805,122.9085922,66.80000305,137.9786987,161.1123047,96.37205505,84.17874146,96.64354706,384.5173645,684.4575195,269.5100098,316.9403687,219.0770721,124.2962723,135.3200073,173.7799988,410.1600037,289.5,83.51000214,114.3927383,24.97999954,93.48526764,55.36000061,48.77470398,73.77467346,95.35044098,130.4725494,62.57344055,296.6099854,64.95696259,117.8747711,47.32814789,347.1882324,141.5399933,198.3899994,78.1044693,59.20000076,155.9902954,109.754425,182.1600037,187.5599976,291.9994812,623.4690552,576.2399902,207.2672729,42.01121521,247.822464,292.8330994,300.910553,98.78479767,624.4122925,217.8000031,409.5810242,348.4017029,231.1993866,148.4024963,,0.02234702712,0.02130173579,0.03499085736,0.03882673963,0.0355673981,0.04988473097,-0.00980814642,0.07720224972,0.02385374151,0.03894198283,0.0355413838,0.04644972962,-0.005686803164,0.003422518161,-0.04691606151,0.01212197286,0.0318218435,0.02529436082,-0.04291949869,0.01817938594,0.03269619019,0.01037787869,0.02851887938,0.01190890833,0.06742893639,-0.01358799074,0.0280921871,0.02772625376,0.04585961977,0.0374317877,0.08865118409,0.048139735,0.06507102291,0.04494706608,0.04506328588,0.03032276193,0.09868508486,0.03145175201,0.02792578263,0.05742029943,0.05784723494,0.02007181882,0.01600495067,0.07973008218,0.03599740684,0.05429863335,0.008301932857,-0.03591475475,0.02576473889,0.003614917314,0.0355963982,0.02100615904,0.04535712105,-0.004388214439,0.04041847157,0.02052407102,0.03197457324,-0.04970785612,0.05405828149,0.02301762392,0.03081178676,0.0358522564,-0.002508350232,0.04635219891,0.0142103286,0.005337931864,0.03091247344,0.03052468924,0.04410109187,-0.007700189484,-0.001669012664,0.008135267881,0.01443267722,0.07142855795,0.03052773812,-0.01192920365,0.0288529565,0.01974056321,0.006289655245,0.007287138915,0.02653030419,0.01374543526,0.08049686356,0.05136794088,0.05852471908,0.05301422194,0.05035082414,0.03720500142,0.04323128047,0.01738292023,0.01218968246,0.01941081781,0.04602239389,0.02951722122,0.001274498894,0.03714287168,0.02254651216,0.004563306283,0.03855436667,0.03339103611
2026-04-07,177.8926697,253.2666626,213.7700043,305.2776489,303.7471924,333.9700012,346.6499939,377.5799866,929.4899902,122.2566833,297.3999939,221.5299988,307.730011,142.6717072,162.8049774,237.0467377,50.02010727,204.6720123,199.7108002,75.91000366,119.2799988,151.6148529,489.5,493.0309143,288.6000061,243.27948,197.0989838,123.6134415,198.7302399,80.68000031,353.8700867,860.3582764,723.0634155,953.0891724,167.5296936,307.0299988,224.3500061,133.2200012,431.8599854,326.5156555,576,759.1361694,327.3999939,154.687561,93.00626373,116.578537,66.25,143.1187744,157.0655518,96.02493286,81.28527832,94.65520477,367.8334961,687.4743042,259.0400085,310.5662842,212.2892151,130.7979584,128.3800049,169.8699951,397.8999939,279.480011,83.72000122,109.3252716,24.62999916,92.98889923,53.70000076,47.32997131,70.65855408,96.09035492,130.6906738,62.0684967,292.3900146,60.62649918,114.3829193,47.89955139,337.4517517,138.8000031,197.1499939,77.53942871,57.66999817,153.8752136,101.5777359,173.2599945,177.1900024,277.2987061,593.5817261,555.5700073,198.6781616,41.29341507,244.8379669,287.2572021,287.6712341,95.95254517,623.6174927,210,400.5500183,346.8190613,222.6165466,143.6072998,,0.002589552936,-0.02070607926,0.004605531356,0.01823394547,0.0210643243,0.06214422606,-0.01748770846,-0.0004765543962,0.004347138193,-0.03391434382,0.006600039292,0.006131375004,0.09372343975,-0.01628410658,0.003305488256,-0.01062367775,0.004394681679,-0.001548214614,0.01347678777,-0.01696448508,-0.01299130918,-0.02245891712,0.002683376456,-0.009770370789,-0.0003117404036,-0.006768227351,-0.002469677526,-0.01320290346,0.00160469192,0.002983563606,0.004792767609,-0.002193797426,0.004436788419,-0.0009901547513,0.01128789223,0.004252077802,0.0167686939,0.006573442214,-0.005618242022,0.0001528375911,0.00158231425,-0.003630136405,0.001529519759,0.005707598687,0.003763831221,-0.001959806239,-0.004507934455,0.008248791533,-0.02620200117,-0.001237920357,-0.001221682502,0.004536859463,0.0136304612,-0.007602818358,0.002166502378,0.03046819783,0.003659538281,0.0009875614204,0.01494194838,0.04890397233,0.002090277676,0.000322117231,0.01737757066,-0.001187187354,0.002034143093,0.01013688957,0.00486530956,0.003988354084,0.002252247865,-0.004293597985,0.003120057566,0.007553828131,-0.005881886636,-0.004750221809,0.01613043916,-0.01078342791,-0.00750215282,-0.009491199491,0.07938680802,0.06741277661,-0.02797916081,-0.002317815341,-0.01559790426,0.02164041658,0.003738762061,-0.0134219429,-0.006767193273,0.002146546468,-0.01607475811,-0.001446519728,0.002321448717,0.001562220358,-0.00512760165,0.004219790665,-0.01598997783,-0.01083374008,-0.01319729396,-0.008423702691,-0.01914903129,-0.001038081235
2026-04-06,177.433197,258.6217041,212.7899933,299.8109131,297.480957,314.4299927,352.8200073,377.7600098,925.4668579,126.5484924,295.4500122,220.1799927,281.3599854,145.0334473,162.2686005,239.5920868,49.80124664,204.9893799,197.05513,77.22000122,120.8499985,155.0981903,488.1900024,497.8955383,288.6900024,244.9372711,197.5869598,125.267334,198.41185,80.44000244,352.1821594,862.2498779,719.8695068,954.0338135,165.6597443,305.730011,220.6499939,132.3500061,434.2999878,326.4657593,575.0900269,761.9019775,326.8999939,153.8096771,92.65751648,116.807457,66.55000305,141.947876,161.2917175,96.14395142,81.38470459,94.22770691,362.8871765,692.7410889,258.480011,301.383667,211.5151672,130.6689148,126.4899979,161.9499969,397.0700073,279.3900146,82.29000092,109.4552155,24.57999992,92.05574036,53.43999863,47.14195251,70.49977112,96.50470734,130.2841797,61.60315704,294.1199951,60.91586304,112.5671616,48.42170334,340.0025024,140.1300049,182.6499939,72.64240265,59.33000183,154.2326965,103.1872406,169.5899963,176.5299988,281.071228,597.6259766,554.3800049,201.9240417,41.35323334,244.2709045,286.8091431,289.1539001,95.54934692,633.7511597,212.3000031,405.9068909,349.7653809,226.9626617,143.7565308,,0.001409330448,0.01148787622,0.01439666755,0.01426780037,0.01086739988,-0.0003814818688,-0.02154798828,0.03145483792,-0.009106663806,0.007949736943,0.008017762042,0.01232180541,0.01478747544,-0.005738630587,0.01667803858,-0.008517129512,0.01377079447,-0.01029495738,-0.0005528834489,0.006517205319,-0.0001655023745,-0.00178332332,-0.006653622005,-0.006227644747,0.02678189885,-0.005722102574,0.01121246704,-0.008438488581,0.02334887244,0.01797020828,0.01190917224,0.003487639547,0.005605015363,-0.007397421031,0.004462994147,0.01848896811,0.01011715542,-0.01061522108,-0.01005220703,0.02833448846,-0.001076922571,0.001561916423,-0.004355352037,0.01530807886,-0.008318256454,0.01830803701,0.01201339553,0.002874396846,0.003286036466,-0.005233390987,0.01550862557,0.04879935428,0.007726410934,-0.009551609715,0.001045736184,0.006218012306,0.006802121264,0.008581077158,-0.01179689169,-0.007720174706,0.002828627561,0.00240389432,-0.002908007601,0.02240691306,-0.001219044531,-0.004508860137,0.009253972742,0.01017806318,0.004524878024,0.002459496256,-0.006126109935,-0.008762158377,0.001941772604,-0.005376378243,-0.01069704058,-0.005060736678,-0.01543366573,0.003006213934,0.02710449314,-0.002857570441,-0.004530145134,0.005242424203,0.006005406041,-0.01664159958,-0.0203662499,0.006252764831,0.002176917955,-0.01114817249,0.02111105804,0.006307604149,0.003391723613,0.0001735746947,-0.007715110721,-0.01038906876,0.02426187871,0.01959466817,0.02783520706,0.006588563207,-0.005404196377,0.0002076593605
2026-04-02,177.1834869,255.684433,209.7700043,295.5934448,294.2828674,314.5499878,360.5899963,366.2399902,933.972229,125.5503998,293.1000061,217.5,277.2600098,145.8705444,159.6066742,241.6502533,49.12475967,207.1216888,197.1641388,76.72000122,120.8700027,155.3752747,491.4599915,501.015686,281.1600037,246.3468933,195.3960876,126.3333969,193.8848572,79.01999664,348.037323,859.2531128,715.8571167,961.1437988,164.9236908,300.1799927,218.4400024,133.7700043,438.7099915,317.4703979,575.710022,760.7138062,328.3299866,151.4906464,93.43473053,114.7073898,65.76000214,141.5410309,160.763443,96.64975739,80.14181519,89.84340668,360.1048584,699.4216919,258.2099915,299.5212402,210.0861359,129.5571747,128,163.2100067,395.9500122,278.7200012,82.52999878,107.0564117,24.61000061,92.47268677,52.95000076,46.66697311,70.1822052,96.26793671,131.0872345,62.14770508,293.5499878,61.24514008,113.784317,48.66799927,345.3322449,139.7100067,177.8300018,72.85057831,59.59999847,153.42836,102.5712585,172.4600067,180.1999969,279.3246765,596.3278198,560.6300049,197.7493439,41.09402847,243.4452057,286.7593689,291.4020996,96.55243683,618.7393799,208.2200012,394.9143677,347.4760132,228.1958771,143.7266846,,0.009331356375,0.001134455366,-0.003799226024,-0.005447446206,-0.001492109063,0.003381280397,-0.05421500524,-0.004376827083,-0.01984245305,0.008417542049,-0.002640676322,0.03467957306,0.01197167183,0.007918570046,-0.0005598211783,-0.004424044134,0.002232612249,-0.02856078151,0.007902314821,0.008412189462,0.0002483152069,0.01526030052,-0.006228044317,0.01775918038,-0.03936035705,0.020646538,0.007652046697,-0.003771150452,-0.007284790926,0.01948128584,-0.01506495898,0.003289875027,-0.01793737931,0.009567548549,-0.002166470056,-0.001065017668,-0.0160803214,0.003300100768,-0.01911643814,-0.006987353082,0.008778709757,-0.019813421,0.003576179536,-0.001973817936,0.01526637124,-0.0004336682966,0.004276095983,0.01580971442,-0.004567025862,0.005260923457,0.0003723654194,-0.0006635395417,-0.01220041625,0.007890949275,-0.008943029913,0.007504201821,0.01175679457,0.01666920714,0.002349280023,0.01580885401,-0.001991173178,-0.005246444227,0.01700551112,0.003748508104,0.02627193829,0.003231043979,0.003791483658,0.009633948419,-0.006322903398,-0.004082478312,0.01008410653,0.0116035772,0.01423485893,0.002941161037,0.002284888399,0.0002025802324,-0.01511543219,-0.004205248219,0.004973183939,0.01379505261,-0.02454991878,-0.01170522771,-0.03033716942,-0.007253019215,-0.01449280321,-0.0008924705114,-0.002905180707,0.001107114349,-0.008165147374,-0.005308840736,0.006540001455,0.003484337302,0.006456876248,0.002757652261,0.008338109401,0.004341085591,0.008390085316,-0.00410808583,0.005477634728,-0.00537004414
2026-04-01,175.5454102,255.3946991,210.5700073,297.2124939,294.7226257,313.4899902,381.2600098,367.8500061,952.8796997,124.5023956,293.8760376,210.2100067,273.980011,144.7245331,159.6960754,242.7240753,49.01532745,213.2111664,195.6183014,76.08000183,120.8399963,153.0398407,494.5400085,492.2733154,292.6799927,241.3635712,193.912262,126.8116226,195.3076324,77.51000214,353.3606873,856.4355469,728.932251,952.0351563,165.2817688,300.5000305,222.0099945,133.3300018,447.2600098,319.7042847,570.7000122,776.0908203,327.1600037,151.7902527,92.0297699,114.7571564,65.48000336,139.3381348,161.5010223,96.14395142,80.11198425,89.90306091,364.5525513,693.9458008,260.5400085,297.2903137,207.6448975,127.4329681,127.6999969,160.6699982,396.7399902,280.1900024,81.15000153,106.6566086,23.97999954,92.17486572,52.75,46.22167587,70.62878418,96.66255951,129.7785339,61.43484116,289.4299927,61.0655365,113.5249252,48.65814209,350.6322021,140.3000031,176.9499969,71.85927582,61.09999847,155.2455444,105.7803345,173.7200012,182.8500061,279.5741882,598.0653076,560.0100098,199.3772888,41.31335449,241.8634186,285.7636719,289.5326233,96.28691101,613.6229248,207.3200073,391.6285706,348.9093628,226.952713,144.5026703,,0.007740860269,0.007250134515,0.01104337161,0.03418426038,0.02802769035,0.01285897174,0.02558173441,0.08882906136,0.03778114251,0.003701302695,0.004147464285,0.03332848784,0.01252823347,-0.01277956701,-0.05233994798,-0.001309139738,0.01066664443,-0.01154076687,-0.04586750313,0.0003944612504,0.004572245558,-0.004121386228,0.006123755972,-0.003893019914,0.03139868206,0.003094194319,0.009434961154,-0.01164780062,0.01112598083,0.004382077191,0.03513844119,0.01680876813,0.03085559844,-0.00448157858,0.009722202802,-0.003405115304,0.03908073903,0.008700326971,0.001612400248,0.007669529695,0.01313691563,0.005966508848,0.003773850256,0.03221238843,-0.0172377552,0.01666514474,-0.007728360711,-0.02870581989,0.01458982043,0.004351495368,0.01205880414,0.009376139789,0.02205935198,0.02163459983,0.0009604671397,0.0196412858,0.005526465438,-0.02742421425,0.0106845943,0.002183076527,0.0006557184242,0.008349254561,-0.006975032872,0.07733466521,0.007139860567,-0.0003229504047,0.0142280658,0.01609740794,0.006363136898,0.002968591119,-0.0003056031395,0.003720455118,0.002598032489,0.04117048951,0.05117787861,-0.01613551516,0.004064140467,0.006672942291,0.02053173523,0.009328861829,0.017807018,-0.005660524325,-0.003836047843,0.02732108191,0.01583336724,0.02875512267,0.01739477135,0.02021787811,0.02164795356,0.009500635899,0.002060858904,0,0.008787678664,-0.004777345814,0.02192292234,0.04165205545,0.03532512913,0.02129832728,0.009600508059,0.0001377151099
2026-03-31,174.1969757,253.5563812,208.2700043,287.3883362,286.687439,309.5100098,371.75,337.8399963,918.1894531,124.0432739,292.6622314,203.4299927,270.5899963,146.5979919,168.5162048,243.0422516,48.49801636,215.7005157,205.0221558,76.05000305,120.2900009,153.6731873,491.5299988,494.1972351,283.769989,240.6190491,192.0998077,128.3061066,193.1585541,77.17182922,341.3656311,842.2778931,707.1138306,956.3209839,163.6903381,301.5267639,213.6600037,132.1799927,446.5400085,317.2709656,563.2999878,771.4877319,325.9299927,147.0533142,93.64398193,112.8760605,65.98999786,143.4561615,159.1786346,95.7273941,79.15744019,89.06794739,356.6843262,679.2504883,260.2900085,291.5636292,206.5036621,131.0262604,126.3499985,160.3200073,396.480011,277.8699951,81.72000122,99.0004425,23.80999947,92.20464325,52.00999832,45.48941422,70.1822052,96.37645721,129.8182068,61.2071228,288.6799927,58.6508522,107.9978256,49.45614243,349.2129517,139.3699951,173.3899994,71.19510651,60.03102493,156.1293182,106.1876755,169.1000061,180,271.7597046,587.8399658,548.9121704,195.1526337,40.92454529,241.3659973,285.7636719,287.0104675,96.74911499,600.4591064,199.0299988,378.2662659,341.6331482,224.7945709,144.4827728,,0.05588180888,0.02903129042,0.03642700888,0.05140767278,0.05023047291,0.0548720422,0.04635780589,0.04984465243,0.03737750561,0.006315825438,0.03661415833,0.03769638667,0.03361468164,0.05987023563,-0.01055574161,0.008041540279,0.03218299426,0.02050488615,-0.01808180048,-0.002884405415,0.01854362802,-0.009756495178,0.0239141991,-0.007010407414,0.03849950234,0.02166491651,0.03072403363,0.01345712886,0.04141193199,0.007139141115,0.05778039405,0.04753591997,0.06147469113,0.02960201495,0.03914889759,0.01677367025,0.06867409338,0.02640156801,0.007627053107,0.04962053442,0.01700726299,0.03116292972,0.001782654254,0.06497279466,0.009886170321,0.05723880918,-0.01536852926,-0.0354926613,0.02509796816,-0.004229918225,0.03658848253,0.03309496271,0.0411609218,0.01585779649,0.02242912512,0.02795039176,0.03188534865,-0.006697179691,0.06042800551,0.03867833485,0.03481754927,0.02580474789,0.03377606661,0.1280036274,0.05307380908,0.009016778114,0.03276405264,0.02979394237,0.03588699266,0.03397537499,-0.00584613141,-0.0003234213304,-0.003669987603,0.07557182235,0.04974779118,-0.001988074784,0.008166289585,0.02222384378,0.04451806861,0.02395209252,0.01540270102,0.01641992312,0.0294740679,0.02990440093,0.05109489051,0.02007930367,0.02634377956,0.0285510744,0.02977605038,0.03218497988,0.01417047981,0.01654099816,0.04219334517,0.03612426399,0.009723204533,0.05189996151,0.02931613376,0.007130482394,0.01141039085,0.01901490013
2026-03-30,164.9777222,246.4029846,200.9499969,273.336731,272.9757385,293.4100037,355.2799988,321.7999878,885.1063843,123.2647552,282.3251343,196.0399933,261.7900085,138.316925,170.3139954,241.1034088,46.98587036,211.3664703,208.7975922,76.26999664,118.0999985,155.1872711,480.0499878,497.6862183,273.25,235.5166016,186.3736572,126.6024017,185.4775696,76.62479401,322.718811,804.0563354,666.1617432,928.8258667,157.523468,296.5524902,199.9299927,128.7799988,443.1600037,302.2720642,553.8800049,748.1724854,325.3500061,138.0817566,92.7272644,106.7649612,67.01999664,148.7351685,155.2813873,96.1340332,76.36341858,86.2146759,342.5832825,668.6472168,254.5800018,283.6358948,200.1226807,131.9096832,119.1500015,154.3500061,383.1400146,270.8800049,79.05000305,87.7660675,22.61000061,91.3806839,50.36000061,44.17331696,67.7508316,93.20962524,130.581604,61.2269249,289.7433472,54.5299263,102.8797836,49.5546608,346.3842773,136.3399963,166,69.52972412,59.12041092,153.6071014,103.1474991,164.1900024,171.25,266.4103699,572.7515259,533.6751709,189.5097809,39.64846039,237.993515,281.1137695,275.3908081,93.37597656,594.6769409,189.2100067,367.4927979,339.214386,222.2585144,141.7867126,,-0.01402814749,-0.008721851737,0.008076656165,-0.00306192856,-0.002264652591,-0.02417849272,-0.01810239073,-0.09877620301,0.009553229567,0.004963749841,0.00328806991,-0.02945696344,0.01069423075,-0.006157724313,0.002807163374,0.008484159105,0.005535354789,0.01776504235,-0.002083744763,0.007396612936,-0.01278942418,0.02469954021,0.01413301219,0.01657437831,-0.03380360539,0.00385038282,-0.0134943444,-0.0003146527136,-0.02054331972,-0.03603604555,-0.04167039356,0.005866228698,-0.04022148152,0.0002248518548,-0.0001262983108,0.01786020667,-0.0543021181,-0.0009309163915,0.02329876502,-0.01411651118,-0.01965980307,0.0156971616,0.01961832034,-0.04201059372,0.007579009571,-0.001024396557,0.008122642281,0.00220644603,0.004319160552,0.01444269849,-0.005052518237,-0.00103676979,-0.03870042571,-0.01091306609,-0.01100211396,-0.005586751772,-0.003606930089,-0.006801216586,-0.03615920661,0.0498571733,0.007017671352,-0.00327476972,0.01086964369,-0.07451514651,-0.05555555113,0.007111570695,0.0005899746153,0.00247029863,0.008419395884,0.0127559697,0.01323176305,0.01576876861,-0.002156109019,-0.02827174742,0.009990281079,-0.0001987987415,0.0006594468405,0.01556794293,-0.01827427054,0.0008560661263,0.02032793624,0.001164983156,0,0.008447152417,0.004737639345,0.02095930517,0.004606499651,-0.02945554396,0.007486478927,0.002520865503,0.001842636161,-0.003248047163,-0.006424982053,0.001582206746,-0.02804305817,-0.00687590557,-0.033290612,-0.0172165617,0.001613481066,-0.003635306186
2026-03-27,167.3249817,248.5709839,199.3399963,274.176239,273.5953369,300.6799927,361.8299866,357.0700073,876.7307739,122.6559219,281.3998718,201.9900055,259.019989,139.1739197,169.8372345,239.075058,46.72721863,207.6770782,209.2335815,75.70999908,119.6299973,151.4466095,473.3599854,489.5718689,282.8099976,234.6132507,188.9230499,126.6422501,189.3678131,79.48927307,336.7513733,799.3670654,694.0786133,928.6170654,157.5433655,291.348938,211.4100037,128.8999939,433.0700073,306.6001892,564.9875488,736.6098022,319.0899963,144.1370392,92.0297699,106.8744431,66.48000336,148.4077148,154.6135864,94.7653656,76.75120544,86.30415344,356.3751526,676.0247192,257.4120789,285.2294006,200.8471222,132.812973,123.6200027,147.0200043,380.4700012,271.769989,78.19999695,94.83252716,23.94000053,90.7354126,50.33030701,44.06446457,67.18517303,92.03562164,128.8763428,60.27643967,290.3694153,56.116436,101.8621521,49.56451416,346.1560059,134.25,169.0899963,69.47025299,57.94255829,153.42836,103.1474991,162.814682,170.4425049,260.9412231,570.1252441,549.8719482,188.1015625,39.54876328,237.5557861,282.0298157,277.1716309,93.22846985,611.8346558,190.5200043,380.1481628,345.1567993,221.9004822,142.3040314,,-0.02172397418,-0.01617306867,-0.03951044239,-0.02342306677,-0.02486285528,-0.02824646233,-0.02762623736,0.004951376908,-0.02091418196,0.005811107233,-0.03024067112,-0.008735332689,-0.0336877418,-0.02205728934,0.03360941871,0.005057610795,-0.02632669611,-0.008146992458,0.01617014213,0.01365640125,0.00588578951,0.01465219515,-0.03168665349,-0.008819505179,-0.00851911639,-0.02205482024,-0.01628213015,-0.02627538148,-0.01592476235,-0.02726397318,-0.004076144837,-0.02400805902,-0.01107810101,-0.03573716745,-0.02965134311,-0.02378169834,-0.0009923044132,-0.006474576546,-0.04555468629,-0.01907988924,-0.02503484141,-0.0251344653,-0.01609571478,-0.005457778862,-0.02233520558,-0.0447469647,0.02878366653,0.01403481481,-0.01554864349,0.001362443291,-0.02315857629,-0.04834463544,0.0007280701642,-0.01877189737,-0.008914609043,-0.02671200709,-0.01494209976,0.004127591122,0.003979578528,-0.05973392365,-0.05343950823,-0.03153733254,-0.03492535942,-0.02866503078,-0.04507376045,0.002632687341,-0.0143438655,-0.009784426972,-0.02925144916,-0.02078295686,0.004714737785,-0.0003284766409,-0.003342817201,0.007343728943,0.02757643822,-0.008474529061,-0.01243068068,-0.01921394498,-0.02964051763,-0.0154537008,-0.01497553213,-0.01823615316,-0.01414868737,-0.01590266217,-0.01977978892,-0.01905914815,-0.0158073594,0.007953895778,0.002181684323,0.003034120186,-0.001672380634,-0.0001059233552,-0.01596336261,-0.02769224746,-0.01831564285,-0.01975713277,-0.007796440119,-0.02398103554,-0.009104199731,-0.00659780057
2026-03-26,171.0406647,252.6572266,207.5399933,280.7523193,280.5711365,309.4200134,372.1099854,355.31073,895.4585571,121.9472733,290.1749573,203.7700043,268.0499878,142.3129578,164.3147125,237.871994,47.99065399,209.3829193,205.9040833,74.69000244,118.9300003,149.2596283,488.8500061,493.9280701,285.2399902,239.9042969,192.0500336,130.0596161,192.432251,81.71720886,338.1296387,819.0303955,701.8538208,963.0331421,162.3574829,298.4465027,211.6199951,129.7400055,453.7399902,312.5638733,579.4951172,755.6014404,324.3099976,144.9280243,94.13223267,111.8807678,64.62000275,146.3536682,157.0555878,94.63642883,78.57079315,90.68845367,356.1158752,688.9577637,259.7274475,293.0575562,203.8937225,132.2670288,123.1299973,156.3600006,401.9500122,280.6199951,81.02999878,97.6311264,25.06999969,90.49716187,51.06274414,44.4998703,69.20965576,93.98899078,128.2715759,60.29624557,291.3433228,55.70733643,99.12854004,49.98814011,350.5131226,136.8800049,174.2550049,70.56067657,58.82347107,156.2782745,104.6278458,165.4457092,173.8818512,266.0111694,579.2821655,545.5328369,187.6920776,39.42913055,237.9537354,282.0596924,281.6679993,95.88370514,623.2498779,194.3600006,383.1352539,353.6373901,223.93927,143.2491608,,-0.04163858096,0.001068833313,-0.0196968178,-0.03440681152,-0.03056040985,-0.02945322983,-0.03585963575,-0.06969566606,-0.02107363009,-0.007150942829,-0.0127277092,-0.07490806592,-0.009240436566,-0.02198335385,0.01329164814,-0.002875757981,-0.01046150758,0.01901725765,0.01286865223,-0.007441828021,-0.00368603863,-0.005931558425,-0.003912184838,0.006397966142,-0.0381710528,0.001159884268,-0.01102556962,0.001457494388,-0.01707571444,0.004032783839,-0.08336492242,-0.02280721927,-0.02204320073,-0.01313494627,-0.0146090821,-0.002831065965,-0.09351039673,-0.004756022663,-0.002703499095,-0.02673656387,0.005536544509,0.009686891032,0.003403379019,-0.0600393956,-0.005474200293,-0.01808171789,0.01317033527,0.02988617862,-0.0135845898,0.008561423023,-0.01544984975,-0.015965465,-0.04773335305,0.001128409608,-0.01906556641,-0.006214246197,-0.002379155945,0.03350655312,-0.0435018928,0.02049340402,-0.01994487743,-0.002736484918,0.02712637097,-0.007821233468,-0.02754076699,0,-0.005781427016,-0.009253101006,-0.009234275634,0.000104886876,0.00951941883,0.003956553119,0.01061743783,-0.02207036682,-0.02127652202,0.007345638844,-0.002175549334,-0.0099811202,0.005165257613,-0.0138542987,0.008313564043,-0.005623328361,-0.01293476297,0.005085658439,0.005476352974,-0.01109328051,-0.01579515094,-0.04857894279,-0.005924407317,-0.0005054472164,-0.008867515297,0.002370759962,-0.02229246364,-0.008844216302,0.00501438037,-0.02630128743,-0.04414246634,0.007886536301,-0.002745898582,-0.02742314987
2026-03-25,178.4719849,252.3874664,211.7100067,290.7563171,289.415802,318.8099976,385.9500122,381.9295654,914.7353516,122.825592,293.9158325,220.2700043,270.5499878,145.511795,162.1593475,238.5580292,48.49801636,205.4753418,203.2880402,75.25,119.3700027,150.1502533,490.769989,490.7880249,296.5599976,239.626358,194.1911011,129.8703308,195.7752533,81.38898468,368.8814087,838.1461792,717.673645,975.8508911,164.7645416,299.2938232,233.4499969,130.3600006,454.9700012,321.1503296,576.3043823,748.3522339,323.2099915,154.1852112,94.65036774,113.9410172,63.77999878,142.1066437,159.2185059,93.83308411,79.80374908,92.15982819,373.9665527,688.1812134,264.7755432,294.8900757,204.3799744,127.9788971,128.7299957,153.2200012,410.1300049,281.3900146,78.88999939,98.40074158,25.78000069,90.49716187,51.35967636,44.91547775,69.85471344,93.97913361,127.0620193,60.05862045,288.2825012,56.96456528,101.2835007,49.62362289,351.2773438,138.2599945,173.3595581,71.55197906,58.33847046,157.1620483,105.9989166,164.6085663,172.9347992,268.9952087,588.5788574,573.3873901,188.8106689,39.44906998,240.0826721,281.3925781,288.0902405,96.73928833,620.1402588,199.6100006,400.8288269,350.8702393,224.5558777,147.288269,,0.019863034,0.003894442557,0.02156920045,0.001687018088,0.001348459677,0.001633695685,0.007623458834,-0.03397972333,0.01471726997,0.008275198885,0.01032837077,0.07255202566,-0.006353793867,-0.007274409909,-0.01281899441,0.01980700158,0.01267143217,0.009649076176,-0.007930784204,0.007767535091,0.02577983956,0.007570205095,0.000978972568,0.0260503605,0.0204039245,0.003325175326,0.005154627776,0.01305673782,0.01099521866,0.01199607793,-0.01243348687,0.007323092208,0.003362927838,0.005419768579,-0.00132635366,-0.005827821283,-0.02256740693,0.00007667438717,0.01415453206,0.0006214748465,-0.008627576726,0.01048952317,-0.007370762582,-0.01428305394,-0.007211513261,0.006506091816,0.008219990919,0.004771019235,0.008586944187,0.006703531712,0.008164853454,0.007827710769,0.002405779892,0.01326672978,0.005320006878,0.01983951627,-0.001938486889,-0.003247114402,0.006017479279,-0.02538009874,-0.01320915812,-0.01030526379,-0.005671754084,0.06593762699,0.07866113381,-0.005020677771,-0.004794841231,0.001544636499,0.007154029937,0.004852286375,0.00612345429,0.006470842628,0.01341483615,0.01080031749,0.02524737393,-0.01060694045,0.01578516071,0.001086046599,0.01167055454,-0.008516527982,0.02700816552,0.01507188445,0.03161870733,0.01493168221,0.02221572621,0.01061112241,0.02297886569,-0.008540204532,0.02172619011,0.01800874685,0.006926224079,-0.003631401607,-0.006778530071,-0.0007110975909,0.02299364529,0.01624072127,0.001193868568,0.01810930866,0.01904580878,0.009408944683
2026-03-24,174.9960327,251.408371,207.2400055,290.2666321,289.026062,318.2900085,383.0299988,395.3639221,901.4682007,121.8175278,290.9111938,205.3699951,272.2799988,146.578064,164.2650604,233.9246826,47.89116669,203.5116425,204.9131622,74.66999817,116.3700027,149.0221252,490.2900085,478.3274231,290.6300049,238.8321991,193.1952515,128.1965027,193.6460724,80.42420959,373.5256348,832.0529785,715.2682495,970.5905151,164.9833679,301.0482788,238.8399963,130.3500061,448.6199951,320.9508667,581.3197632,740.5838623,325.6099854,156.4193573,95.33789825,113.2044983,63.26000214,141.4318695,157.8629456,93.20825958,79.15744019,91.44403076,373.0690308,679.1708374,263.3743896,289.1534119,204.7769318,128.395813,127.9599991,157.2100067,415.6199951,284.3200073,79.33999634,92.31378937,23.89999962,90.95381165,51.60712433,44.84620667,69.35852051,93.52532196,126.2886963,59.67248917,284.4664307,56.35590363,98.78932953,50.15562057,345.8185425,138.1100006,171.3596954,72.16658783,56.80429077,154.8284912,102.7500916,162.1868439,169.1764221,266.1708374,575.3577881,578.326416,184.7957611,38.75120926,238.4312439,282.4181519,290.0563965,96.80812836,606.2014771,196.4199982,400.3508606,344.6292419,220.358963,145.9153595,,-0.002505187503,0.0005964238376,-0.01380029459,-0.03846919034,-0.03284059036,-0.01308486897,0.005724019012,-0.0218127559,-0.008269693021,0.0110172481,0.008588885394,0.01327216567,0.01016543054,-0.04697418217,0.02637619326,-0.0006371468753,0.01304712382,0.001317588439,0.007699423603,-0.00585810728,0.00596475138,-0.001922101738,0.0254538893,0.00374438942,-0.00312136803,-0.0315971744,-0.004209044905,0.002493081486,0.03180828974,0.02588177452,0.03372119981,0.005353263076,0.02127687202,0.001518575054,0.009432737144,0.0002981197164,0.02370236525,0.0003070259049,-0.005806212157,0.03087856789,0.02458561931,0.007005794771,-0.002328675359,0.03623051868,0.003987305348,0.01881044233,-0.001087085048,0.02040371701,0.01201283393,0.002453333009,0.01699031434,-0.01971648888,0.03991774385,0.003176437423,0.008715609412,0.003768457065,0.01186688675,0.0169825263,-0.02073926014,-0.0416945822,-0.03898449741,-0.02803220975,-0.04144014068,0.02440105392,0.07769308604,0.01540504673,0.01203414517,0.01025407329,0.0102631452,0.005408935681,0.0003141219385,0.007522612569,0.02723755476,0.02803059619,0.008966808588,0.006524267058,-0.00383108687,0.005606555213,0.01228399152,0.02118112601,0.006842053449,-0.001984260079,0.01312689938,0.01319894397,0.0183628978,0.01118485702,-0.002441233512,0.01936736675,-0.01422477851,-0.001797637366,0.00545367714,-0.00459738712,0.01174884878,0.007883740699,-0.009866142583,-0.01002976391,0.01389404667,-0.003281731948,-0.00645703907,0.000750559597
2026-03-23,175.4355316,251.2585144,210.1399994,301.8796997,298.8401489,322.5100098,380.8500061,404.1802063,908.9852295,120.4900589,288.4338684,202.6799927,269.5400085,153.8028259,160.0437164,234.073822,47.2743721,203.2438507,203.3475037,75.11000061,115.6800003,149.3091125,478.1199951,476.5430603,291.5400085,246.6248474,194.0118561,127.8776932,187.6764069,78.39520264,361.3407898,827.6224976,700.3666382,969.1188354,163.4416656,300.9585571,233.3099976,130.3099976,451.2399902,311.3372192,567.3706055,735.4315796,326.3699951,150.9503479,94.95926666,111.1143875,63.32884598,138.6038361,155.9890747,92.98014832,77.83499908,93.2832489,358.7485962,677.0203247,261.0987549,288.0678406,202.3753662,126.2517395,130.6699982,164.0500031,432.480011,292.519989,82.76999664,90.11489105,22.17700005,89.5739212,50.99346161,44.39101791,68.65391541,93.02217102,126.2490387,59.22694778,276.9237061,54.81928635,97.91137695,49.830513,347.1484985,137.3399963,169.2802582,70.66972351,56.41827393,155.136322,101.4187775,160.0740356,166.1258698,263.2266846,576.7658081,567.338562,187.4623718,38.82099533,237.13797,283.7225342,286.6881409,96.05088806,612.2419434,198.4100037,394.8645935,345.7639465,221.7910767,145.8059235,,0.01702378201,0.01411348048,0.02322639327,0.003521661148,0.0007697604729,0.04082486687,0.03503102225,-0.04386378692,0.004246099673,0.0142833802,0.01169041039,0.006705363495,-0.02195285705,0.03113310126,0.009143907681,0.0002124274076,0.007633584683,-0.0006828025439,0.01725083138,0.004816061677,0.01313715183,0.005598601696,0.007862687564,-0.02069039001,0.01656264116,0.02758817779,-0.01685504769,-0.0119321974,0.007692738766,0.01506753655,0.01324705632,0.0218061397,0.03057810342,0.017402482,0.01765031589,0.02169205285,0.02167628716,0.01796737091,-0.006079316664,0.008919662906,0.0166152807,0.004994063523,0.01174905048,0.008514283174,0.006761108263,0.01935723875,-0.001240952902,0.006847887015,0.009807666454,0.003854848667,0.008762858107,0.01383040021,0.008239960183,-0.03812150887,0.01967548189,-0.007685037105,0.01100583817,0.002127362064,0.03304609357,0.006750574557,0.028930347,0.03036278726,0.01683040653,0.02559431785,0.02904561928,0.008156438896,0.005268329396,0.01585150083,0.00904321269,0.01354401018,0.004179480826,0.007409846617,-0.008362800825,0.05471293047,0.02442580679,0.01200482127,0.005664162355,0.0009473771421,0.001412581098,-0.002658086253,-0.008350667978,0.01362484587,0.04998973956,0.01286416932,0.01640754271,0.02070433874,0.03014148987,0.02171444437,0.0205523752,0.02017301264,0.01468587751,0.01373240815,-0.008555122345,0.01888166134,-0.01781874275,0.01686146283,-0.02796705451,0.004598278811,0.006817122977,0.03796027231
2026-03-20,172.4989471,247.761734,205.3699951,300.8203125,298.6102905,309.8600159,367.9599915,422.7224121,905.1419067,118.7932892,285.1009216,201.3300018,275.5899963,149.1590424,158.5935516,234.0241089,46.91623306,203.3827209,199.8990784,74.75,114.1800003,148.4778442,474.3900146,486.6112366,286.7900085,240.0035858,197.3379974,129.4219818,186.2436829,77.23151398,356.6166687,809.9603882,679.5861816,952.5422363,160.6069031,294.5687561,228.3600006,128.0099945,454,308.5847473,558.0976563,731.7770386,322.5799866,149.6759644,94.32154846,109.004364,63.40753174,137.6611481,154.4740448,92.62310028,77.15886688,92.01070404,355.8166809,703.8522339,256.0606384,290.2987976,200.1723022,125.9837265,126.4899979,162.9499969,420.3200073,283.8999939,81.40000153,87.8660202,21.55103683,88.84922791,50.72621918,43.69833374,68.03862762,91.77911377,125.7235794,58.79131317,279.2590942,51.97555161,95.57683563,49.23940277,345.1932678,137.2100067,169.0414734,70.85807037,56.89337158,153.0510254,96.59025574,158.0409698,163.4441528,257.8872986,559.8898926,555.2809448,183.6871643,38.05334473,233.7057953,279.8791199,289.1619568,94.27089691,623.3492432,195.1199951,406.2255249,344.1813049,220.2893372,140.4735107,,-0.03281811116,-0.003896244515,-0.01623874056,-0.01995898202,-0.02269975385,-0.02917079167,-0.03244805873,-0.04810137299,-0.0117711086,-0.01507752122,-0.004896382729,-0.01919424348,-0.0172942735,-0.03755152025,0.009547273779,-0.009385547923,0.003190863717,-0.005624693895,0.001439562309,-0.01058905386,-0.000175101958,-0.01767720768,0.008889694539,-0.003368674118,-0.01652884691,-0.03434911765,-0.01280320379,-0.01051189782,-0.005842039241,-0.01095397823,-0.000419912743,0.00497839663,-0.01128296459,-0.01205647409,0.01841688089,0.001932672536,-0.0240608776,-0.02349532319,-0.00884180308,-0.003253518015,-0.01383072163,-0.006210606081,-0.003275330701,-0.008501334746,0.007128479385,-0.003004088491,-0.009220761517,-0.0006484547691,0.001939526212,-0.02951265052,0.01583971429,-0.03422727704,-0.00952182167,-0.01008192465,-0.01128073429,0.001133581849,-0.001682799232,0.007141748848,-0.02992719582,-0.04000240559,-0.01851720415,-0.01217814918,-0.02069298802,-0.01809445899,-0.01943946646,-0.0314900869,-0.0009746406365,0.006380953987,-0.0007288953152,0.005620930593,-0.02258375854,-0.02687643284,-0.01105045579,-0.02853412246,-0.03427414304,0.01010510942,-0.006058658507,-0.02763796952,0.02072697403,-0.005288060266,-0.01084155816,-0.01533249229,-0.01179096388,-0.0208089281,-0.02154452076,0.005369217904,-0.01194776782,-0.0390344717,0.008554445637,-0.008313975215,0.003159963681,0.01042443631,0.007694212994,-0.007249344876,-0.01581155535,-0.03012226752,-0.02495102303,-0.01101168243,-0.03287780123,-0.0105808767
2026-03-19,178.3521271,248.7308502,208.7599945,306.9466553,305.5461121,319.1704712,380.2999878,444.0834351,915.9233398,120.6118164,286.5037537,205.2700043,280.4400024,154.9787292,157.0937347,236.2413635,46.76700592,204.5331573,199.6117249,75.55000305,114.1999969,151.1497498,470.2099915,488.256012,291.6099854,248.540741,199.8973236,130.7969055,187.3381195,78.08687592,356.7664795,805.9480591,687.3414307,964.166687,157.7025146,294.0005493,233.9900055,131.0899963,458.0499878,309.5920105,565.9248047,736.3502197,323.6400146,150.9593201,93.65393829,109.3328094,63.9976387,137.750473,154.1750183,95.43978119,75.95574951,95.27159119,359.2372742,711.0206909,258.9821472,289.9700928,200.5097198,125.0903625,130.3922729,169.7400055,428.25,287.3999939,83.12000275,89.4852066,21.97828293,91.73806763,50.77570724,43.42126465,68.08825684,91.26611328,128.6284943,60.41505432,282.3795166,53.50218964,98.96891022,48.74681091,347.2974243,141.1100006,165.608902,71.2347641,57.51694489,155.4342194,97.74273682,161.3995209,167.0430145,256.5100403,566.6602173,577.8364868,182.1291504,38.37237167,232.9696198,276.9916382,286.954071,94.95928955,633.3637085,201.1799927,416.620636,348.0135193,227.778183,141.9757385,,-0.01019956845,-0.003920930968,-0.005288991453,-0.001820001197,-0.001860868339,0.0123761909,-0.03177353996,-0.03781436926,-0.000599048329,-0.007296314618,0.0007994110433,0.02912863413,-0.01368123066,0.01713551284,0.003617012005,0.001348643485,0.003843606382,-0.01012766157,0.014249064,-0.0055284739,-0.002620113989,-0.005210274893,0.0118788633,0.00251751426,-0.03106727262,-0.004888752936,-0.01872313804,0.006208345399,-0.01305170819,0.01172683482,0.02214778685,0.004990837257,-0.007165328534,0.001332159306,-0.002390839116,0.001834201801,0.04129766589,-0.0008384193057,0.01430499238,0.005995088383,-0.00602435018,-0.008963583133,-0.01323250257,0.01967129613,0.007611460893,0.01085850745,-0.0009212088614,0.00945323722,0.01184013549,-0.003211131476,0.002624978008,0.03421108579,-0.0008598140646,-0.01474812413,-0.0004601757737,-0.01288366471,0.004374483887,0.01916693561,0.02222041194,0.004913870186,-0.0009798059453,-0.00773380969,-0.003237758065,0.02179865235,0.0274036115,0.01594111808,-0.0003897643818,0.0006842293444,0.0001459124019,-0.004305254568,-0.007724515092,-0.0189710455,0.009700775187,-0.03300273829,-0.0688943582,-0.002218223917,-0.004438291184,-0.001273923734,-0.02329545818,-0.01588599354,-0.02122280984,-0.009805191921,-0.02381423895,0.004901917008,-0.007051922258,-0.003257521739,-0.0007923351209,0.01040213528,-0.00115023221,-0.02901107192,-0.01010275148,-0.02169778101,0.0182135581,-0.002891305854,-0.007426630424,-0.02335070969,-0.02236025112,-0.01055576022,-0.003870895673,-0.01633579634
2026-03-18,180.1899872,249.7099457,209.8699951,307.5063171,306.1157532,315.2686462,392.7799988,461.5361328,916.4723511,121.4983063,286.2749023,199.4600067,284.3299866,152.3678284,156.5275726,235.9231873,46.58794022,206.6257935,196.8074036,75.97000122,114.5,151.9414063,464.6900024,487.0299072,300.9599915,249.7617645,203.711441,129.9898834,189.8155365,77.18177795,349.0361023,801.9456787,692.302002,962.8839722,158.0804596,293.4622803,224.7100067,131.1999969,451.5899963,307.7470398,569.3547974,743.0102539,327.980011,148.0470428,92.9464798,108.158371,64.05664825,136.4604797,152.3709259,95.74723816,75.75688934,92.12006378,359.5464172,721.6638794,259.1013794,293.7547302,199.6364136,122.737854,127.5578842,168.9100037,428.6700134,289.6400146,83.38999939,87.57616425,21.39206314,90.29860687,50.79550552,43.39157486,68.07832336,91.66073608,129.6298218,61.58335495,279.6665344,55.32817078,106.2918167,48.85518265,348.8457031,141.2899933,169.5588531,72.38466644,58.76408386,156.9733734,100.1271896,160.6122131,168.2293549,257.3483582,567.1095581,571.8876343,182.3388824,39.51885605,235.3472748,283.1350403,281.821106,95.23464203,638.1026611,205.9900055,426.1494446,351.7262573,228.6633148,144.3335419,,-0.008409798772,-0.0168744448,-0.02476766685,-0.01038857726,-0.01005146828,-0.01674397329,-0.01625464075,0.00008669313309,-0.01322083821,-0.02478415921,0.002962702875,0.01604609645,-0.01126689387,-0.0115716141,-0.007682146137,-0.003485794183,-0.009517762381,-0.05196576991,0.003232784772,-0.02075277871,-0.01182361883,-0.01891375216,-0.01696598159,-0.01109195825,-0.003740623313,-0.01760950937,0.006049211618,-0.00851126034,-0.01887372968,-0.0210671874,-0.008483174223,-0.001932922147,-0.01193731934,-0.002780615276,0.006969401428,-0.01958221043,-0.00777142446,-0.01508902983,-0.02356806445,-0.01616400494,-0.005642005885,-0.0196692986,-0.008734500479,0.0006818416221,-0.006920113137,0.008912842708,-0.02747511013,0.01326260608,-0.01615400986,-0.01760444279,-0.0005247201258,-0.05032281295,-0.009369423213,0.001118747612,-0.02614482468,-0.002704866688,-0.01348567382,0.006348174098,-0.05410009576,-0.001654936907,-0.001444233746,-0.01399143949,0.002765701268,-0.0349157097,-0.006460450877,-0.01696749127,-0.00504072345,-0.01659568766,-0.01010115577,-0.01672125072,-0.01654757776,-0.01316830499,-0.01652969547,-0.04544668076,-0.04052586959,-0.01840851966,-0.02672165943,-0.02153740126,-0.002049567711,-0.0239272318,-0.005694167337,-0.02202426029,-0.03002889765,-0.005676192168,-0.02247580235,-0.02862958619,-0.02503006014,0.0006296514352,-0.01008507391,-0.01662121225,-0.0237289953,-0.02389127153,-0.01387242029,-0.00951218142,0.009350516996,-0.02291054769,0.01194017174,-0.008223694259,-0.006481741639,-0.02670063201
2026-03-17,181.7182007,253.9959869,215.1999969,310.7344055,309.2239075,320.6373901,399.269989,461.4961243,928.7512207,124.5860672,285.4292603,196.3099976,287.5700073,154.1516113,157.7393494,236.7484436,47.03561401,217.951828,196.1732178,77.58000183,115.8700027,154.8705902,472.7099915,492.4926147,302.0899963,254.2387848,202.486557,131.1057587,193.46698,78.84277344,352.0223694,803.4987793,700.6660767,965.5688477,156.9863586,299.3237,226.4700012,133.2100067,462.4899902,312.8031921,572.5853271,757.9179688,330.8699951,147.946167,93.59416199,107.2028885,65.86633301,134.6743469,154.8727417,97.46302032,75.79666138,97.00144958,362.9470215,720.8574219,266.0574036,294.5514526,202.365448,121.9636078,134.8534698,169.1900024,429.2900085,293.75,83.16000366,90.7445755,21.53116417,91.85719299,51.05284882,44.12384033,68.77301025,93.21948242,131.8109741,62.40512466,284.3670349,57.96236801,110.7813263,49.77140045,358.4233704,144.3999939,169.9070892,74.15908813,59.10061264,160.5084534,103.2269821,161.5290833,172.0973816,264.9332886,581.6687622,571.527771,184.1965179,40.18680954,241.0675659,290.0650635,285.7856445,96.14923096,632.1913452,210.8200073,421.1211853,354.6427307,230.1551208,148.2930603,,-0.007040797337,0.005577047742,0.01634075454,0.01754159974,0.01639182946,-0.01111053384,0.009379086556,0.04502038343,-0.05941645182,-0.007222764756,0.002551037088,-0.001373508342,0.0072857794,-0.008206694748,0.01004899286,-0.02088900654,0.004674835617,-0.007631550718,0.005740738655,-0.003084012654,0.003811855152,-0.007735277949,0.005765939266,-0.006755026788,-0.006282906783,0.02752249052,-0.01324848611,0.01700278357,0.001648340319,0.004689356617,0.01814089379,0.01543838403,0.003172393544,0.02941922876,0.01368020138,0.006941547071,0.03222428223,0.00157888294,-0.007745153018,0.008812450931,0.003109335502,0.002827327571,0.00227190116,0.02997407484,0.003204182529,0.00335353351,-0.00829253309,0.008995659247,-0.004102027308,-0.008475481358,0.006336642369,-0.002555710079,0.008060125674,-0.01621006749,-0.003350337857,0.01259966019,0.0157907552,0.01277613505,-0.01228066842,0.01039119453,0.008006958822,0.003518716777,-0.01574143964,-0.008626331603,-0.008238054544,-0.00312428587,0.008209596012,0.001572306077,0.002024343028,0.01362366988,-0.003821483291,-0.006149443593,-0.01040955456,0.002761961681,0.007713902367,-0.008828736997,-0.01397954486,-0.005578216238,0.004588525385,-0.013581273,0,0.008548095164,0.004349902279,-0.004055573217,-0.009467543446,-0.001842513342,-0.004800943188,-0.004146168995,0.01090765022,0.01332330533,0.0004541703374,0.002132715013,0.006555935694,0.003798712522,-0.01374768572,-0.01241389367,0.01524280581,0.005446539024,-0.01317638484,-0.005935318155
2026-03-16,183.0067139,252.5872955,211.7400055,305.377594,304.236908,324.2398682,395.5599976,441.6144714,987.4202271,125.4924698,284.7029724,196.5800018,285.4899902,155.4271545,156.1699982,241.7993927,46.81675339,219.6279297,195.0534668,77.81999969,115.4300003,156.0778961,470,495.842041,304,247.4289246,205.2052155,128.9138641,193.1486053,78.47477722,345.7501526,791.2826538,698.4503174,937.9743652,154.8677368,297.2602539,219.3999939,133.0000153,466.1000061,310.0707092,570.8104858,755.7811279,330.1199951,143.6406708,93.29522705,106.8445816,66.417099,133.4736633,155.5106506,98.29612732,75.31938934,97.24999237,360.0450134,732.7351074,266.9517822,290.8863831,199.2196198,120.4250412,136.5301514,167.4499969,425.8800049,292.7200012,84.48999786,91.53417969,21.71001244,92.14508057,50.63713837,44.05457306,68.63407135,91.96656036,132.3166199,62.79125595,287.3583069,57.80271912,109.9333115,50.21473312,363.5050049,145.2100067,169.1310272,75.18013,59.10061264,159.1480408,102.7798996,162.1868439,173.7422943,265.4223328,584.4747925,573.9072876,182.2090454,39.65842819,240.9581299,289.4477539,283.9242554,95.78536987,641.0036621,213.4700012,414.7984924,352.7216187,233.2282257,149.1784821,,0.01647717218,0.01079485975,0.01959843675,0.01085087903,0.009818887189,0.008567231996,0.01114515648,0.03677274654,0.004101151602,-0.00418907111,0.009596371268,0.01649517789,0.01205286944,0.005544472315,0.0071099617,0.006914522575,0.007277458043,0.008057153374,0.0001015512302,0.006206405219,0.00583825511,-0.01351013931,0.01212396352,0.007065869919,0.01438151931,0.0120594557,0.007529767214,-0.003312304402,0.01755951546,0.00727696526,0.01361511126,0.01605706182,0.008343139133,0.02072267813,0.00535932138,-0.005867354255,0.03393024058,0.01760921599,-0.006903290279,0.01584607974,-0.008692659352,0.01493753562,0.003495740925,0.01381606807,0.006125087914,0.01570622796,-0.005302662415,0.006811344921,0.003796019011,0.0112233265,0.02226727083,-0.01341409972,0.01586942541,0.003066567628,0.006180189049,0.001508709411,-0.001889338174,-0.004676353284,0.02150533338,0.002574498053,0.03211109188,0.0198237204,0.01258383739,0.04234009694,0.01251159972,0.000431064617,0.003137226333,0.01574260747,0.01750777467,0.013260894,0.002328304721,0.003322230178,0.004097472609,0.0274919873,0.005566732645,-0.007979726554,0.0001092356519,0.001517354386,0.02756461672,-0.003809258074,0.01066342618,0.00571031519,0.015310641,-0.004526473092,0.0215708903,0.001996767982,0.00267242217,0.02683270022,0.009349962251,0.01221378253,-0.0009486647425,0.004596223162,0.001905138511,0.001954623868,-0.001238394686,0.01705656221,0.00211687257,0.008079123955,0.00004265845112,-0.006690635721
2026-03-13,180.0401611,249.8897705,207.6699982,302.0995483,301.2786865,321.4856262,391.2000122,425.9510803,983.387207,126.0203781,281.9968262,193.3899994,282.0899963,154.5701447,155.0674744,240.1389465,46.478508,217.8724976,195.0336609,77.33999634,114.7600021,158.2154083,464.3699951,492.3630676,299.6900024,244.4806213,203.6716156,129.3422852,189.8155365,77.90784454,341.105957,778.777771,692.6712646,918.9316406,154.0421753,299.014679,212.1999969,130.6985168,469.3399963,305.2339478,575.8158569,744.6577759,328.9700012,141.6831665,92.7272644,105.1924057,66.77116394,132.5706787,154.9225616,97.20516205,73.67876434,98.57225037,354.4205627,730.4949951,265.3121033,290.4481812,199.5967255,120.9908371,133.655838,167.0200043,412.6300049,287.0299988,83.44000244,87.81604004,21.44174194,92.1053772,50.47877502,43.37178802,67.45311737,90.76296234,132.0092621,62.58333969,286.1856689,56.2561264,109.3247299,50.61865616,363.4653015,144.9900055,164.5940552,75.46760559,58.47704697,158.2444153,101.2300034,162.9243164,170.0736542,264.8934021,582.9169922,558.9102173,180.5211792,39.17989349,241.1869354,288.1234741,283.3843689,95.59851074,641.7984619,209.8899994,413.9222717,349.8947754,233.218277,150.1833038,,-0.01578031431,-0.02205187633,-0.008877013417,-0.004183772956,-0.005771526351,-0.04110487693,-0.009645319016,0.05126440741,0.008012325519,0.009494887787,0.001944149455,-0.02199861425,0.0181916938,-0.02544618466,0.01686957526,-0.002148351321,-0.008699383434,-0.02524732695,-0.0007615232874,0.003373047492,-0.002588248306,0.006420772745,-0.0232426444,0.007157331383,-0.02285624221,-0.005652451673,0.007289285048,-0.01014092856,0.003841060052,0.00758943033,0.01263088832,-0.006742740002,-0.009562071691,0.001311047978,0.003238986695,-0.006393164615,0.01293613721,-0.001137231625,-0.01838413916,-0.003905242035,-0.01421917175,-0.001125082537,0.001156471247,0.006434544698,0.01994738278,0.001800989204,0.002510218884,0.004209329598,-0.002310809362,0.001737588722,-0.01528239901,-0.01028145637,0.01938960841,-0.003517536645,0.005157740015,0.0129911073,-0.00769649865,0.01355394582,0.01863549134,-0.006542891248,-0.01454431678,-0.0113323521,-0.01137439653,0.002167198809,0,0.01144664573,-0.009323999377,-0.0121703105,-0.01192036949,-0.003682022651,0.01008938295,0.005887926633,-0.008606384026,-0.04779594669,-0.04280225846,0.01481329885,-0.004295979314,0.004155454713,0.01075329673,0.0007886566986,0.002205263762,-0.001691425825,0.01151588342,-0.0132190509,-0.02569959009,0.006103015819,-0.006163019862,-0.0139175134,0.02559008787,0.002039733784,-0.006800524422,-0.006489075171,-0.004106078521,-0.006946617277,-0.01046214988,0.02505374595,0.002774014623,-0.01044400485,0.00471296724,0.0124748705
2026-03-12,182.9268036,255.5245667,209.5299988,303.3687744,303.0276184,335.2667236,395.0100098,405.1797791,975.5706177,124.835083,281.449646,197.7400055,277.0499878,158.6060638,152.4949493,240.6559601,46.88639069,223.5156708,195.1822968,77.08000183,115.0578003,157.2060242,475.4200134,488.8641052,306.7000122,245.8703918,202.1977386,130.6673737,189.0892334,77.32102203,336.8512268,784.0645142,699.3585815,917.7284546,153.5448456,300.9386292,209.4900055,130.8473206,478.1300049,306.4306335,584.121582,745.496521,328.5899963,140.7773285,90.91377258,105.0032959,66.60397339,132.0149841,155.2813873,97.03655243,74.82222748,99.59624481,347.6791992,733.0736084,263.9507141,286.7233276,201.1448364,119.3728638,131.2106628,168.1199951,418.7200012,290.3200073,84.40000153,87.62613678,21.44174194,91.06301117,50.95386887,43.90613937,68.26688385,91.09838867,130.6906738,62.2170105,288.6700745,59.07990646,114.2133179,49.87977219,365.0334778,144.3899994,162.8429565,75.40813446,58.34837341,158.5125275,100.0775223,165.1068726,174.5597687,263.2865601,586.5317993,566.798645,176.0168915,39.10013962,242.8383636,290.0053406,284.5527649,96.26724243,648.5840454,204.7599945,412.7772217,353.5876465,232.1242828,148.3328705,,-0.01553508369,-0.0193627461,-0.0146719737,-0.01668301442,-0.01689258896,-0.0163948223,-0.03141091003,-0.03186131299,-0.02259364329,0.01490004784,-0.01610308398,-0.03461405202,-0.0287467562,-0.02427648485,0.01286453042,-0.003909677013,-0.02864792474,-0.0101458489,0.02700875812,-0.0002575791145,-0.002581500604,-0.008054926122,-0.04000237865,0.01839896517,-0.05674298642,-0.004781610274,-0.02036092317,-0.02214438786,-0.04338849993,-0.00460951291,-0.03930848989,-0.04399333406,-0.009751427821,-0.02972121315,-0.04052460943,-0.01339908967,-0.0428564437,-0.01860114432,-0.02894106149,-0.03743509642,-0.01382058059,-0.03620944866,0.02106823178,-0.03783617655,-0.0154311162,-0.03379433181,0.02080211262,0.003999643507,-0.0132379913,0.01641378674,-0.02120188847,-0.01242118224,-0.02009607964,0.004255428024,-0.02172960985,-0.006556482958,-0.01434542999,0.02759979509,-0.02281853233,0.0193415545,-0.03293456835,-0.01305410759,0.01102058136,-0.030628058,0.00699950168,0.0007636645266,-0.01435951655,-0.02803947856,-0.01672383659,-0.02738580072,0.01376612257,0.01012702475,0.04605851161,-0.03786158289,-0.01488682118,-0.0009865077191,-0.02608306316,-0.005410951014,-0.04258553175,0.004622287382,-0.017172347,-0.02169513074,-0.03218678008,-0.03573712777,-0.04971231241,-0.0104651931,-0.01710207373,-0.001409210397,-0.06642652318,-0.02776400557,-0.02791599913,-0.02117218784,-0.02285626975,-0.02886907811,0.005173525413,-0.04362452747,0.002078779359,0.003899977377,-0.02522559664,-0.03911831086
2026-03-11,185.8134308,260.5699158,212.6499939,308.5157471,308.2344971,340.8549805,407.8200073,418.5141907,998.1218262,123.0023422,286.0560303,204.8300018,285.25,162.5522614,150.5580902,241.6005402,48.26920319,225.8066711,190.0493011,77.09986115,115.3555908,158.4825897,495.2304077,480.0320129,325.1499939,247.0516968,206.400238,133.6264496,197.6656494,77.67908478,350.6341248,820.1454468,706.2454834,945.8399658,160.0299988,305.0256958,218.8699951,133.3273621,492.3800049,318.3480225,592.3076172,773.5046997,321.8100281,146.3132629,92.33866119,108.6759262,65.2467041,131.4890747,157.3645782,95.46953583,76.44296265,100.8489075,354.8094788,729.9672852,269.8136597,288.6156311,204.0723419,116.166687,134.2746124,164.9299927,432.980011,294.1600037,83.48000336,90.3947525,21.29270363,90.99352264,51.69620132,45.17276001,69.42798615,93.66343689,128.9160004,61.59325409,275.9597778,61.40478897,115.9392853,49.92902756,374.8096619,145.1755371,170.0861664,75.06118011,59.36785889,162.0277405,103.4058228,171.2259979,183.6914978,266.0710449,596.7372437,567.5985107,188.5410156,40.21671677,249.8121185,296.2781982,291.2087097,99.12900543,645.2458496,214.1000061,411.920929,352.2140198,238.1312866,154.3716278,,0.006873796699,-0.00007670678451,-0.007838417022,0.005406520345,0.004854531687,-0.002948180896,0.02149087591,0.0386495734,-0.001507944382,-0.01302751331,-0.004190830232,0.007872883615,0.0103067355,0.09183395595,0.02329025727,-0.002954387313,-0.000823757963,0.002951422705,0.02952389895,-0.003210044567,-0.007515565284,-0.003918415854,-0.008718582161,0.01093755804,-0.004195746549,-0.00531574451,0.001255988485,-0.007988230899,0.006127770504,0.005148080746,0.01500522451,-0.01205312767,-0.01268343679,-0.01673629999,0.0008709178707,0.009368315325,0.016912138,-0.01292610193,-0.01360259704,0.001286111104,0.002227040845,0.003406551156,-0.007625002412,0.008300446379,-0.005366560613,0.002018969208,-0.01191545469,0.03612478537,-0.01034284614,-0.0001037980829,-0.01813545405,0.006648917537,-0.01459595788,-0.002449048498,-0.006476651186,0.02515218984,-0.003633874803,0.02522991283,-0.01608895005,-0.003925650127,0.000762780757,0.002966330566,-0.008550993081,-0.03065385465,0.01563984941,0.001310963365,0.005389711556,-0.02143618994,-0.009065138039,-0.005551474793,0.002621595462,-0.008289527362,0.009341486065,-0.01378208078,-0.02262409622,-0.0005916155373,0.005886704766,-0.0172321202,-0.01537841988,-0.007861540561,-0.002494640219,-0.00433245459,-0.01672172768,0.008097141987,0.01136176807,-0.01985292762,-0.01637750559,0.006488823085,-0.03199672282,-0.013932984,0.003596945015,-0.0031155834,0.005341232222,-0.001188991447,-0.002687309308,-0.01680744166,-0.00912551587,-0.004893214846,-0.004862639272,-0.0005153073246
2026-03-10,184.5449066,260.5899048,214.3300018,306.85672,306.7453918,341.862854,399.2399902,402.9407043,999.6292114,124.6259079,287.2598877,203.2299957,282.3399963,148.8800201,147.1313629,242.3164368,48.30899811,225.1421814,184.5992126,77.34815216,116.2291183,159.1060333,499.5860901,474.8384399,326.519989,248.3719788,206.1413269,134.7024841,196.4617767,77.28123474,345.4505615,830.1513672,715.3181763,961.93927,159.8907471,302.1946411,215.2299957,135.0733337,499.1700134,317.9391174,590.9914551,770.8786621,324.2826843,145.1087952,92.83687592,108.456955,66.03352356,126.9046707,159.0091858,95.47944641,77.85489655,100.1828003,360.0649719,731.7593994,271.5725403,281.5344238,204.8166199,113.3079376,136.4702759,165.5800018,432.6499939,293.2900085,84.19999695,93.25332642,20.96481705,90.87438965,51.41906738,46.16230392,70.06311798,94.18630981,128.5789185,62.10810089,273.4057617,62.26290131,118.623024,49.95858383,372.6161804,147.7210846,172.7426758,75.65595245,59.51633072,162.7327728,105.1643524,169.8506927,181.6278839,271.4603271,606.6730347,563.939209,194.7731171,40.78497314,248.9167786,297.2041626,289.6615601,99.24700928,646.9844971,217.7599945,415.7145386,353.9459534,239.2948914,154.4512177,,0.01160689312,0.003655539804,0.003934593266,0.002219716887,0.003006394876,-0.009168552126,0.001404629199,0.03542065676,-0.006981477252,0.006273157112,-0.004104646262,0.002713652416,-0.0099239645,-0.01425177403,-0.01535490272,0.004616931693,0.01377872656,-0.00193451937,-0.01662797657,0.001028163768,-0.0001707686921,-0.004643076389,-0.01939333036,-0.01174479519,0.01425774685,-0.01235542765,-0.005906937279,-0.02107016402,0.006422103687,0.01955116585,0.02047563979,0.002139304967,0.01682699065,0.01011828714,0.001869769359,-0.007302441455,0.01932276556,0.007473281176,0.0831037358,-0.002815085512,-0.01127645537,-0.01224403354,0.002589291544,0.01668186368,-0.01282050762,0.02232857422,0.001491624582,-0.02870813704,0.0087897148,-0.0100771408,-0.006723303357,0.01002303541,0.02349981046,-0.01653866677,-0.01189526825,0.01311735555,0.005113454012,-0.02460902917,0.004997843074,0.002907302906,-0.01045242055,-0.01597040578,0.004653375504,0.007015718323,-0.03255382384,-0.005108148481,-0.003452856345,-0.002139009035,-0.002402170198,-0.004795129576,-0.01060414035,-0.002861222794,0.00262391173,0.03157546926,0.01658691126,0.005153579699,-0.004085245872,0.01316235769,-0.02750240099,-0.02478923769,-0.008246722533,-0.003223654979,-0.02217089083,0.005664655127,-0.0009322432793,-0.008493314707,-0.00813035795,-0.007024119126,-0.01115507991,0.007635441053,-0.01340642738,-0.01302783244,-0.004513947993,0.009805790695,-0.01946855798,-0.03217780219,-0.02809714823,-0.01765295636,0.01271097594,0.0238738325
2026-03-09,182.4274902,259.6407776,213.4900055,306.1770935,305.8259583,345.0262451,398.6799927,389.1565247,1006.657166,123.8489838,288.4438477,202.6799927,285.1700134,151.0325012,149.4257813,241.2028198,47.6524086,225.5785675,187.7206268,77.26870728,116.24897,159.8482208,509.4663391,480.4815979,321.9299927,251.4791107,207.3662262,137.6017761,195.2081299,75.79927063,338.519165,828.3792114,703.4807129,952.3035889,159.5923462,304.4176331,211.1499939,134.0713806,460.8699951,318.8366699,597.7317505,780.4343262,323.4451904,142.727829,94.04254913,106.0881577,65.93517303,130.6555481,157.6237183,96.45140076,78.38188171,99.18862915,351.7977905,744.0652466,274.8418579,277.8892517,203.7746277,116.166687,135.7916107,165.1000061,437.2200012,298.0499878,83.80999756,92.60364532,21.67026711,91.3409729,51.59722519,46.26125717,70.23182678,94.64012146,129.9570007,62.28631592,272.6902466,60.35709763,116.6875381,49.70243835,374.1446533,145.8019867,177.6278687,77.57907867,60.01122665,163.2590637,107.5488052,168.8939667,181.7973633,273.785675,611.6459351,567.9284058,196.9703369,40.47592163,252.2992096,301.1271973,290.9750061,98.28326416,659.8304443,225,427.732605,360.306427,236.2913971,150.8498535,,0.02716218752,0.00939957049,0.001313253461,0.02698525476,0.02656921197,0.04620552445,0.00491513532,0.0513637887,0.01823637256,0.00436178851,0.001520018844,0.05326612477,0.003165982463,-0.009152812283,-0.00509230469,0.009109807903,-0.01521382678,-0.01155966058,-0.002632442989,0.009865060018,0.0113998825,0.0131719541,0.01593720127,-0.002310453877,-0.002200568714,-0.02132517168,-0.007294040011,0.01783482711,0.01537029003,-0.03090026775,0.0437273026,0.01291669518,0.03512992035,0.002323469807,0.001123064107,0.01455154222,0.05929861013,0.004533978198,0.009152800923,0.01234918646,0.01646397214,0.02861053824,-0.01097555502,0.06288342669,-0.008925770248,0.0005632004928,0.007968689278,0.001978531043,-0.00746884873,-0.002359536925,-0.01977112819,0.007879551092,0.01759886529,-0.01162496091,-0.002092653839,-0.03072792204,-0.003784174351,-0.0003416625283,0.03177369529,0.0003029569878,-0.0004343806493,0.003738079553,0.001673232852,0.03438653275,0.03218175982,0.01087675137,-0.004582734958,0.005592525896,-0.01475708919,-0.01225292826,-0.01071699961,-0.005218222851,0.008156288068,0.01903646099,0.005761480595,-0.01310634742,0.02013370772,0.01875922907,-0.003460787007,0.004363475957,0.00563938805,-0.00993292302,0.01452673883,0.004266709153,0.004129698839,-0.0005101388282,0.004147571874,0.05155584386,0.0167552187,0.01627035183,-0.00196761339,-0.001353849667,0.009646241984,-0.02364197261,-0.01134315943,-0.02643762968,0.00109523815,-0.004154095082,0.009775241181,-0.01160280656
2026-03-06,177.6033936,257.2229919,213.2100067,298.1319275,297.9107056,329.788208,396.730011,370.1445007,988.6281738,123.3111267,288.006073,192.4299927,284.2700195,152.4276428,150.1905975,239.0253448,48.38858414,228.2166748,188.216095,76.51389313,114.9386826,157.7700806,501.4742432,481.5942993,322.6399841,256.9588013,208.8898773,135.1906738,192.2531433,78.21617126,324.336792,817.8157349,679.6062012,950.0960693,159.4133148,300.0514221,199.3300018,133.4662476,456.6900024,314.9473267,588.0501099,758.7267456,327.0345764,134.2836151,94.88951111,106.0284424,65.41390991,130.3975525,158.809845,96.67951965,79.96283722,98.41317749,345.713623,752.8167114,275.4182129,286.6989136,204.5486755,116.2063904,131.6098785,165.0500031,437.4100037,296.9400024,83.66999817,89.52518463,20.99462318,90.35816956,51.8347702,46.00397873,71.2837677,95.81412506,131.3648376,62.61304474,270.4841003,59.22957611,116.0190964,50.36250687,366.7604065,143.117218,178.2447357,77.24203491,59.67469788,164.8969727,106.0088425,168.1764069,181.0496826,273.925415,609.1195679,540.0839233,193.7244415,39.82790756,252.7966156,301.5354309,288.1950073,100.6631393,667.4008789,231.1100006,427.2646484,361.8094177,234.003952,152.6206818,,-0.03010783009,-0.01087259597,-0.02617153404,-0.007843764536,-0.008673703212,-0.006881571374,-0.02174818659,-0.06737187363,0.007190377743,0.00397380826,-0.01386468582,-0.03519681314,-0.007930096633,-0.01182232484,0.002984939876,0.003213212359,-0.01796896774,-0.009640708563,0.0002106657524,0.0001298425823,-0.00241231551,0.0009605314696,-0.03251482906,-0.01085590781,-0.01186581604,0.00896520333,0.02894139529,-0.009562128796,-0.02399237754,-0.01712287299,-0.06288054418,-0.01680511208,-0.03566166278,-0.07172070377,-0.01402641806,-0.02021418578,-0.07150172987,-0.0240117259,-0.008962295077,-0.0421873283,-0.001557467106,-0.006628057934,-0.01341513668,-0.05933421289,-0.001886626348,-0.02221203441,-0.007017065567,0.002900121605,-0.009942184743,0.002880754644,-0.02058219581,0.00303978501,-0.0198427366,0.02178350844,-0.0189373734,0.01103039102,-0.02942980557,0.002140026389,-0.0320758145,0.0115837175,-0.01105580888,-0.009671804736,-0.008884150868,0.1835359208,-0.01583606371,-0.001207059794,-0.02856620768,-0.0410477868,-0.01521803516,-0.02037519597,0.006762364408,0.003809534177,-0.01508954203,-0.05266520694,0.001722779355,-0.001172365138,0.005250251417,-0.008336803874,-0.008852027126,-0.009785300063,-0.007408634132,-0.01659407768,-0.04621443715,-0.01946548386,-0.04405719734,-0.04261407664,-0.03624407504,-0.01644144773,-0.07931458714,-0.02916165586,-0.02340516561,-0.02598749904,-0.03816793893,-0.01643127899,0.02560308498,0.04075476516,0.01885224148,0.00773487153,-0.01296259967,-0.01792462149
2026-03-05,183.1166382,260.050415,218.9400024,300.4888916,300.5173035,332.0733948,405.5499878,396.8832703,981.5703125,122.8230515,292.0553284,199.4499969,286.5423279,154.2512512,149.7436218,238.2597656,49.27398682,230.4382629,188.1764526,76.50395966,115.2166214,157.6186829,518.3275757,486.8798218,326.5143433,254.6755829,203.0143585,136.4958649,196.9791412,79.57878876,346.0997314,831.7941284,704.7383423,1023.50238,161.6811218,306.2418518,214.6799927,136.7498474,460.8200073,328.8193359,588.9674072,763.7891846,331.4814453,142.7537994,95.06887054,108.4370499,65.8761673,130.0204773,160.4046173,96.40180969,81.64323425,98.1149292,352.7124023,736.767334,280.7345886,283.5710144,210.7510376,115.9582367,135.9712677,163.1600037,442.2999878,299.8399963,84.41999817,75.64213562,21.33244514,90.46736908,53.35903549,47.97317123,72.3853302,97.80696106,130.4824677,62.37542343,274.6281128,62.52232742,115.8195648,50.42161942,364.8448792,144.3203888,179.8366547,78.00534058,60.12010574,167.6794586,111.1453629,171.5150299,189.3938446,286.1180725,632.0267944,549.1121216,210.4132843,41.0242424,258.8551636,309.580658,299.6313171,102.3447952,650.7399292,222.0599976,419.3587952,359.0323486,237.0770874,155.4062805,,0.001638915171,-0.008494547049,0.009777672934,-0.007422541737,-0.008370496715,0.04799547185,-0.0009607691927,-0.009282073565,-0.02023773877,-0.03520846652,-0.01950645569,-0.01296585481,-0.01092609802,0.01588237925,0.006274141469,-0.02311453363,-0.009741453258,-0.01625805641,0.020803062,-0.01370035614,-0.03500166044,-0.01964376248,0.01199554269,-0.01828960475,-0.03772699265,0.02595376575,-0.02375250203,-0.01168655544,-0.02178956271,-0.01063440689,-0.03138978064,-0.03665609952,-0.03537024153,-0.01356224752,-0.03001551289,-0.01285306355,-0.03726630168,-0.0112607894,-0.03571953127,-0.0345231985,-0.03802676718,-0.02866036417,-0.005027904969,-0.03153984278,-0.006559757292,-0.02128996775,-0.01673510616,0.02511340912,-0.004946455755,-0.004404373455,-0.02168474056,0.01585180077,0.0009309833869,-0.01834616256,-0.01622740005,-0.01705263942,-0.006967158072,0.01011673359,0.02629007907,0.02901113884,0.0262656655,-0.01830205439,0.01968833477,-0.03086178096,-0.003712357541,-0.01587474295,-0.007913076659,-0.01282840884,-0.00518269775,0.003542840359,-0.002047301141,0.006872339936,0.007840965877,-0.04959803261,-0.02747761204,-0.0003906861215,-0.03076959746,-0.02077991968,-0.01288839262,-0.02333371256,-0.02550937754,-0.009038555462,-0.04953264918,-0.02254780167,-0.02026722493,-0.02956280359,-0.04188613343,-0.03370986484,-0.02548689455,-0.03810184158,-0.02437193591,-0.02174104025,-0.02796215888,-0.05818999986,-0.01426678339,-0.02309621247,-0.03629037744,-0.0148038534,-0.03085739122,-0.02908815734
2026-03-04,182.8170166,262.2783508,216.8200073,302.7359619,303.0540161,316.8652954,405.9400024,400.6016846,1001.845398,127.305275,297.8656311,202.0700073,289.7077026,151.8396759,148.809967,243.8973389,49.75870895,234.2466583,184.3415833,77.56665039,119.395668,160.776947,512.1836548,495.9505615,339.3157043,248.2330017,207.9537811,138.1098938,201.3668365,80.43415833,357.3157959,863.4446411,730.5791016,1037.574219,166.6842346,310.229248,222.9900055,138.3072968,477.8900146,340.5771484,612.2492676,786.3255615,333.1565247,147.4028625,95.69661713,110.7958908,66.99737549,126.8352127,161.2019958,96.82827759,83.45288849,96.58390045,352.3843384,750.5368042,285.3653259,288.4905396,212.2296753,114.7968674,132.4881439,158.5599976,430.980011,305.4299927,82.79000092,78.05092621,21.4119339,91.92668152,53.78463745,48.59658813,72.76243591,97.46166992,130.7501526,61.94968414,272.4915161,65.78514099,119.0919266,50.44132614,376.4273987,147.3829956,182.1847229,79.86898041,61.69387817,169.2088623,116.9375916,175.4715271,193.3117371,294.834198,659.6572876,568.2683716,215.9163208,42.64925766,265.3215637,316.4608459,308.2506714,108.6681976,660.1582642,227.3099976,435.1505737,364.4272766,244.6255951,160.0621948,,0.01660650457,-0.004663560174,0.03875826073,-0.001482167139,-0.0003621878319,0.01175750425,0.03442654746,0.05554670143,-0.004128070913,-0.0007818930879,-0.002897386131,0.05823519536,0.00950857139,0.02254876442,-0.01323846035,-0.005876342372,0.006603916495,0.009963259563,-0.01451502898,-0.01562890465,0.003755336453,-0.006003218395,0.009033680501,-0.004963272324,0.01696881436,0.01948791222,0.01113697069,0.009990471609,-0.001381608146,0.02418953323,0.01833087488,0.005413951174,0.01355612845,-0.003192085589,0.009822265917,0.01101288442,0.02755638513,-0.01120573005,0.007632837242,0.00743395662,-0.008365400603,0.02718289834,-0.01229671867,0.02397755351,0.008399857091,0.0050559253,-0.0111772192,-0.001484210466,0.01264777617,0.008678554284,0.01696356011,0.004861408773,-0.003093734794,-0.006942233149,0.004161144283,0.02612403811,0.003801889506,-0.02421528171,0.02446361259,0.01582421218,0.01569570972,0.01596642955,0.02083850152,0.007482833887,-0.004158910974,0.0001079873002,0.006482631841,-0.003853904144,0.008944552534,0.0004051115318,0.00342392966,-0.001755009393,0.004248457019,0.005490286989,0.007171807014,0.006487226344,0.006021149425,0.002638091871,0.008426003778,0.0009939576554,0.01813131781,-0.01561327413,-0.004061599177,-0.007497129435,-0.01792853871,-0.01339985742,0.005816108562,0.004204918653,0.04112690133,0.00281292678,0.003235164097,0.0017965079,0.004078040234,-0.02411030325,-0.005001379894,0.01423345757,-0.007494353429,0.003893574891,0.008693873499,0.015206954
2026-03-03,179.830658,263.5072327,208.7299957,303.1853333,303.1638184,313.1830444,392.4299927,379.5205688,1005.99823,127.404892,298.7311707,190.9499969,286.9789429,148.4913788,150.8064117,245.339035,49.43226242,231.9358215,187.0567169,78.79817963,118.9489746,161.7479553,507.598175,498.4243774,333.6539917,243.4879303,205.6633148,136.7437592,201.6454315,78.53444672,350.8837891,858.795166,720.8077393,1040.896851,165.0629425,306.8499451,217.0099945,139.8746948,474.269989,338.0639954,617.4141846,765.5166016,337.3042603,143.9512634,94.8994751,110.238533,67.75468445,127.0237427,159.1886139,95.99517822,82.06084442,96.11663818,353.4779053,755.7836304,284.1828003,281.145874,211.4258575,117.6456909,129.3244019,156.0899963,424.3200073,300.6300049,81.09999847,77.47122192,21.50135612,91.91675568,53.43821716,48.7845993,72.11737823,97.42220306,130.3040009,62.05859756,271.3387451,65.42593384,118.2439041,50.11621094,374.1744385,146.9952087,180.6624603,79.78967285,60.59520721,171.8926697,117.4144821,176.7969971,196.8408051,298.8385925,655.8428345,565.888855,207.3871307,42.52962494,264.4659729,315.8933411,306.9987183,111.352951,663.4765625,224.1199951,438.4363708,363.013855,242.5171814,157.6645966,,-0.01331657128,-0.003664168117,0.001631538648,-0.009591575707,-0.009139608464,-0.01562009453,-0.02700092842,-0.07994285289,-0.0100592447,0.006372930548,0.009073787729,-0.03861644526,-0.01939442818,-0.001608050718,-0.01549733315,-0.007281952172,0.003212153399,-0.001707523474,-0.004377621753,-0.01096995899,-0.01301380842,-0.01416784839,-0.0009437979805,-0.01503912887,-0.03355114403,0.02468981528,-0.02658372646,-0.02056288754,-0.0340768595,-0.005791975475,-0.05604816636,0.001021261519,-0.0400627055,-0.01471486965,-0.006287427625,0.001268656545,-0.0594372615,-0.01205153767,-0.02419605744,-0.03506874397,-0.01848208951,-0.03053834693,-0.01301209751,-0.06097918455,-0.002618087988,-0.006191056756,0.002911588533,-0.004974750928,-0.001437936799,-0.004525423872,-0.0006055343067,-0.0008268149778,-0.0578696048,-0.01160135829,-0.01782462139,-0.03414152593,-0.005508030828,0.002368037135,-0.041284344,0.03956045743,-0.0008006318819,-0.008999144912,0.02424852439,-0.04142958407,-0.0221418721,-0.001294336131,-0.01171520878,-0.005045419355,-0.007782643162,-0.01200596325,-0.00151942135,-0.005868315946,-0.01226346061,-0.03983018709,-0.07745002647,0.01780704308,-0.02255639457,-0.01466373143,-0.03043566417,-0.01432779907,-0.01796593987,-0.01319808249,-0.00855701933,-0.01755560553,-0.02014786622,-0.02024829312,-0.01288030045,-0.01162983079,0.0009145804404,-0.01181377237,-0.004232747449,-0.0006614183141,-0.0121884052,-0.01040021106,-0.01312244648,-0.02446248038,-0.02953305439,-0.0002192833712,-0.01689237754,-0.01845663532
2026-03-02,182.2577057,264.4763184,208.3899994,306.121521,305.9601746,318.1526184,403.3200073,412.4967346,1016.220642,126.5980911,296.0449219,198.6199951,292.6548157,148.730545,153.1802979,247.1386871,49.27398682,232.3325348,187.8791809,79.67218018,120.5173645,164.0725098,508.0776978,506.0346985,345.2370911,237.621109,211.2799225,139.6146393,208.7592926,78.99196625,371.7178955,857.9190063,750.8904419,1056.442261,166.1073303,306.4611511,230.7235718,141.5809631,486.0299988,350.3503418,629.0401611,789.6306152,341.7511597,153.2993317,95.14858246,110.9252777,67.5579834,127.6588135,159.4178467,96.43157196,82.11056519,96.19617462,375.1900024,764.6546631,289.3401794,291.0839233,212.5968475,117.3677597,134.8933868,150.1499939,424.6600037,303.3599854,79.18000031,80.81954193,21.9882164,92.03588104,54.07167816,49.03198624,72.68304443,98.60606384,130.5022888,62.42492676,274.7076111,68.13996124,128.1707306,49.23940277,382.8092346,149.182785,186.3336487,80.94950104,61.7037735,174.1916656,118.4278717,179.9562378,200.8882751,305.0146179,664.4005127,572.5474854,207.1976318,43.03806686,265.5901489,316.102417,310.7867126,112.5232162,672.2987671,229.7400055,451.7787781,363.0934753,246.6842651,160.6292725,,0.02985494791,0.002044010868,-0.007666669573,-0.01680788734,-0.01627974748,-0.002284408363,0.002012366249,0.0007275558964,-0.03233866382,-0.006643145967,-0.009124192158,-0.007941718912,0.005660391011,0.02647874016,0.01127869008,0.0005232885327,-0.0004013290135,0.009393314388,0.01520668361,-0.01642952379,-0.01946367265,-0.01449281738,-0.02404485456,0.002479939664,0.01016772954,-0.003497001994,0.04708321445,-0.0093424987,-0.01079623128,-0.0005034342615,-0.0003222979193,0.007753802607,0.01277540768,0.00477777018,0.002942767362,-0.004758806026,-0.01235621042,0.001052012758,-0.02173779378,-0.009500026272,0.001857961457,0.01169295908,0.005574230509,0.006821628983,0.003046301188,0.01143471232,-0.005069505563,0.03683100992,-0.01063962162,-0.001540250843,0.01387369437,-0.01285449024,0.003936954506,0.06024464472,0.001858083387,-0.08103130418,0.008853204233,0.04212935819,-0.07462683599,0.008259439583,0.02574880112,0.006502957846,0.00189803275,-0.01016042456,0.03074055745,-0.01130424883,-0.0005487807415,0.004867101836,0.01623421093,0.01595852306,0.005961007857,-0.001425400144,0.002756862608,0.003084646334,-0.009769216423,-0.003191023956,-0.006337582892,0.007250838951,-0.01710928653,0.02202757531,-0.0004809968549,0.0003399946284,-0.03301698555,0.02086161339,0.04339044234,-0.01225802977,-0.01537575104,0.01701347107,0.02314699002,0.01124389001,0.007509967311,0.008673896472,0.0006459483055,-0.01328045992,0.03371369314,0.009713034438,0.02071901668,0.02164966858,0.01826839009,-0.02334871062
2026-02-27,176.9741516,263.9368286,210,311.3547363,311.0235596,318.881073,402.5100098,412.1968384,1050.182129,127.444725,298.7709656,200.2100067,291.0075989,144.8939362,151.4718933,247.0094299,49.29376984,230.1704712,185.0649567,81.00302124,122.9096375,166.4853516,520.5953369,504.7828674,341.762146,238.4549866,201.7794952,140.9312897,211.0377045,79.03175354,371.837738,851.3180542,741.4185181,1051.418823,165.6199493,307.9265137,233.6101074,141.4321747,496.8299866,353.7106018,627.8735962,780.5042114,339.85672,152.2606659,94.85961151,109.6712189,67.90221405,123.1240311,161.1322327,96.5803299,80.98697662,97.44882965,373.718689,721.2058716,288.8035583,316.7506409,210.7312012,112.623024,145.7718811,148.9199982,414,301.3999939,79.02999878,81.64913177,21.33244514,93.08817291,54.10136795,48.79449844,71.52194214,97.05717468,129.7289734,62.51403427,273.9523621,67.93041992,129.4352112,49.39702988,385.2507935,148.1088715,189.577179,79.2048111,61.7334671,174.1324615,122.4715118,176.2787781,192.5341339,308.7998962,674.7756958,562.9694214,202.5101318,42.55953217,263.6104431,313.3841553,310.5860901,114.0376892,650.3723145,227.5299988,442.6083679,355.3992004,242.2585907,164.4694214,,-0.04164634665,-0.03213044438,0.01000385653,0.01424953679,0.01393445811,-0.006683271544,-0.01485627541,-0.007676386593,0.02932417867,0.02837157993,-0.0190442228,-0.01703645958,0.02305861335,-0.03266584362,0.02665959809,0.02037206746,-0.04722747339,0.03288974636,0.01411814973,0.01316765212,0.03788763802,0.01288941453,0.00190339037,0.01919716047,0.004166188817,-0.007437650561,0.02524919653,-0.02218560329,-0.002445603057,0.01741355174,-0.00910257039,-0.07473629842,-0.01341418408,-0.02480109027,-0.06186273257,-0.07879047276,-0.02166734201,-0.0006308525836,0.03478220798,0.004063766218,0.01654664422,0.0141153829,0.008700159741,0.0001574624155,-0.02379000912,-0.05163952893,-0.006189708214,0.02435404038,0.01871568816,0.01069014957,-0.05619943858,-0.0006117850823,0.003550611435,0.01896191801,0.001205761502,-0.009441115473,-0.04698859207,0.02493231446,-0.0162323162,-0.003212822939,-0.02816901408,0.01276877592,-0.00214644161,0.03026869124,0.03023030243,0.02630054043,-0.04540687571,-0.04252422923,-0.05096126055,-0.03841268845,0.01253581931,0.007306743512,-0.002027324411,-0.00438722484,0.01984777905,0.02556756285,0.02327789588,0.0360297213,0.01985762858,0.02422769541,0.02078558767,-0.001018944578,-0.001700753249,0.007231950595,0.003168452633,0.003268758303,-0.002785753259,-0.003486401898,0.02359235559,0.004234143071,0.003446083917,0.005526838651,-0.001753968326,-0.005744633156,0.02563781722,-0.008194955986,0.006566693777,0.01804854668,0.01627092571,-0.005115152307
2026-02-26,184.6647644,272.698761,207.9199982,306.9804077,306.749176,321.0265808,408.5799866,415.385498,1020.263733,123.9286728,304.5712891,203.6799927,284.4486084,149.78685,147.5385742,242.0778046,51.73718643,222.8412781,182.4885559,79.95026398,118.4228745,164.3667603,519.6063232,495.2749939,340.3442078,240.2418213,196.8101959,144.1288757,211.5550842,77.67908478,375.2535095,920.081543,751.4992676,1078.158325,176.541275,334.2632751,238.7839203,141.5214539,480.1300049,352.2790222,617.6535034,769.6404419,336.925415,152.2366943,97.17131805,115.6429672,68.32512665,120.1967545,158.171936,95.55879211,85.80941772,97.50848389,372.3964539,707.7849121,288.4557495,319.7696228,221.1213837,109.8833771,148.1771393,149.3999939,426,297.6000061,79.19999695,79.25032806,20.70648193,90.70264435,56.67479324,50.96160126,75.36251068,100.9343338,128.1228485,62.06057358,274.5088806,68.22975922,126.9162064,48.16555405,376.486969,142.9581299,185.8859253,77.33125305,60.47642899,174.3100739,122.6801605,175.013092,191.9260254,307.7937927,676.6607056,564.9390259,197.8425598,42.38008881,262.7051392,311.6616516,311.1318054,114.696579,634.1149902,229.4100037,439.7208557,349.0984802,238.3799286,165.315033,,-0.05456124073,-0.004667677616,-0.0129130328,-0.01764149402,-0.01878410356,-0.03192804569,-0.02113082763,-0.03132867226,-0.00661915126,-0.01057651919,0.009330769939,-0.03405106665,0.00865582889,0.01636350007,-0.003488634061,-0.006933955783,0.01180111972,-0.009827264351,-0.0003256581329,0.0003727804053,-0.02580432578,-0.009398808771,0.01253701762,-0.01920231632,-0.005978621461,0.01881791019,0.00841923911,-0.001577391935,-0.00593728542,-0.01289181878,-0.04868968709,0.00827023374,-0.01784478016,-0.003209111507,0.02164285002,0.02516129262,-0.04172671078,0.01878178973,-0.00604488766,-0.01787691036,-0.006654769652,-0.01720052562,0.01010343879,-0.01446322239,0.02275823635,0.01617984404,-0.003299885222,-0.0111836639,0.01841866007,0.004482891583,-0.005301949331,0.001531766304,0.002837817004,0.01030337378,0.001863684856,-0.0225712649,0.0039198943,0.006272050532,-0.0273191767,0.03148299968,-0.05158406112,-0.01404714513,0.02391723996,-0.02014330859,0.01017934234,-0.03280422721,0.02158783553,0.01839033337,0.008365483469,0.01437636969,0.002326860759,-0.003460823338,-0.01452007151,-0.006393493913,0.02098520098,-0.006906337749,-0.01300965003,-0.02277054534,0.06117231727,0.02388760145,-0.003262659971,-0.02376222072,0.002924022019,0.0007408495138,0.00516894592,0.01132454728,0.007678745035,0.004051368682,0.03479387779,0.01018478721,0.004541154365,0.003719821781,0.01330403165,0.02441804596,-0.009065669832,-0.004123966599,0.01703477143,0.02209010236,-0.005449999096,0.003805796529
2026-02-25,195.3217621,273.9776001,210.6399994,312.4932556,312.6214905,331.6143799,417.3999939,428.8198547,1027.062012,125.253418,301.7556763,210.8600006,282.0075989,147.3752747,148.0550842,243.7680817,51.13375092,225.0529327,182.5480042,79.92047119,121.559639,165.9262695,513.1726685,504.9716187,342.3912354,235.8044739,195.167038,144.3565826,212.8186493,78.69358826,394.4596252,912.534668,765.1532593,1081.629395,172.8013611,326.0592041,249.1814423,138.9124298,483.0499878,358.6913147,621.7913818,783.1103516,333.5553589,154.4708405,95.00907898,113.8016739,68.5513382,121.5561981,155.3113098,95.13232422,86.26679993,97.35935211,371.3426514,700.5667114,287.9191589,327.1539001,220.2579956,109.1984787,152.338913,144.8399963,449.1700134,301.8399963,77.34999847,80.87950897,20.49782753,93.7789917,55.47716141,50.04132462,74.73729706,99.50382996,127.8254166,62.27610016,278.5534973,68.66879272,124.3075867,48.50051498,381.4494934,146.2892151,175.1703491,75.52709198,60.67438889,178.552887,122.3224869,174.8835297,190.9390717,304.3471985,671.5043945,562.6594849,191.1903076,41.95280838,261.5175476,310.5066223,307.0468445,111.9626694,639.9162598,230.3600006,432.3557739,341.5535278,239.6862183,164.6882629,,0.01405227604,0.007679860855,0.00997315811,0.006432955572,0.006786286806,0.02095312472,0.01959057335,0.02629122966,-0.01278127787,-0.007889522274,0.02018164273,-0.01393563308,0.0374155884,0.01197483638,-0.001339857859,-0.004507065529,0.02539183102,-0.006653819027,-0.00604293714,-0.003097104268,-0.01186152052,-0.002182341651,-0.003723791945,0.008472138421,-0.007956261737,0.03584503777,-0.01249629121,0.007183374057,0.002577881871,0.01254166312,0.04503480336,0.02117988022,-0.002108771773,0.01177550929,0.02926720115,0.02062532228,0.02141241692,-0.001924502366,-0.008985915821,0.01322697045,-0.03247276398,0.01565675664,-0.006857625425,0.02656885765,0.02394755375,0.04362910472,0.006498153778,-0.009700853171,-0.01167062867,0.001148143973,0.02589571562,0.01471344575,-0.002750024156,-0.03308911671,-0.01636336984,0.01030141538,0.01853968951,-0.005244530582,0.007524786008,0.02237593146,0.01917319882,0.03857134937,0.02818018108,0.03227450202,0.01876543065,-0.005957317416,0.01853533367,0.01832467459,-0.0003981685878,0.004681701676,0.003658662677,-0.002667059605,0.002969909829,0.01384796982,0.006124590606,-0.01263541481,0.003813327718,-0.003522051957,0.008131023723,0.02709630845,-0.004870093204,-0.008383996106,-0.01935484857,0.001884154648,0.003457906498,-0.03888141566,-0.03380934181,-0.009573982901,-0.02541943835,-0.005886485499,-0.009037692825,-0.01341391885,-0.0102701099,-0.01317501909,-0.02548045642,-0.01298255618,-0.02713694563,-0.02289418559,-0.005787959548,-0.005526954129
2026-02-24,192.6150818,271.8895264,208.5599976,310.4958496,310.5142517,324.8086243,409.3800049,417.8344727,1040.359131,126.2494659,295.7862244,213.8399963,271.8366699,145.6313629,148.2537231,244.8717346,49.86752319,226.5604248,183.6578369,80.16876221,123.0188293,166.2891693,515.0907593,500.7293701,345.1372375,227.6445465,197.6367645,143.3270111,212.2714386,77.71886444,377.4607544,893.6081543,766.7702026,1069.040894,167.8877563,319.4700317,243.9577179,139.1802826,487.4299927,354.0088501,642.6603394,771.0383911,335.858551,150.4729462,92.78705597,109.0441742,68.10875702,122.7469482,157.1452942,95.02322388,84.08924866,95.94763184,372.3666687,724.5411377,292.7088623,323.8181152,216.2488098,109.7741928,151.2011566,141.6699982,440.7200012,290.6300049,75.23000336,78.35077667,20.12026215,94.34101105,54.46758652,49.14083481,74.76706696,99.0401535,127.3594513,62.4426384,277.7286682,67.73085785,123.5508881,49.12118149,380.0004272,146.8062744,173.7575226,73.53457642,60.97132492,180.0625305,124.7367477,174.5546417,190.2810974,316.6593628,695.0019531,568.0984497,196.1770172,42.20122528,263.9026184,314.728363,310.2329712,113.4574738,656.6479492,233.3899994,444.415863,349.5563354,241.0815887,165.6035461,,0.006786818575,0.02239103564,0.01602763783,-0.001894025046,-0.002470360914,-0.0146819242,0.02388519779,-0.007031412216,-0.01550222472,0.007471575884,-0.001243149104,0.08769069023,-0.02971587345,0.03418015183,-0.009949663722,0.007115426602,-0.01292349995,-0.004531942025,0.002325396252,0.001986163698,0.0008883916412,0.007248019711,-0.001626523898,0.01166224062,0.01961716811,0.02672939257,-0.01713542795,0.03112312437,-0.02960971485,0.005145333012,0.01172536794,0.0111621059,0.01554591412,0.009374327546,0.01193031456,-0.002365813579,0.008172699818,-0.003126364424,0.01334688006,0.002646777659,-0.003555813467,-0.01886812236,0.01037827492,0.01276499032,0.003989198133,-0.01074496743,0.003914153128,0.01136454072,-0.0001902795498,0.006619016087,-0.006811544681,0.01825285771,0.03455330479,0.00322580318,0.004569928877,-0.02599212358,-0.01295465148,0.006461621153,0.02489506303,-0.0171361262,0.04728861164,0.0387062815,-0.004894115405,0.007712989611,0.012499976,0.01722304028,-0.01397601807,-0.008584587439,0.001329026607,-0.004857202345,0.005242984063,-0.007628828942,-0.01334507265,0.03554529375,-0.001287701183,0.003623209868,0.00909271922,-0.01461663019,-0.03599032179,-0.03662337348,0.005714284636,-0.0100357326,0.001595557312,-0.02068781373,-0.02622317309,0.02284499389,0.01938274541,0.03478367791,0.01454506773,0.01191331761,0.0109947756,0.00336471457,0.007427484438,0.003043036205,0.00576731719,0.01280158357,0.02219132022,0.006303971524,0.002262835251,0.0007214271422
2026-02-23,191.3166504,265.934967,205.2700043,311.0850525,311.2832336,329.6484985,399.8299866,420.7932434,1056.740967,125.313179,296.1543884,196.6000061,280.1619263,140.8181763,149.7436218,243.1416779,50.52042389,227.5918579,183.2317505,80.00984955,122.9096375,165.0925751,515.9299316,494.9570618,338.4968872,221.7181549,201.0823975,139.0008698,218.7485199,77.32102203,373.0861816,883.7437134,755.0325317,1059.112427,165.9084167,320.2276306,241.9800873,139.6167755,481.0100098,353.0743408,644.9536743,785.8662109,332.4087219,148.5763702,92.41838074,110.2285767,67.84320831,121.3676605,157.1752014,94.39839935,84.66595459,94.22770691,359.9299011,722.2114258,291.3772888,332.4594421,219.0870056,109.0694275,147.5284271,144.1399994,420.8200073,279.7999878,75.59999847,77.75108337,19.87186432,92.74368286,55.23961639,49.5663414,74.66783142,99.52355957,126.6951904,62.92266464,281.4851074,65.40598297,123.7101898,48.94384766,376.5763245,148.9839172,180.2445831,76.33003998,60.624897,181.8879089,124.5380402,178.2420807,195.4052429,309.586853,681.7870483,549.0021362,193.3645172,41.70438766,261.0326233,313.6729431,307.9457092,113.113266,652.8825684,230.4400024,434.7677917,347.3665466,240.5372925,165.4841614,,0.00911380302,0.00604725797,-0.02303553531,-0.01108019831,-0.01019371137,-0.006944178221,-0.02911471162,-0.01681571303,0.04857756263,0.02292866749,-0.042214981,-0.01773663703,-0.02641383933,-0.04571857846,0.02362849129,0.01381501021,-0.03750472667,0.02077310142,0.005328167052,0.009018000401,0.01275963026,0.02049226753,0.01078423465,0.00338361773,-0.01232454346,-0.1314746082,-0.01463982758,-0.01728719359,0.0005915926146,-0.01843436606,-0.004875061242,-0.03245362505,-0.00430411415,-0.02069230417,-0.04908493118,-0.07204349039,-0.01081982394,-0.005441205115,0.008618192329,0.0003379841532,-0.02362292104,0.009452717674,0.005337467027,-0.005574931965,-0.01361265225,-0.04525860702,0.02086726956,-0.006256102398,-0.003412666155,0.009331822121,-0.04002242216,-0.02779769972,-0.03034446902,0.005740074163,-0.005966480517,-0.02058729712,-0.05236725268,-0.005880803868,-0.02131878913,-0.03066575422,-0.04346046054,-0.05562309658,-0.05500001907,-0.02126322379,-0.06410858611,0.02039488689,-0.04858507528,-0.04262234518,-0.04879903718,-0.02474875121,0.00796658295,-0.02622793593,0.007361818866,0.01880650195,0.0173585901,0.008730994606,0.01246175265,-0.0103698313,-0.04567244595,0.004042269459,0.009726312373,-0.005663781362,-0.009325844886,-0.006444056138,0.01354770879,0.01801572802,-0.003411387434,-0.006423503891,-0.03729077186,-0.008035934642,-0.008793657868,-0.003794685715,-0.01227862868,-0.01464928391,0.003585174997,-0.006852546422,0.001005539567,-0.00694323575,-0.003729980482,-0.004309815735
2026-02-20,189.5887756,264.3364563,210.1100006,314.5705566,314.4890442,331.9536438,411.8200073,427.9902039,1007.785217,122.5043182,309.2075806,200.1499939,287.7628479,147.564621,146.2870789,239.8284454,52.48900986,222.9602814,182.2606354,79.29476929,121.3611145,161.7773895,510.4253845,493.2879639,342.7207642,255.2811432,204.0699463,141.4460754,218.6191864,78.77315521,374.9139099,913.3864136,758.2963257,1081.490967,174.4723816,345.0890503,244.6269073,140.3806152,476.8999939,352.9550476,660.5579834,778.5072021,330.6439209,149.409317,93.69380188,115.4538574,66.45644379,122.1317291,157.7134247,93.52563477,88.19576263,96.92191315,371.193573,718.0895386,293.1262207,339.4477539,231.1940002,109.7146378,150.7420654,148.6999969,439.9400024,296.2799988,80,79.44023895,21.23308754,90.88999176,58.06048965,51.77302933,78.49848175,102.0491486,125.69384,64.6174469,279.428009,64.19863129,121.5993958,48.5202179,371.9412842,150.5450439,188.8707733,76.0227356,60.04092026,182.9239502,125.7103958,179.3981323,192.793335,304.1081238,684.1208496,552.5514526,200.854538,42.04223633,263.3484192,314.8677673,311.7738647,114.7949295,650.5502319,232.0299988,434.3310547,349.7952576,241.437851,166.2004547,,0.01021829608,0.01535044969,0.02562725756,0.04005291958,0.03735678582,-0.004012077712,0.0002672169037,0.02592549134,-0.01338904124,-0.01505564113,0.008894742953,-0.01583321679,0.0002414306698,-0.05404361156,-0.02444199141,-0.01790127611,0.005495497234,0.002050332234,-0.004600064018,0.01178552724,0.003282497635,0.002126611003,-0.008134067083,0.01305833869,0.02533314525,0.003433785242,0.0009279626606,0.01139661133,0.007704663205,0.0081466415,0.01500692938,0.006098270995,-0.001038848512,0.01143097536,0.005964318257,0.01030210128,0.03171991922,0.01776467072,0.01625930714,0.02817846497,0.0007402046331,-0.00226509363,0.007473567458,0.01775631654,0.001704440992,0.003894371153,-0.006177264513,-0.006377709363,0.01098972148,-0.007890523279,0.01290392847,0.01764084499,-0.01044199219,-0.0180629435,0.003947995001,-0.01507839731,0.01159356099,-0.009499031162,-0.001058193354,-0.01516662336,-0.00565048365,-0.001045205713,-0.02044812301,-0.001632880675,-0.0009349643366,0.005892592,0.01330109189,0.01042882211,0.01280417117,0.007107464438,0.003244433694,0.007638123254,0.001638603974,0.02828823012,-0.02607665459,0.01254109102,-0.001997352803,0.00185288742,-0.003517040826,-0.008147967577,0.005970168142,0.01600266592,0.02420264317,-0.0001665958698,0.01474446556,0.008056753763,0.01560543974,-0.002418745309,0.0318696448,0.01511520571,0.01190246412,0.00694161691,0.01393738805,0.01029952978,-0.01237792109,-0.007188429619,-0.01256934035,-0.008240571135,0.01329071966,0.01217807087
2026-02-19,187.6710968,260.3401184,204.8600006,302.4562988,303.1638184,333.2908325,411.7099915,417.1747437,1021.461609,124.3768921,306.4815063,203.3699951,287.6933899,155.995163,149.9522095,244.1999359,52.20213318,222.5040741,183.1029205,78.37112427,120.9640503,161.434082,514.6112671,486.9294739,334.2530823,254.4075623,203.8807526,139.8522339,216.9476776,78.13660431,369.3707886,907.8500977,759.0848999,1069.268188,173.4379425,341.5701599,237.1059265,137.9303284,469.269989,343.2818909,660.069397,780.2745972,328.1911621,146.8026428,93.53437805,115.0059814,66.86951447,122.9156494,155.9990387,94.26947021,87.07218933,95.24176788,375.1104736,731.2989502,291.9735107,344.6444397,228.5443573,110.7668152,150.9017487,150.9900055,442.4400024,296.5899963,81.66999817,79.57016754,21.2529583,90.35755157,57.29835892,51.23867035,77.50608063,101.3289566,125.2873535,64.12763214,278.9708862,62.43252563,124.8552017,47.91925812,372.6856689,150.2666168,189.537384,76.64725494,59.6845932,180.0427856,122.739769,179.4280243,189.9920044,301.6775818,673.6088867,553.8911743,194.6510773,41.41622162,260.2507935,312.6971436,307.4882813,113.624649,658.7036133,233.7100067,439.8598022,352.7017212,238.2710571,164.2008057,,-0.000425537137,-0.01426155109,0.0003418493409,-0.001582415563,-0.001250388453,0.001439171639,0.0009481282795,-0.008552137534,0.002606379381,-0.01382092904,-0.002364158252,0.01624025624,0.006002740829,0.002369122247,0.00192467877,0.007837052682,-0.01105692975,-0.01910633636,0.00494910825,-0.007296456954,0.001643883664,0.001216535917,0.003037643871,0.009952993529,0.01565629646,-0.01729361482,0.002929555264,-0.01375311708,-0.02359844225,0.004860585507,0.002684004323,-0.01829220965,0.01138355182,-0.01005255869,-0.01257147315,-0.01036849603,-0.01124575417,-0.004225601445,-0.002211325616,-0.003089196118,0.1158494061,-0.0123459661,-0.0003948536662,-0.007025545034,-0.01583132562,-0.006192448295,0.01827161567,0.0130858919,-0.004579291248,0.0440466066,-0.01117889402,0.0004176845323,-0.00804467391,0.01661079449,-0.007901108955,0.00560301361,-0.01048381364,0.009681543812,0.02348886705,-0.008926816908,0.000293922551,-0.02760569541,0.01214519393,0.00657485255,-0.007424626003,0.004604266751,-0.01480596255,-0.01727089206,-0.0141379129,-0.01552768535,0.009022710603,0.0114339802,-0.005913851039,0.0003197832906,0.005694132703,0.01227886373,-0.01113951118,-0.01060638012,0.0180633284,-0.005530588447,0.009542935726,-0.001149594205,-0.0311890607,-0.02438499266,-0.01120680612,0.01165824571,0.02065812999,0.06680013787,0.007017183226,0.007736832237,-0.007660353265,-0.008555397697,0.000156637779,-0.004994864967,0.02569980475,-0.02184734492,0.04295226458,0.01387736268,-0.001534400868,0.005360395408
2026-02-18,187.7509918,264.1066895,204.7899933,302.9356689,303.5433655,332.8118591,411.3200073,420.7732544,1018.806213,126.1199875,307.2077942,200.1199951,285.9767456,155.6264648,149.6641541,242.3010101,52.78578186,226.8381195,182.2011871,78.94715881,120.7655258,161.2379303,513.0527954,482.1308289,329.1005859,258.884613,203.2852173,141.8024597,222.19104,77.75865173,368.3820496,924.7661133,750.5410767,1080.126221,175.6460724,345.1488342,239.8026886,138.5156403,470.3099976,344.3456421,591.539856,790.0282593,328.3208008,147.8413086,95.03897095,115.7225876,65.66962433,121.3279648,156.7166901,90.29239655,88.05656433,95.20200348,378.1525879,719.3499756,294.2987976,342.7241516,230.9657593,109.7047043,147.4385834,152.3500061,442.3099976,305.0100098,80.69000244,79.05042267,21.4119339,89.94342804,58.15946579,52.13916016,78.61756897,102.9271774,124.1670303,63.40268707,280.6304932,62.41256714,124.1482849,47.33800125,376.8839722,151.8774872,186.1744537,77.07351685,59.12041092,180.25,126.6911469,183.912735,192.14534,298.2010803,659.9750366,519.2080078,193.294693,41.09825134,262.2597961,315.3954773,307.4401245,114.1950378,642.1992188,238.9299927,421.7449036,347.8741455,238.6372223,163.3253174,,0.01627282163,0.001781137583,0.01809594581,0.004337534685,0.00369864103,0.002916903205,0.001680350762,0.05295418149,-0.01495107189,-0.01730686852,0.005372327182,-0.01457556966,-0.00307856828,0.01428855851,0.03071336442,0.006822030881,0.01175576323,-0.01777894504,0.01838827913,-0.0008798021488,0.0007403933473,0.01525443743,0.02386413825,0.006345626468,0.007643405303,0.00960087879,0.006437346263,0.004276826615,-0.01050112167,0.01730641699,0.02831841731,0.01931141538,-0.01672426693,0.01826277927,0.02943922229,0.004963221459,0.01914426223,-0.01509479121,-0.01468618465,0.02625101058,-0.01259911028,-0.001726487673,-0.007833917193,0.006876720856,0.02470986655,0.02188435911,0.003456597666,0.02104380093,0.001656296002,-0.01043479628,0.01327229337,0.003878890133,-0.02837870644,0.03381734975,-0.004236514586,0.004234541086,0.006486793651,0.02390208455,-0.005654039042,-0.06819568132,0.04825212647,0.07602490284,-0.01224140005,0.001012383756,-0.01911696219,-0.01607160429,0.01014273438,0.009386996099,0.008144549712,0.01026441758,-0.01160134671,-0.01416616467,0.01692534821,0.02389914483,0.01945881054,-0.01798484265,0.01706130319,-0.016294121,0.01151402674,-0.005754357399,-0.01027337051,0.02987931102,-0.007199178098,0.004900900216,0.004272636203,-0.009463337701,-0.007201601033,-0.01108295242,0.002534557744,0.008042984743,0.008371365527,0.002024530158,0.02073012077,0.00528089459,0.0003541525263,-0.02093919337,0.01689685004,0.0203491773,-0.006222938032,-0.02058228007
2026-02-17,184.7446747,263.6371155,201.1499939,301.6273499,302.4248047,331.8439026,410.6300049,399.6121216,1034.269653,128.3411713,305.5661926,203.0800018,286.8598633,153.4341125,145.2044373,240.6592255,52.17245483,230.9440613,178.9113159,79.01667786,120.676178,158.8152924,501.0946045,479.0906982,326.6042175,256.4227295,201.9849701,141.1985779,224.549057,76.43582153,358.2373352,907.2459106,763.3068237,1060.753906,170.6230621,343.4442444,235.2980804,140.6385498,477.3200073,335.5374451,599.0878296,791.3945923,330.913147,146.8315887,92.74720001,113.2443085,65.44341278,118.8273849,156.45755,91.24451447,86.9031601,94.83415222,389.1975098,695.8192139,295.5509033,341.2789917,229.4771881,107.1437454,148.276947,163.5,421.9500122,283.4599915,81.69000244,78.97047424,21.82924271,91.41257477,57.57549286,51.65428162,77.98243713,101.881424,125.6244431,64.31376648,275.9597778,60.95577621,121.7786179,48.20495987,370.5617065,154.3931885,184.0552368,77.51959229,59.73408127,175.0205078,127.6098328,183.0157928,191.3278656,301.0500183,664.7623901,525.0268555,192.806015,40.77033615,260.08255,314.7582397,301.1962891,113.5951538,641.9718628,244.0399933,414.7371521,340.9363708,240.131546,166.7575684,,0.01181560384,0.03166790149,0.01187182801,-0.01210267861,-0.01045685704,0.02266510271,-0.01631371579,-0.02885881238,-0.00379798376,-0.0376428324,0.0151380664,-0.02045150175,-0.01398406568,-0.03852880859,-0.01522389512,-0.0004929142468,0.003615650324,0.005874755446,-0.007749033148,0.01118447883,0.001317764268,-0.02422560981,-0.006398313792,0.002536412313,0.03699943054,-0.01551192686,0.01719488523,0.01371711833,-0.002078160846,0,0.01189040429,0.01204225622,-0.01219322628,0.001082566395,0.002278665295,0.02082962185,0.0002122950555,0.02014819944,-0.028791165,0.001216314588,-0.003449741726,-0.01200246028,0.02135717193,0.005443723549,-0.006828839556,0.02633950642,-0.01055768227,-0.008117355271,0.01625012736,-0.02345811876,0.004828669862,0.0170593741,0.005754695904,-0.002063834885,-0.007276335831,-0.005824662363,0.00837258745,-0.02378173655,0.01260910907,-0.02066485182,-0.03463813919,-0.05342950797,-0.04523136077,0.005088452932,-0.03173205073,-0.01162054128,0.008320324371,0.005780269538,0.01642741265,0.0005812958507,-0.01162239855,-0.01293031829,-0.007328140532,-0.02784850095,-0.02774251332,-0.001632259516,0.01129496022,0.001871197675,0.004834386866,-0.003567901634,-0.006420888159,0.008471227807,-0.0164458492,0.002237672787,0.001252157798,-0.07761327836,-0.01816271513,0.002003415089,0.0005693450829,0.003914889892,0.008132596215,0.003746777042,0.001547844824,-0.01777202583,-0.004597202291,0.004445120771,-0.002268481491,-0.01472801225,0.00526135755,-0.02444427385
2026-02-13,182.5872955,255.5445557,198.7899933,305.3225708,305.620636,324.4893188,417.4400024,411.4871521,1038.212769,133.3612671,301.009491,207.3200073,290.9282227,159.5826416,147.4491882,240.7779083,51.98449707,229.5952454,180.3085327,78.14269257,120.5173645,162.7582092,504.3214111,477.8786011,314.9512024,260.4630127,198.5705719,139.2879486,225.0166779,76.43582153,354.0278015,896.4506226,772.7288818,1059.606812,170.2351532,336.4364014,235.2481384,137.8609009,491.4700012,335.1298218,601.1616821,801.008667,323.9935608,146.0366058,93.38491058,110.3380585,66.141716,119.7998428,153.9557495,93.43635559,86.48554993,93.24347687,386.9706116,697.2582397,297.7171936,343.2784729,227.5718231,109.7538834,146.4305878,166.9499969,437.0899963,299.4599915,85.55999756,78.57067108,22.54463005,92.48732758,57.10039902,51.35742188,76.72209167,101.8222351,127.1016693,65.15625763,277.9969788,62.701931,125.2534637,48.28377151,366.4229736,154.1048279,183.1697235,77.79716492,60.12010574,173.5503235,129.743576,182.6071777,191.0885925,326.3815613,677.0596313,523.9771118,192.6963043,40.6113472,257.9844666,313.583313,300.7308044,115.6504974,644.9367676,242.9600067,415.6801147,346.0327454,238.8747406,170.9359741,,-0.02209273399,-0.02273345023,-0.004058180324,-0.0106149533,-0.01082840472,-0.018117634,0.0008871295243,-0.005580092679,0.003337956178,0.001870663008,-0.000297473834,0.006701004499,0.03101590768,0.02338957712,-0.009871235092,-0.004498035729,0.0005712337268,0.01758241,0.007346562015,-0.004050670674,0.01819865212,-0.007535789908,-0.009807431512,0.01721442433,0.008053924519,0.01102049215,-0.005369399179,0.01610450575,0.01417041581,0.02466662985,0.08075760839,0.0006523425194,0.02098149105,0.01504317001,0.0183863106,-0.01569059661,0.01833195704,0.01899110221,0.0568793016,0.01732254579,0.00804197708,0.02490907491,-0.02273616396,0.009153247622,-0.01097513529,-0.002609092292,0.003581571006,0.02443790949,0.001816141287,0.02582098455,0.007996330754,-0.02444357101,-0.002766873489,0.01080477157,0.003651400885,0.03201995753,-0.001567391194,0.005413678491,0.02080288193,0.02542841012,0.03245539161,0.03860162106,0.01542838108,0.004857428303,0.02207205353,0.02034160257,-0.002420950075,0.00678958392,-0.0006463524119,0.004416679373,0.02523089814,0.02134511247,-0.04034309291,0.01289488005,0.06501864876,-0.009098276606,0.0151506415,0.02088136893,0.02946928378,0.007057678844,0.0147010081,-0.01079801276,-0.001672279285,-0.02955353123,-0.03924618094,0.01779947671,0.02846659071,0.01589523861,0.04150723708,0.00417676721,-0.004163867941,0.001271626419,0.01423700239,0.009909322606,0.02376737578,0.01508251731,0.02955052857,0.02022022172,0.0064629434,-0.01156296783
2026-02-12,186.7122803,261.4891052,199.6000061,308.5983276,308.9662476,330.4767761,417.0700073,413.7961731,1034.758789,133.1122589,301.0990601,205.9400024,282.1762695,155.935379,148.9192047,241.8658295,51.95481873,225.6281586,178.9935455,78.46051025,118.3633118,163.9940338,509.3164978,469.7914124,312.4348755,257.6238708,199.6425323,137.0803375,221.8726501,74.59579468,327.5737305,895.8662109,756.8490601,1043.903198,167.1616669,341.7994385,231.0132141,135.2915649,465.019989,329.4233704,596.3657227,781.5411987,331.531311,144.7120209,94.42119598,110.6266937,65.90567017,116.9420242,153.676651,91.08446503,85.79946899,95.57978821,388.044281,689.8050537,296.6340637,332.6277466,227.9290771,109.1629105,143.4464874,162.8099976,423.3500061,288.3299866,84.26000214,78.19086456,22.05776978,90.64349365,57.23897171,51.01107788,76.77171326,101.3744965,123.9737015,63.79455566,289.6837158,61.90369034,117.6068268,48.72710419,360.9542847,150.9527283,177.9263611,77.2519455,59.24908447,175.4447784,129.960907,188.1682129,198.8944397,320.6737366,658.319519,515.7786865,185.0167694,40.44242859,259.0631714,313.1850586,296.5093994,114.5157242,629.9641724,239.3500061,403.749115,339.1745605,237.3408203,172.9356232,,-0.01636413987,-0.04998173911,-0.02195215449,-0.006302886415,-0.006295525663,-0.03381373511,-0.02615168463,0.008846330553,0.02271455244,0.03781937235,-0.02631753467,-0.03577113646,0.0195761984,-0.004326861293,-0.02976776128,0.01532006734,-0.02469819456,0.02992441808,-0.0184048859,0.005089081652,-0.0005866694049,-0.01152833859,-0.03291156654,0.01144359569,-0.002677453504,-0.04871533813,0.02356108901,-0.01822165137,-0.01571329693,-0.123217175,-0.0338060097,-0.04238885289,-0.02156133694,-0.02516435911,-0.04878871742,-0.03143983259,-0.016289586,-0.02502151415,0.008195297154,-0.01673587,-0.02379679008,0.006008029824,0.01045368957,-0.0193645537,-0.003876246022,-0.05315611103,0.01653519457,-0.003129758243,0.02564438629,0.01871016418,-0.02990439486,-0.02380952938,-0.01454219359,0.0239087925,0.001476234206,0.01753215582,-0.0246305348,-0.00341687807,-0.002152064963,-0.01506355382,-0.03391064933,-0.03777743219,-0.04053743533,-0.03823448099,-0.06761859467,0.006239011434,-0.01916551706,-0.03645444871,-0.01939407913,-0.01054533516,0.007268370775,0.007270040737,-0.00559462991,-0.05224566359,-0.05200638746,0.01000603148,-0.001036484561,-0.0256097549,0.01955533693,0.01181514068,-0.001168041965,-0.01555756437,0.004044887977,-0.02885511332,-0.0304694397,0.006692096224,-0.002387963068,-0.01542105646,-0.04602491203,-0.01548133668,-0.003957309818,-0.008667166658,0.006264282611,-0.01608334597,0.01388568953,0.01307886087,0.03580342922,-0.01614018911,-0.01182528844,0.01018221147
2026-02-11,189.8184967,275.2463989,204.0800018,310.5557251,310.9236755,342.042511,428.269989,410.1676941,1011.776733,128.2614899,309.2374268,213.5800018,276.7583923,156.6130219,153.488205,238.2163391,53.270504,219.0725403,182.3496704,78.06324005,118.4327927,165.906662,526.649353,464.4761353,313.2736511,270.816803,195.0470123,139.624527,225.4146576,85.07898712,339.0351563,935.5219116,773.5273438,1070.850464,175.7355804,352.8943787,234.8386383,138.7636414,461.2399902,335.0303955,610.9032593,776.8737183,328.1014404,147.5696411,94.78862,116.8373108,64.83363342,117.3091736,149.8342438,89.41156006,88.44434357,97.91100311,393.7705688,673.6977539,296.1968079,326.8965454,233.6848602,109.5371857,143.7558594,165.3000031,438.2099915,299.6499939,87.81999969,81.29930115,23.65745354,90.0814743,58.35742188,52.94101334,78.29007721,102.4549179,123.0791168,63.33411407,291.3135071,65.31617737,124.05867,48.24436951,361.3287964,154.9201965,174.5136871,76.34986115,59.31837082,178.2174072,129.4373474,193.7591553,205.1450958,318.5420227,659.8953247,523.8571167,193.9429779,41.07837677,260.0924377,315.9232178,294.6635437,116.3876266,621.3364868,236.2599945,389.7931824,344.7387085,240.1810303,171.1925049,,0.008009007297,0.006650117733,-0.01391575565,-0.02391868216,-0.02291075407,0.006814744202,0.007196438513,0.09937041533,-0.009551224436,0.01633776857,-0.02343842157,0.0000467973334,0.02082564144,-0.01707418282,0.02618908439,0.01053067511,-0.02780289282,-0.006968170928,0.01953254003,0.02330429144,0.01843783603,0.0130562308,-0.02339749379,0.01520050571,-0.008219180994,-0.06495066351,0.006762682412,0.006781314011,0.02552964175,-0.00869160398,0.0328500972,-0.004636473514,0.04395381898,-0.004504600605,-0.006802069321,-0.0253028701,0.03755350868,-0.004270985471,-0.004833047162,0.03641278402,0.03249025487,0.03187133107,0.008643698986,0.03400795848,-0.03828719744,-0.03896852388,0.02360246921,0.04897958488,-0.01656977786,0.00154316253,-0.03220553155,0.01630271578,0.04932839871,-0.009007299122,0.0129821456,0.01415677899,-0.02018061447,0.03451158557,-0.0006939107055,-0.001268753925,0.001737293924,0.00217389263,0.02677424235,-0.008169800044,-0.00667503933,0.005835162474,-0.02625928219,-0.0192377723,0.0124486654,0.01867805509,0.0126173035,0.01348166539,0.008150849166,0.03477719217,0.02526119838,0.03334043908,0.005292720489,0.05820825488,-0.03254278299,0.01743728712,-0.01528098358,0.0520736866,0.01463521875,0.01265689535,0.0231702077,-0.03205499434,-0.0656111976,0.02608490961,-0.0001542611638,0.01075790816,0.005701767325,0.005832996021,-0.002146996117,0.01095203187,-0.001365914776,-0.02609341657,-0.01670124923,-0.03480756385,-0.00263001971,-0.003344254617
2026-02-10,188.310318,273.4280701,206.9600067,318.1658325,318.2142029,339.727356,425.2099915,373.0932617,1021.53363,126.1996689,316.6594238,213.5700073,271.1123047,159.3335114,149.5710754,235.733902,54.79393387,220.609787,178.8561554,76.28546143,116.288681,163.7684631,539.2668457,457.5215759,315.8698425,289.6283569,193.7368317,138.6840668,219.8031616,85.82494354,328.2520447,939.8796387,740.9593506,1075.696045,176.9391327,362.0554199,226.3388214,139.3588409,463.480011,323.259613,591.6794434,752.878479,325.2897339,142.716156,98.56229401,121.5749054,63.33868408,111.8317032,152.3587952,89.27379608,91.38752747,96.34039307,375.259613,679.821106,292.4008179,322.3333435,238.4978943,105.8829956,143.8556824,165.5099945,437.4500122,299,85.52999878,81.96897125,23.81642914,89.55888367,59.93117142,53.97945786,77.32745361,100.5763474,121.5455399,62.49162292,288.958252,63.12100601,121.0020142,46.68777847,359.4264526,146.3985901,180.3838806,75.04134369,60.23888016,169.3963165,127.5703278,191.3374176,200.4994812,329.0910339,706.2320557,510.5397339,193.9729004,40.64116287,258.6178589,314.0911255,295.2975464,115.1267548,622.1863403,242.5899963,396.4137878,357.1709595,240.8143768,171.7669373,,-0.007893055624,-0.003422959769,-0.008432323192,-0.01769868063,-0.01778662475,-0.01017620027,0.01890631648,-0.02672751305,-0.01882888898,-0.01798175388,-0.0118597258,-0.01124996609,-0.008995313263,0.02107413389,0.002513060818,-0.001215100843,-0.01808193658,-0.003672823299,-0.001862069741,-0.0148775938,-0.004249883258,0.0030035727,-0.01272964306,0.009137934713,-0.001294501005,-0.009841756918,-0.005097092609,0.008349549677,0.009827596275,-0.005646449973,-0.004537540841,0.00569082079,0.0003368548731,0.007296988912,-0.0244584432,0.009842700983,-0.01164516818,0.0233099682,-0.01569431947,0.006780862462,0.0132155975,-0.03251400719,0.0002452028958,-0.006471658609,-0.07424681622,-0.01308873643,0,-0.01027489339,-0.01888132859,0.01499220451,-0.02853815842,-0.01464948247,0.001087343142,-0.01865277003,0.01262993312,-0.005679427791,-0.002573111805,-0.01103952223,-0.0004160459729,-0.00295184032,-0.003303672157,0.02749140893,-0.004654969446,-0.004128701819,0.002509431242,0.0150871773,0.003314003509,0.005841610269,0.02149969447,0.01105680389,0.01577389746,0.02293143486,0.01536475544,-0.005502350805,0.006626353315,0.007868988538,-0.0297218025,-0.02933804758,-0.04322122686,-0.000923928749,0.001481046186,0.05297724551,0.01214833593,-0.005645294306,-0.008039450333,0.009318052059,0.01779425981,-0.007618080425,-0.008260589153,0.004420498298,0.02744363081,0.03182648785,0.009188157291,0.006614618522,-0.0136771622,-0.008663357925,-0.01589381155,-0.003526886979,0.01459304188,0.01849886813
2026-02-09,189.8084869,274.367218,208.7200012,323.898407,323.9766541,343.2200317,417.3200073,383.3389587,1041.137085,128.5105133,320.4599915,216,273.5731812,156.0449982,149.1961365,236.0206909,55.80295944,221.4230347,179.1898193,77.43754578,116.7850037,163.2780457,546.2200317,453.3786316,316.2792664,292.5071411,194.7293854,137.5357056,217.6640472,86.31230164,329.748291,934.5612183,740.7098389,1067.903564,181.3752899,358.5265503,229.0056305,136.1843872,470.8699951,321.0823975,583.9620361,778.1802368,325.2099915,143.6457825,106.4671402,123.1872711,63.33868408,112.992691,155.2908936,87.95515442,94.07217407,97.77271271,374.8520203,692.7426758,288.7538757,324.174469,239.1131592,107.0649414,143.9155579,166,438.8999939,291,85.93000031,82.30879974,23.75681305,88.22777557,59.73321533,53.66596222,75.69992828,99.47645569,119.6580658,61.09072495,284.5856628,63.47024155,120.2054901,46.32326126,370.4364929,150.8234558,188.532486,75.11074066,60.14979553,160.8736725,126.0391617,192.4237061,202.1244507,326.0528564,693.8848877,514.4589233,195.5885773,40.46229935,251.710022,304.4030457,292.6090088,114.3702393,630.8140869,244.7100067,402.8160706,358.4351196,237.350708,168.6471558,,0.02497159744,-0.01166048391,-0.007607484061,0.004522170418,0.004023445351,0.03310100129,0.01510550022,-0.02835136854,-0.01276724548,-0.01646583705,-0.0009304880695,0.03626941791,-0.003433891011,0.09641496617,0.01449173411,-0.005625265383,-0.002122714857,-0.0007608336158,0.009620787724,-0.01341257738,-0.03510213118,-0.02357908249,0.007239888877,0.01807071962,-0.01327106295,-0.008664192345,-0.01243331955,0.01157705437,-0.01205740565,0.02310770591,0.02499141745,0.01601081951,0.02192236557,0.02226478283,0.01328074592,0.001420018294,-0.007488813502,0.002409719746,-0.01475146073,0.007863869194,0.004390281438,-0.006658115678,-0.01450278287,-0.001933375925,0.02027020358,0.008802592507,-0.01529052858,0.001495192036,0.002438144867,-0.007770890249,0.006810666509,-0.004725881625,0.00866730434,-0.0156392506,-0.01018500618,-0.03386631955,-0.006309818386,0.0100352762,0.05850404664,0.04192814693,0.02815777004,0.02638265828,0.03830350516,0.0257848219,0.01270642307,0.0001117366847,-0.005602237694,-0.01845559209,-0.001309190361,-0.005836619488,-0.001148844713,0.0004812935551,0.01147918357,0.04845893954,0.04691294859,0.01533143685,-0.02211697236,-0.005377044139,-0.02294527673,-0.03292912139,-0.01968061097,-0.01252257599,0.008536804024,0.001244540991,0.001778731275,0.01112080519,0.008304317019,0.01269409661,-0.03141215351,0.002708754105,0.006808625121,-0.002479730186,-0.01253968601,0.004942950333,0.02358961093,0.006912759507,0.02023783768,0.00008336013374,0.006124578987,-0.01372711218
2026-02-06,185.1841431,277.6042175,210.3200073,322.4402771,322.6783752,332.223114,411.1099854,394.5242615,1054.60144,130.661972,320.7584534,208.4400024,274.5158386,142.322937,147.0649109,237.3558807,55.92166519,221.591629,177.4822998,78.49030304,121.0335388,167.2209625,542.2938843,445.3311768,320.5330811,295.0636292,197.1809998,135.9616699,220.3205414,84.36286926,321.7083435,919.8339233,724.8200684,1044.644775,178.9980621,358.018158,230.733551,135.8570099,477.9200134,318.5771484,581.4094849,783.3961792,329.9958496,143.9240417,104.3519058,122.1123657,64.32220459,112.8239975,154.9131927,88.64399719,93.4358139,98.23696899,371.6309814,703.7487793,291.7250977,335.5379028,240.6315002,106.0011902,135.9612732,159.3200073,426.8800049,283.519989,82.76000214,80.23983002,23.45873642,88.2179184,60.0697403,54.67502213,75.79916382,100.0604706,119.7956924,61.06133652,281.3559265,60.53669739,114.8189926,45.62378311,378.8147278,151.6388245,192.9600067,77.66828918,61.35734558,162.9137726,124.9722977,192.1845245,201.765564,322.4667664,688.170105,508.0101929,201.9316864,40.35299301,250.0078125,305.1597595,296.3248291,113.8076935,616.2763672,243.0299988,394.8256531,358.4052429,235.9058838,170.9944153,,0.07871771529,0.00800974884,-0.05554804877,-0.02532838144,-0.02483912904,0.07217161621,0.03499406912,0.03081816581,0.03657774248,0.03340156654,0.03946348615,0.08280520749,0.03016206783,0.04645379118,0.02033125778,0.009251880812,0.02894062176,0.02013509236,0.009094488937,0.006623360879,0.01820464863,0.01766847815,0.0008665972007,-0.02490810285,0.04775276724,0.03118420213,0.01372656153,0.0076301797,-0.01134030381,0.02986892877,0.06092317496,0.04305880495,0.07060195651,0.001497729882,0.02343038698,0.01277421603,0.08297782207,0.005949700961,0.04165126299,-0.005184333444,0.03072142502,0.02462722324,-0.0009357475522,0.0840852248,0.03019611488,0.06004841428,0.0001530330801,0.01075649737,0.00296006057,-0.01097939866,0.02632155204,0.03518262697,0.05399379527,0.0181047895,0.01831491842,0.0202558948,0.01664503694,0.02514763746,0.06738223524,0.02939848114,0.04005458129,0.04952977582,0.04852403163,0.0817949131,0.03963019694,0.002914488195,0.02672979431,0.01215098474,0.01407331105,0.02985377238,-0.01255988162,-0.003038991369,-0.001340360459,0.02448492933,0.06256339384,-0.01677281847,0.04491580276,0.02095464346,0.00201499208,0.02646395925,0.04149862211,0.01699668736,0.01679801874,0.03399464359,0.04854413277,0.04170408366,0.02839253419,0.06361460764,0.001632578918,0.01856033237,0.004653058777,0.003010895878,0.01447972868,0.006778153086,0.02363830312,0.02565942988,0.07685857019,0.02278091498,0.01937147126,0.04585653303
2026-02-05,171.6706238,275.3983459,222.6900024,330.819397,330.897583,309.8600159,397.2099915,382.729248,1017.387695,126.4387207,308.58078,192.5,266.478302,136.0049896,144.1344757,235.1800232,54.34877777,217.217926,175.8827362,77.97385406,118.8695602,164.3177185,541.8243408,456.7068787,305.9243469,286.140564,194.5110321,134.9321136,222.847702,81.91612244,303.2343445,881.8619995,677.0210571,1043.08252,174.9000854,353.5024414,213.0547333,135.0534821,458.8099976,320.2373657,564.0801392,764.5670166,330.3049316,132.7608185,101.2932434,115.1950836,64.31236267,111.6233215,154.4559937,89.62805939,91.03951263,94.89820099,352.5931396,691.2341309,286.4782715,328.8762207,236.6917572,103.4009018,127.3782425,154.7700043,410.4400024,270.1400146,78.93000031,74.17286682,22.56450081,87.96155548,58.50588989,54.01864243,74.7472229,97.15988159,121.3194504,61.24746704,281.733551,59.08988571,108.0584869,46.40207672,362.5313416,148.5265045,192.5719757,75.66587067,58.91255569,160.1910553,122.907692,185.8660736,192.4244843,309.5569763,669.1706543,477.6261902,201.6025543,39.61767578,248.8498993,304.2437134,292.0953674,113.041481,602.0450439,236.9499969,366.6457825,350.4223022,231.4228821,163.4970093,,-0.01326140323,-0.002097593092,-0.04420791797,-0.005374777878,-0.006029904763,0.007985762408,-0.02167438757,0.009198791112,-0.07793188407,-0.008281210365,-0.02240981854,-0.0384135189,-0.02671073462,-0.0694756392,-0.01023090044,0.01415956909,-0.007945167115,0.008797395023,-0.01103568985,0.01499684731,0.01200028475,0.008123799142,-0.04044439458,-0.02881710195,-0.006389045165,0.002906167064,-0.00391379233,-0.08455900622,0.004755070885,0.01478554076,0.02147166641,-0.02506292909,-0.01952826781,-0.01984820316,-0.02354506344,0.00268607666,0.0168271349,0.009641072885,-0.02488734109,0.005242743186,-0.002697238899,-0.01087654215,0.005554717859,0.01821409872,-0.01809780869,-0.01439156662,0.003529684457,-0.01901104228,0.009484182574,0.008749567335,-0.01213218107,-0.00928122553,-0.02830126317,0.009786075873,-0.001765858217,-0.02451560998,0.0053107975,-0.02425868152,-0.01823071823,-0.07167704451,-0.02038285436,-0.004715933667,-0.0269970706,0.006510127647,-0.02280555971,-0.008447203302,-0.005217027176,0.0005443384666,-0.03448281299,-0.02300089967,0.0098192286,0.003048254989,-0.01078192937,-0.04267703563,-0.07120238192,0.001914538948,0.004369131914,0.02147302421,0.007705510762,0.01448703572,0.03297470292,-0.006542562569,-0.01214770056,-0.01816262111,-0.02946499685,-0.002343374489,-0.0003277018581,0.02830577318,-0.03068953981,0.000501911019,0.006766522115,0.0002281486927,0.003916703089,-0.0016275483,0.01065097342,0.004238186111,-0.1059206118,-0.003735480698,-0.006373505338,0.007875962179
2026-02-04,173.9778137,275.9772339,232.9900055,332.6070862,332.9049683,307.4051514,406.0100098,379.2406921,1103.375854,127.4945297,315.654541,200.1900024,273.7914734,146.1595154,145.6243439,231.8964691,54.78404617,215.3236389,177.8453827,76.82176971,117.4600067,162.9935913,564.6617432,470.2583618,307.8914795,285.3114014,195.2752991,147.395752,221.7930603,80.72259521,296.86026,904.5322266,690.5054321,1064.205078,179.1174164,352.5554504,209.5289612,133.763855,470.519989,318.5671997,565.6057129,772.9743042,328.4803162,130.3859558,103.1602173,116.8771286,64.08615875,113.7865219,153.0048676,88.8506546,92.15758514,95.78722382,362.8626099,684.5352173,286.9850464,337.141449,235.4413757,105.9716339,129.7435608,166.7200012,418.980011,271.4200134,81.12000275,73.69311523,23.09110641,88.71091461,58.81271744,53.989254,77.41677094,99.447258,120.1397705,61.06133652,284.8042908,61.72408676,116.3423386,46.3134079,360.9542847,145.4042358,191.0994568,74.58535004,57.03194427,161.2460175,124.4190979,189.3043365,198.2664032,310.2840881,669.3900146,464.4787598,207.9855347,39.59780121,247.1773682,304.1743164,290.95578,113.2257614,595.7002563,235.9499969,410.0819092,351.7362061,232.9073181,162.2193756,,-0.03410213375,0.02601286643,-0.02359395583,-0.01963426584,-0.02160269408,-0.03833540183,-0.03779974882,-0.09546062693,0.103302521,0.002270783205,0.007686122056,-0.1731444305,-0.02906601109,-0.05172309674,0.02685592924,0.005877249166,0.01707993222,-0.03788889652,0.01791727947,0.005982535046,0.02149525201,0.02044813386,-0.00854258809,0.02105390868,-0.005130158102,-0.01787237708,-0.03321866482,0.01161844029,-0.01016830455,-0.02346288794,-0.06611859212,-0.02735916917,-0.01574924264,0.005681811627,-0.01547213123,0.01155511401,-0.08830943577,0.02244460229,0.01054531435,0.02939382599,0.04084400735,0.02091732378,0.05127961205,-0.03564632207,0.001446019565,-0.002378703199,0.01558598279,0.03839532558,0.01229698313,0.001775282049,0.008991418634,0.04223990102,0.006813143638,-0.0216032972,0.03545936704,0.005758270447,0.01466941359,0.02554554525,-0.1160070999,0.002887365927,-0.0003817427507,0.01087528278,0.02295081494,-0.02396075271,0.06703394391,0.01294750174,0.01243821247,0.01998889994,0.01443427572,-0.0467437945,0.004438241594,0.01465085462,0.03104765308,-0.04345130094,-0.002475687131,0.01643240971,0.08154409502,0.02058900674,-0.004921722336,-0.02069512052,0.029112281,0.006634359497,0.05379853109,0.01849860425,0.0307333948,0.001543284972,0.0122921011,-0.04918137043,0.09890919645,0.0178799012,0.03424563383,0.02855994153,0.02577598603,0.0437192873,-0.04058832272,0.01200944939,-0.03840425171,-0.005460106072,0.01922828575,0.05209400791
2026-02-03,180.1203003,268.9802856,238.6199951,339.2683716,340.2554016,319.6594238,421.9599915,419.2638855,1000.066467,127.2056732,313.2468872,242.1100006,281.9877319,154.1316833,141.8157501,230.5415192,53.86405182,223.803299,174.7149658,76.36491394,114.9883041,159.7274628,569.5269775,460.5617371,309.4791565,290.5033875,201.9849701,145.7029114,224.0714874,82.66208649,317.8778992,929.9755859,701.5543823,1058.192627,181.9322968,348.5281677,229.824646,130.8274841,465.6099854,309.4706726,543.4106445,757.1370239,312.4576111,135.2055359,103.011261,117.1558075,63.10264206,109.5791931,151.146225,88.69319916,91.33634186,91.905159,360.4071045,699.6499634,277.1572266,335.2112122,232.0375214,103.3319626,146.7699127,166.2400055,419.1400146,268.5,79.30000305,75.5022049,21.64046097,87.57701111,58.09017944,52.93121719,76.31521606,104.3237457,119.6089172,60.17965317,276.2280579,64.52790833,116.6310806,45.56467056,333.7397766,142.4709015,192.0446472,76.16152191,55.41858292,160.1833038,118.0672531,185.8660736,192.3546906,309.8059692,661.2617188,488.5040588,189.2654419,38.90223312,238.9929047,295.7283325,283.6445618,108.4829636,620.9016113,233.1499939,426.4597778,353.6672668,228.5133972,154.187149,,-0.02839286946,-0.001962908892,-0.01786306996,-0.01158019463,-0.01217735481,-0.03255719445,0.0003555958781,-0.04193689929,-0.03895115388,0.02942121296,0.02177573914,-0.01689204365,-0.004937206151,-0.03367481465,0.03851159778,0.01018416803,0.007773483284,0.00008864116033,0.02304196957,0.02070878025,0.02178696266,0.04929130554,-0.0200766495,0.007410481492,0.003951848785,-0.06488109061,0.01198469082,-0.03564409592,0.0008889217867,0.03063005526,-0.02962848963,-0.007756340021,0.01733950922,-0.04428136385,-0.01183146979,-0.009069510732,-0.03115789132,0.0169648937,-0.01355908621,-0.01757864251,0.0239549311,0.005509785677,0.006843333296,-0.03893082718,-0.01369205367,0.01273335689,0.03101404118,0.01863292719,0.01265232821,0.02199786021,0.0004335454904,0.01472353228,0.008596688405,0.02913772879,0.05563762426,-0.009302858349,0.02719323037,0.03065146899,0.01469682246,-0.05233150594,-0.08462730953,-0.07154466706,-0.02448022932,-0.03966446857,-0.01044973738,0.02884272812,0.02318687267,0.02601597617,-0.02979983075,-0.04063731681,0.01824423149,0.02332162963,0.02572052194,0.06435154928,0.03801506775,0.03676299544,-0.0176685171,0.002729403608,0.03108972988,0.01869535593,0.001789307337,0.02273286795,0.0262750988,0.03061447063,0.03430712829,0.01663829408,0.01328081861,0.02266789212,0.01955624229,0.01979686437,0.02661230777,0.02357174711,0.05407100096,0.01432849637,-0.01216982148,0.0005578474879,0.02222231976,0.02581059303,0.01472146451,0.01466466682
2026-02-02,185.3838806,269.5093079,242.9600067,343.2431946,344.4498901,330.4168701,421.8099976,437.6161499,1040.598999,123.5700912,306.5710754,246.2700043,283.3868713,159.5029144,136.5567322,228.2173157,53.44857025,223.7834625,170.7798615,74.81557465,112.5364761,152.2241364,581.1954346,457.1738586,308.2609558,310.6593018,199.5929108,151.0883179,223.8724823,80.20539093,327.5837097,937.2451782,689.5971069,1107.221924,184.1105957,351.7180786,237.2157898,128.6450348,472.0100098,315.0080872,530.6978149,752.9882202,310.3338928,140.6824188,104.4412766,115.6827774,61.20444489,107.5747604,149.2577667,86.78413391,91.29676056,90.57162476,357.3352051,679.8409424,262.5495911,338.3589172,225.8947144,100.2588806,144.644104,175.4199982,457.8900146,289.1900024,81.29000092,78.62065125,21.86898613,85.12186432,56.77377319,51.589077,78.65924835,108.7427597,117.4658432,58.80815125,269.3014832,60.62649918,112.3597183,43.94897461,339.7425232,142.0830994,186.2540588,74.76378632,55.31959915,156.622818,115.0444489,180.3449097,185.9744415,304.7356873,652.5947266,477.6761475,185.6351166,38.14704132,232.7976227,288.9180298,269.0943604,106.9505234,628.5509644,233.0200043,417.1888733,344.7685852,225.1981506,151.958725,,-0.02888094347,0.04058126002,0.01529462439,0.01683427076,0.018816579,-0.0005735087687,-0.01998096241,0.05524487715,0.006730006141,0.04129597754,0.007355625063,0.04029911172,-0.004670086824,-0.02746387245,-0.0212164615,0.01540165069,0.01560149678,0.0117932262,-0.01622388711,0.006951046225,0.02811289908,0.01021929283,0.005461437802,0.006980792469,0.00625834805,0.02618196041,0.0007963205827,0.00679468086,0.0438877027,0.02962204682,0.01886321987,0.01167404513,0.05103741762,0.0006436076981,0.01258204868,0.00187403182,0.01730485156,-0.006740265452,0.004490350918,0.01923557912,0.008049250109,0.01830192699,0.005459369104,-0.01224843426,0.01202850202,0.009729858092,0.003871546762,-0.0331756957,0.00240308078,-0.01254055105,0.01967065686,-0.002827619534,0.02282165288,-0.0104585564,0.01129142052,-0.01130908787,0.01939098075,-0.02340983721,0.005899424234,-0.00875856383,-0.01554433382,-0.02419349192,0.0003691702991,-0.003294410586,0.02276949816,-0.01786118587,0.02227766416,0.02411520874,0.01204368327,0.00549003944,-0.0153275612,-0.002326730178,-0.005541354323,0.008799598229,0.004450359372,0.002021531753,0.008189908432,0.006622054069,-0.04098362781,0.01207735605,0.01525881022,-0.007715594517,0.007178105696,0.01823093389,0.03887064012,0.01790107411,0.003650632987,0.006615659636,0.07465353598,0.01668426713,0.000552917939,0.0007211078042,0.04049656758,0.03812829089,0.002806699855,-0.002995023723,-0.0004994415555,-0.01344385677,0.0001757252121,0.001762858202
2026-01-30,190.897171,258.9988098,239.3000031,337.5606079,338.0882263,330.6064758,430.4100037,414.70578,1033.642578,118.6695175,304.3325195,236.7299957,284.7165222,164.0071869,139.5167847,224.7557068,52.62750244,221.1750946,173.5962677,74.29911804,109.459259,150.6842499,578.0385132,454.0045471,306.34375,302.7331543,199.4340973,150.0686493,214.4603119,77.89789581,321.5188293,926.4299927,656.1109009,1106.509766,181.8228912,351.0601807,233.1806335,129.5180206,469.8999939,309.0630798,526.4602051,739.4547729,308.6488647,142.4269257,103.1999359,114.5680466,60.96840286,111.2660904,148.8999481,87.88627625,89.53553772,90.82845306,349.3621826,687.0262451,259.6181335,342.2292175,221.5977173,102.6621857,143.7957916,176.9700012,465.1199951,296.3599854,81.26000214,78.88051605,21.38212585,86.66989136,55.53654861,50.37429047,77.72317505,108.1490173,119.2943344,58.94530106,270.8020935,60.09766388,111.8618927,43.8603096,336.982666,141.148407,194.2136383,73.87161255,54.48817444,157.8406525,114.2245331,177.115921,179.015976,299.3765259,650.2210083,474.5367737,172.739502,37.52103043,232.6689758,288.7098389,258.6210938,103.0224533,626.791748,233.7200012,417.3973389,349.4667664,225.1585846,151.6913147,,-0.007168418675,0.004646158494,-0.01005250783,-0.0007391569239,-0.0003838404783,0.001723398993,0.03324852647,-0.04798188255,0.01270340238,0.01473461699,-0.001729690749,-0.06126575223,-0.01833799757,-0.0262114651,0.006334044405,-0.0001760092174,0.002260683104,0.01170441842,0.03335476012,0.01879339547,0.01781428476,0.03322357194,-0.02288233617,0.004329666859,0.02653424004,-0.008213663632,0.005253190863,-0.00413881526,-0.009193262311,-0.001402601223,-0.0557215516,-0.005010010779,-0.0118452949,-0.007838538412,0.007717838379,-0.01765683854,-0.05927382911,0.001150225026,-0.01215102352,-0.02453716854,-0.003905147505,-0.01066130275,0.01107222297,-0.1524118298,0.004349033776,0.004427015941,0.03731605125,0.00044603391,0.01586767027,0.001907196885,-0.001654947454,-0.02055812652,-0.008324499017,-0.004443734527,-0.006086853709,-0.003573806057,-0.005167943434,0.01391053507,-0.0367696226,0.004370058376,-0.03100001017,-0.02084787986,-0.00306710825,-0.02975160993,-0.02226259015,-0.003175273965,-0.003905606426,0.001948460193,0.008308699678,0.01128606396,0.003805127794,-0.01084994153,0.06436998673,-0.07523418451,-0.1148665022,0.1183120173,-0.003090872519,0.01719811425,-0.007474440565,0.001074636692,0.01418571499,0.01188506377,-0.007553106506,-0.01217275343,-0.01318897664,0.003572976244,-0.00211225962,-0.01820327072,0.003534417153,-0.002904638684,0.006507362236,0.003722085157,0.007251453203,0.0021701606,0.01881088881,-0.00136725378,-0.01710958005,0.00325753703,0.001232134926,-0.02059093155
2026-01-29,192.2754822,257.8010254,241.7299957,337.8103027,338.2180481,330.0376892,416.5599976,435.6070251,1020.676514,116.9463577,304.8598328,252.1799927,290.0351868,168.4217682,138.6386414,224.7952728,52.50879669,218.6163177,167.9929047,72.92854309,107.5434494,145.8389587,591.5751343,452.0473328,298.4252625,305.2402954,198.3919067,150.692337,216.4501953,78.00730896,340.4915466,931.0947876,663.9758911,1115.251709,180.4303589,357.3702087,247.8730164,129.3692169,475.6799927,316.8373718,528.5241699,747.4232788,305.2688599,168.0378876,102.7530594,114.0630875,58.77514648,111.2164841,146.5741577,87.71897888,89.68395996,92.73490906,352.2948608,690.0928345,261.2080688,343.456665,222.7488708,101.2536926,149.2849426,176.1999969,480,302.6700134,81.51000214,81.29930115,21.86898613,86.94596863,55.75430298,50.27632904,77.0827179,106.9420624,118.8421249,59.59186935,254.4247742,64.98690033,126.3785553,39.2201004,338.0274658,138.7619629,195.6762085,73.79231262,53.72603226,155.9867401,115.0938492,179.2984772,181.4085693,298.3106689,651.5973511,483.3350525,172.1311188,37.63033295,231.1647034,287.6392212,256.7592163,102.7993622,615.2189331,234.0399933,424.663147,348.3320618,224.8815002,154.8804474,,0.00516920487,0.007175070688,-0.005267268048,0.00666656845,0.007077429455,-0.007532062312,-0.03453389466,0.001171683267,0.0003321127949,0.007205990356,0.01878526929,-0.002215766421,-0.005883919497,-0.02193287389,0.02129669003,-0.001888339847,0.02451270047,0.008048634879,0.007414891034,0.005064388368,0.01347046212,0.001279452525,-0.02608470833,0.007751955388,0.02181337933,0.0512645932,0.002105592874,-0.003143360284,0.0129527572,-0.006712185269,0.01363035723,0.003533305538,0.03413745156,0.005447225021,0.0003289964846,0.004229832082,0.03585437517,0.02580042003,-0.004666173483,0.003368714646,0.00963787965,-0.002249825558,0.008299097737,0.03534286275,0,0.008756673185,-0.05338200907,0.009547906783,-0.002165221662,0.009170082718,0.02964902055,-0.01345112773,0.0202982287,0.009025872747,0.01785090179,0.01500659046,0.01386694973,0.01390672763,0.02480127825,-0.04103629215,-0.06130831276,-0.05560228821,-0.006944440571,-0.02726623694,0.01381854406,0.00696585516,0.01058483927,0.02007552946,0.02583277828,0.02024326683,0.005405818143,0.00197667437,0.000507995072,0.02357378289,-0.0380445545,0.01014972475,0.002103910088,-0.001216696529,0.01371064341,0.005538301212,-0.00622480274,-0.004110399087,0.0223763367,0.03886138259,0.04352567404,-0.0008674782142,0.004767571927,0.004467230857,-0.0007526607981,0.01310844383,0.025778442,0.02000209512,0.01678056296,0.02208291148,0.04225897518,-0.03125130662,0.005735833642,-0.01886836405,0.04892913079,0.002821664575
2026-01-28,191.2866821,255.9644623,243.0099945,335.5731812,335.841156,332.5424194,431.4599915,435.097229,1020.337646,116.1096725,299.2385559,252.7400055,291.7518311,172.1985779,135.7476654,225.2205658,51.25246048,216.8708038,166.756424,72.56106567,106.1140442,145.6526031,607.4194946,448.5700378,292.0545654,290.3553467,197.9750519,151.167511,213.6824188,78.53444672,335.9129333,927.8165283,642.0576782,1109.209595,180.3710175,355.8649597,239.2933044,126.115387,477.9100037,315.7736206,523.4789429,749.1086426,302.7562561,162.3016815,102.7530594,113.0729446,62.08961487,110.1646423,146.8922119,86.92189789,87.10148621,93.99930573,345.2861633,683.9198608,256.6270447,338.3787537,219.7022705,99.86489868,145.6720886,183.7400055,511.3500061,320.4899902,82.08000183,83.57816315,21.57090759,86.34450531,55.17033386,49.28686905,75.14160156,104.8201599,118.2031403,59.47430801,254.2955933,63.49019623,131.3767242,38.82602692,337.3177795,138.9309998,193.0296478,73.38587952,54.06256104,156.6305542,112.5748367,172.5913391,173.84198,298.5696716,648.5055542,481.1854858,172.2607727,37.14344025,225.3553925,281.9986572,252.521759,100.5783005,590.2745361,241.5899963,422.2412415,355.0309143,214.39151,154.4446564,,0.01591339111,-0.007085403424,-0.006825233852,0.004364063297,0.003820959205,0.001352136677,0.001299599829,0.06103750519,-0.01511299575,-0.003164007254,0.001531696235,0.002817151598,0.04004241926,-0.01200680911,0.005481324808,0.01461417034,-0.006900496796,-0.02348948053,0.005205503518,-0.006662271665,-0.009451410803,-0.001882053912,-0.02546835624,-0.003377280469,-0.01677475245,0.00102097287,-0.009042090052,-0.002221679926,0.09937444134,0.003558683125,0.01214273911,0.007625926014,0.006839867113,0.01353586699,-0.001751883623,-0.006843853158,0.004696773288,-0.01219892966,0.007887445702,0.0454201849,0.01120979268,-0.02608759961,0.007231235151,0.006725064642,-0.002410339104,-0.005139868944,-0.007701938815,0.02237774923,-0.001486454963,-0.005740649464,-0.007665439203,-0.005850394193,0.01796647415,0.01530779964,-0.001700959093,0.05862137608,-0.01032632462,0.01521973496,-0.1220450717,0.001307931843,0.0172070692,0.006658903633,0.004528243186,0.008320230095,0.005092486563,0.004819202015,-0.01397479661,-0.01139709461,-0.005607050132,0.002513546422,-0.0004156890855,-0.006870635664,-0.01246524773,0.01208845456,0.0389762797,0.002288875757,-0.02590228415,-0.008867199916,-0.06694558108,0.02819443525,-0.01691868044,-0.007276277062,0.03336959423,-0.002304475088,-0.007230293933,0.003549107076,0.001509458719,0.004193894457,-0.009860105121,-0.007698266359,-0.02081270692,-0.0155726587,0.007137850789,-0.03264924613,0.003899416338,-0.01214426419,0.006149685916,-0.02711254128,-0.01932911835,-0.01335021016
2026-01-27,188.2903442,257.7910156,244.6799927,334.1150818,334.5628052,332.0933838,430.8999939,410.0677185,1035.994629,116.4782104,298.7809143,252.0299988,280.519165,174.2912598,135.0076447,221.9765625,51.60858536,222.0875244,165.892868,73.04772949,107.1265411,145.9272461,623.2937622,450.0901184,297.0372925,290.0592041,199.7814941,151.5041046,194.3672791,78.25595856,331.8829651,920.7946167,637.6959229,1094.395996,180.687561,358.3172302,238.1746521,127.6728592,474.1700134,302.0542603,517.6759033,769.1745605,300.5826721,161.2174835,103.0013275,113.6571274,62.57153702,107.7533646,147.1108856,87.42376709,87.77431488,94.55247498,339.1920776,673.6083984,257.0643005,319.6409607,221.9946594,98.36776733,165.9220581,183.5,502.7000122,318.3699951,81.70999908,82.88851166,21.46161461,85.9303894,55.95225525,49.85507202,75.56529999,104.5573502,118.2522964,59.88576126,257.5054626,62.73186493,126.4482422,38.73736191,346.2874146,140.1739502,206.879303,71.37354279,54.99296951,157.778595,108.9395676,172.9899902,175.1080627,297.5137634,647.5281372,479.1758728,173.9761963,37.43159866,230.14534,286.4595947,250.7320709,103.9729385,587.9817505,244.5599976,419.6604614,364.9249573,218.6171875,156.5344238,,0.01099371428,0.01119753998,0.02625616372,0.003870780927,0.004226691822,0.02444211771,-0.009880556503,0.05435759086,-0.02186776719,-0.005950351664,-0.002424942828,0.002864992351,-0.1960527744,-0.04132877037,0.01475815048,0.01331887087,0.00288347287,0.01431348162,0.009253759026,0.01364397273,0.004841689714,0.01994926643,-0.004324810981,-0.004395266721,0.008167829549,-0.008335393072,0.0368310011,-0.009578061551,0.0002035261854,0.0216854401,0.04147616679,-0.002296471456,0.004701842416,-0.01324074425,0.004288534603,-0.01046111551,0.06995119247,0.01795460819,-0.005599326673,-0.0005921092357,0.005130292069,0.01127645149,-0.006655849248,0.04750404604,0.007577246825,-0.0002613219198,0.01016193996,0.009200705296,-0.01379260045,0.007713237945,0.007495647009,-0.006332343395,0.02681480863,0.02688477842,-0.001774968208,-0.1432891675,0.01336350722,0.01442359628,0.0687194769,-0.003908377027,-0.000616285069,-0.01133468114,-0.01637174209,0.01418618339,0.0107627809,0.0196560766,0.01253796444,0.01394692089,-0.006220045238,-0.01431460205,0.01271257842,0.01477420945,-0.01332719513,0.02779142351,0.008576889226,-0.007571848365,0.004661206782,0.02315293321,-0.2112809855,-0.1415285774,0.01758242596,-0.00009844122479,-0.02103862444,-0.02296521323,0.01344327428,-0.00575886815,-0.003912299299,0.0180555724,0.002586286036,0.005337500934,0.007189582201,0.002463143622,0.02611097651,0.002150057987,0.0228484995,-0.01557780957,0.02231841504,0.008472175568,-0.001130406714,-0.009215230168
2026-01-26,186.2428436,254.9363556,238.4199982,332.8267822,333.1546631,324.1699829,435.2000122,388.9266052,1059.156006,117.1754456,299.5072021,251.3099976,348.9273376,181.8050385,133.0441589,219.0589447,51.46020126,218.953537,164.3718109,72.06448364,106.6103668,143.0730438,626.0010986,452.0771179,294.6307983,292.4972839,192.6847229,152.9692535,194.3277283,76.59496307,318.6659241,922.9140625,634.7116089,1109.081055,179.9159851,362.1052551,222.6032867,125.4209747,476.8399963,302.2332153,515.0336304,760.5977173,302.5967102,153.906311,102.2267303,113.6868362,61.94208527,106.7709961,149.1683044,86.75460815,87.12128448,95.1550293,330.3342285,655.9727173,257.5213928,373.1025085,219.0671539,96.96912384,155.2531433,184.2200012,503.0100098,322.019989,83.06999969,81.72908783,21.23308754,84.27389526,55.25941467,49.16931152,76.03826141,106.0757828,116.7678757,59.01387787,260.9836426,61.03559875,125.3729324,39.03291321,344.6807861,137.0019531,262.2978516,83.14026642,54.04276657,157.7941284,111.2807617,177.0561218,172.7852631,299.23703,650.0714111,470.6775208,173.5274048,37.23286819,228.5025024,285.7557373,244.3518066,103.7498703,574.8473511,248.4299927,410.4987793,361.8592224,218.8645935,157.9903412,,-0.006394170443,0.02971297356,-0.003094185825,0.01625352544,0.01571108909,0.01499764224,-0.03086444,-0.0264231375,-0.001446972148,-0.000764467797,0.01115143433,-0.03223195992,-0.01296803115,0.02980358859,-0.0009632671749,0.006132494913,0.005800471303,0.006886862033,0.004678464347,-0.004390820437,-0.007210170458,0.008922459255,0.001022357469,0.007662120361,0.004049388879,0.01330188867,-0.009186910626,-0.008343080099,0.01696752961,0.03244415938,-0.009057659841,0.01412591117,0.01484146534,-0.00740763238,0.01608933747,0.004313086927,0.02262084546,-0.005662623209,0.01799703809,-0.005202918022,0.004101695879,0.01207623947,0.008573930519,0.01999622194,0.007437893309,0.01082845319,0.01728318367,-0.006738713014,-0.02062137319,0.007082461447,0.01253462777,-0.01321454294,0.003200319263,-0.01780227364,0.003446110408,0.01581946103,0.006199041444,0.001016773454,0.03026682903,0.02242207076,0.003231007938,0.01162346571,0.01751592744,0.01919472885,0.01520196652,0.007782110752,0.006490039685,0.01250756468,0.0179396197,0.01197882988,0.01149622871,0.01073829906,0.004859258918,0.01258065384,0.01295142329,0.002530270411,0.01432921312,0.01360995249,-0.01076923697,0.01036018328,-0.0009149531511,0.008077726476,0.00320595797,-0.0219652501,-0.04412085605,0.00109958223,0.003572081418,0.00428786003,-0.001778442461,0.02265288653,0.005399498722,0.002957358553,0.0008546786861,-0.009353613702,-0.01550391,-0.01475312834,-0.01199287436,0.0007432948174,-0.001354664395,-0.01942455282
2026-01-23,187.4413757,247.5800171,239.1600037,327.5036926,328.0014038,319.3800354,449.0599976,399.4821777,1060.690796,117.2650909,296.2041016,259.6799927,353.5116882,176.5434113,133.1724396,217.7237549,51.16342926,217.4559479,163.6063843,72.38230133,107.3846283,141.8077698,625.3617554,448.6395874,293.4425354,288.6575928,194.4713135,154.2562256,191.0854797,74.18799591,321.5786743,910.0586548,625.4293213,1117.358032,177.0670929,360.5501709,217.6791992,126.135231,468.4100037,303.8139343,512.9297485,751.5221558,300.0243225,150.8890991,101.4719925,112.4689713,60.8897171,107.4953766,152.3091278,86.1444931,86.04277039,96.4292984,329.280426,667.8621826,256.6369934,367.2921448,217.717514,96.87062836,150.6921692,180.1799927,501.3900146,318.3200073,81.63999939,80.18986511,20.91513634,83.6231308,54.90309143,48.56192017,74.69820404,104.8201599,115.4407425,58.38690186,259.7215881,60.27727127,123.7699356,38.93439865,339.811554,135.1623993,265.1533508,82.28775024,54.09225845,156.5297241,110.9251404,181.032547,180.7605743,298.9083557,647.7575684,468.6679382,173.8365631,36.4081192,227.2753296,284.913147,244.1431427,104.7294693,583.9000854,252.1499939,415.4815979,361.5904541,219.1614838,161.1200256,,0.01531054391,-0.001248270079,0.02056843646,-0.007896142517,-0.007284412399,-0.0167131919,-0.0006675890216,0.005206555151,-0.02123446049,-0.0008486516969,-0.01946449676,0.02345011252,0.005049771948,-0.005724457103,0.009952107177,0.007551795863,-0.01391803193,0.005272548192,0.0003599468197,0.01405307822,-0.009159164381,0.00124650612,-0.02106502311,0.01330661698,-0.003830510627,-0.00756783753,-0.002088236487,-0.01254742965,-0.008615866037,0.003497805745,0.01126135961,-0.03746932379,-0.0336051905,-0.008607293921,-0.022125128,-0.01720008901,-0.01250560171,0.003789407703,0.002268102161,-0.009464506137,-0.01521892868,-0.002594256039,-0.00003326035719,0.008520031559,-0.01797217922,-0.01789732631,0.01441913941,0.01890526958,-0.00117306789,0.0003428644026,-0.0122671817,0.01867897951,-0.008442135007,0.003743816987,-0.005506593212,-0.003169947378,-0.01175675713,0.01517344062,-0.009901623395,-0.01146656909,-0.01585959243,0.003879059575,0.05179073049,-0.03453657343,-0.01451319865,-0.003056324063,-0.01263794583,-0.01451289004,-0.01443055449,-0.009929181662,-0.002378697033,-0.005506440554,-0.0101877694,0.02650812907,0.02153013666,0.001013231741,-0.006684462283,0.0365258819,0.0007885553277,0.003991345971,-0.005278422494,-0.02062698275,-0.01422170482,0.007655075778,0.01403725984,-0.01055158661,-0.003971964064,-0.00004264887681,-0.02215989519,0.02403587409,-0.007433958281,-0.005776824546,-0.01807562974,-0.01207679907,-0.005202746236,0.002943360342,-0.01310898808,-0.006997765857,-0.004852972457,0.0127622001
2026-01-22,184.6148224,247.8894501,234.3399963,330.1102905,330.4082336,324.8086243,449.3599854,397.4130249,1083.702637,117.3646927,302.0840149,253.7299957,351.7355042,177.559845,131.8601532,216.0918732,51.88557434,216.3154144,163.5475159,71.3792038,108.3772736,141.6312256,638.8184814,442.7481079,294.5708923,290.8587646,194.8782654,156.2163391,192.7461548,73.92940521,317.9975891,945.4853516,647.1778564,1127.05896,181.0733643,366.860199,220.4358826,125.6590576,467.3500061,306.7168579,520.8566284,753.4768677,300.0343018,149.6143799,103.3290405,114.5185471,60.02421951,105.5008545,152.4880066,86.11496735,87.11138153,94.66112518,332.0839233,665.3711548,258.0580139,368.460144,220.3076172,95.42273712,152.1991882,182.2700043,509.4700012,317.0899963,77.62000275,83.05841827,21.22315216,83.87949371,55.60583496,49.27707291,75.79192352,105.871376,115.7159958,58.710186,262.3948059,58.7206955,121.1613159,38.89498901,342.0982971,130.3994446,264.9444275,81.96061707,54.37929535,159.8264618,112.525444,179.6572571,178.258316,302.0959473,650.3406982,468.6879272,177.776062,35.55355835,228.9775391,286.5686035,248.6374207,106.0097275,586.9538574,251.4100037,421.0004883,364.1386108,220.2302551,159.0896912,,0.008291397296,0.002826561879,0.01309929883,0.006577664193,0.00749121978,-0.01006690748,0.04153528372,0.02176759172,0.008215000052,-0.01281834987,0.005264117859,0.01573255656,0.01932420384,0.02472961029,0.0002245462112,0.00220173332,0.007297887299,0.009067799801,-0.0004196684619,-0.001944092616,-0.01737023821,-0.01594659575,0.004950530699,0.01431666042,-0.07378336959,-0.009645782365,-0.005873434401,0.00914498131,0.002983427818,0.008685033614,-0.01983148673,0.001720875673,0.004694795644,0.01052446899,-0.001472780074,0.02338641126,-0.03367049379,-0.0340857163,0.01346660723,0.01164053693,-0.01346525025,0.008247314906,0.003133515556,-0.01315799009,0.0222025584,0.01580894298,-0.0008186498234,-0.01601113937,-0.01559200689,-0.01839593237,0.0222943971,-0.006222133298,-0.01159897194,0.009455589223,-0.0009616992067,0.00638042936,-0.01547747032,-0.002779277836,-0.0135834286,0.004408458954,-0.02391035673,0.01035559533,0.02468650491,0.006662486508,0.01617508353,0.01454978936,0.01279970785,0.00559771293,0.004177553715,-0.006575949109,-0.01390642312,-0.01625080546,0.003534718322,-0.02855736084,0.0233789533,0.006116178378,0.01009893762,0.01572292957,-0.01618199882,0.02295091146,0.008073380741,-0.0006791009497,0.01217344841,0.0002219785998,-0.005672067817,0.01424698636,0.01704773886,-0.00942435676,-0.0008408703647,-0.02053109889,0.008631622361,-0.00006921572198,0.0093175433,0.007559027438,0.01310051581,0.005358484819,0.003454211333,0.002878419936,0.01537611699,0.03047216532
2026-01-21,183.0966949,247.1907501,231.3099976,327.953125,327.9514771,328.1116943,431.4400024,388.9465942,1074.872559,118.888649,300.5021362,249.8000031,345.0673523,173.274826,131.8305511,215.6171417,51.50966263,214.3715363,163.6161804,71.51824188,110.2930908,143.9263611,635.6715698,436.4989014,318.0367126,293.6916504,196.0296326,154.8006897,192.172821,73.29285431,324.4315491,943.861084,644.1536865,1115.320801,181.3404388,358.4767151,228.116684,130.0933838,461.1400146,303.1875916,527.9658203,747.3135376,299.0970764,151.6092529,101.0847015,112.7363052,60.07339859,107.2175293,154.9032593,87.7288208,85.2116394,95.25380707,335.980957,659.1386108,258.306427,366.124115,223.7710266,95.68868256,154.2950439,181.4700012,521.9500122,313.8399963,75.75,82.50870514,20.8853302,82.67656708,54.90309143,49.00276947,75.47661591,106.5721893,117.3478851,59.68003464,261.4705811,60.44689941,118.3934021,38.65854645,338.678009,128.3809204,269.3022766,80.12174988,53.94378662,159.9350739,111.1720963,179.6173859,179.275177,297.8524475,639.4396973,473.1470337,177.9256744,36.29881287,227.0180054,286.5884399,246.3421173,105.2144089,579.3638916,250.0700073,419.5512695,363.0934753,216.8952484,154.3852386,,0.02948279738,0.003850846856,0.001341980773,0.01981365741,0.01930727451,-0.0114252503,0.02907573629,0.06605473155,0.03575364058,0.005475505308,-0.002312133106,0.07709557185,0.02753894562,-0.03357041303,0.02414533121,-0.0009165245063,-0.0005757646812,0.00985795624,0.008650819295,0.003623693857,0.01516682695,-0.006230525328,0.02793173957,0.0143138048,0.01972207083,0.02124597959,0.005805676935,0.01492827286,0.02542332516,0.004635383311,0.02202802369,0.01021871603,0.02604143729,0.01603523198,0.006699569013,0.02106814446,0.02688726022,0.002522710153,0.04311443326,0.03145384432,0.04094918981,0.02119167142,-0.003587296507,0.02275633104,0.007921649522,0.009397084188,-0.001144683649,0.01732421566,-0.001473631324,0.003715359017,-0.006231219234,0.02957497843,0.001095989214,0.01043658914,0.02157597582,0.007682630353,0.02050145566,0.01706451347,0.01490183027,-0.01407147871,0.02148856285,0.02228011836,0.003843107859,0.03446118363,0.0308975684,0.004071384931,0.02004415544,0.01790814978,0.01362972186,0.01052152293,-0.001505562049,-0.002782816703,0.01909512522,0.008490114045,-0.0002521586494,0.004094112775,0.03806642304,0.04003549206,0.009962633258,0.01748026096,0.005164130733,0.01371755578,0.03238232712,0.03289586888,0.04667955457,0.00965730202,0.01623075891,0.02103603657,0.04941178948,0.02872422842,0.03473310464,0.03106378666,0.01966574561,0.01820904385,0.01765444233,0.00429721817,0.017084581,0.01561929544,0.01906357498,-0.001537198689
2026-01-20,177.8530884,246.2425079,231,321.5814209,321.739563,331.9037781,419.25,364.8467407,1037.768555,118.2412186,301.1985474,231.9199982,335.8192444,179.2937927,128.7225037,215.8149414,51.53933716,212.2789001,162.2129059,71.2600174,108.6452866,144.8287201,618.3986206,430.3391113,311.8856812,287.5816956,194.8981171,152.5237732,187.4082794,72.9546814,317.4389954,934.3135986,627.8047485,1097.718628,180.1336212,351.0801086,222.1438446,129.7660217,442.0799866,293.9419861,507.1965332,731.8053589,300.1738892,148.2359467,100.2902374,111.6867752,60.14224243,105.3917007,155.1318665,87.40408325,85.74594116,92.51760101,335.6131287,652.3305054,252.8509216,363.3327637,219.2755585,94.08319855,152.0295258,184.0599976,510.9700012,307,75.45999908,79.76007843,20.25936508,82.34132385,53.82423019,48.14065933,74.46172333,105.4625626,117.524826,59.84657669,256.5713196,59.9380188,118.4232635,38.50091934,326.2585144,123.4389801,266.6457825,78.74526215,53.66664505,157.7708435,107.6850052,173.8968964,171.2799072,295.0035095,629.2268677,463.3989563,169.5480042,35.28527069,219.397644,277.9541321,241.5910492,103.3328171,569.3129883,249,412.5038147,357.5094299,212.8377991,154.6229248,,-0.04381668071,-0.0345556443,-0.03395782571,-0.02424240348,-0.02476241749,-0.05433448097,-0.04171428571,0.006202615287,0.002783149648,-0.008270622276,-0.03113896567,0.0003881997031,0.02238537712,-0.05845418571,0.004388446904,-0.002057953907,-0.01642446241,-0.001446304423,-0.005774034269,0.0185973049,0.005696876535,0.009157968525,0.0004687424707,-0.01323578786,-0.03930848131,-0.04684784373,-0.02753570346,-0.03355916626,-0.01038739638,-0.02447137063,-0.02684933962,-0.01936586301,-0.02538040043,-0.04566831047,-0.03696644893,-0.03454044804,-0.002466833045,-0.01801665216,0.00163132419,-0.01525392208,-0.01111984837,0.001009533715,0.0009642173105,-0.05207225951,-0.02725874944,-0.04439166483,-0.009876909164,0.008450413655,-0.00826023682,-0.0008999221823,-0.01946133631,0.007205151549,-0.017920011,-0.01439503071,-0.03423541014,-0.02083385592,-0.002347777508,-0.02719216722,-0.01334274892,-0.01918366212,-0.01034261657,-0.03291860704,0.001061313796,-0.008202810855,-0.04897392879,-0.001434843151,-0.0003676968342,-0.01700348113,-0.01563113507,-0.0299042676,0.002767923902,-0.0006543219872,-0.03494937499,0.02316473915,0.04223622019,0.004369143626,0.001785737377,-0.006164468128,-0.01932075655,0.01895672556,-0.01882009754,-0.01796143182,-0.01097801594,0.0005733989255,-0.01019704265,-0.03209464584,-0.03185702901,-0.006984486766,-0.03216624776,-0.02041380423,-0.03398840889,-0.03523377147,-0.02320067222,-0.003460873885,-0.01093686229,0.005329487093,-0.02423106787,-0.02234739394,-0.01969095593,-0.06960673605
2026-01-16,186.0031281,255.0561371,239.1199951,329.5710144,329.908905,350.9737549,437.5,362.5976868,1034.888306,119.2273026,310.8789978,231.8300018,328.4664001,190.4249268,128.16008,216.2599945,52.39997864,212.5863647,163.1549683,69.95896912,108.0298538,143.5144196,618.1088867,436.1113892,324.6470642,301.7164612,200.4167328,157.8200836,189.3753967,74.78476715,326.1971741,952.7647095,644.1536255,1150.248535,187.0481262,363.6404114,222.6931915,132.1468658,441.3599854,298.4952087,512.8999023,731.0673218,299.8847351,156.378952,103.1006317,116.8750534,60.7421875,104.5085602,156.4239655,87.48281097,87.44779205,91.8557663,341.7370605,661.8579712,261.8142395,371.063446,219.7915802,96.71303558,154.0854492,187.6600037,516.3099976,317.4500122,75.37999725,80.4197464,21.30263901,82.4596405,53.84402847,48.97337723,75.64412689,108.713562,117.2004242,59.88576126,265.8630676,58.5810051,113.6242065,38.33343506,325.6769409,124.2046356,271.8990784,77.28028107,54.69602966,160.6564636,108.8802948,173.7972412,173.0444489,304.7854919,649.9317627,466.6583252,175.1829834,36.02058792,227.1169891,288.1051636,247.3292542,103.6916809,575.6083374,247.6799927,422.7474365,365.6814575,217.1129608,166.1909332,,-0.004383850305,-0.01037904481,0.003946605384,-0.008353901983,-0.008464386017,0.02533381476,-0.00243976402,0.07759263055,0.005256791035,0.00419461815,0.01037954485,0.01715515836,-0.02342460884,0.006531488044,0.005885420235,-0.004144521715,0.007225727146,-0.003115929061,0.0006018102219,-0.0005675285391,-0.01928443592,-0.001705579726,-0.009493397892,-0.002454407159,0.01619050367,0.02591027513,0.01045892776,-0.01220643458,0.01300766875,-0.0007973487491,0.02485286381,-0.0142028427,-0.0004480731434,0.005637022857,-0.0111907452,0.02076285256,0.02524485497,0.0034651643,0.005559035472,-0.006123849981,-0.001242481702,-0.01196899489,-0.001129122152,0.01479648374,0.01031532566,0.004937818556,0.002922945459,-0.01570097576,0.007812477727,0.001351664198,-0.006519878605,-0.003108898984,0.03085825133,0.0187745372,0.006032940722,-0.01848506619,0.03785344037,-0.007480089503,0.001102307172,-0.0003728336815,0.01597826616,-0.009825308286,-0.01231659388,0.0009953186501,-0.0232346416,0.01752025433,0.00834111473,-0.005767643762,-0.01450575433,-0.04071117675,0.002691368099,0.01309243818,0.005827513498,-0.0208472292,-0.0007880066264,-0.0114329455,0.001151366353,0.03010059644,-0.03757716211,-0.03392333366,-0.02401975943,-0.00595157395,0.001362781348,-0.002288347159,-0.008737389868,0.01411959332,0.01672546533,0.0426905202,-0.01436506739,-0.001377384102,-0.004424937397,-0.0004814097184,-0.0159024126,-0.01574288402,0.007856042412,-0.000242241124,0.01680758871,0.0005174319976,0.02032370057,-0.01928697053
2026-01-15,186.8221283,257.7311401,238.1799927,332.3474121,332.7252197,342.3019409,438.5700073,336.4886475,1029.476563,118.7292786,307.6853638,227.9199982,336.3451538,189.1892395,127.4102173,217.1600189,52.02406693,213.2508392,163.056839,69.99869537,110.1541138,143.759613,624.0330811,437.1844177,319.4746094,294.096344,198.3422852,159.7703094,186.9436951,74.84444427,318.2868347,966.4916382,644.4423828,1143.800903,189.1650238,356.2437744,217.2097626,131.6905365,438.9200134,300.3344116,513.5379639,739.9234619,300.2237244,154.0988312,102.0479736,116.3007813,60.56515884,106.175621,155.21138,87.36472321,88.02168274,92.14222717,331.5073242,649.6608887,260.2442017,378.0517578,211.7751617,97.44190979,153.9157867,187.7299957,508.1900024,320.6000061,76.31999969,80.33978271,21.80937195,81.03980255,53.39862442,49.25747681,76.7575531,113.3272476,116.8858414,59.11184311,264.3227234,59.82825851,113.7138138,38.77676773,325.3023987,120.5752487,282.5151978,79.99394226,56.04214859,161.6183472,108.7321167,174.1958618,174.5697327,300.5419617,639.2401733,447.5520935,177.7361755,36.07027054,228.1264343,288.243927,251.325943,105.3501968,571.121582,247.7400055,415.7595215,365.4923401,212.7883148,169.4592896,,0.02134973667,-0.006731845376,0.00646523904,-0.009111415232,-0.00936631369,0.009208758308,-0.001434437307,0.009839516437,-0.03756691177,-0.006997686921,0.004514931775,0.01932017866,0.0119417366,-0.01942050561,-0.008217937596,0.004667193997,0.002096071127,-0.02316463578,-0.006457874636,-0.01343786704,-0.0003603740828,0.004454431077,0.004534976957,0.0001364172189,0.003324081086,-0.03585407254,0.004978907795,-0.01914422506,-0.02238301532,0.01128879489,0.05694108572,0.04630786443,0.01319756661,0.05934874704,0.05780516537,-0.002484262294,0.04157296695,0.004084294268,-0.02360239668,0.01379257843,0.005741068299,-0.01620391184,0.0003321990909,0.07700247767,0.008241789305,0.04492481867,0.001789514572,-0.02456200039,0.006639689495,0.004071502508,-0.003249303573,0.02336798348,0.007006138262,0.002250723413,0.01158802585,0.02438047019,0.01281073887,-0.01405209969,0.05090287096,-0.01676005379,0.005639779404,0.02372510891,-0.00091634632,-0.01022038567,-0.006337703942,0.002561607655,0.008411201488,0.009030641353,-0.009535985219,-0.01087410418,0.001853766056,0.001493792099,-0.004752097715,-0.003986690287,0.0005256138757,-0.01180015047,0.003222128975,-0.02264847633,0.03578466233,0.02558924377,-0.007015119601,0.004483646611,0.01381595243,0.01451041104,0.02523422098,0.01082140333,0.006643476653,0.02418378757,0.02702852832,0.003316728469,0.01483662485,0.01536466819,-0.001243859682,0.01135939582,0.009062333155,0.02114506768,0.008353498763,0.007349690539,0.009294066388,0.006529759861
2026-01-14,182.9169006,259.4779053,236.6499939,335.4034119,335.8710938,339.1785278,439.2000122,333.210022,1069.6604,119.5659637,306.3024292,223.6000061,332.3760071,192.9361572,128.4659424,216.1511993,51.91524887,218.3078613,164.116684,70.95214081,110.1938248,143.1220856,621.2158813,437.1247864,318.4161682,305.03302,197.3596497,162.8886871,191.2238617,74.00897217,301.1396179,923.7163086,636.0480957,1079.720825,178.8278503,357.1309814,208.5401306,131.1548615,449.5299988,296.2483826,510.6065369,752.1105957,300.1240234,143.0812225,101.2137909,111.300621,60.45697021,108.8491745,154.1876221,87.0104599,88.30862427,90.03821564,329.2008972,648.2019653,257.263031,369.0540466,209.0964813,98.83068848,146.4605255,190.9299927,505.3399963,313.1700134,76.38999939,81.16936493,21.94847488,80.83274078,52.95322418,48.81663132,77.49655914,114.5731277,116.6695633,59.02367401,265.5848083,60.06772995,113.6540756,39.23980331,324.2575989,123.3693771,272.7547607,77.99803162,56.43806839,160.8969421,107.250351,171.704361,170.2730255,297.3244934,635.0214233,436.9841614,173.0586548,35.95103073,224.7912903,283.8821716,251.6389465,104.1669235,565.9923706,242.6100006,412.3152466,362.8256836,210.8288574,168.3599396,,-0.01436952051,-0.004175458992,-0.02452601837,-0.0003869118297,-0.000356683816,-0.04151028465,-0.01788908717,-0.01413655078,-0.003620332124,-0.002658664729,-0.009745849793,0.01190209019,0.00308450897,-0.04290864919,0.0289235748,0.02293465291,-0.037770486,0.00516414773,0.0205652095,0.002807478227,0.02540181848,0.01700588552,0.02429670183,-0.006592935443,-0.02551723739,0.01936278162,0.02452589537,-0.004537506159,0.02609658749,-0.01404536294,-0.009774566319,-0.005841323552,0.003487599273,0.00212012653,-0.01083395939,0.0007262714347,-0.02607527581,0.015281973,-0.01130493434,0.006009235108,0.0251840978,-0.006285220297,0.001064229481,-0.0050770195,0.007313605934,-0.0334479697,0.02194510548,0.02499068195,-0.01903376451,0.009937107375,-0.04606663612,0.006515083583,-0.003730726427,0.04418865112,0.008295658776,0.005827114681,-0.0006118116627,0.04022387489,-0.01490233629,0.0004191069935,-0.01262210162,-0.03061345944,-0.02476704195,-0.02215543556,-0.008972650236,0.004164641576,-0.01017571569,0.002817562091,0.02036843497,0.00969282532,0.01098896958,0.02084044372,0.004019801935,0.01702055459,-0.004187303766,0.021020266,0.01440029527,0.01897171282,0.0006570934124,-0.01673265635,0.01967099453,0.02927745586,0.009108633932,0.01658011035,0.005652428757,-0.04038067896,-0.04356251897,-0.01605133128,0.0108943981,0.01543645783,-0.009376677301,-0.006349810974,0.01256212618,0.007693707726,0.02579266137,-0.007932947934,0.009060881325,0.007431936899,0.01312535572,0.003364482548
2026-01-13,185.5836487,260.5658875,242.6000061,335.5332336,335.9909363,353.8676758,447.2000122,337.9880066,1073.546997,119.884697,309.3169861,220.9700012,331.3539429,201.5859375,124.8546982,211.3049927,53.95308304,217.1862793,160.8096008,70.75350189,107.4640427,140.7288666,606.4804077,440.0258484,326.7540283,299.2389221,192.6351013,163.6311646,186.3604889,75.06326294,304.1121826,929.1437378,633.8375244,1077.436523,180.7864838,356.8717957,214.1234589,129.1807251,454.6700134,294.4787903,498.0632629,756.8676758,299.8049622,143.8113556,100.4789276,115.1522293,59.15872574,106.195282,157.1793365,86.15433502,92.57315826,89.45540619,330.4336548,620.7709351,255.1464233,366.9159851,209.2244873,95.00905609,148.6761475,190.8500061,511.7999878,323.0599976,78.33000183,83.00845337,22.14719391,80.49749756,53.49760056,48.67947388,75.94958496,113.4732513,115.4014206,57.81870651,264.5214844,59.06245422,114.1319809,38.43195343,319.65448,121.0724258,272.5756531,79.32535553,55.34929276,156.320282,106.2822647,168.9039154,169.315979,309.8358765,663.944519,444.1127625,171.1936035,35.4045105,226.9190369,285.6962891,248.5170441,103.3716125,551.7609863,244.5500031,408.612854,360.1490784,208.0975037,167.7953949,,0.00470423973,0.003073874732,-0.01570168823,0.01238470341,0.01112009293,0.006814066578,-0.003920124914,-0.02237836633,-0.003524518381,0.02025932144,-0.04188113358,0.06394144457,-0.01932403321,-0.01167677173,0.02023703229,0.01873922957,-0.0117774989,0.003226800267,0.00942471663,0.01049646351,-0.008517281633,0.01499713587,-0.01359984053,-0.001645556219,0.00943946951,-0.02889363652,0.00118647951,-0.02351285733,-0.002856069122,0.01972708724,-0.007713827524,-0.01200558876,0.01073414138,0.0002570236122,-0.02042129905,-0.004421708591,-0.0273139339,0.008988063151,-0.01285304274,0.007996927168,0.01789134654,-0.01183603445,-0.0193398698,0.009557720698,-0.007065755146,-0.01189459429,0.02750260253,0.02465853863,0.006619849601,0.009338355644,-0.01474302645,0.006669634421,0.00996660697,-0.006070073513,0.008721700261,-0.01144097421,-0.01524991567,0.01005232259,0.02660051395,0.01042990878,-0.04053090587,-0.007526687762,-0.004195293868,0.001930358642,0.008597327556,0.006410293097,-0.006251216138,-0.008974886069,-0.015832413,-0.009852170509,0.005826399249,0.0107895025,-0.003220503585,0.01073069212,0.01478397685,-0.02083338598,-0.003809029978,-0.006851503344,-0.00950861896,0.003982099815,0.002689597815,-0.006017488167,-0.004257269148,0.0211483576,0.002893274574,0.004586323986,0.003013262689,0.02667218075,-0.01106194534,0.01164113024,-0.0009150830968,-0.001835500945,-0.007245417882,-0.01342218496,0.01280745924,0.01976567091,0.03367237542,0.006538416663,0.008053635615,0.00881265357
2026-01-12,184.7147064,259.767395,246.4700012,331.4285889,332.2957764,351.4727173,448.9599915,345.724762,1077.344116,117.5041428,322.8377991,207.6900024,337.8832092,203.9676208,122.3781281,207.4181366,54.59608841,216.4877167,159.3081665,70.01855469,108.387207,138.6495209,614.8421631,440.7511292,323.6984863,308.1422729,192.4068146,167.5712433,186.8942719,73.61112976,306.4762878,940.4342041,627.1060791,1077.159668,184.5553436,358.4567871,220.1362457,128.0299835,460.5899963,292.1425476,489.3088684,765.9332886,305.7174988,142.4498596,101.1939392,116.5384064,57.57525635,103.639679,156.1456757,85.35723877,93.95838928,88.8627243,327.1728516,624.5620728,252.9403534,371.1624451,212.4645538,94.06349945,144.823761,188.8800049,533.4199829,325.5100098,78.66000366,82.848526,21.95841026,79.98477173,53.83412933,49.12032318,77.17139435,114.6023331,114.7329407,57.20153046,265.3761292,58.43540192,112.4692383,39.24965668,320.876709,121.9076767,275.1923523,79.01072693,55.20082474,157.2666321,106.7366714,165.4058533,168.8275146,308.4213562,661.9498901,432.5750427,173.1085205,34.99710464,227.1268768,286.2216492,250.3307953,104.7779617,544.7836914,239.8099976,395.3020935,357.8095703,206.4349518,166.3295898,,0.0004328018336,0.003392911346,-0.003678565948,0.01001303314,0.01090715645,0.02098735904,0.008876163688,0.002260252685,0.01639748849,0.03003578824,-0.01427752115,0.02224740027,-0.01008781282,0.03102956392,-0.004654566737,0.02607760244,-0.01181735515,-0.0001818140945,0.001418619306,-0.0001418490095,-0.01212332604,0.01036390418,-0.005510105843,-0.001013268008,0.008022688073,0.02616520526,0.02838202138,-0.0478680451,-0.006515726439,0.001759659281,0.02012080814,0.01125687311,0.0196722343,0.003833845389,0.001341771028,-0.04265053956,0.009342338755,-0.002627463291,-0.007049517348,-0.0234938581,0.005449945832,-0.03584211078,-0.0006193161804,0.0201215042,0.01727068772,-0.02983844743,0.01755612045,0.004956254094,-0.004498993619,-0.00310315546,-0.01031790607,0.01215129189,0.0141443663,0.01696784158,-0.002273439822,0.005740009086,-0.008319910638,-0.0206132811,0.03531674769,-0.000740659118,0.01568984034,-0.005499336428,-0.007068891062,-0.003965473515,-0.00315741732,0.01539622894,-0.0148523688,-0.00948248017,-0.01372630447,-0.002879412002,-0.000770504892,0.007071443663,0.01258911985,0.03856366318,0.03642535125,0.001760201531,-0.001717338664,0.01238647333,-0.0009391777957,0.0007471713881,-0.001611227551,-0.00004938326703,0.00595844362,0.0134334622,0.0004726444479,-0.006418045165,-0.004439792237,0.02387768613,0.002541516143,0.0005682145988,0.004640111748,0.005292331794,-0.001408622079,-0.0002776388411,0.01532462058,0.02251310624,0.02909639786,0.01992146102,0.005882914069,0.01633992443
2026-01-09,184.6347961,258.8890076,247.3800049,328.1428833,328.7104797,344.2478638,445.0100098,344.9450989,1059.963379,114.0777283,327.5138855,203.1699982,341.3264465,197.829071,122.9504089,202.146637,55.24898529,216.5270844,159.082489,70.02848816,109.7173462,137.2273102,618.2487793,441.1981812,321.1222229,300.2852478,187.0966339,175.9958191,188.1200104,73.48182678,300.431366,929.9656982,615.0075073,1073.045776,184.3080444,374.4262695,218.0986938,128.3672638,463.8599854,299.1712341,486.6566162,794.4064941,305.9069519,139.6400909,99.47592163,120.1226807,56.58189774,103.1285477,156.8513489,85.62294006,94.93795013,87.79589081,322.6097412,614.1414185,253.5167084,369.0441284,214.2470703,96.0432663,139.8835297,189.0200043,525.1799927,327.3099976,79.22000122,83.17836761,22.02796173,78.77198029,54.64574814,49.59056473,78.24541473,114.9332733,114.8214111,56.79987335,262.0768127,56.26559448,108.5164871,39.18069077,321.4287109,120.4161453,275.4510498,78.95173645,55.28990936,157.2743988,106.104454,163.2133331,168.747757,310.4136047,664.9019165,422.48703,172.6696777,34.97723007,226.0778503,284.7148438,250.6839142,104.8070602,536.5610962,234.5299988,384.1254272,350.8207092,205.2276154,163.6554718,,-0.0009727536508,0.001273888808,0.004425724253,0.009617794295,0.009601027449,0.03756611425,0.02113359851,0.0552566446,-0.01993179991,0.0129123942,-0.001819367949,-0.007377342979,-0.008274410589,0.0495374804,0.01383127213,-0.006609912154,-0.0058740043,-0.01806987601,0.01795933017,0.01643365301,-0.004144529616,0.003874593157,0.02037920106,0.009984306563,0.02273879698,0.004955148638,0.007105842924,-0.02248857443,0.009870055532,-0.001081640131,0.06937932877,0.004439319445,0.01560527003,-0.002592123937,0.008880272471,-0.01924389725,0.08658432892,0.007866585113,-0.01239143122,0.005916526492,-0.0253993358,-0.00556797025,-0.0197763665,0.05692270895,-0.01154524453,0.005970183012,0.02915915257,-0.006157044107,-0.002780442626,-0.002407763939,0.003661142663,0.007938195068,0.01225911357,0.04744501043,0.005478230416,-0.005176556996,-0.004985314903,-0.01225692528,0.02869732775,-0.009329133914,0.02077786282,0.0266938836,0.01499036673,-0.002038513908,0.006811958339,0.005032071119,-0.005762598675,-0.00647699459,-0.004637713848,-0.005390862452,-0.004432331418,0.003114153306,0.009570527712,0.04260410834,0.01964633937,-0.002711452515,-0.01214742734,0.003563457366,-0.002593968653,-0.003722048175,-0.0007155810447,-0.01184324916,0.02003795917,-0.02448182532,-0.01678664942,0.0417543276,0.04475716901,0.0227509468,0.01204183542,-0.003397595521,-0.006134352029,-0.008663626984,0.01084107952,0.01018979531,0.04721861608,0.03144513037,0.022511626,0.00697129004,0.01042686108,0
2026-01-08,184.8145752,258.5596313,246.2899933,325.0169373,325.5845337,331.7840271,435.7999878,326.8826599,1081.52002,112.6234894,328.1108398,204.6799927,344.1742859,188.4916687,121.2730484,203.4916992,55.57543564,220.5117035,156.2758789,68.89627075,110.1739655,136.6976624,605.901001,436.8366699,313.9826355,298.8046265,185.776535,180.0447693,186.2814026,73.56139374,280.9399414,925.8555298,605.5576172,1075.834473,182.6857452,381.7730713,200.7195282,127.3653336,469.6799927,297.4115906,499.3395081,798.8544922,312.0787354,132.1194916,100.6378098,119.4097824,54.97876358,103.7674484,157.288681,85.82959747,94.59163666,87.10443878,318.7027283,586.3233032,252.1354523,370.964447,215.3205109,97.23506927,135.9812317,190.8000031,514.4899902,318.7999878,78.05000305,83.34827423,21.87892342,78.37757874,54.96247482,49.91385651,78.60998535,115.556221,115.3326035,56.62353897,259.5923767,53.96640396,106.4256134,39.28721619,325.3812561,119.9885712,276.1674194,79.24669647,55.32950211,159.1593628,104.0201035,167.3093719,171.62883,297.9719849,636.4176636,413.0888672,170.6151581,35.09647369,227.4732513,287.203064,247.9953766,103.7498703,512.3677979,227.3800049,375.6685181,348.3919678,203.1098175,163.6554718,,-0.02152189921,-0.004955093402,0.01958103898,0.01074592343,0.01110315234,-0.03208147329,0.01017589785,-0.03690181593,-0.02066625952,0.00310503631,0.008563024589,-0.02542620459,0.01507166676,-0.0165422144,0.0373027637,-0.008385944544,0.009705288032,-0.03979946121,0.026095273,0.0270950853,0.0220073755,0.01722497959,-0.01725681589,0.01278380719,-0.02842663705,0.02018663423,0.007753252712,0.009323446833,0.0147540816,-0.01017132165,-0.03613953248,-0.006578011129,0.01946281988,0.01193390973,-0.0005952607528,0.01258525669,-0.01043915636,0.01174148989,-0.02988743448,0.02140739738,0.0538719578,-0.01386243051,0.02077424432,-0.02580717096,-0.00578831312,-0.006344337991,0.02156431746,0.02944899265,0.0273306132,0.01101208359,0.01389328893,0.01718766455,-0.006477292706,0.02388156454,0.02728850763,0.02203496881,0.01095851116,0.05088353558,-0.01914920992,-0.01598757577,-0.01002505648,-0.005428404273,-0.02461876623,-0.0140594978,-0.01827909909,0.01429105854,0.012028374,0.00731516151,0.01929228037,0.01600343502,0.009725358042,0.01261380676,-0.002482207543,-0.02306306826,-0.01036942003,0.0109643345,-0.03374898138,-0.02959393991,0.009125273121,0.01015157783,-0.01445696257,0.01218493637,0.01347446523,0.01862754342,0.02579988348,0.02399704839,0.0209105657,-0.05429282061,0.03228342902,0.007703397087,0.02392193688,0.01981775837,0.005466441281,0.01479934981,0.04341167113,-0.003243863976,0.06177590492,0.01678045962,0.02872038469,0.01430231686
2026-01-07,188.8796234,259.8471985,241.5599976,321.5614624,322.0092163,342.7809448,431.4100037,339.4074097,1104.342651,112.2748718,325.3250732,210.0200043,339.0640259,191.6621857,116.911911,205.2126007,55.04124451,229.6517181,152.3015289,67.07876587,107.8015366,134.3829193,616.5405273,431.3227234,323.1692505,292.8921204,184.3472443,178.3816376,183.5729523,74.31729889,291.4736633,931.986145,593.9967651,1063.146973,182.7945557,377.0280762,202.8369751,125.8872299,484.1499939,291.1782227,473.814209,810.0842285,305.727478,135.6194458,101.2237244,120.1721954,53.8182106,100.7990189,153.104248,84.89472961,93.29545593,85.63261414,320.7805176,572.647583,245.4378204,362.9664917,212.986496,92.52696991,138.6360016,193.8999939,519.7000122,320.5400085,80.01999664,84.53681946,22.28629684,77.27326202,54.30922318,49.55138016,77.12212372,113.7360535,114.221756,55.91819763,260.2383423,55.24041748,107.5407486,38.86112976,336.7460938,123.6477966,273.670105,78.45030212,56.14113235,157.2433624,102.6371231,164.2498016,167.3121948,290.9891052,623.3823853,436.8041992,165.2793732,34.82817841,222.158783,281.6219482,246.6470947,102.2368317,491.0504761,228.1199951,353.8114929,342.6422729,197.4392853,161.3478241,,0.009987097762,-0.007737497508,0.002614887735,0.02430498275,0.0250516747,-0.0007854231023,-0.003579979267,-0.01129775048,0.0413987898,-0.01416819555,-0.02277270781,-0.02020061445,-0.02083268154,-0.004696812936,-0.02114838401,0.0131842347,-0.02812226825,0.04237929838,-0.00856009554,-0.004422161833,-0.002480075211,-0.01403294685,-0.005751276202,-0.006908213239,-0.01190691354,-0.01897702824,-0.02452734548,-0.01238687736,-0.03326392434,-0.006779265951,-0.01287131496,-0.01512344737,-0.04264226812,-0.03343582031,-0.0157656614,-0.0139221487,-0.01874762864,-0.004393503812,0.03366921912,-0.0001707018066,-0.02218192646,0.04601187492,-0.00860040861,-0.02531185953,-0.01583472819,-0.009224449657,-0.00797676036,-0.02333330771,0.000779671062,-0.01428243663,-0.0217865762,-0.03096347839,-0.03093371636,-0.05502680792,-0.02817228688,-0.0126020673,-0.008117806326,-0.03264328733,-0.01747058002,0.04325833025,0.02148323099,0.01875156885,0.02014270975,-0.04068920294,-0.05716684092,-0.03306599758,-0.02157635427,-0.01172334851,-0.03584628824,-0.006968652952,-0.0131645305,-0.02792911172,0.0135858099,-0.01157609208,-0.01089736366,-0.004218226406,0.03473967771,0.02463742973,-0.01708112744,-0.01127625143,0.04226395762,-0.01290424671,-0.0164709469,-0.02680837556,-0.02842422412,-0.02577955211,-0.03280518209,-0.003035013509,-0.01871158883,-0.02827848587,-0.03912335388,-0.02424874341,-0.001948465595,0.001805815106,-0.04821466555,-0.00748347219,-0.03033190553,-0.04177855673,-0.02649563268,-0.01985440505
2026-01-06,187.0119171,261.8734436,240.9299927,313.931366,314.1394958,343.0503845,432.9599915,343.2857666,1060.44165,113.8884659,332.90625,214.3500061,346.2779236,192.5666351,119.4378281,202.5422363,56.63391876,220.3149261,153.6165009,67.37671661,108.0695572,136.2955475,620.1069336,434.3231201,327.0635681,298.5578613,188.9824829,180.6189423,189.8894196,74.82455444,295.274231,946.2974243,620.4543457,1099.923828,185.7225952,382.3512268,206.7123413,126.4427567,468.3800049,291.2279358,484.5627441,774.4503174,308.3796692,139.1413727,102.8523636,121.2910385,54.25095749,103.2071838,152.9849701,86.12480164,95.3733139,88.36882019,331.0202026,605.9934692,252.5528107,367.598999,214.7296295,95.64927673,141.10112,185.8600006,508.769989,314.6400146,78.44000244,88.12245178,23.63758278,79.91575623,55.50685883,50.13917923,79.98944855,114.5342026,115.745491,57.52481461,256.7501831,55.88737488,108.7255707,39.02574921,325.4403992,120.6746826,278.4259338,79.34501648,53.86460114,159.298996,104.3559647,168.7743683,172.2070465,298.6891785,644.5261841,438.1339417,168.4309845,35.84172821,231.2042694,288.620636,247.1286163,102.0525436,515.9256592,229.8399963,364.8789673,357.5815125,202.8129425,164.6161804,,-0.00467783057,-0.01833427045,0.03376810778,-0.006950159472,-0.008729367553,0.001019089585,-0.04142409595,0.100208172,0.02163222177,0.0144618481,0.006224686241,-0.03044144957,0.02032047179,0.006023202699,-0.03438088864,0.002349370551,0.006328050412,0.01703148329,-0.04461404771,-0.001471921941,0.01330976151,-0.006861039054,0.01557585253,0.009374296307,0.009928419712,0.02542638473,0.01136726558,0.0348249638,0.08426944119,-0.004630858806,0.04111566869,0.007412185382,0.01134558837,-0.006680062951,0.006486522782,0.00989991509,0.06264124682,-0.01719491784,0.04362749025,0.05643921589,0.04265178522,0.01743902507,-0.0187188518,0.03146144562,-0.001638723523,-0.006488255422,-0.02024865588,-0.01129937557,0.0005200177391,0.007482387767,0.0001038443781,0.0335027303,0.03323401264,-0.001161552706,0.01826995691,0.02162249864,0.01037999206,-0.02106855738,0.01072346734,0.0205359411,0.02950279548,0.04455219897,0.006415190972,-0.02216562166,-0.01409027642,-0.003320103855,0.01063259735,0.013866953,-0.007215326817,0.002641478207,0.007961711921,0.0005112101316,0.01780643169,0.03197940513,0.05476662228,0.001739910035,0.02946497035,0.02586641279,0.0146483214,0.003481628939,0.02563126271,0.03216730021,0.004087071147,0.007256275888,0.005295953513,0.01071889326,0.006604367916,0.005506877819,0.03145431665,0.004455733714,0.007112972408,0.01121837778,0.03519795024,0.0315685687,0.02046636675,0.007495688504,0.0113348023,0.01448405667,0.01914566748,0.01626412822
2026-01-05,187.8908386,266.7643738,233.0599976,316.1285095,316.9058838,342.7011414,451.6700134,312.0189209,1037.987671,112.2649078,330.8468323,221.0800018,339.3815308,191.4137115,123.6904144,202.0675049,56.27779007,216.625473,160.7899933,67.47603607,106.6500702,137.2371368,610.5963745,430.2894592,323.8482666,291.1548462,186.8584137,174.5405731,175.1312103,75.17266846,283.6132813,939.3348999,613.4938965,1107.320801,184.5256653,378.6030884,194.5269318,128.6549683,448.7999878,275.6693726,464.7407227,761.1761475,314.2622986,134.8973083,103.0211868,122.0831451,55.37216949,104.3866882,152.9054565,85.48516846,95.36341095,85.50419617,320.3729248,606.6981812,248.0214691,359.8188171,212.5236359,97.70783997,139.6040802,182.1199951,494.1900024,301.2200012,77.94000244,90.12001801,23.97540283,80.18196869,54.92288589,49.4534111,80.57079315,114.23246,114.8312378,57.49542236,252.2583618,54.15551376,103.0802155,38.95796585,316.1257629,117.6319656,274.4063416,79.06972504,52.51848602,154.3344727,103.9311905,167.5585175,171.2998505,295.5215149,640.2974243,435.7344055,163.2946625,35.68273544,229.5713348,285.4187012,238.7259521,98.92948151,505.5783081,228.1300049,360.7894897,352.4762268,199.0028992,161.9816895,,-0.00386550161,-0.01383711416,0.02896246163,0.004410665338,0.006342716807,-0.01208202681,0.03104528015,-0.0103671904,-0.03596025023,-0.0004435065753,0.02629964133,-0.01069494508,0.01670625452,-0.01594207401,0.02209536879,-0.01466122222,0.01680060194,-0.03981508579,0.05099433477,-0.01707178666,0.009300196462,-0.0162411483,0.03154382056,0.009298396516,0.0111302016,0.0119039134,0.005393728999,0.0192508077,-0.001971639658,-0.006049430041,0.05746268988,0.03729459848,0.02956167531,0.03197972985,0.02550857468,0.01896809783,0.05241539268,0.004959401892,-0.007365176064,0.01296845031,-0.001499525227,-0.01684885929,0.01654517775,0.06118616674,0.02136461833,0.03875317022,-0.01762351291,-0.009974873417,-0.002851990348,-0.003555898394,0.01239499098,0.03084427694,-0.01542866918,0.04381393203,0.0003607107966,0.02613977208,0.02052397885,0.02585314928,0.001216790505,0.01533143823,0.02866239671,-0.02957471925,0.000770482667,0.009397086576,-0.001655010852,0.004818911258,0.02892637287,0.01487723968,0.01805277545,0.03064892358,-0.005364537853,-0.009284360304,0.01345469285,0.04775656489,0.02282158352,-0.007156860629,-0.02112080191,-0.02713809153,0.0428009224,0.003619248545,-0.007482125545,0.02062178989,0.008241509566,-0.007496975342,-0.02402590216,0.01373660799,0.01191606369,-0.008779068137,0.02851934615,-0.009925706443,0.0002586878152,0.0003474037559,0.01477161784,0.009701065253,0.0291709394,0.001580544425,0.03925666603,0.03541068856,0.02659793741,0.01069088296
2026-01-02,188.6199493,270.5074158,226.5,314.7402954,314.9085083,346.8923035,438.0700073,315.2875671,1076.706299,112.3147202,322.3686523,223.4700012,333.8049011,194.514679,121.01651,205.0741425,55.34791183,225.608078,152.9884491,68.64797974,105.6673431,139.5028229,591.9248047,426.3253174,320.2834473,287.7297363,185.855957,171.243988,175.4771881,75.63018799,268.2016907,905.5623169,595.8787231,1073.006348,179.9357605,371.5553894,184.8385468,128.0200653,452.1300049,272.1401367,465.4386597,774.2208862,309.1473999,127.1193619,100.8662186,117.5285416,56.36552811,105.4384232,153.3427887,85.7902298,94.19585419,82.94579315,325.3933105,581.2321167,247.9320374,350.652832,208.249527,95.24544525,139.4344177,179.3699951,480.4200134,310.3999939,77.87999725,89.28103638,24.01514816,79.79743195,53.37882996,48.72846603,79.14205933,110.8354721,115.4505768,58.03423309,248.9093628,51.68711472,100.7802505,39.23879242,322.9466553,120.9133224,263.1435547,78.78458405,52.91439819,151.2161255,103.0816422,168.8241882,175.5167999,291.5170593,632.7574463,439.5936279,158.7667389,36.04046249,229.5119629,285.3195801,235.2509155,97.97898102,491.2481384,227.7700043,347.1611023,340.4216614,193.8469696,160.26828,,0.01260061991,-0.003126592762,-0.01871591364,0.006868949496,0.00484391206,0.004391697111,-0.02590499392,0.105147005,0.005285157088,0.01211744244,0.01011735706,0.0434721582,0.0190542817,0.004104570369,0.01919562206,0.00193285846,0.0172728079,0.003588781027,0.02289874862,-0.01130026939,0.01130527319,-0.008988357984,0.02253853803,0.006379095642,0.04129471184,-0.01590087289,0.02099243744,0.01128324204,0.0232290198,-0.007569820512,0.0462275759,0.04020484769,0.04458250412,0.01375279385,0.02461549343,0.00975265755,0.08108432046,0.01088823371,-0.002713032708,0.00936574959,0.002641850392,0.0057521685,-0.006599986565,0.04887741249,0.01661488269,0.01722508158,-0.006070042606,0.02152169351,0.004361656718,-0.0002292999656,0.02145914544,-0.002849872736,0.027628566,0.02709517112,0.0129922693,0.01055488914,0.01307910156,0.03300926737,0.03381681207,-0.02622150875,0.02277955416,-0.006974191469,-0.01926717464,0.05189457076,0.006244767822,0.008096708267,0.01068216102,0.01077026053,0.01748156611,0.008770497188,0.001962297872,0.01109408231,0.02136763696,0.02244533117,0.01372061934,-0.005155943349,0.001008261997,-0.009287907698,0.03260060706,0.009702536065,0.002813709852,0.004482826811,0.01844622227,0.03856290883,0.03900861111,0.0260500991,0.01891886526,0.04201915805,0.01524228921,0.0005517559235,0.002550551455,-0.003117207315,0.01478224582,0.01844942687,0.02770481338,0.04905125919,0.02846469768,0.02002012254,0.004049406298,0.01074328447
2025-12-31,186.2727966,271.355835,230.8200073,312.5931091,313.3904724,345.3755188,449.7200012,285.2901611,1071.045654,110.970047,319.139801,214.1600037,327.5634155,193.7195435,118.7372742,204.6785278,54.40813065,224.8013153,149.5636292,69.43258667,104.4860992,140.7680969,578.8777466,423.6229858,307.5819397,292.3788147,182.0346069,169.3333588,171.4935608,76.20706177,256.3511963,870.5615234,570.4467773,1058.449707,175.6129608,367.9667358,170.9751434,126.6411667,453.3599854,269.6149902,464.2122803,769.7929077,311.2013245,121.1956329,99.21772766,115.5383835,56.70975876,103.2170181,152.6768646,85.80990601,92.21695709,83.1828537,316.6448669,565.8989868,244.7521515,346.990387,205.5609741,92.20192719,134.8734283,184.1999969,469.7200012,312.5799866,79.41000366,84.87641144,23.86610985,79.15652466,52.8146553,48.20923996,77.78230286,109.8718414,115.224472,57.39746094,243.7020264,50.55244827,99.41619873,39.44215393,322.6213684,122.0468826,254.8357544,78.02751923,52.76593018,150.541275,101.2146149,162.5555725,168.9271851,284.1158142,621.008667,421.8671265,156.3831024,36.02058792,228.9280701,286.2117615,231.8240356,96.20407104,478.0050964,217.1199951,337.5527649,333.7401428,193.0651703,158.5647736,,-0.005545531646,-0.004467575065,-0.007353853112,-0.002708339743,-0.002384365695,-0.01071881217,-0.01036461398,-0.02467273171,-0.00469553335,-0.004556843653,-0.003710372934,-0.005479672591,-0.006171798721,-0.01166275879,-0.005372337047,0.0001933455863,-0.005065161876,-0.005440966512,0.000656636758,-0.002283397373,-0.007542852936,-0.004439532135,-0.006855742798,-0.004598931892,-0.01205945104,-0.01933454724,-0.003314925989,-0.01497259836,-0.01100216992,-0.004909000778,-0.01146287118,-0.006128256063,-0.007828285992,-0.01197268745,-0.008655358929,-0.00921291751,-0.01496147282,-0.0104641863,-0.000837494801,-0.01317227004,-0.005872039611,-0.0026745774,-0.006430298919,-0.0229726396,-0.006365004935,-0.004436429659,-0.001904127729,-0.006151799182,-0.01120052226,-0.004225232404,-0.01176966819,-0.01219948619,-0.007323983494,-0.007588265472,-0.01171652494,0.005017138938,-0.01103947548,-0.005207209209,-0.007782658068,-0.01418254787,-0.01005287595,-0.009569136479,-0.01120649886,-0.02051638743,-0.002077238732,-0.003104391991,-0.007994058731,-0.007062184624,-0.01052897404,-0.007124704108,-0.00399386359,-0.007958014386,-0.007234126879,-0.01205982888,-0.01973295699,0.000737133935,-0.004198477633,-0.003572070145,-0.01127183016,-0.006136514042,-0.004980681596,-0.008024986107,-0.01176696166,-0.006880271896,-0.006333240975,-0.01266966397,-0.0138735674,-0.01574117269,-0.01575535064,-0.004667717875,-0.007465855617,-0.00479109296,-0.007558595923,-0.004516270677,-0.008872911269,-0.006315811821,-0.005585157241,-0.008277565557,-0.006467722322,-0.00663894378
2025-12-30,187.3115387,272.5735779,232.5299988,313.4420166,314.1394958,349.1176453,454.4299927,292.5071106,1076.098511,111.478035,320.3283386,215.3399963,329.5976257,196.0055084,119.3786163,204.6389618,54.68511963,226.0311432,149.4654846,69.5914917,105.2802124,141.3958282,582.8737793,425.5802002,311.3364868,298.14328,182.6400452,171.9072571,173.4013519,76.58300781,259.3237915,875.9294434,574.9476318,1071.275757,177.146225,371.3883057,173.5720367,127.9803772,453.7399902,273.2138367,466.9542542,771.8572998,313.2153931,124.0452805,99.85329437,116.0532455,56.81794739,103.8559189,154.4062958,86.17401123,93.31524658,84.21017456,318.9810791,570.2260132,247.6537933,345.2581787,207.8555908,92.68455505,135.9313354,186.8500061,474.4899902,315.6000061,80.30999756,86.65424347,23.91578865,79.40302277,53.24026108,48.55212402,78.60998535,110.6602631,115.6865082,57.8578949,245.4778442,51.16954422,101.4174652,39.4131012,323.9815979,122.4844055,257.7409668,78.5092926,53.030056,151.75914,102.4197845,163.6817474,170.0038605,287.7616577,629.7454834,428.6140137,158.8864136,36.18951035,230.6500702,287.5896301,233.5896454,96.64052582,482.2843628,218.5,339.4486389,336.5257568,194.321991,159.6245117,,-0.003612778049,-0.002484048071,0.001982123672,0.0009248270554,0.0005088211212,0.001316516652,-0.01133500524,-0.005910992748,0.0009457174747,-0.005420696323,-0.001019298237,-0.001252280839,0.009789113328,0.009366411922,0.003816469699,-0.003131636358,-0.00126463682,-0.004765151435,0.008742205199,-0.001282790764,-0.005252322477,-0.0005547010999,-0.00276891332,0.004266837734,0.0006740557775,-0.01206907658,-0.00222329312,0.001268503528,-0.001536789192,-0.004884921558,-0.01170873518,-0.008697845736,-0.002108508974,-0.0046764682,-0.004779340821,-0.005142180447,-0.01188374971,0.004125111317,-0.01313673618,-0.002938615937,-0.0006379758245,-0.008404883442,-0.0009858306314,-0.01328169591,-0.007501690125,-0.007788019446,0.002603291238,0.009747728539,-0.007157976658,0.0003426583218,-0.002221768831,-0.003739588323,-0.001835537344,-0.005555745969,-0.005550514962,0.001205596879,-0.004293110389,0.01586962055,-0.005113142689,0,-0.009353427093,-0.006641230708,-0.006310345684,0.01166042711,-0.01068643133,0.003239086975,-0.003486216535,-0.009196326078,-0.002625284722,0.003176601665,0.001361519074,-0.003206778386,0.00391371713,-0.001359732574,0.02053908427,0.0054347678,-0.002851711205,-0.01384996698,0.002748230961,-0.002124457855,0.001848100735,0.002459661471,-0.005467630462,-0.004109157402,-0.01070104859,-0.01075256408,-0.009179761886,-0.00515047385,-0.001566862634,-0.008169987085,-0.006267805931,-0.006642839765,-0.006248060261,-0.0004012010463,-0.001779597703,0.005753739931,-0.0108465763,-0.002966432898,-0.003703912034,-0.003400924715
2025-12-29,187.9907074,273.2523499,232.0700073,313.1524048,313.9797363,348.6586304,459.6400146,294.2463989,1075.081787,112.0856171,320.6551819,215.6100006,326.4024353,194.186676,118.9247437,205.2818298,54.75436401,227.1133728,148.1701508,69.68087769,105.8360977,141.4743042,584.4921875,423.7720337,311.12677,301.785553,183.0470123,171.6894684,173.6682434,76.95894623,262.3961182,883.6149902,576.1624756,1076.309082,177.996933,373.3079224,175.6595306,127.4546127,459.7799988,274.0190735,467.2523499,778.3996582,313.5244751,125.7149887,100.6080246,116.9641647,56.67041779,102.8533325,155.5195007,86.1444931,93.52303314,84.52626801,319.5676575,573.4117432,249.0360718,344.8424377,208.7517853,91.23666382,136.6299438,186.8500061,478.9700012,317.7099915,80.81999969,85.65546417,24.17412376,79.14665985,53.42651749,49.00276947,78.81690216,110.3098526,115.529213,58.04402924,244.5208588,51.23921585,99.37636566,39.20005798,324.9081421,124.2046356,257.0345764,78.67643738,52.9322319,151.3867798,102.9828568,164.3571167,171.8427582,290.8894653,635.5799561,430.8330078,159.1357574,36.48761368,232.1048584,289.5128174,235.0583038,96.67931366,483.144165,217.25,343.1708679,337.5270081,195.0444183,160.1692352,,-0.01212409582,0.001316908214,-0.001935304232,0.0001594582008,-0.001809619351,-0.007781184707,-0.03272372675,0.03405633916,0.0009091869936,0.007069916821,-0.01268642573,0.002883832278,-0.008709281336,-0.0131825419,0.01192172636,-0.0003372000124,-0.01459848202,0.003739517758,0.006465835332,0.004150531787,-0.001498384146,0.003199384209,0.007456040731,0.004167034867,-0.01016591927,0.002130547731,-0.004050326464,-0.007894282288,-0.006727777611,-0.004733826594,0.004390926952,-0.01638289702,-0.007530067914,0.0002664843969,-0.01061200513,-0.01503739178,-0.01235480585,-0.001787024791,-0.006740106196,-0.004370695087,0.002793570877,-0.005694454201,0.003126283985,-0.01501244317,-0.005692412906,-0.01901679814,0.0003472574573,0.0110145091,-0.004073554591,0.00424462087,-0.007768275493,0.005759203369,-0.002234863528,0.0007101535122,-0.0009110714557,-0.004287193405,-0.008976524257,0.01190732361,-0.003856557338,-0.008490267289,0.003835324048,-0.0037004081,-0.009073049116,-0.006717531804,-0.006533228831,-0.001741242259,-0.008910747598,-0.01165772802,-0.003860578324,-0.005615541041,0.002901481942,0.0008446329826,0.001737875535,-0.02941184122,-0.05643794514,0,-0.009911956236,0.001684061042,-0.001893112554,0.005150085663,-0.009699838971,-0.005959463624,-0.0006710478749,-0.005230081182,-0.01470425608,-0.007410060892,-0.0119998277,-0.003790490777,0.0004388680332,0.002730800842,0.004669255612,0.003746237706,-0.01160864664,-0.008553838113,0.01209029605,0.003742365318,-0.01537888353,-0.005026377394,-0.001418528476,-0.002221056847
2025-12-26,190.2978973,272.8929749,232.5200043,313.102478,314.5489502,351.3928833,475.1900024,284.555481,1074.105225,111.2987442,324.7754211,214.9900055,329.2701416,196.7807465,117.5236588,205.3510742,55.5655365,226.2672424,147.2182617,69.39286041,105.9949188,141.0231171,580.1664429,422.0134888,314.3221436,301.1439514,183.7914276,173.0556183,174.8445587,77.32498932,261.2489929,898.3322754,580.5339355,1076.022339,179.9060974,379.0072021,177.8569183,127.682785,462.8999939,275.2219849,465.9506836,782.857605,312.5473633,127.6310425,101.1840057,119.2315674,56.65074539,101.7327957,156.1556091,85.78038788,94.25523376,84.04225159,320.2834473,573.0048218,249.2631683,346.3272095,210.6426239,90.16306305,137.158905,188.4499969,477.1400146,318.8900146,81.55999756,86.23474884,24.33309746,79.28471375,53.90686798,49.58076859,79.12236023,110.9328003,115.1949768,57.99504471,244.0966492,52.79192352,105.3204346,39.20005798,328.1608582,123.9958191,257.5220947,78.27332306,53.45069504,152.2943726,103.0520096,165.2212372,174.4072876,293.0610657,643.2994385,432.47229,159.0659485,36.38824463,231.0261383,288.4322815,237.8190613,97.51342773,477.3725891,216.4400024,348.5308838,339.2321167,195.3214874,160.5257721,,0.01017974941,-0.001497392627,0.0006024588463,-0.001846435952,-0.002249288893,0.005453726541,-0.02103418126,-0.00659266152,0.0007150182144,0.001164765207,-0.00382780933,-0.0002324581219,0.01297396176,0.002531784318,-0.0009226705924,-0.0007218801257,-0.001422301721,0.0003913552651,-0.003189493259,-0.00342314196,0.003100065487,0.0002782612084,0.002797361854,-0.0003060124396,-0.005082818578,0.001740173305,-0.006492097314,0.0002287724278,-0.001411352591,0.001794407762,0.004294815649,-0.004106444531,-0.001301887143,-0.0007805786235,0.001211185776,-0.00537702956,0.004173044676,-0.003406807469,-0.0001943807421,-0.002594136429,0.003187633022,0.001607715159,0.0004787698633,0.002043878028,0.0003927682073,-0.009378058271,-0.005524886667,-0.00356217573,-0.001144303013,0,-0.0004197611375,0.006030565263,-0.004634333063,-0.00855151173,0.002024264677,0.01916699783,0.001920568364,-0.002832318828,-0.003697322738,0.006569788054,0.002921733365,0.003556158258,0.00468092205,-0.001734319279,0.00204579113,-0.0004970581429,0.0009101525713,-0.002562105897,-0.009253516665,-0.005063301533,-0.002553659483,0.00321988711,0.006427005389,0.02157171955,0.01002573032,0.003968269864,-0.003084241951,-0.007718635343,0.001799764559,0.006193132524,-0.001279497182,0.001070802986,0.007435967909,0.005196826315,0.0004562027823,0.001907092791,0.00290762595,-0.002098787435,0.0008157603713,-0.004350232208,-0.006849612045,-0.005978632117,0.001453117134,-0.001192197638,-0.005599521799,-0.007884127209,-0.01215361421,-0.009235818097,0.002234253178,0.01085192497
2025-12-24,188.3802338,273.3022156,232.3800049,313.6816711,315.2580566,349.4868774,485.3999939,286.4439087,1073.337769,111.1692581,326.0233765,215.0399933,325.0529175,196.2837982,117.6321945,205.4994202,55.64468002,226.1787262,147.6893158,69.63121796,105.6673431,140.9838867,578.5480347,422.1426697,315.927948,300.6208191,184.9924164,173.016037,175.0916748,77.18648529,260.1317749,902.036438,581.2907104,1076.862915,179.6884613,381.0561523,177.1177979,128.1192627,462.9899902,275.9378052,464.4701233,781.6010132,312.3977966,127.3707123,101.1442795,120.3603134,56.96547318,102.0964813,156.3345032,85.78038788,94.29481506,83.53846741,321.7746582,577.9471436,248.759613,339.8139954,210.2388458,90.41915894,137.6679077,187.2200012,475.75,317.7600098,81.18000031,86.38456726,24.28341866,79.32414246,53.85784912,49.70812607,79.86135864,111.497345,115.4898987,57.80890656,242.5378571,51.67715836,104.2750015,39.04511642,329.1761169,124.9603424,257.0594482,77.79154968,53.51917267,152.1314697,102.2913742,164.3670502,174.3277588,292.5032349,641.4343872,433.3818665,158.9362946,36.54723358,232.6194916,290.1670837,237.4739838,97.62982178,480.0606995,218.1600037,352.8189087,342.3944092,194.8860626,158.8024597,,-0.003171184538,0.005323781323,0.001033882544,-0.0008271420003,-0.00003165321857,0.002576393359,-0.0003295239783,0.03768064927,0.004982977845,0.006402190064,0.009940839366,0.0006514629764,0.008559084976,0.01100654437,-0.001674679301,0.009719090084,0.005002649454,0.004807983665,-0.00006632499309,0.003434900111,0.01342340416,0.0004176202618,-0.001413980285,-0.0004704723843,0.003866489974,0.002567600782,0.003337655264,0.0001145757258,0.0002823502173,0,0.002113444112,0.01005857793,0.002300777573,0.002217983858,0.01197772698,0.002407103653,0.01238867847,0.01080061033,0.008231525554,0.002999259448,0.002638258744,-0.001859449007,0.00006389216409,0.006494601076,0.006621805024,0.01809042418,0.003914843531,-0.001153950938,0.008786566839,0.009028789081,0.00878591635,0.008466490103,0.002664157196,0.003947793492,0.0004765281503,0.0002330128972,0.007218629733,-0.01002916597,0.005980217582,-0.00478414799,0.0005888884232,0.002618928814,0.006446771875,-0.01357211956,-0.005695682785,0.008271626177,0.008258305868,0.004951457928,0.001730320866,0.003240549256,0.005908064174,0.01496379707,0.004371411709,0.000385330018,-0.004940521178,0.01002003079,0.00745124649,0.003834154713,0.008283997887,0.01383906097,0.00792193031,0.002299840629,0.008571196666,0.01099636361,-0.01027088951,0.002731875991,0.006825434371,-0.003722433315,0.0046653639,0.005192765402,0.003843723056,0.002843617192,0.002337377501,0.004691136367,0.00663140718,0.006041030767,0.002623294358,0.004507920421,0.007314514749,0.001186442064
2025-12-23,188.9795227,271.8549194,232.1399994,313.9413452,315.2680359,348.5887756,485.5599976,276.04245,1068.015869,110.462059,322.8143311,214.8999939,322.2943726,194.1469116,117.8295212,203.5213776,55.36769485,225.0964661,147.6991119,69.39286041,104.2677155,140.9250336,579.3672485,422.3413696,314.7111206,299.8509216,184.3770294,172.9962158,175.0422516,77.18648529,259.5831604,893.0535889,579.9563599,1074.479736,177.561676,380.1411133,174.9503937,126.7502823,459.2099915,275.1126709,463.2479553,783.0570679,312.3778381,126.5488281,100.4789276,118.2216339,56.74333191,102.2144318,154.9728241,85.01282501,93.47356415,82.83712769,320.9196777,575.6744995,248.6411285,339.7348328,208.7320862,91.33517456,136.8495178,188.1199951,475.4700012,316.9299927,80.66000366,87.57312012,24.42252159,78.67338562,53.41671753,49.46321106,79.72341156,111.1371994,114.8115845,56.95661926,241.4822388,51.65725327,104.7927322,38.65776443,326.7414856,124.4830551,254.947464,76.72968292,53.09852982,151.7823944,101.4220657,162.5792694,176.1368408,291.7063293,637.0859985,435.0011292,158.1982422,36.35843277,231.7287903,289.3442993,236.9202118,97.17396545,476.8981934,216.8500061,351.8957825,340.8578491,193.4709167,158.6142731,,0.03005070926,0.005129713036,0.01624132922,0.01475229629,0.01397243341,0.02304873181,-0.006486226253,-0.001157043794,-0.004496113817,-0.01509772574,0.008790166671,-0.0002326264362,-0.001107196608,-0.01532423241,0.0107490183,-0.007428079341,0.001610589215,0.00386112945,0.004739593778,-0.004842489704,0.0030557926,-0.02291742155,0.007364994816,0.003754337528,0.002541825502,0.003269619607,0.0004308614356,0.003042087145,-0.009730420227,-0.001152176444,0.004710291333,0.003014570929,0.00001715456856,-0.001525366723,-0.001446427686,0.003518467645,-0.0005705148511,0.001410788952,-0.002389707174,0.00329929717,-0.005461092931,0.007454765427,0.00755737153,0.002441345697,-0.002268045423,0.01109331583,0.002388628495,0.005511552299,-0.004215097325,0.007816118526,0.002015273254,-0.02680745248,0.00755327505,-0.007867758212,0.00103341153,-0.003049840115,-0.004462119651,-0.006215736022,0.01465143655,-0.007229987526,-0.01198983694,-0.002015349793,-0.01321255481,0.03396224444,-0.004858339744,-0.003123396744,-0.006925416389,-0.001384501059,-0.005408643093,-0.005747115061,0.004213221,0.0160783179,-0.00004081780688,0.0248815512,0.003527845585,-0.00150071947,0.0003017722815,0.008295760209,-0.002173174844,-0.004083735643,-0.006952103845,-0.005438725997,-0.006771776452,-0.003470011306,0.008193111016,0.00328907559,0.009912959732,0.005011266271,-0.004268772365,0.001368337301,-0.001960711766,0.0009601843892,0.00829976242,-0.005360926825,-0.002109318806,0.00004616198946,0.00282874262,-0.003910966867,-0.002347443699,0.0009374871512
2025-12-22,183.4662323,270.4674988,228.4299927,309.3773193,310.9236755,340.73526,488.730011,276.3622131,1072.839478,112.1553497,320.0014648,214.9499969,322.6516113,197.1683655,116.5764389,205.0444641,55.27866364,224.2306824,147.0023804,69.73052979,103.9500656,144.230423,575.1314087,420.7616882,313.913208,298.8737183,184.2976227,172.4715424,176.7622223,77.27552032,258.3661804,890.3695068,579.9464111,1076.121216,177.8188782,378.8082886,175.0502625,126.5717163,460.3099976,274.2079773,465.791687,777.2627563,310.03479,126.2406311,100.7073364,116.9245529,56.60811615,101.6541595,155.6288147,84.353508,93.28556824,85.11894989,318.513855,580.2396851,248.3844452,340.7741394,209.6676483,91.90644073,134.8734283,189.4900055,481.2399902,317.5700073,81.73999786,84.69663239,24.54175377,78.91988373,53.78923035,49.53178787,80.1569519,111.7796097,114.3298874,56.05534363,241.4920959,50.40314484,104.4243393,38.71586609,326.6429138,123.4588699,255.5027161,77.04431152,53.47026062,152.6124115,102.1135559,163.1453857,174.7054596,290.7500305,630.8325806,432.8320923,158.8764496,36.30875015,232.1840363,289.0667419,234.9700165,97.69771576,477.90625,216.8399963,350.9031677,342.196167,193.9261475,158.4657135,,0.0149178959,-0.009865948891,0.00475032568,0.008529800481,0.008813649612,0.005122108979,0.01564837612,0.04012489534,0.004703944063,-0.01538994686,0.01853661797,0.007121793209,-0.00690250629,0.03339063185,0.0125117528,0.00460331877,0.01103672608,0.004805570992,0.01387492269,0.00214096323,0.03590858116,-0.007491887289,0.01385970233,0.004935639382,0.02447848625,0.006013692313,0.02016377179,-0.005877350061,0.01435134752,-0.003953050761,0.01014000691,0.006178128355,0.01074242829,0.0264484771,0.01570801464,0.01152694095,0.01735637253,0.002829501114,0.009009174138,0.005028359253,-0.003825170494,0.01484452438,0.001126945548,0.01604756641,0.02620932773,0.02812109898,0.009299141555,0.0146178221,0.01280714273,0.005159628566,0.01365447398,-0.02445381727,0.008149863287,0.02849792616,0.005716936749,0.01050797394,0.01284485725,0.01490105769,-0.001108728385,0.01396618441,0.03775899518,0.008446869363,0.01869391874,0.008443363614,0.01105199816,0.006286159107,0.01310929074,0.009584727385,-0.00269707525,-0.001304539132,0.006403652468,-0.03718664492,0.02008664509,0.03031530831,0.03544269879,0.00401799829,0.01224881943,-0.001045932377,-0.006630717503,0.008234627529,0.008673192778,0.005879729792,0.006719951813,0.03210802295,0.008491963463,0.00003421864095,-0.002255735342,0.01492986536,0.01213546508,0.001095848397,0.001622326093,0.0006520200208,0.01385136443,-0.01167572272,0.01991008918,0.01289235091,0.05014244202,0.01717943598,-0.01582034034,-0.01210186533
2025-12-19,180.7695313,273.1625061,227.3500061,306.7607117,308.2072449,338.9988708,481.2000122,265.7009888,1067.816528,113.9083939,314.1776733,213.4299927,324.8941956,190.7975159,115.1358871,204.1049042,54.67522812,223.1582794,144.9906464,69.58155823,100.346756,145.3191376,567.2692261,418.6951599,306.4126892,297.0871277,180.6549377,173.4912109,174.2613373,77.58220673,255.772644,884.9024658,573.7825928,1048.392822,175.0688934,374.4915466,172.063858,126.214592,456.2000122,272.8360596,467.5802612,765.8934326,309.685791,124.2467728,98.13527679,113.7264404,56.0865593,100.1896057,153.6608582,83.92050934,92.02896118,87.25260925,315.9389954,564.1622314,246.9725189,337.2305298,207.0086517,90.55704498,135.0231323,186.8800049,463.730011,314.9100037,80.23999786,83.98749542,24.27348328,78.42687988,53.09321594,49.06154633,80.37372589,111.925621,113.602417,58.22036362,236.7368469,48.92011642,100.8499451,38.56092834,322.6903381,123.5881348,257.2081909,76.41506195,53.01049042,151.7203369,101.4319382,158.0700684,173.2343597,290.7400818,632.2587891,426.4650269,156.9715271,36.26900482,231.8079681,288.8783875,231.7598267,98.85188293,468.5768433,214.0800018,334.1481628,336.4167175,197.0434418,160.4069366,,0.03933627968,0.005437411304,0.002601921022,0.01553930669,0.01599993401,0.03176900176,-0.004489279293,0.06988528442,0.01377638135,-0.004093035802,0.01345042596,0.06152389967,-0.002194189367,0.06632240595,0.001287114944,-0.009312942815,0.01861413505,0.0179517086,0.0004060748033,-0.004263778453,0.003972564019,-0.008100682681,0.009673009456,0.005823523236,0.01829683243,0.001763977868,0.02086489386,0.006085221416,0.0005675529505,0.01910327254,0.01147930737,0.01960509352,0.01836243997,-0.004525771141,0.02324229316,0.002636310773,0.04596246571,-0.003368373162,0.01971480001,-0.00174599419,-0.009430525364,0.02571086546,-0.001157728899,0.01904470963,0.01635294161,0.01799172172,-0.005480332324,-0.006626949048,-0.00180788987,-0.02224277162,0.01672497333,-0.01218967826,0.005855179902,0.01597802914,-0.004140495417,-0.01134649919,0.003341236642,-0.003144386552,0.04382375375,0.005379814793,0.01222361785,-0.0006029909163,0.00614417384,-0.004498670484,0.0274635441,-0.01620280626,0.005383303582,0.002803379213,-0.001713474503,-0.004846368741,-0.0169289812,-0.01114804933,-0.01554870734,0.0256677778,0.0196296348,-0.01460028913,0.009123891496,0.02321562302,-0.004872209726,-0.0008997600474,0.01612594936,0.004571070631,-0.002235027544,0.00836337868,-0.001718423971,0.01224257303,0.01045618234,0.01269851093,-0.007316339329,-0.003004711653,-0.0008105055942,-0.001439194228,0.005781554082,-0.001567458873,0.008486833562,0.02789646824,0.04342440239,0.005987998269,0.005199881868,0.001236446072
2025-12-18,173.9278564,271.6852417,226.7599945,302.066803,303.3536072,328.5608215,483.3699951,248.3453064,1053.305786,114.3765411,310.0079346,201.0599976,325.6086426,178.9304199,114.9878845,206.0235901,53.67609406,219.2228546,144.9317932,69.87950897,99.9496994,146.5059357,561.8345947,416.2709961,300.9070435,296.5639954,176.9626312,172.441864,174.1624908,76.12791443,252.869873,867.8874512,563.4365234,1053.15918,171.0923157,373.5068665,164.5028992,126.6411667,447.3800049,273.3132629,472.0317688,746.6952515,310.0447388,121.9247513,96.5562973,111.7164688,56.39562607,100.8579865,153.9391632,85.82959747,90.51509857,88.32931519,314.099884,555.2897949,247.9993591,341.1008301,206.3192902,90.84268951,129.3543396,185.8800049,458.1300049,315.1000061,79.75,84.36703491,23.62466621,79.71854401,52.80892944,48.9243927,80.5116806,112.4706955,115.5587082,58.87672424,240.4759369,47.69586945,98.90840912,39.13227081,319.7727661,120.7840576,258.4674988,76.48387909,52.16921234,151.0299683,101.6591492,156.7590332,173.5325623,287.2237244,625.7161865,421.1174622,158.1284485,36.37831116,231.9960022,289.2947388,230.427597,99.00707245,464.6335754,208.2700043,320.2418518,334.4142456,196.0241394,160.208847,,0.01872004444,0.001287574791,0.02481127188,0.01934485727,0.01909015752,0.01183989062,0.0344775607,0.1021195385,0.01448465825,-0.00717626176,-0.006286169244,0.01489070183,-0.01052376597,0.008797395623,-0.007410001721,-0.009603978378,-0.005316246845,-0.00664250857,-0.01223915579,-0.004386602812,0.01522487778,-0.004730772129,-0.0003021325213,-0.007931966333,0.03254843519,-0.009461974793,0.006151118264,0.01073469894,0.009742666703,0.01249998732,0.02106575658,0.004550955634,0.007011949844,-0.000009388516636,-0.0105263065,-0.0002395032513,0.06271770787,-0.003201396169,-0.004760598379,0.01431525476,-0.01237007118,-0.001440313313,-0.006390582822,0.042976986,0.00641751025,0.01229130295,-0.01334908813,-0.02033611048,-0.005010866559,0.002183183598,-0.01198830775,0.04940730128,0.0004116370324,-0.008277266067,-0.004833629157,-0.00393100516,-0.003804030259,-0.02874885312,0.02450400956,0.01330136507,0.01116824658,0.006644997645,0.00466115847,0.03390463753,-0.004163159245,0.006974705141,0.002419092759,-0.00418746026,-0.009935706218,-0.001123771068,0.00102187231,-0.0001664210515,-0.01067459659,0.002091192068,-0.001106061897,-0.01149716365,-0.004877171353,0.0009063624418,0.001498559146,-0.001155582931,-0.004108209129,-0.003378257618,-0.007809423179,-0.01779823378,0.010651869,0.01026587388,0.01352165104,0.01704282175,0.01810824984,0.003013767154,-0.009799823662,-0.008830553867,0.01739836899,0.01109354325,-0.009793766124,0.009402425358,0.004170677393,0.002764489641,-0.009054979599,-0.002528201675
2025-12-17,170.7317505,271.3358765,221.2700043,296.334259,297.6710205,324.716217,467.2600098,225.3342743,1038.266846,115.20327,311.9690247,198.1100006,329.0717163,177.3700256,115.8463058,208.0214233,53.96297455,220.6887817,146.7276154,70.18739319,98.45079803,147.2023163,562.0043945,419.5992432,291.4217224,299.3968811,175.8807678,170.6104126,172.4820557,75.18806458,247.6528778,863.9556274,559.5132446,1053.169067,172.9124451,373.596344,154.7945404,127.0478973,449.519989,269.4559326,477.9439697,747.7722778,312.0388489,116.9007111,95.94059753,110.3600006,57.15864182,102.951622,154.7144165,85.6426239,91.61338806,84.17066956,313.9706421,559.9244385,249.2039185,342.446991,207.107132,93.53161621,126.2604523,183.4400024,453.0700073,313.019989,79.37999725,81.60040283,23.72343063,79.16638184,52.68148804,49.13012314,81.31964874,112.597229,115.4407425,58.8865242,243.0706177,47.59633636,99.01792908,39.58741379,321.3399963,120.6746826,258.0807495,76.57236481,52.38441849,151.5419159,102.4592972,159.5996246,171.703598,284.3050842,617.3683472,414.0606995,155.3159485,36.26900482,234.2920227,291.8721313,226.4870911,97.920784,469.2290955,206.3300018,318.9117737,333.4923096,197.8153534,160.6149139,,-0.03814991813,-0.01008702886,-0.005796159689,-0.0321297702,-0.03142364702,-0.04477002142,-0.04617456294,-0.03006319906,-0.01185635471,0.002079424955,-0.001806251458,-0.05287564018,-0.007689995736,-0.05401529022,0.02380544456,0.004921152538,-0.0047436612,0.002861294312,0.01887580733,0.004263172436,0.009260235462,-0.001928470505,-0.01332954719,-0.002762716048,-0.02192611575,0.0004618549989,-0.01517254248,-0.02146264551,-0.0172899078,-0.0199871878,-0.04083600119,-0.00775741053,-0.04591373589,-0.002939674781,-0.009687799696,-0.01349978496,-0.05071658412,0.003604797775,-0.01195710072,-0.02643667743,-0.009146369625,0.004595646493,0.006172801845,-0.04197412824,0.006354253155,0.001617602305,-0.002528263306,0.02908228014,0.003675325312,0.01540086686,0.004338798477,0.001528016757,-0.04276655454,-0.007965321508,0.006941694367,-0.01687975645,0.001523945716,0.04616055747,-0.02028967421,-0.01950929482,-0.02216512517,-0.02037370447,-0.03746821779,-0.02819088605,-0.01152254525,-0.01266602541,0.00504957844,0.008851363318,0.003038364111,-0.01195765804,0.01591832986,0.01297610881,0.01704849591,0.005889776046,0.01448531306,0.003190263211,-0.002234193893,0.02172088485,0.008211939352,-0.005237017202,-0.01253919081,-0.005244689579,0.0001928955597,-0.00967579694,0.02134448131,-0.02260201157,-0.01664840274,-0.05528059918,-0.00770997967,-0.008152226073,0.003645910682,0.001462497928,-0.000885084598,0.008490630974,-0.004758236829,-0.001838347784,-0.01686044521,-0.003200048746,0.008221530167,-0.006311294513
2025-12-16,177.5034943,274.1007385,222.5599976,306.1714783,307.3283997,339.9351196,489.8800049,232.318512,1050.724609,114.9642105,312.5335388,209.1699982,331.6218872,187.4977722,113.1526566,207.0027313,54.2201767,220.0591278,144.0093231,69.88944244,97.54748535,147.4867401,569.5968628,420.7616882,297.9547119,299.258667,178.5904388,174.352478,175.5167236,76.72151184,258.1965942,870.710083,586.4388428,1056.27417,174.6039734,378.7088318,163.064621,126.5915604,454.9599915,276.7728882,482.3557739,744.3515015,310.1245117,122.0224991,95.33481598,110.1817703,57.3035202,100.0421677,154.1478729,84.34365845,91.21761322,84.04225159,327.9979858,564.4202271,247.4859467,348.3266602,206.7919922,89.40464783,128.8752899,187.0899963,463.3399963,319.5299988,82.47000122,83.96752167,23.99997139,80.18196869,52.41680527,48.69906998,81.07331848,113.9599228,113.6319122,58.13219452,238.9960938,47.31764603,97.60410309,39.46152115,322.0595398,118.1092453,255.9786682,76.97548676,53.04961777,152.3408966,102.439537,161.1589661,168.1152649,290.8795471,627.8205566,438.2896118,156.5227356,36.56710815,233.440918,291.4458923,226.6877289,97.09637451,471.4724731,206.7100067,324.3809814,334.5629272,196.2022705,161.6350403,,0.008111694453,0.001824128127,0.00008989068511,-0.005353327337,-0.005140295399,0.004384797074,0.03065369422,-0.02101056959,-0.007437356385,-0.01173048685,-0.01396799379,0.007659679757,-0.02022867131,0.02017086405,-0.02615494655,-0.0227389296,-0.009398159035,-0.01661904704,-0.02036060398,-0.008454260929,-0.0198484284,-0.005621003157,-0.009984203921,0.01563594708,-0.007475614565,-0.01775425195,-0.01197080038,-0.01751647151,-0.002303797523,-0.008945666875,-0.009300687329,-0.01173582045,-0.001407331615,-0.0129556868,-0.007199484011,-0.004757295561,-0.006329988433,-0.0157346762,-0.001645783534,-0.007274279616,-0.005266303631,-0.008317623811,-0.00502219915,-0.001420349363,0.007556680141,-0.0134752291,0.004061624725,-0.03917673031,-0.01033762651,-0.003372189024,-0.007642581594,-0.003747032314,-0.009843581855,-0.01227866431,-0.03092868693,-0.02431600419,-0.004315095974,-0.03804573927,-0.004010622194,0.006509529929,0.01906873701,0.003454467634,0.01165363858,-0.002254895988,0.0103949558,-0.004041693438,-0.004468417364,-0.0006032625182,-0.003994634579,-0.004421761725,-0.009766134939,-0.00835560449,-0.01126479732,0.0004208465339,-0.01665167797,-0.001225416718,0.004395901841,-0.008348649846,-0.06034797973,-0.01756809878,-0.00110522707,-0.01849171085,-0.0001928583582,0.001481212047,0.001065521824,-0.01574074858,-0.006925600218,0.006010971794,-0.003302415054,-0.01022051802,-0.0190875725,-0.0183310135,0.004373656409,0.0003997160405,-0.01519350461,0.00588811053,-0.007169760424,-0.009392688435,0.004102288506,-0.01508751641
2025-12-15,176.0752258,273.6016541,222.5399933,307.8193359,308.9163208,338.4510803,475.3099976,237.3044128,1058.597778,116.328804,316.9608459,207.5800018,338.4686584,183.7905579,116.1916428,211.8192749,54.73458099,223.7781067,147.0023804,70.48534393,99.52285767,148.3204498,575.3411865,414.2839661,300.1988831,304.6678162,180.7542114,177.460968,175.9220123,77.41403198,260.6205444,881.0499268,587.2653198,1070.13855,175.8701477,380.5190735,164.1033936,128.6152802,455.7099915,278.8009644,484.9094543,750.5946655,311.6898804,122.1960602,94.61980438,111.6867752,57.07171631,104.1212997,155.7580414,84.62904358,91.92012024,84.35834503,331.2587585,571.4367065,255.3846588,357.0076599,207.6881866,92.94064331,129.3942413,185.8800049,454.6700134,318.4299927,81.51999664,84.1572876,23.75305939,80.50735474,52.65207672,48.72846603,81.39847565,114.4660645,114.7526016,58.62201691,241.7190094,47.29774094,99.25689697,39.50993729,320.6499939,119.1035995,272.4185791,78.35198212,53.10831451,155.2110138,102.4592972,160.9206085,167.9363251,295.5314331,632.1989136,435.6708069,157.0413513,36.94470215,237.9834442,296.8881531,225.700592,97.05757904,478.7463074,205.5,326.7235107,337.7351685,195.4006805,164.1110687,,0.007256197507,-0.01498499907,-0.01613691638,-0.003459518418,-0.003864457618,-0.05589970903,0.03562403348,-0.01509492895,0.03375140185,0.0007712807119,0.004709363685,-0.01518169165,-0.002164731954,-0.0265831916,-0.008920997002,0.01224114429,0.003445818504,0.01849363035,-0.001266720761,0.006381211482,0.008144738889,0.003783578367,0.007099619677,0.001801806987,0.00390246521,-0.001875503519,0.01931042933,0.005440666494,-0.008081623937,0.005784034431,0.007947190263,0.001835700056,-0.01359787189,-0.006363008027,-0.00347517988,0.00002614583941,0.02354850222,0.003687321869,0.008118712594,0.004009664517,0.00662135148,0.01528415176,0.0134210554,0.02612411859,-0.01417490413,0.008944582173,0.005787189232,-0.01925756446,0.003650708329,0.01847458601,0.001509227184,0.0005858535639,0.003704892081,0.01058334128,0.00248049232,0.004456005351,0.001424620485,-0.01235088783,0.005106616805,-0.03030934052,0.003797331216,-0.01481965388,-0.008513799164,-0.002013495259,0.007540711794,0,0.005428725047,-0.003006541477,0.005477081021,0.005471983819,0.01240236996,0.008595906169,0.008271541447,0.002954792117,0.01579384612,-0.00220112617,0.02382446717,0.0014212594,0.02343078495,0.003399721836,0.03587104151,-0.003982246207,0.001738444317,-0.01871478451,-0.01756126944,0.002500460671,0.008961372304,-0.00511288673,-0.01272803631,-0.005616490481,0.002167161138,0.008451627824,-0.005868004479,-0.008422484027,0.008683032379,0.005479964235,0.00685173447,0.009481747536,0.01957042112,-0.01894610425
2025-12-12,174.8067932,277.7639465,226.1900024,308.8879395,310.1147461,358.4906006,458.9599915,240.9414063,1024.035156,116.239151,315.4751587,210.7799988,339.2029419,188.8097229,117.2375183,209.2577209,54.54662323,219.7147827,147.1888275,70.038414,98.71881866,147.7613831,571.2852783,413.5388489,299.0319214,305.2402954,177.329895,176.5006866,177.3553314,76.96884155,258.5656738,879.4355469,595.3609619,1076.991455,176.4834595,380.5091248,160.3279114,128.1427765,452.0400085,277.6875305,481.7198181,739.295166,307.5620728,119.0850677,95.98031616,110.69664,56.74333191,106.1657944,155.1914825,83.09391785,91.78160095,84.30895233,330.0360107,565.4523315,254.7527466,355.4238892,207.3927307,94.10289764,128.7368317,191.6900024,452.9500122,323.2200012,82.22000122,84.32707977,23.57528496,80.50735474,52.36778641,48.87541199,80.95507813,113.8431168,113.3468323,58.12240219,239.7360229,47.15839767,97.71362305,39.59709549,313.188446,118.9345627,266.1817322,78.0865097,51.2692337,155.8315735,102.2814865,163.9896393,170.9382172,294.7943115,626.5838623,437.90979,159.0659485,37.15337372,237.468811,294.3999939,227.0328217,97.88198853,474.6251221,204.3800049,324.5001221,334.5629272,191.6500092,167.2803802,,-0.03266449002,0.0008992046267,-0.01776097082,-0.01005027386,-0.01013714619,-0.1142801369,0.02700883083,-0.0670122646,0.01796155919,0.01227396546,0.003591867262,-0.04809643792,0.0151753851,-0.04465683156,-0.00602309066,0.007475894148,0.01063040298,-0.002946658318,-0.004843437842,0.02040220859,0.01302903697,0.01080248847,-0.01143531882,0.03208535174,0.0394909202,-0.004827160088,0.006989097493,-0.01643970896,-0.01238499685,-0.01854407925,-0.04035388981,-0.02532296847,-0.04430871794,-0.01157147529,-0.01042753974,-0.006053666865,-0.04854487969,-0.002910662893,0.01370173787,-0.01436190701,0.01861573272,-0.007378073145,0.008137769908,-0.04193613787,-0.004121545578,0.0005369810439,0.0005109189762,-0.01369737665,0.003599314121,-0.003422551102,0.001836116906,0.007198517914,-0.05246023785,0.01735585263,0.002369775946,-0.003192446313,-0.004255527398,-0.0120979853,-0.07081731629,0.006986771521,-0.05093659025,-0.03640101279,-0.003031405315,-0.05590964067,-0.02730229396,0.005417994709,-0.002986341802,0.003822980678,-0.001094179966,-0.0007689614661,0.007955308718,0.01994170916,-0.002995074797,-0.01517347579,-0.01287472936,0.01665837745,0.001134335993,-0.02280662461,0.007354918139,-0.01744406847,0.0236328025,0.002295078717,0.007590464693,-0.008765147558,-0.006011168237,-0.0111270751,-0.006059330395,-0.06168211465,0.003586691043,0.0064603586,0.01622053931,0.009930018142,-0.001545043376,0.004378935298,0.01130804115,0.0182850782,0.0006122306482,-0.01168448896,-0.0009801708486,0.001779334879
2025-12-11,180.7095795,277.5144043,230.2799988,312.0238647,313.2906189,404.7449036,446.8900146,258.2471313,1005.966431,114.8297348,314.3460693,221.4299927,334.1323547,197.635498,117.9479294,207.7049408,53.97286987,220.3641205,147.9051971,68.63804626,97.44915009,146.182251,577.8936768,400.6828003,287.6715088,306.7208862,176.0991211,179.4508057,179.579422,78.42312622,269.4385681,902.2840576,622.9636841,1089.599731,178.3431396,382.8266296,168.5081177,128.5168457,445.9299927,281.7337646,472.9161377,744.7902832,305.0794067,124.2976303,96.37754059,110.6372299,56.71435547,107.6401825,154.634903,83.37928772,91.61338806,83.70639038,348.3083496,555.8058472,254.1504669,356.5621948,208.279068,95.2552948,138.5484619,190.3600006,477.2600098,335.4299927,82.47000122,89.32098389,24.23701096,80.07351685,52.52464294,48.68927383,81.04375458,113.9307251,112.45224,56.98600388,240.4562073,47.88497925,98.98806763,38.94828033,312.8335876,121.7103653,264.2382813,79.47283936,50.08557129,155.4747467,101.5109711,165.439743,171.9719696,298.1114197,630.4036865,466.6966248,158.497467,36.91489029,233.678421,291.5053406,227.38414,97.45523834,469.3180542,200.7100067,324.3015747,338.5183411,191.8380432,166.9832611,,-0.01550774951,-0.002690246961,-0.006471654189,-0.02429649544,-0.02274141128,-0.01598179563,-0.01010078067,-0.01990819691,0.01584074496,0.02067490573,0.02344338467,0.00004513823014,0.02545906527,-0.1083358725,0,0.01680062884,0.008875736059,-0.005329028767,-0.004557129199,-0.01566721956,0.01423881041,-0.00440877665,0.008870468402,0.02704485359,0.01699589174,-0.006172714378,0.01545322156,-0.005158916731,0,-0.01221190728,-0.01831726042,0.02450406606,0.01667356127,0.01705787954,0.003227299699,0.02481556819,0.002674531644,0.00655309749,0.002901173949,0.006463842926,0.01501385805,0.02835261751,0.03183376696,0.005868038288,0.01294227228,0.005851112642,0.0005111801478,-0.01723052597,-0.0005781056537,0.007730765503,0.02095040097,0.01061408022,-0.008742465387,0.008427032549,0.01530392208,0.05623961113,0.02183888789,-0.0009298289611,0.00295643051,-0.01347432635,0.003005323821,-0.00777969858,0.01066179856,-0.03287559475,-0.02850359109,-0.0007381595748,0.0003734412099,0.00282479528,0.03044350843,0.01995468607,0.003421042886,0.001894530429,0.0296565326,0.03573737693,0.05317798105,0.007515072429,0.00634153563,0.01541128119,0.03829966343,0.02355329385,-0.0001952453344,0.01023181154,0.02309837365,0.01363124767,0.01039535875,0.008424046796,0.01390732494,0.01016859026,0.01017037239,0.001617676466,0.002802991158,-0.0006797060305,0.001653127765,0.008430340352,0.0148309999,0.01001411776,0.01107877978,-0.002191521906,0.009320012851,0.01774726563
2025-12-10,183.5561218,278.2630005,231.7799988,319.7937317,320.5810852,411.318512,451.4500122,263.4927979,990.2796631,112.5037308,307.1455383,221.4199982,325.836853,221.6479187,117.9479294,204.2730255,53.49803543,221.5447388,148.5823059,69.73052979,96.08106995,146.8295898,572.812561,390.1317444,282.8639832,308.625946,173.4192352,180.3813782,179.579422,79.39266205,274.4660339,880.7032471,612.7470093,1071.325195,177.7694244,373.5566101,168.0586395,127.6801453,444.6400146,279.9243774,465.9208679,724.2557373,295.6672058,123.5725021,95.14613342,109.9936447,56.68537903,109.5273972,154.72435,82.73964691,89.73343658,82.82725525,351.3802795,551.1611938,250.3195953,337.5769958,203.8276978,95.34394836,138.1400604,192.9600067,475.8299866,338.0599976,81.59999847,92.35728455,24.94812202,80.13266754,52.5050354,48.55212402,78.64939117,111.7017517,112.0688477,56.87824631,233.5305023,46.23274231,93.98987579,38.65776443,310.8622437,119.863121,254.4913483,77.64406586,50.09535217,153.9000702,99.21916962,163.21492,170.202652,295.6210938,621.7567139,461.9987488,156.9017181,36.85527039,233.0252533,291.7036133,227.0088654,96.64052582,462.4593201,198.7200012,320.7480774,339.2618408,190.0666199,164.0714417,,-0.00643348913,0.005772469912,0.01693576975,0.009871373681,0.01022816491,0.01644146675,0.0141069672,0.04472697729,0.01162675349,-0.01633917082,0.03194551491,-0.0009024318773,0.01474046001,0.006680819601,0.0109090921,0.03290652142,0.01008595842,0.009821010645,0.01966449208,0.001712059459,0.007534383952,0.03498344155,0.01907408401,0.005891749277,-0.005993495822,0.007053618916,0.01622760874,0.03528416277,0.01197638516,0.009306900866,0.02998413286,0.01444247938,0.03531525136,0.01124790996,0.004920881534,0.03204092246,0.01477594366,0.01773250114,0.01745956548,0.01929485164,0.01304935234,0.04855755148,-0.01553672905,0.01085176406,0.01752334161,0.01516949961,0.008765899296,0.01864891412,0.01294894475,-0.01649312452,0.0202498261,0.01908127806,0.03420530675,0.008590001738,0.02797704843,0.03405000096,0.02384370801,0.03606983106,0.0007214849303,-0.01046150403,0.02142316269,0.008923479181,-0.02275450929,0.04015751029,0.01978197562,0.02046705501,0.03858837676,0.03422377523,0.02570028319,0.02757883407,-0.01076008311,-0.006842329805,0.02578446633,0.03683031112,0.003294734866,-0.005480802324,0.004874953598,0.01658841894,0.02504095347,0.009330264239,0.01105624159,0.05073622934,0.01015792894,0.03914251835,0.03506012533,0.01968793497,0.01862711963,0.009280262941,0.05661891762,0.01979651544,0.01684232114,0.01633680663,0.03336603485,0.02753426502,0.00224889589,-0.008234735423,0.0260041865,0.02381317252,0.009938437422,0.003452633355
2025-12-09,184.7446747,276.6659546,227.9199982,316.6677856,317.3353271,404.6652222,445.1700134,252.2121124,978.8982544,114.3724823,297.6373596,221.6199951,321.1036377,220.1769562,116.6751099,197.7652588,52.9638443,219.3901062,145.7168579,69.61135101,95.36257172,141.8666077,562.0911865,387.8466492,284.5695496,306.4642639,170.6499939,174.2336884,177.4541626,78.66057587,266.4759827,868.1647949,591.8458252,1059.409058,176.8989258,361.9591064,165.6115723,125.4555054,437.0100098,274.6255188,459.91922,690.7162476,300.3334045,122.2459183,93.50756836,108.350029,56.19279861,107.5222244,152.7464447,84.12716675,87.95241547,81.27639771,339.758728,546.467041,243.5069885,326.4609985,199.0808716,92.02463531,138.0404663,195,465.8500061,335.0700073,83.5,88.79163361,24.46417236,78.52548218,50.55422974,46.94547272,76.6787262,108.7038269,113.2878342,57.27010727,227.6604004,44.59046173,93.68122101,38.87080765,309.3541565,117.9072266,248.2743225,76.92632294,49.54754257,146.4687958,98.22144318,157.066925,164.4374542,289.9132996,610.3869629,457.7507019,148.4941406,36.13982773,229.1655731,287.0147095,219.6790466,94.05090332,461.4216309,200.3699951,312.6186829,331.3708496,188.1962433,163.5069122,,-0.003125876876,-0.002555062909,0.004539639394,0.01071015339,0.01049448659,0.01293935344,0.01271674559,0.02227441183,-0.01540716448,0.01320886207,-0.04663548081,0.002306519404,-0.00006177195808,0.004489025851,0.01957228585,-0.008233257494,-0.006679015075,-0.0005826363523,-0.001479320876,-0.002277655986,-0.02062059149,-0.00679819951,-0.009046018828,0.002568157342,-0.006546192881,0.004204727258,0.002390327406,0.003935971511,-0.007847971958,0.008242590807,-0.003803667333,0.01141128944,-0.003587650934,0.008747567828,0.01131024203,0.004499324585,0.01886437502,0.006157717755,-0.01137905774,-0.01035359326,-0.00748366714,-0.0151863969,0.01342389624,0.0008329334711,-0.001272832347,0.004682335244,0.001204590644,-0.01111922715,-0.0002601618936,-0.0008180689947,-0.01299136392,-0.01354764715,-0.004746871937,-0.005292881635,-0.006045205724,-0.002419656936,0.02276755691,0.005921683431,-0.01056682892,-0.00179168719,0.0002147205658,-0.006581876618,-0.0003591377916,-0.03369565985,0.03813919155,-0.01129729999,0.003112243233,0.004612172678,-0.003329924307,0.003143830252,0.0001735113972,0.0003422868976,-0.02241058861,-0.004444395235,0.05719101275,-0.0280871607,-0.02297422113,-0.01510023594,-0.02340193608,0.02234419469,-0.01974059628,-0.003588397546,-0.009365339901,-0.007281962804,-0.004273560739,-0.01602542126,-0.01637735084,-0.01107782451,-0.01839385843,0.0005502380545,-0.01647982619,-0.01184298798,-0.005458382176,0.01486129695,0.003244649778,-0.02860333075,-0.002944188602,-0.005178434361,-0.009479694566,0.006891873556
2025-12-08,185.3239746,277.3746643,226.8899994,313.3121643,314.0396423,399.4960022,439.5799866,246.7166443,994.2163086,112.8814468,312.1968079,221.1100006,321.1234741,219.1929932,114.4353485,199.4070282,53.31996918,219.5180054,145.9327393,69.77026367,97.3704071,142.8376465,567.22229,386.8531494,286.4446716,305.1810608,170.2430573,173.5505981,178.8578339,78.01750946,267.4934387,858.3696899,593.9768066,1050.222168,174.9205322,360.3378296,162.5452576,124.6877136,442.0400085,277.4986267,463.3870544,701.3674927,296.3551636,122.1441803,93.6267395,107.8450623,56.12519073,108.7312317,152.7861938,84.19604492,89.1100769,82.3926239,341.3792114,549.3748169,244.9879913,327.2528381,194.6491852,91.48290253,139.5146942,195.3500061,465.75,337.2900085,83.52999878,91.88785553,23.5654068,79.42274475,50.39738083,46.72994614,76.93491364,108.3631516,113.2681808,57.25051117,232.879364,44.78952408,88.61333466,39.99412918,316.6284485,119.7149506,254.2236481,75.24503326,50.54533768,146.9962769,99.15001678,158.2190704,165.1432037,294.6349487,620.5499268,462.8783875,151.2767029,36.11995316,233.0054626,290.4545593,220.8847198,92.67365265,459.9293213,206.2700043,313.5418091,333.0957642,189.9973602,162.3877563,,0.01721402238,-0.003192433705,-0.01150176188,-0.02286172872,-0.0230830887,0.02782907712,-0.0338901394,0.04089033573,-0.0125902137,-0.01346546962,0.0005394858981,0.01440564927,-0.01545479493,0.01360413897,-0.004805167197,-0.001535172433,-0.0009268447387,-0.01309271809,-0.008599941328,0.003571513621,-0.007922220376,0.004206377805,-0.007961398607,-0.0255024103,0.01144612192,0.00402667974,0.002454686902,0.002860235705,-0.008765122373,0.0114145645,0.0005970323042,0.01419443806,-0.01105824023,-0.009457646106,0.001813010505,-0.02179026991,0.02545687539,-0.01023601742,-0.02950733757,-0.004174154738,-0.01843784,-0.02102004807,0.007559367461,0.008341118058,0.004903059032,0.000367437975,0.002069334382,-0.01381819269,0.00287059679,-0.008344975995,0.002560341589,-0.02008925878,0.01696980959,0.008361113529,-0.006287506295,-0.0004233795363,-0.001061386993,-0.008645587226,0.005023007324,-0.01755175165,-0.002163873821,-0.0007110189768,-0.03900137438,-0.06986152636,0.0227175464,-0.03103569953,0.002926251804,0.003576672636,-0.00737352002,-0.003133977558,-0.01115680761,-0.0008549523591,-0.09451834691,-0.004424814404,-0.008467028385,-0.009354804419,-0.02625118172,-0.000247464792,-0.005662141672,0.0119000264,-0.009204345182,-0.01767683437,-0.006532710528,-0.0009405705299,0.005568391324,0.003086163858,-0.00347540634,0.005318692728,-0.02236552345,0.001377384102,0.0005524900251,-0.004044988264,0.008567588042,0.007167711056,0.02914640259,0.02169500667,0.03710031696,-0.003854117764,0.003449631679,-0.02101737898
2025-12-05,182.1877899,278.2630005,229.5299988,320.6426086,321.4599304,388.6794128,455,237.0246277,1006.893311,114.4221954,312.0284729,217.9700012,326.1642761,216.2510834,114.9878845,199.713623,53.36943436,222.4302216,147.1986389,69.52196503,98.14795685,142.2393341,571.7744141,396.9770203,283.2030945,303.9571228,169.8261871,173.0556183,180.4394073,77.13702393,267.3338318,846.3561401,600.6185913,1060.249634,174.6039734,368.3645935,158.5100861,125.9772186,455.480011,278.6618042,472.0914001,716.4268188,294.1317139,121.1337891,93.16992188,107.8054504,56.00928879,110.2547531,152.3488617,84.90457153,88.88250732,84.08176422,335.6827393,544.819519,246.5381012,327.391449,194.8560028,92.28072357,138.8174133,198.8399963,466.7600098,337.5299988,86.91999817,98.78943634,23.04195023,81.96663666,50.25033569,46.56340408,77.50640869,108.7038269,114.5461502,57.29949951,257.188385,44.98859024,89.37003326,40.37179947,325.1643982,119.7445831,255.6712952,74.36014557,51.01489639,149.6414642,99.80199432,158.3680267,164.228714,293.7284546,622.7141113,460.4295044,154.7374878,36.07027054,232.8768005,291.6342163,219.0083466,92.01412201,446.9036865,201.8899994,302.3254395,334.3845215,189.3441925,165.8739929,,-0.005289522901,-0.006840055245,0.001833172571,0.01149165801,0.01162102354,0.02417129254,0.001034037846,0.04663578165,-0.004120265909,0.002351165427,-0.003353267147,0.00921384171,-0.007736364413,0.01516345248,-0.005122088906,-0.002716380468,0.001299282875,-0.01149933562,-0.01484300443,-0.006387551667,-0.01159673725,-0.003209964781,-0.004293739529,-0.01030397059,-0.0271362957,-0.0001622215844,-0.001225838926,0.00263828147,0.0134353961,0.002700710642,-0.005344346918,0.01996818442,0.006709394247,0.001672343786,0.009262976741,-0.002155391198,0.01024893195,-0.001560235409,-0.004110491572,0.01453518345,-0.01639651652,-0.006142845761,0.001221751096,0.005281109932,-0.01273280512,0.01011214742,-0.005999343584,0.00008906559602,0.0198269192,-0.01202339053,-0.004212307261,0.001411783563,-0.003747025978,-0.007287487304,0.001283184648,-0.003104437158,-0.002067979906,0.006121113654,-0.0007172617779,0.01614883371,0.00651231206,0.0006819181579,0.02042730521,0.007332737319,0.01877734925,-0.003117897868,-0.002141338004,-0.0002104205085,0.008073782969,0.01297051883,-0.01229133347,-0.0115256377,-0.003554902889,0.0132256854,-0.01058205661,0.01042173971,-0.0301917028,-0.01141742823,0.01908938249,-0.01459285327,0.003849883662,0.001032276899,0.003576011143,-0.01901069562,-0.01719115315,0.00415458538,0.009033739398,-0.009035385874,0.01068341612,0.003316728469,-0.002543277679,-0.00318510703,0.0008757792336,0.001160835965,0.008587096214,0.00009909482808,-0.03577312277,-0.01284744698,-0.004681873625,-0.0105749536
2025-12-04,183.156601,280.1794434,229.1100006,316.9997559,317.7671509,379.5062561,454.5299988,226.4633331,1011.059143,114.153801,313.0783081,215.9799957,328.7072754,213.0209503,115.579895,200.2575989,53.30018234,225.0177765,149.4164276,69.96889496,99.29950714,142.6973877,574.2400513,401.1100464,291.1025391,304.0064392,170.0346222,172.6002502,178.0472717,76.92926025,268.7702332,829.7868042,596.6156616,1058.479492,173.0014648,369.1602783,156.9020081,126.1740799,457.3599854,274.6694336,479.9610901,720.8549194,293.7727966,120.4974289,94.37153625,106.7262192,56.34733582,110.2449341,149.3869781,85.93783569,89.25849152,83.96322632,336.945282,548.8190308,246.2221527,328.4109802,195.2597961,91.71929932,138.9170532,195.6799927,463.7399902,337.2999878,85.18000031,98.0703125,22.61725807,82.22299957,50.35816956,46.57320404,76.88565063,107.3119354,115.9715958,57.96761322,258.1059265,44.40135193,90.3258667,39.95539474,335.2872925,121.1275482,250.8821106,75.46134186,50.8192482,149.4871521,99.44637299,161.4370575,167.1013794,292.5131836,617.1390381,464.627594,153.1018372,35.95103073,233.4705811,292.5660706,218.8167114,91.90743256,443.0987549,201.8699951,313.5418091,338.7364197,190.234848,167.6468506,,0.02116044945,-0.01214147987,-0.01407179707,-0.006288515182,-0.006955303331,0.001103610769,0.01743745515,-0.03207215003,-0.01845083542,0.003758332694,0.0127190192,-0.007444900416,-0.01830983027,0.0317721019,-0.005602691182,-0.01388005493,0.00129408464,-0.006645149361,0.00441980801,-0.005083953635,-0.01349370326,-0.007766986171,-0.008975767892,-0.01324689905,0.01168156055,0.01774489896,0.0169783737,0.000975974428,-0.01358160107,0.0001286454291,0.003015288158,0.001506249088,0.0129504945,-0.003972707836,0.006734964338,0.008203552928,-0.01665100388,-0.007818000275,-0.01245874694,-0.003522183623,0.002511287631,-0.00120214446,-0.001389456418,-0.003028755534,0.01106506039,0.01002631416,-0.001198403742,0.005829065586,0.001599453113,-0.007388074058,0.009625073224,-0.02422228226,0.01001274474,-0.0005785225745,-0.002639574795,0.008284210726,0.001363709032,0.01426863561,0.005842215868,0.01058713909,-0.005788551996,0.00354051499,0.02924115643,-0.02005983653,0.0287509965,-0.01836375819,0.008639351101,0.002530697195,0.006708824165,0.00620609613,-0.005479710892,-0.003165091096,0.004878122387,0.001796590558,0.01193524027,0.01450694977,-0.0152277794,-0.01903997038,-0.01517983478,0.02333325919,0.01942709896,0.0009815899018,-0.00661142047,-0.01317484469,-0.01976675597,0.003622857593,0.004725122704,0.0193413459,0.0169592502,0.006397715783,0.008757377506,0.003672845203,0.01331105708,-0.03512874091,0.003469077386,-0.003307979615,0.02150490488,0.01070758359,-0.006409246925,-0.02206927748
2025-12-03,179.3612366,283.6230469,232.3800049,319.0058289,319.9927979,379.0878906,446.7399902,233.9671631,1030.064697,113.7263794,309.1462708,217.6000061,334.8381042,206.4612427,116.231102,203.0763092,53.23129654,226.523056,148.7589417,70.32643127,100.657753,143.8143921,579.440979,406.4948425,287.741272,298.7059326,167.1959076,172.4319611,180.4987335,76.91936493,267.9622498,828.5388184,588.9879761,1062.701294,171.844101,366.1564941,159.5588226,127.1682816,463.1300049,275.6402893,478.7587891,721.7225342,294.1815491,120.8634949,93.33873749,105.6667709,56.4149437,109.6060333,149.1484222,86.5774765,88.40756226,86.04749298,333.6049805,549.1367188,246.8737946,325.7127075,194.9938812,90.42900085,138.1101837,193.6300049,466.4400024,336.1099854,82.76000214,100.077858,21.98516273,83.76116943,49.92683411,46.45563889,76.37327576,106.6500549,116.6105881,58.15166855,256.8529663,44.32172394,89.26052094,39.38405228,340.4719238,123.4785767,254.7491608,73.74073029,49.85079193,149.3405609,100.1082306,163.5923615,170.4710388,291.4572754,614.2366943,455.8115845,150.548645,35.7224884,231.4437408,291.4954529,215.9422913,95.25357056,441.566925,202.5399933,306.9410706,335.1477966,191.4619751,171.430191,,-0.01030536713,-0.00712815781,-0.00870230058,0.01209594691,0.01455604724,-0.002516042956,0.04076973348,-0.02225561304,-0.01200632163,0.01779203628,0.01380410585,0.01096450729,0.04674312081,0.03296860513,0.02097418969,-0.0004381642076,0.01692053974,0.02616215231,0.008918451709,0.001980955263,0.01227357677,-0.003701044563,0.00013779658,0.004566698023,-0.002868916692,0.002783473163,-0.002073474985,0.02560048515,0.04188065775,0.01144778747,0.01243738845,0.02620179438,0.01548582421,0.03971629147,0.02738195185,0.02059883184,0.01152401667,0.002016693584,0.06921392453,0.01930605067,0.02700630129,-0.02470362202,0.001867535419,0.01839718584,0.020853657,0.0342087497,-0.006970353019,0.02246474502,0.0002664759992,-0.01190480648,0.03510193173,0.02241793718,0.007385017459,0.01160965805,0.006683296717,-0.0005137454535,0.03098151689,0.02822254983,-0.0200721327,0.01974931485,0.03803270525,0.05714909345,-0.002170247165,0.07869528691,0.01551103612,0.004374468881,0.02516097423,0.0202237426,0.01625816439,0.01594807913,-0.008939743827,-0.005302383525,0.01394253233,0.03630431329,-0.009173203196,0.001477438006,0.02086543006,0.00879673417,0.06182843263,-0.03375421424,0.0561656944,0.01627547144,0.01087282267,0.0224720537,0.02308659421,0.009487978121,0.01296068573,0.00285883948,0.06920240335,0.02802409882,0.01287457265,0.007883498289,0.0002959469266,0.02751619779,0.0112716034,-0.01382808223,0.006608106753,0.006789749965,0.001656754928,0.008918111837
2025-12-02,181.2288666,285.6592712,234.4199982,315.1932678,315.4017944,380.0440979,429.2399902,239.2927704,1042.582275,111.738327,304.9368896,215.2400055,319.8856506,199.8717499,113.8433304,203.165329,52.34558105,220.747818,147.4439697,70.18739319,99.43730164,144.3486328,579.361145,404.6469421,288.5691528,297.8768005,167.5433044,168.1278076,173.2431946,76.04877472,264.6704407,807.3839111,580.0061035,1022.106995,167.2640839,358.7663269,157.7410126,126.9123383,433.1499939,270.4195557,466.169281,740.0032959,293.6331787,118.6801147,91.43204498,102.171608,56.81093597,107.1978607,149.1086884,87.62058258,85.40952301,84.16078186,331.1593628,542.8345947,245.2348175,325.880127,189.1342163,87.94691467,140.9391327,189.8800049,449.3500061,317.9400024,82.94000244,92.77676392,21.64935875,83.39635468,48.70145798,45.53475571,75.15145111,104.9758911,117.6624603,58.46165466,253.3210297,42.7690239,90.08690643,39.32595062,333.513031,122.4018402,239.9155579,76.31674194,47.19978333,146.9488983,99.03147888,159.9969025,166.6242523,288.717926,606.3776245,454.512207,140.8046265,34.74868774,228.5018768,289.2154236,215.8784027,92.70274353,436.6452332,205.3800049,304.9260864,332.8875732,191.1452942,169.9148712,,0.0085593694,0.01091483288,0.002308847592,0.002921490786,0.00285600534,-0.01168146254,-0.002092398715,-0.004033899054,-0.01112583214,0.007890242674,-0.003366671567,-0.02056784277,0.004114931071,0.0007962792625,-0.01071765912,0.000389647752,-0.0009392077746,-0.003287300969,-0.01501239225,-0.01779008583,-0.007856264127,-0.006019550458,-0.008168805755,0.004052642324,0.003016102001,-0.01272605621,0.004642257416,0.01582966433,0.04222168471,0.01091535629,0.04153076923,0.01034875581,0.02536695625,-0.001269301942,0.00368012968,0.001082485626,0.02196534752,0,0.01773963272,0.02423930266,0.002221752454,-0.01081161214,0.002109666848,0.02824106029,-0.006689082133,0.004966811753,-0.005410965436,-0.005924702746,-0.007344562924,0.0003370864322,0.01077280332,0.003415267243,-0.01942830354,0.002676305681,0.003596076238,0.003761270699,-0.001819098546,-0.0107466957,0.0163050702,0.01145266715,0.02523442776,0.0268716732,0.01368861832,0.01964866313,-0.0009116390525,-0.0008268758981,0.005464500241,-0.001932561279,-0.0005242801472,-0.003418943572,-0.008778420185,-0.007401335497,-0.01567897479,-0.00232173141,-0.01470112358,-0.003190949427,0.002577690091,-0.003378094221,-0.001114629884,-0.01871035057,-0.01891008987,-0.007037849708,0.003905487164,0.002426824339,0.00005971114277,-0.006887130999,-0.01180004263,0.005506045443,0.01281592834,0.003443306614,0.003803636527,0.006624574081,-0.01086552614,0.003780678827,0.00598826351,0.1014694706,0.001793676473,0.01028937203,0.01540309407,0.006335129918
2025-12-01,179.6908264,282.5750122,233.8800049,314.275116,314.5035706,384.5360413,430.1400146,240.2619629,1054.312378,110.8635864,305.96698,219.7599945,318.5747375,199.7127228,115.076683,203.0861969,52.39479065,221.4758759,149.6911926,71.45864868,100.2246933,145.2228088,584.1328125,403.0136719,287.701416,301.7164612,166.7691193,165.5078735,166.2248993,75.22763824,254.1167755,799.1140747,565.6571045,1023.406006,166.6507874,358.3783875,154.350647,126.9123383,425.6000061,264.0198975,465.1358643,748.0913696,293.0150146,115.420517,92.04776001,101.6666489,57.12001038,107.8367615,150.2119293,87.59105682,84.49922943,83.87432861,337.7207031,541.3856812,244.3560944,324.6589966,189.4788971,88.90232086,138.6779785,187.7299957,438.2900085,309.6199951,81.81999969,90.98895264,21.66911316,83.46537018,48.43677521,45.6229248,75.19087219,105.3360291,118.7044983,58.89757538,257.3561096,42.86855316,91.43104553,39.45183945,332.6555481,122.8167267,240.1832733,77.7718811,48.10953903,147.9904327,98.64621735,159.6095581,166.6143036,290.7201538,613.6183472,452.0233459,139.0229187,34.62944794,227.6360321,287.3121033,218.2498016,92.35358429,434.046051,186.4600067,304.380127,329.4972534,188.2457275,168.8452148,,0.01649723058,0.01524119744,0.002829961661,-0.01652184044,-0.01561900173,-0.04189002394,-0.00006973703038,0.01683014545,-0.01634630552,0.009229892199,-0.01328725884,0.01025143999,-0.01989253334,-0.005001155908,0.006124866675,-0.007635849085,-0.007642213712,-0.01137461405,0.009329611462,-0.009089787652,-0.0286177537,0.005176743847,-0.009613763698,-0.007750036854,-0.03350648898,-0.009430337368,-0.03939165526,-0.000297420698,-0.0006537110302,-0.01169747203,0.009910818221,-0.01837680617,-0.01337361148,-0.007027768783,-0.007014055751,-0.01357899928,-0.007756558154,0.003112033633,-0.01847277396,0.00440939631,0.007793460148,-0.03855475198,-0.007765489332,-0.01555970804,-0.0004313140996,-0.008880296216,0.002203034881,0.01724615536,-0.00520011221,-0.02315634905,-0.005241676212,-0.02525540597,-0.01786709224,-0.04286416602,-0.007180681645,-0.02536523291,0.008808652282,0.01770213705,-0.01192315344,-0.01262299003,0.0485155817,-0.007119039401,0.00850489911,0.0190156784,0.003200728608,-0.01900569077,0.007339449105,0.001505300708,-0.003265368455,-0.000277109382,-0.02573827607,-0.03138442868,-0.0007277952248,0.00209403196,0.01212389987,-0.009000296091,-0.0230706095,-0.0119993784,-0.01440376179,-0.01567946371,-0.0004065228812,-0.01133901383,-0.001799342611,0.007586733634,-0.001251358741,-0.01813351825,-0.0115036388,-0.0272112735,0.0323749208,-0.01442314687,-0.00202740553,-0.007737307594,-0.008488134967,-0.005950434533,-0.03349400291,-0.01343911792,-0.02222440945,-0.02707606195,-0.01025019822,-0.009125355299
2025-11-28,176.7745361,278.3328857,233.2200012,319.5547485,319.4937439,401.3485413,430.1700134,236.2852478,1071.832886,109.8496857,310.0871887,217.5299988,325.0406189,200.7165375,114.3761444,204.6488647,52.79828644,224.0240631,148.3075409,72.114151,103.1773987,144.4748993,589.8030396,406.161438,297.6754761,304.5888367,173.6078186,165.5571136,166.3336334,76.11802673,251.6229858,814.0741577,573.3245239,1030.64917,167.8279419,363.3117981,155.5572357,126.5186081,433.6099854,262.8608398,461.5388794,778.0904541,295.3082275,117.244812,92.08747864,102.5775681,56.99444962,106.008522,150.9971313,89.66742706,84.9444809,86.04749298,343.864563,565.6309814,246.1234283,333.1083679,187.8244171,87.35593414,140.3514099,190.1300049,418.0100098,311.8399963,81.12999725,89.29102325,21.59997749,85.08242035,48.08386612,45.55435181,75.43720245,105.3652267,121.8404617,60.80593491,257.5435486,42.77897263,90.33582306,39.81014252,340.5113525,124.3083496,243.6933746,79.01072693,48.12910461,149.6877441,98.82403564,158.4077606,166.8230591,296.0892944,620.7593384,464.6675415,134.663208,35.13622284,228.0984802,289.5524597,220.1181946,92.90641785,449.0877991,189,311.2985535,338.6670227,190.1952667,170.400177,,-0.01808488728,0.004683906792,0.0177168681,0.0007187741103,-0.0004996942547,0.01355734464,0.008415835174,0.02701299539,-0.0261422881,0.01292397698,0.01768301557,0.01535657768,0.0001819890388,-0.01468590141,0.01002008788,-0.003083395585,0.01245530151,0.000175692425,0.01083544273,0.003293132526,0.001911561428,0.005135814202,-0.004079084712,0.005932912199,0.006169632239,0.01771057597,0.009931314393,0.01786363436,0.01765951142,0.01143689654,0.009121115298,0.01229151234,0.003538267756,0.0069611825,0.01024168781,0.003571720304,0.005543479901,0.002886973392,0.003331957052,0.02876856922,-0.01144998999,-0.005633340967,-0.005773742648,0.01414924345,0.01013069002,0.01073176122,0.005452386355,0.01553678758,-0.007901798224,0.009751891488,0.00338943856,0.004729036077,0.01229187057,0.00906342174,0.001164719158,-0.0007678728868,-0.006045479662,0.01837182777,0.0157149721,0.02578904031,0.02033298486,0.01792064673,0.007200424329,0.01915188765,0.0157919163,0.008767801342,0.002042896372,0.005622807321,0.003013186953,0.002593230638,0.004131875191,0.003677611158,0.008070717956,0.01969149885,0.002319968584,0.005626251072,0.002582861142,-0.01309700979,-0.0008942767788,0.006260895352,-0.001015235822,0.0006189393819,0.001501665192,0.002262314131,0.007262053126,0.007320166599,0.001188764619,0.009664881245,0.002816544194,0.00540242458,0.005072405644,0.007102643629,-0.0005438037789,0.001254298676,0.008146928194,0.01112776509,0.002205009379,0.004675898297,0.01157949368,0.007318460084
2025-11-26,180.030365,277.0352783,229.1600037,319.3252258,319.6534729,395.9801025,426.5799866,230.0703583,1100.605225,108.4481049,304.6991882,214.2400055,324.9814758,203.7081757,113.2414551,205.2818298,52.14875793,223.9847107,146.7177887,71.87744904,102.980545,143.7366943,592.21875,403.7659302,295.8501892,299.288269,171.9006195,162.6515656,163.4472351,75.25731659,249.3486481,804.1894531,571.3031006,1023.524231,166.1265259,362.0187683,154.6996613,126.1544037,432.1700134,255.5101776,466.8847046,782.4985352,297.0231628,115.6090317,91.16392517,101.4884186,56.68537903,104.3866882,152.1997833,88.80144501,84.65753937,85.64248657,339.6891479,560.5504761,245.8370972,333.3643494,188.9668121,85.77999878,138.1799164,185.3500061,409.6799927,306.3500061,80.55000305,87.61306763,21.26417542,84.3429184,47.98583603,45.29964066,75.21057892,105.0926971,121.3391037,60.5831337,255.4816284,41.95285797,90.12673187,39.58741379,339.6341248,125.9580231,243.911499,78.51912689,48.17801666,149.5951538,98.67585754,158.0502014,165.6203156,293.9376221,620.0222778,460.219574,134.2849884,34.94742203,226.9473114,287.510376,220.2379608,92.79003143,445.4586792,186.9199982,310.6136475,337.0908203,188.0181122,169.1621704,,0.01372164251,0.002093957527,-0.00222055345,-0.0107901607,-0.01038189619,0.03256885191,0.01711967759,0.02551990521,-0.0050453118,0.01962627669,0.01531362469,0.03934410526,0.01051231461,0.0402477323,0.002270554324,0.004306318821,0.009717988438,-0.01786022897,0.006598012138,0.003718537115,-0.009748404049,0.01279866903,-0.007578089114,0.0001225340032,0.01083698878,-0.004171136201,0.006041241722,0.01126749339,0.02213018448,-0.003275688637,0.03097418412,0.01706302965,0.01256589359,0.009992525677,0.01517266742,0.003667481042,0.0211282068,0.006044489149,0.005467419067,0.02341092175,-0.05673216467,-0.003442122179,0.0004365475513,0.01150199075,0.01168175873,0.01314616459,0.005999275884,0.006921263971,0.004855957817,0.01063945436,0.005405390222,0.009195590166,0.0149711642,-0.004056729362,0.002576950546,0.006690947509,-0.003686498548,0.005425980662,0.006603342488,-0.004939057002,0.02009414013,0.008858599779,-0.003956964065,0.0514203113,0.007958846069,0.008369700333,0.0008178109177,-0.001727112958,0.007789873481,-0.003507077853,0.01230217452,0.01624968757,0.0001158810568,0.02629662955,0.05231337015,0.007144712181,0.01014343069,0.003067912383,0.03409274912,0.01771387112,0.004077501791,-0.008133535918,0.002911734811,0.0184319065,0.01442918286,0.00806219672,0.007395673962,0.02285951175,0.004317749872,0.01146117538,0.00667742254,0.003355722925,0.00715667688,0.01195263444,0.003868149371,0.02455599467,-0.00133450565,-0.003019969491,-0.005392066806,-0.00431380921
2025-11-25,177.5934906,276.4563904,229.6699982,322.8083801,323.006897,383.4902649,419.3999939,224.3450928,1106.186279,106.3606415,300.1035156,206.1300049,321.600708,195.8265991,112.9849167,204.4016113,51.6468544,228.0578766,145.7560883,71.61116028,103.9943237,141.9203033,596.7409058,403.7164612,292.6784363,300.5418701,170.8683624,160.8393097,159.908432,75.5046463,241.8573151,790.6977539,564.2132568,1013.397827,163.6436157,360.6959229,151.498764,125.3964462,429.8200073,249.6652832,494.9651489,785.2012939,296.8935547,114.2944183,90.11126709,100.1715469,56.34733582,103.6691666,151.4642792,87.86659241,84.20239258,84.86212921,334.6786194,562.8337402,245.2052155,331.1486511,189.6660156,85.31707001,137.2734528,186.2700043,401.6099854,303.6600037,80.87000275,83.32830048,21.09627342,83.64285278,47.94662476,45.37801361,74.62922668,105.4625626,119.8645096,59.61441803,255.4520264,40.8779068,85.64628601,39.30657959,336.2236633,125.5727768,235.8700409,77.15245819,47.98236847,150.8218689,98.38937378,155.1897583,163.2645416,291.586792,615.470459,449.9342957,133.7076721,34.55142212,225.4419403,286.5487976,218.6729889,91.69404602,443.742218,182.4400024,311.028717,338.111908,189.0374146,169.8950653,,-0.02591067542,0.003805495657,0.01498143631,0.01525524475,0.01623385258,0.01870573991,0.003877627273,0.002679462253,0.03717193216,0.02825284887,0.01677843987,-0.04147871677,0.0226611246,-0.01622727366,-0.01258949874,0.009377362962,0.01059123438,0.009977804276,-0.00814694044,0.0002755862549,0.05239043268,0.004192372344,0.01998053306,0.000441423008,-0.002074414414,0.00118375294,-0.00611982926,-0.01066276091,0.003162619463,0.001049344584,0.05001946963,0.01468294467,0.01252691353,0.01008355214,0.01596751419,0.01885206001,0.01030717292,0.007433794454,0.01372643237,0.05271513808,0.02237136945,0.03397461426,0.006625849546,0.008058249474,0.002430483974,0.01484601526,0.01761729651,-0.01050747217,0.02371358272,0.001682800316,0.00519722505,0.03083759843,0.01882391566,0.006825122118,0.02399711518,0.02023666197,0.02158914682,-0.01073546052,-0.000507836751,0.01294254658,-0.007463656908,-0.002660352597,0.01378972232,-0.004296418997,0.01280227765,0.007123294114,0.02429323806,0.01802201406,0.007314764947,0.01082178036,-0.001310491939,-0.0009739945501,0.009158941184,0.006864426519,-0.003004708312,0.009450386524,0.02037087735,0.01476817286,0.03787092623,0.007316911364,0.02701011898,0.02372230228,0.02511310464,0.01692163741,0.01898381085,0.01925559594,0.02206447564,0.01694381333,0.01511387595,0.01483010588,0.02062363157,0.02101669857,0.02580725054,0.01047457957,0.002992931855,0.01853510169,0.01552018388,0.008694937284,0.01250930066,0.01167728508
2025-11-24,182.3174591,275.4083252,226.2799988,317.9578552,317.8470154,376.4485168,417.7799988,223.745575,1066.540894,103.4382172,295.1513367,215.0500031,314.4743652,199.0567474,114.4254761,202.5026703,51.10558319,225.8048401,146.9533081,71.59143066,98.81724548,141.3278046,585.0512695,403.5383301,293.2868347,300.1865234,171.9204865,162.5727844,159.4042969,75.42549896,230.3360291,779.2559814,557.2328491,1003.281189,161.071701,354.0218811,149.9531708,124.4711533,424,237.1631927,484.1343994,759.4009399,294.9393311,113.3807678,89.89278412,98.70615387,55.3718338,104.7700348,147.955719,87.71897888,83.76703644,82.32347107,328.4950562,559.0183716,239.4588928,324.5802307,185.6578217,86.24292755,137.3432007,183.8899994,404.6300049,304.4700012,79.76999664,83.68785858,20.82960701,83.05125427,46.80947113,44.57468796,74.08729553,104.3334885,120.0217972,59.67253876,253.1335907,40.59921646,85.90440369,38.93859482,329.5112305,123.745285,227.2633667,76.59204102,46.72044373,147.3269348,95.97904205,152.6073914,160.2229004,286.078186,602.1835938,442.4377136,131.7169189,34.04650879,220.8864594,280.6504517,213.1716156,90.74354553,442.4180908,179.1199951,306.2752686,335.1973877,186.7019043,167.9340515,,0.02051657026,0.01631746888,0.02532963105,0.06313824077,0.06280667321,0.1109934762,0.06824516784,0.07985723258,0.009870772278,-0.01196354647,-0.00006699636183,0.0553047617,-0.002875345291,0.007647390463,-0.00948068121,0.01054441199,0.007175995014,-0.02865244201,-0.001533561059,-0.004934906257,0.02700498383,-0.005672205645,-0.002400052204,-0.01228368684,0.02299606712,0.02245829796,0.02080407097,0.01077768075,0.01166883348,0.001839579133,0.03080224036,0.02154960276,0.01665961775,0.004700856294,0.02946207558,0.008614521799,0.05418852852,0.005246793961,-0.006467358006,0.03047516593,-0.00002048606692,0.007342199902,-0.00831411269,0.03610358161,0.0001104308705,0.01003042205,-0.0147791336,-0.003552403153,-0.01697150093,-0.001456279903,0.01865000806,-0.02355006446,-0.003858752822,-0.002011676703,-0.02114869919,0.02446144435,0.008182277152,0.002174563511,0.04772039446,0.005412824091,0.04189417073,0.01294169546,0.01153938658,0.08185921268,0.02777783529,0.008984253527,-0.0006279252275,0.000439731637,0.001598511109,0.004121869471,-0.005781842779,0.002114763001,-0.003069509997,0.02307504636,0.03641153732,-0.02473932905,-0.009598818426,-0.0108181253,0.00924704636,-0.001665900278,0.03264860147,-0.009132299659,-0.01560272689,0.008532913299,0.01915774708,-0.002223605686,0.002337662496,0.02903636201,-0.01452188009,0.00320888795,-0.007603180438,-0.01110772747,-0.009093372904,-0.01162062322,-0.02109462011,-0.003227611802,0.01450128293,-0.006493488286,-0.007157149928,0.008745304442
2025-11-21,178.6521301,270.9865112,220.6900024,299.0747986,299.0638123,338.8395386,391.0899963,207.1992188,1056.116211,104.6906891,295.1711121,203.7799988,315.3811951,197.5460358,115.5206909,200.389679,50.74146271,232.4655457,147.1790161,71.9464798,96.21885681,142.1340179,586.4588013,408.5569153,286.6940002,293.592926,168.4167328,160.8393097,157.5656891,75.28700256,223.4531708,762.8175659,548.1016846,998.5869751,156.4620056,350.9981995,142.2451172,123.8214874,426.7600098,230.149353,484.1443176,753.8659058,297.4120483,109.4299545,89.88285828,97.72592163,56.20245743,105.1435471,150.5101013,87.84690857,82.23338318,84.30895233,329.7675476,560.1452026,244.6325531,316.8301086,184.1510468,86.05579376,131.0876465,182.8999939,388.3599854,300.5799866,78.86000061,77.35559082,20.26664352,82.31174469,46.83888245,44.55509567,73.96905518,103.9052048,120.71978,59.54661179,253.9129791,39.68351746,82.88638306,39.92634583,332.7048035,125.0986176,225.1811066,76.71984863,45.24331284,148.6847687,97.50031281,151.3162231,157.2110901,286.7157288,600.7791748,429.9534302,133.6578827,33.93760681,222.5787659,283.8028564,215.1278534,91.81044006,451.9518433,179.6999969,301.8973694,337.3882141,188.0477905,166.4781494,,-0.009743183463,0.01968064724,0.01634891343,0.03527369447,0.03334694297,-0.019087739,-0.01047495011,0.02979588531,0.01572907705,-0.0167117931,-0.001206647933,-0.01087275724,0.02705915979,-0.05662346032,0.0005127606027,0.004087228043,0.01098038322,0.0297667819,-0.002195361293,0.0244347758,0.02937770453,0.001574365773,0.02573600528,0.01035471487,-0.01094214441,0.02424253006,-0.01377515698,0.02324708847,0.03958773784,0.0087487429,0.01716385301,0.0004264899231,0.007873674627,0.02236718337,-0.00333973092,0.02643994423,0.02192134467,0.0216861205,0.0105133604,0.03161637203,0.0229042555,0.02564456226,0.00664822205,-0.004834701727,0.0002209954508,0.01095975153,0.0001718870338,0.008484991026,0.02269183267,0.00790328557,0.008616453694,0.03304274942,0.01072540706,-0.001145631586,0.02766487471,0.02465060146,0.01879703755,-0.001143156813,0.009512208621,-0.01172536522,0.007157622418,-0.005163262066,0.01050742805,0.01004179074,0.02497498951,-0.003021587746,0.02774782147,0.02432432978,0.01555733627,0.02525924771,0.00212179235,0.01052108577,0.02501089661,0.006055989763,0.01817079683,0.01153101355,0.01153759579,0.01320108663,0.01706298609,0.02617035318,0.006747947735,0.01656282344,0.03676462833,0.03498649837,0.03298290939,0.006504229308,0.01035164428,0.0008609326332,0.06326699883,0.01781467996,0.02264812808,0.02166157391,0.02405932572,0.04170786455,-0.01597405496,0.001783878118,0.0121260865,0.002651387564,0.009992565955,0.02114084845
2025-11-20,180.4098969,265.7562561,217.1399994,288.8847656,289.4127808,345.433075,395.230011,201.2041626,1039.761719,106.4699936,295.52771,206.0200043,307.0720825,209.4031677,115.4614868,199.5739746,50.19035339,225.7458191,147.5028381,70.23041534,93.47283936,141.9105988,571.7443848,404.3697815,289.8657532,286.6439514,170.769104,157.1852112,151.5655518,74.63404846,219.6825714,762.4923706,543.8198242,976.7400513,156.9862976,341.9568787,139.1938019,121.1932755,422.3200073,223.095871,473.3036499,735.0167236,295.4478455,109.961586,89.86299896,96.66648102,56.19279861,104.2589111,147.1705322,87.15807343,81.53087616,81.61225891,326.2681885,560.7876587,238.0470123,309.2079468,180.753418,86.15428162,129.8524628,185.0700073,385.6000061,302.1400146,78.04000092,76.58652496,19.77281761,82.56121063,45.57429504,43.49705887,72.83592224,101.3452988,120.46418,58.92663956,247.7173462,39.44464111,81.40715027,39.47120285,328.9099731,123.4686966,221.4033051,74.76326752,44.94005966,146.2622528,94.04286194,146.2011566,152.1913757,284.862915,594.6238403,429.5835876,125.7049103,33.34360123,217.6494141,277.7855835,210.0736237,88.13453674,459.2885437,179.3800049,298.2803955,336.4960327,186.1873016,163.0315247,,-0.03152478448,-0.008601349704,-0.02492255149,-0.01147496867,-0.01027320739,-0.02144340834,-0.0216836542,-0.1086667371,-0.006011848185,0.06460596091,-0.01612416695,-0.07841645511,0.007926468656,-0.06580054813,-0.002812120835,0.002765269782,-0.01960777008,-0.01485553057,-0.009162946702,0.001406174614,-0.0008416250802,-0.00686568181,-0.001829906401,-0.01135040869,-0.03390740227,0.006481062584,-0.005984949873,-0.03925109768,-0.0239353496,-0.03763239346,-0.06153324679,-0.01563629112,-0.01261959873,-0.02183933514,-0.02212083334,-0.002437454051,-0.0618951226,0.005882352941,0.00306393499,-0.03014644441,0.003285781905,0.05005199899,0.008028421942,-0.05568502071,-0.02320810225,-0.02203749646,-0.007336713596,-0.009524720706,0.0154997681,-0.005390176855,-0.0209125005,-0.01266733393,-0.05051343995,0.004159285884,0.0001244333826,-0.007522925769,0.003115233141,-0.005796840642,-0.04609977492,-0.07418702864,-0.001812015821,-0.01506061732,-0.02119656805,-0.05705856085,-0.02815538113,0.0003560860157,-0.006623767637,-0.005599171235,-0.011235976,0.005407548816,0.00253620154,0.01063308825,-0.008529100296,-0.03927272883,-0.06296437618,-0.01043945098,-0.01848703405,-0.02404939839,-0.02450849064,-0.006662277454,0.003275848575,-0.008576528563,0.009115979538,-0.009288029096,-0.01511646967,0.006121738688,0.0003016619437,-0.03522122972,-0.009567936448,-0.008244972594,0.0001808391427,-0.005500923376,0.002018464514,-0.01666481667,-0.003511289613,-0.03403334502,-0.02553757906,-0.01055205753,-0.01275125164,-0.01182615876
2025-11-19,186.2824097,268.0619507,222.6900024,292.2381897,292.4168396,353.002655,403.9899902,225.7339325,1046.050415,100.0088272,300.3709412,223.5500031,304.6572266,224.1525269,115.7870941,199.0236206,51.19415665,229.1499634,148.8668976,70.13179779,93.55157471,142.8916473,572.7925415,409.0122375,300.0393066,284.7981567,171.7973022,163.6069641,155.2822876,77.55253601,234.0866852,774.6043091,550.7703247,998.5476685,160.5375214,342.7924194,148.377655,120.4845428,421.0299988,230.0304718,471.7535706,699.9812622,293.0947571,116.4458771,91.99810028,98.84477234,56.60811615,105.2614975,144.9242401,87.63041687,83.27230835,82.65933228,343.6259155,558.4648438,238.017395,311.5517273,180.1920776,86.65661621,136.1279297,199.8999939,386.2999878,306.7600098,79.73000336,81.22087097,20.34565735,82.5318222,45.87818146,43.74197769,73.66360474,100.8002167,120.1594315,58.3066597,249.8483276,41.05706406,86.87732697,39.88760757,335.105072,126.5112152,226.9658966,75.26470184,44.79332352,147.5275269,93.1933136,147.5718079,154.5272827,283.1296692,594.444519,445.2664185,126.9192657,33.62080383,217.6100616,279.322113,209.6504517,89.62817383,460.9069214,185.6999969,306.0973816,340.0846252,188.5920868,164.9826355,,0.02845169808,0.004187729066,0.0006290693675,0.03000560605,0.02817947095,0.04088110701,0.006828636098,-0.01129105333,0.01897966297,-0.007693046062,0.01289198212,-0.02926740384,-0.01431848615,0.02285810454,-0.01411413684,0.01255004445,0.007358615028,-0.004104852219,-0.0124983552,-0.001544446585,-0.01431090947,-0.01115824366,-0.003888859582,-0.003665081627,0.01624944713,-0.004897424291,-0.005437234883,0.006361333425,-0.001462103496,0.013183389,0.04446520969,0.01248227315,0.01139183345,-0.004376247101,0.01539128949,0.0116831586,0.03881598149,-0.01130848998,-0.03327055152,0.008994915629,0.001941541045,-0.03114406762,-0.008800748612,0.03950711591,0.003901172841,0.01535805845,-0.00559879633,-0.02263390738,0.001579811983,-0.01808363652,0.003577404836,0.004200200797,0.02175636957,-0.00310544626,-0.003554666005,-0.02514399735,0.01604846581,-0.01895631155,0.03186346658,-0.005472667182,0.006461311087,0.01170811784,-0.005240151727,0.03355360793,-0.01435402808,-0.004371516602,0.0191636863,0.006991517758,-0.00809336988,0.008963388506,-0.01268173929,-0.02050451697,0.004322607309,0.03124996407,0.01050815568,-0.006991319493,-0.004622219176,0.006998001985,-0.02221274892,-0.01783422635,-0.02698687386,-0.005771307011,-0.00506223577,0.0004714117286,0.005497765627,0.008372752134,0.006136480889,0.01406810653,-0.02410837258,-0.0008828650717,0.001585043716,0.003668894197,-0.001938496643,-0.004524394556,-0.01013233214,-0.02072461021,0.001876058104,0.005186175454,-0.004596491612,0.004765159896
2025-11-18,181.1289825,266.9440613,222.5500031,283.7248535,284.4025269,339.1383057,401.25,228.3118134,1026.566528,100.7841644,296.5478516,230.2899933,309.0828247,219.1433258,117.444725,196.5568237,50.82019043,230.0944672,150.7510376,70.24028015,94.90982056,144.5040588,575.0287476,410.5168152,295.2417908,286.1997986,172.7365112,162.5727844,155.5096588,76.54343414,224.1210938,765.0546875,544.5667114,1002.936768,158.1040955,338.8337708,142.8334351,121.8626251,435.519989,227.9798126,470.8394165,722.4822998,295.697113,112.0202789,91.64059448,97.34967041,56.92683792,107.6991501,144.6956482,89.24427795,82.9754715,82.31359863,336.3090515,560.2045288,238.8664856,319.5874329,177.3459473,88.33104706,131.9243622,201,383.8200073,303.2099915,80.15000153,78.58409119,20.64195251,82.89419556,45.01551819,43.4382782,74.26465607,99.90473175,121.7028351,59.52723694,248.7729797,39.81291199,85.97389984,40.16843796,336.6611938,125.6320419,232.1219635,76.63136292,46.03568268,148.3838959,93.66748047,147.5022736,153.682373,280.7787781,590.8189697,439.0892639,130.0546722,33.6505127,217.265686,278.3010559,210.0576477,90.03553009,465.6247864,189.6300049,305.5242004,338.3299866,189.4629517,164.2001953,,-0.02808152101,-0.00007464669138,-0.04431653833,-0.002596205506,-0.002241057344,-0.006274672375,-0.01875675725,-0.05558998284,0.008172608601,-0.01515294748,-0.003195999851,-0.04253289042,-0.02165226357,0.002865494181,0.01147181664,0.002104399729,0.003107989944,-0.0005555462397,0.003330922741,0.007640042733,0.03844493955,0.006358829968,0.01563949274,-0.007490773492,-0.01372740538,-0.02429585964,-0.005181370827,-0.01013503281,0.01503335777,-0.005271237988,-0.01569678153,0.0009541067315,-0.009364986082,-0.00455169643,0.00238321543,-0.001728894833,-0.02861793623,0.002266850026,0.00345606202,0.0008263361697,-0.004475016775,0.02985909719,0.003349467648,-0.009358744823,0.004025710179,0.001323869692,0.01393421337,0.0008219926494,0.002755289943,0.001214475064,0.005274479424,-0.004301554374,-0.01301235667,0.006624928644,0.00215393566,-0.01928027017,0.005808788793,0.01082061047,0.0008312676084,-0.009364189027,-0.01645137113,-0.02595655777,-0.02184526315,-0.05715994828,-0.01554396415,-0.01294451577,0.009896612784,0.009562893611,-0.002118367582,0.004698439618,-0.01102410846,-0.0008130031846,-0.003674532342,0.02564103572,-0.005626280661,0.01146052621,0.006672205089,0.02490128688,-0.00004272662943,-0.005994183356,0.005340778489,0.007068805017,-0.005662785837,-0.001076249514,-0.002966531854,0.006391070091,0.005440922681,0.02909553944,0.005928100843,-0.0005877775799,-0.000814577513,-0.002380886483,-0.006232801612,-0.01443883378,0.008369131899,-0.01136537565,-0.001872545101,-0.001433575148,-0.02361285867,0.002418523751
2025-11-17,186.3623199,266.9639893,232.8699951,284.4633789,285.0413208,341.2797241,408.9200134,241.7507324,1018.244812,102.3348389,297.4986572,240.5200043,315.9232788,218.5171661,116.1127014,196.1440582,50.66273117,230.2223663,150.2505646,69.70771027,91.39610291,143.5909882,566.1740723,413.6151123,299.3511047,293.326416,173.6361847,164.2373352,153.2064514,76.9490509,227.6951752,764.3254395,549.7147827,1007.522705,157.7281952,339.4205933,147.0414581,121.5870056,434.019989,227.7915802,472.9559021,701.5350952,294.7099915,113.0785522,91.27315521,97.22096252,56.14450836,107.6106949,144.2980652,89.13602448,82.54011536,82.66920471,340.7429199,556.5176392,238.3530884,325.8703003,176.3217316,87.38548279,131.8147888,202.8999939,390.2399902,311.2900085,81.94000244,83.34827423,20.96787643,83.98129272,44.57438278,43.02681732,74.42230988,99.43753052,123.0594559,59.57567215,249.6904755,38.81758881,86.46035004,39.71330261,334.4298096,122.5796509,232.1318817,77.09347534,45.79112244,147.3423615,94.2009201,147.6611938,154.1396332,278.995697,587.6217651,426.6749268,129.2882385,33.67030334,217.4428101,278.9652405,211.3751068,91.35458374,461.7602539,191.8099976,306.0973816,338.8157043,194.0449066,163.8040314,,-0.01877255796,-0.01817116186,-0.007754941861,0.03114932274,0.03112142354,0.0005548968529,0.01130210772,-0.01977073586,-0.003491707583,0.004586130106,-0.01067164353,-0.02548516409,-0.00416335833,-0.01341710863,-0.01349655871,0.0186290816,-0.02147880291,0.007058018334,-0.01776415836,-0.006745460457,-0.000645688196,0.01357543993,-0.01995836496,-0.01308487163,-0.01538612104,-0.02787143053,0.0003416103067,-0.04155637569,-0.0272391387,-0.002820534775,0.01194643887,-0.0194079225,-0.003573913485,-0.03227022059,-0.02691323015,-0.04459928931,-0.00539592719,0.005617496827,-0.007160024995,-0.02107368294,-0.0005248950113,0.01558757744,0.0003045332887,0.001130316876,-0.02627395164,-0.02103684952,-0.001031077088,-0.008333312241,-0.006161102127,0.007003805127,-0.01916520733,-0.01285681801,-0.02735607428,0.009014415496,-0.01049304922,0.0155910236,-0.02690363935,-0.01999339121,-0.01054295889,-0.01144948162,0.001051749933,-0.01155807391,-0.00449514188,-0.03470216823,-0.07008326207,0.02229384486,-0.0346071113,-0.02095415467,-0.03954732892,-0.03406119854,0.02012872243,0.01552179313,-0.02409968288,-0.0288844843,-0.008086707996,-0.001217752886,0.01475913653,-0.007438791196,-0.01269395755,0.007711215748,0.003429788149,-0.01067140173,-0.01721111883,0.006022543266,-0.002187608222,-0.001782069721,-0.01084774161,-0.005660317108,-0.01814199327,-0.02550166449,-0.009057421385,-0.009050024413,-0.01057713481,-0.001590081228,0.01075635717,-0.01393176359,-0.01347266665,-0.007175108287,-0.0148712915,-0.01306842592
2025-11-14,189.9277496,271.9048157,234.6900024,275.8702087,276.4381714,341.0904541,404.3500061,246.6267242,1021.812683,101.8676605,300.7077026,246.8099976,317.2440796,221.4889069,117.7012634,192.5569,51.77479172,228.6088409,152.9679108,70.1811142,91.45515442,141.6677856,577.7041016,419.0989685,304.0289307,301.7362366,173.576889,171.3583679,157.496521,77.16670227,225.0071411,779.4530029,551.6864624,1041.119873,162.0905762,355.2651672,147.8391876,120.9078064,437.1499939,232.6953278,473.2042847,690.7677002,294.6202698,112.950882,93.73596954,99.31013489,56.20245743,108.5149841,145.1926117,88.51607513,84.15292358,83.74591064,350.3264771,551.5457764,240.880661,320.8676453,181.196579,89.16825867,133.2193146,205.25,389.8299866,314.9299927,82.30999756,86.34461975,22.54812241,82.14985657,46.17227173,43.94770432,77.48670197,102.943924,120.6313019,58.66508484,255.8565369,39.97216415,87.1652298,39.76172256,329.5657043,123.4983292,235.1164398,76.50354004,45.63460541,148.9316711,95.85061646,146.7772217,154.4775696,279.4937744,594.06604,429.1037903,131.677124,34.55142212,219.4302826,281.5129395,213.6347504,91.50007629,456.8462524,194.5200043,310.2776489,341.2643127,196.9741669,165.9730377,,0.01771372748,-0.001978506716,-0.01216432093,-0.007754032032,-0.007666915855,0.007294396838,0.005870832425,0.0416965982,0.003828203858,-0.0005851877002,-0.01896735397,-0.00463788161,-0.03205819204,0.0242680051,0.01299250644,0.003482693327,-0.004917692888,0.0003013834998,0.013112273,0.00126644363,-0.0001076031197,0.005723444414,-0.002447638825,-0.01224807823,0.002136970515,0.002722696316,0.009255077024,-0.002980013331,-0.01787572798,0.00801246004,0.01245347737,-0.01811306184,0.0008672351752,-0.0109476024,-0.01056694365,-0.02070031787,-0.03300297291,-0.009435461218,0.006052667194,-0.0111143541,0.005956738423,-0.002143829584,-0.002464360542,-0.02358565261,-0.007361474366,-0.003675373117,0.006573238573,0.01061885935,-0.00218567465,-0.005264852356,0.004132293099,-0.01211845819,-0.004744835067,0,-0.005381379402,-0.007463148703,0,0.02180725177,-0.01116450066,0.002344072459,-0.01040795618,-0.003354528913,0.01579660371,-0.01222576984,-0.004361143293,-0.001309815884,-0.004438896635,0.001115853215,-0.0104441639,-0.0063977422,0.001509987587,-0.005092764181,-0.01402884115,-0.009373476736,-0.02139984217,-0.001216271767,0.002202501309,-0.001437711989,0.001605054739,-0.01804645194,-0.04071564881,0,-0.01100804059,0.01351074844,0.005304344156,-0.01235530204,-0.009449796215,0.005551285367,-0.02332960529,0.0005734481467,0.006953227308,0.001587188184,0.0008229173033,0.00010415408,0.02176156382,-0.0003083439101,0.004157695134,0.0005522362032,0.00181187426,-0.01359690233
2025-11-13,186.6219788,272.4438477,237.5800018,278.0260315,278.5739746,338.6204224,401.9899902,236.7548523,1017.915894,101.9273071,306.5216064,247.9600067,327.7511902,216.2411652,116.1916428,191.8886108,52.03066254,228.5399628,150.9881134,70.09234619,91.46499634,140.8615723,579.121582,424.2957764,303.3806152,300.9169312,171.9851532,171.8705444,160.3631287,76.55332184,222.2394867,793.8317261,551.2084351,1052.643799,163.8216705,362.7747192,152.8848419,122.059494,434.519989,235.3106537,470.4022217,692.25177,295.348114,115.6792526,94.43112183,99.67648315,55.83543777,107.3747864,145.5106506,88.98456573,83.80661011,84.77323151,351.9966431,551.5457764,242.1839447,323.2803345,181.196579,87.26524353,134.7234344,204.7700043,393.9299927,315.9899902,81.02999878,87.41331482,22.64688873,82.25759888,46.3781395,43.89871979,78.30452728,103.6067734,120.4494247,58.96538162,259.4969788,40.35038757,89.07134247,39.81014252,328.8414307,123.6761398,234.7396698,77.90953064,47.57151031,148.9316711,96.9174881,144.8205872,153.6624908,282.9902039,599.7333984,426.7348633,134.8224792,34.53162003,217.9150696,281.0668335,213.4590912,91.49054718,447.1163025,194.5800018,308.9929504,341.0759583,196.6179199,168.2608643,,-0.03581007605,-0.001901403183,-0.02710890745,-0.02839088425,-0.02891134661,-0.04290296612,-0.06644220962,-0.03246222317,0.005001041306,-0.008700626805,-0.0341124915,-0.04221873118,-0.0192886829,-0.04149958753,0.005672241287,0.004424203409,-0.02291634505,-0.004030335005,0.01474031777,-0.006153056954,0.01618375511,0.004363209087,-0.01341790528,-0.0007458834464,-0.01569474225,-0.03212911167,-0.02099159612,-0.01228277155,-0.005273220157,0.046241184,-0.03250552377,-0.03989409272,-0.03397796494,-0.02219526527,-0.02536487483,-0.02156822979,-0.05017957027,-0.006728644015,0.0007600049988,-0.01619452828,-0.01532920598,0.01946555475,0.004373887809,-0.03106843889,-0.02405077314,-0.02138624657,-0.004134323149,0.004598123361,-0.005468668442,-0.007835400197,-0.0180849819,-0.009397240069,-0.04149965883,-0.001020478441,-0.0005703733906,0.001983962771,-0.01562259603,0.003929516223,-0.04699828099,-0.02509040746,-0.01223641562,0.001426068572,-0.01351352104,-0.02026202307,-0.02342418218,-0.02212122061,-0.01211110931,-0.006792310179,-0.009225799688,0.0005566446946,-0.002502093239,-0.008147381807,0.005658665146,-0.03037553105,-0.03599436035,0.007598220886,-0.0008326799238,0.01458670958,-0.01555212601,-0.01270872757,-0.009168691869,0.004788823566,0.006359556403,-0.01732043092,-0.02065256408,-0.03727680305,-0.0206242349,-0.05004237471,-0.02448684606,-0.01441073082,-0.009259676784,-0.01033187953,-0.004950262646,-0.00218337541,-0.002603722397,-0.004705872987,-0.01642064103,-0.01542426462,-0.008532106372,-0.002689005466
2025-11-12,193.5531311,272.9628601,244.1999969,286.1500854,286.8677063,353.799469,430.6000061,244.6983032,1012.850586,102.8219223,317.3471069,258.8900146,334.1974182,225.6036224,115.536293,191.043396,53.25098038,229.4647827,148.7948303,70.52629852,90.00832367,140.2496338,586.9978638,424.6124878,308.2180176,310.9060669,175.6728058,174.007843,161.2132416,73.16986084,229.7062073,826.8168335,570.5961304,1076.537842,168.0851288,370.7716064,160.9618378,122.8863525,434.1900024,239.1841278,477.7253723,679.0339966,294.0619202,119.3884659,96.75823212,101.8547745,56.06723785,106.8833237,146.3107758,89.68730164,85.35016632,85.5774231,367.2368469,552.1091919,242.3221588,322.6402283,184.0722656,86.92367554,141.3674622,210.0399933,398.8099976,315.5400085,82.13999939,89.22111511,23.19009781,84.11840057,46.94671631,44.19893265,79.03367615,103.5491333,120.7515564,59.44974136,258.0368347,41.61444855,92.39711761,39.50993729,329.1154785,121.8980484,238.4480438,78.91240692,48.01171494,148.2218628,96.30503082,147.3731537,156.9029388,293.9476318,612.362915,449.2146301,138.2067261,35.03652191,219.9517517,284.0010986,214.5210266,91.69074249,448.2835083,195.5,314.1515198,346.41922,198.3099213,168.7145386,,0.003313266854,-0.006466862149,-0.01967085121,-0.01579079679,-0.01477344963,0.009262460973,-0.02051769509,0.01571897443,0.02949575531,0,0.01517644776,0.0899714129,0.03545574551,-0.03878888832,-0.0138587232,0.002889022587,0.008950248826,0.03579519966,-0.01868918959,-0.001396356402,0.005497539092,-0.004755978757,0.002608745783,0.005414207152,-0.005471160776,0.004016353182,-0.008537012278,0.01546160325,0.02103549769,0.03137644834,0.009008606854,0.03536914799,0.008962393713,0.007524734287,0.02054055647,0.007051005862,0.0140722198,-0.0112466598,0.01157914637,0.03440297683,0.005921040033,0.01062917708,0.008583481197,0.006776486913,0.01654178477,0.02094088652,-0.006163364142,-0.00548744132,0.01005746672,0.008229050408,0.0008122249381,0.009720109913,0.004049869008,-0.01441578215,0.0002852680499,0.0392703631,0.01130832465,-0.01786313861,-0.01080361907,-0.03770564358,0.0081142351,-0.009324671532,-0.01816882866,0,0.02577547426,0.001515685382,0.005669988774,0.007283153907,0.03110935484,0.009836995499,0.001859756391,0.002777773667,-0.002593267814,0.01801808864,0.03468593393,0.002456951804,-0.006411708663,0.006853760377,-0.01228084114,0.004882857661,0.007389104207,0.01640032445,0.01647381175,0.03013060289,0.03589708718,-0.00003384410243,-0.009010313531,0.001136082234,-0.004730803096,0.01172092425,-0.005560469389,-0.003755714852,0.003548469324,0.01210150483,-0.00006555338459,0.001485545188,-0.01943308369,-0.008427453598,0.005887836304,0.01428844533
2025-11-11,192.9139557,274.739563,249.1000061,290.7411194,291.169281,350.5524902,439.6199951,240.9114227,983.8317261,102.8219223,312.6029053,237.5200043,322.7539368,234.7076721,117.1599808,190.4930573,52.77859879,221.5348969,151.6286469,70.62491608,89.51620483,140.9198456,585.47052,422.3259277,309.9136047,309.6623535,177.1854401,171.3583679,157.8919067,70.94389343,227.6553497,798.5720215,565.5276489,1068.497681,164.7020569,368.1755981,158.7281799,124.2841339,429.2200012,231.2291565,474.9133911,671.892334,291.5593262,118.584877,95.18372345,99.76559448,56.4149437,107.4730759,144.8539124,88.95528412,85.28089905,84.7536087,365.7555847,560.1846924,242.2530518,310.4487915,182.0139923,88.5046463,142.9114227,218.2700043,395.6000061,318.5100098,83.66000366,89.22111511,22.60738182,83.9910965,46.68202972,43.87935257,76.64916992,102.5404434,120.5274048,59.28506088,258.7077332,40.8779068,89.29967499,39.4131012,331.2392883,121.0682755,241.412796,78.52896118,47.65955353,145.8302002,94.74423218,143.0625916,151.4657593,293.9575806,617.9306641,448.7048645,138.8636627,34.63061905,221.1816254,285.0717468,213.7624969,90.59441376,448.3128967,195.2100067,320.3774414,349.3634644,197.1491394,166.3378296,,-0.02959060355,0.02160114658,0.002818084639,0.004170991247,0.003957309295,-0.0179414626,-0.01260026443,-0.04812476001,0.02273848587,0.009959023335,-0.004007743624,-0.02647754557,0.01825375659,-0.01943278218,0.01319568494,0.02876696818,0.003931090685,0.02953669288,0.003790553365,0.0154565916,0.04841489933,0.01724856169,0.01759347898,0.01421536833,-0.003911085722,0.01484814407,0.00106131927,0.01404667138,-0.00529325746,-0.005271162393,-0.02726726485,0.0164449964,-0.00511518865,0.00289118836,0.008785117338,0.006197629571,-0.04321698205,0.01088869034,0.01904080907,0.00607749431,0.007504378628,0.0302562584,0.01446667534,-0.02220945467,0.0056497626,-0.00719280698,0.01494355778,0.02599228935,-0.003816772265,0.004186742928,0.001045291237,0.02151298489,-0.03071900927,0.006678713527,0.004462232045,0.0377576048,-0.001458660189,0.02788154865,-0.002641670172,0.007989337028,-0.01290012489,-0.03170788776,0.01677205765,-0.0418319719,-0.04145724183,0.01167886472,0.0008405893253,0.004211106002,0.007903667196,-0.002429985482,0.006019713513,0.005421473608,0.01470431222,0.00293038908,0.01914786685,0.02132999266,0.04569615698,0.03732549301,0.02118115018,0.03004900188,0.03089296002,0.04062986172,-0.0002085194107,0.00967324203,-0.000327904645,0.007717526136,0.00588548028,-0.003263913953,0.01270329026,-0.00398626722,0.004109299526,0.002265422204,0.05447245738,0.02116908228,0.01099309105,0.002053329707,0.01735391972,0.008383774065,0.02213500391,0.005964017675
2025-11-10,198.796463,268.9303589,248.3999939,289.5334778,290.0215759,356.9568176,445.230011,253.0913849,961.958252,101.8080139,313.8607788,243.9799957,316.9680786,239.3590851,115.6341095,185.1663818,52.57193375,215.1792145,151.0560608,69.5499115,85.3824234,138.5303955,575.3481445,416.4065552,311.1304626,305.1317139,176.9975891,168.9846954,158.7321167,71.31983185,234.0368958,785.6519775,568.4353027,1065.417358,163.2677307,365.9078369,165.8977814,122.9454193,421.2000122,229.8323517,471.3760071,652.1604004,287.4015808,121.2784042,94.64897919,100.4883881,55.58431625,104.7503738,145.408905,88.58440399,85.19184875,82.96870422,377.3473206,556.4682007,241.1768646,299.1534729,182.2798767,86.10393524,143.2899475,216.5399933,400.769989,328.9400024,82.27999878,93.1163559,23.58515739,83.02149963,46.64282227,43.69534683,76.04811096,102.7902222,119.8062057,58.96538162,254.9587402,40.75846863,87.62190247,38.58997726,316.7643738,116.7119446,236.4054565,76.23808289,46.23133087,140.1364746,94.76399231,141.6919708,151.5154419,291.7063293,614.3151245,450.1741943,137.1217651,34.76921844,220.2764435,284.4273987,202.7198486,88.71636963,443.4381409,194.8099976,314.9124756,346.4588318,192.8797455,165.3516693,,0.05793262807,0.00454869456,0.01632498742,0.04041898668,0.03893462986,0.02564192274,0.03657576452,0.06464360852,0.04572841226,-0.00165707428,0.008529449547,0.04470327456,-0.008112035941,0.006561957931,0.008530968036,0.009862312429,0.004135329827,-0.002053216478,0.004063982289,-0.0004252228418,0.005447409361,-0.002308419125,0.006883312672,0.0003805091344,0.01519851846,0.0145388174,0.01164034287,0.003979080545,0.0001868139,0.01435192223,0.02177588183,0.01381091629,0.01376310915,0.0003975044332,0.0165681031,-0.001790772203,0.04405387957,-0.00557321264,0.02864681406,0.0154062075,0.01410891125,-0.004243220837,0.002434349988,0.02059710203,0.003569978239,0.006945140462,-0.008271564253,0.01100454,0.01459104696,-0.007436531276,0.0006974065653,-0.01133581398,0.01551760742,-0.009901339545,-0.004969684997,-0.04405561072,0.004831663127,0.01612364175,0.03422257837,0.02001978489,0.01865642293,0.01196743515,0.005990926254,0.02540692995,0.01833677626,0.01000819939,0.005494509561,0.008493392986,0.01352591026,0.006679857018,-0.005903273449,-0.01152981307,-0.005043565209,0.02863598091,0.05840031289,-0.004496633233,0.01080567164,-0.005806132408,-0.05403902742,-0.01835662515,0.01220820413,0.02136745816,0.004082080067,-0.01143365102,0.003224859027,0.02102435993,0.01003863057,0.01206716182,-0.01529660994,-0.006225278407,0.01083621204,0.009393195519,-0.03128695441,-0.03011981718,-0.01363585421,0.001027680734,0.02939656058,0.009095111755,0.01030553338,0.01716821306
2025-11-07,187.9103241,267.712616,244.4100037,278.2854614,279.1528625,348.0325928,429.519989,237.7240448,919.8930054,101.9769974,311.2063599,233.5399933,319.5603638,237.7986603,114.655983,183.3580475,52.35542679,215.621933,150.4446564,69.57949829,84.91983032,138.8509216,571.414917,416.2481689,306.4725342,300.7590332,174.9609833,168.3149567,158.7024689,70.31073761,229.0491486,774.9492188,560.7180786,1064.994019,160.606781,366.56427,158.8977203,123.6344604,409.4700012,226.3452301,464.8179321,654.9394531,286.7036438,118.8308334,94.31228638,99.79529572,56.04792023,103.6101913,143.317749,89.24810028,85.13247681,83.9200058,371.5812683,562.0330811,242.381424,312.9402466,181.4033966,84.73765564,138.5484619,212.2899933,393.4299927,325.0499878,81.79000092,90.80917358,23.16046906,82.19883728,46.38794327,43.32735062,75.03321838,102.1081543,120.5176544,59.65317154,256.2511597,39.62380219,82.78710938,38.76428604,313.3781128,117.3935471,249.9103699,77.66372681,45.67373657,137.2047577,94.37873077,143.3307648,151.0283966,285.6996765,608.2095337,444.8066406,139.2518463,34.9870224,217.9150696,281.7805786,209.2671814,91.47147369,449.5683899,194.6100006,305.9194946,343.3361511,190.9122925,162.560791,,0.0003720458403,-0.004818894404,0.00563697504,-0.02079030186,-0.01976589338,-0.01732335083,-0.03675632866,-0.001720391441,-0.01394224224,0.00894958373,0.002520455227,-0.01750106738,0.008240991395,-0.01862193359,0.02375548819,-0.002139289663,-0.00168884233,0.0005478904624,0.01360014532,0.02157547293,0.005828787171,0.009676534565,0.01136082765,0.01249636449,0.006551485212,-0.01933288814,0.01067960549,-0.01333709607,-0.005143147052,0.0004222808398,-0.01481605646,-0.001574532443,-0.01172391195,0.01193147925,-0.006486258622,0.007683225344,-0.01751032987,0.01290326855,-0.01628828536,-0.01889377532,-0.01596611304,0.0164794182,0.01589825257,-0.01080076553,0.01104033439,-0.0005949654023,0.01327036594,0.003904839686,0.005842524803,0.005940572774,0.005257508361,0.04074439646,-0.009618417621,-0.005857101493,0.004871041085,0.01062203005,0.006997638457,0.01365857095,0.007095656603,0.004352548565,-0.006841071016,0.001849208086,0.01552023821,-0.02582239261,0.002136856533,0.02353657036,0.01003211169,0.01658724526,0.002369360792,0.01036125485,-0.002741869735,0.01785124761,0.003670874229,0.03001295952,0.01042045634,0.005273672219,0.01460764825,-0.03695302264,0.003703525983,0.00419512097,0.001286701216,0.002536709652,0.01134814464,-0.002419577176,-0.006408485514,0.003493003702,0.003797240493,0.004764063099,0.01605048673,0.005119495255,0.01600989681,0.01246653534,0.01247778232,0.02510690676,-0.02254123433,-0.009618317505,0.01352199137,0.01774893937,-0.00939197487,0.006042059564
2025-11-06,187.8404388,269.0089417,243.0399933,284.1939392,284.7818298,354.1679688,445.9100037,238.133728,932.8997192,101.0724411,310.4239502,237.6999969,316.9483948,242.3109589,111.9954758,183.7511444,52.44399643,215.5038605,148.4260406,68.10999298,84.42771912,137.5202026,564.9960938,411.1107788,304.4777527,306.6882019,173.1122131,170.5901337,159.5229187,70.28105927,232.4937897,776.1713257,567.369873,1052.43689,161.6553192,363.7693481,161.72966,122.059494,416.25,230.7041016,472.3596802,644.3214111,282.2168884,120.1283112,93.2824173,99.85470581,55.31388474,103.2071838,142.4852753,88.72104645,84.68723297,80.63459778,375.1900024,565.3443604,241.2064972,309.651123,180.1428223,83.59585571,137.5722961,211.3699951,396.1400146,324.4500122,80.54000092,93.21623993,23.11108398,80.30864716,45.9271965,42.62039566,74.85585785,101.0610352,120.8490067,58.60696411,255.3139343,38.46922684,81.93332672,38.56092834,308.8663025,121.8980484,248.9882355,77.33927917,45.61504364,136.8575897,93.31972504,143.6784058,152.0025024,284.7052002,605.9087524,442.6976013,137.0520935,34.80881882,214.4812469,278.3110046,206.6881714,89.2311554,459.9359131,196.5,301.8380432,337.3485718,192.7223358,161.5844879,,-0.03652472997,-0.00136977828,-0.0286171213,0.001547631838,0.002072068154,-0.009443483177,-0.0349730634,0.003494731411,0.01256203625,0.002069603611,0.005582719589,-0.07267971209,-0.01885631541,-0.02600771437,0.007213223951,0.005215011219,0.01601524007,0.01047185223,0.00183409117,0.008027920728,0.01647124483,-0.00895985872,-0.002924586344,-0.006957786441,0.0005244739291,0.01841775323,0.00632190892,-0.03627865367,-0.01338883412,-0.0147016952,-0.03055332035,-0.006947576715,0.00110688589,-0.003847202612,-0.01065496613,-0.0001912386848,-0.01732808481,0.001453676252,-0.001798561151,-0.01322034885,0.00356766408,0.004160347005,-0.0007413655389,-0.01686902529,0.005550767237,-0.008260407345,0.001924497271,-0.001806294855,0.0004872839566,-0.005579228959,-0.01046567852,-0.007963279126,-0.02085928014,0.002559271571,-0.003101239619,-0.01144356849,-0.006679301402,-0.02326105884,-0.005472695482,-0.00849046637,-0.0317028945,-0.009706048373,-0.06337942881,0.004628693939,-0.01307468764,-0.001704351573,0.002353372732,-0.001134964082,-0.03444332989,0.00737338677,0.001858253933,0.01357020195,0.08936697099,-0.03879623406,0.01102545911,0.003275366073,-0.01334955633,0.006689517209,-0.05220052417,0.001400397794,0.003443157276,0.005669315494,-0.01122080927,-0.004061975912,-0.007850636325,0.004208880424,-0.003733887037,-0.02326610943,-0.02194913569,-0.004530108064,0.002806182162,0.004737075091,0.01077710763,0.007426425056,-0.008919160702,-0.005667417998,-0.004075980243,-0.007611262032,-0.005785379699,-0.002860363741
2025-11-05,194.9613495,269.3779297,250.1999969,283.7547913,284.1929626,357.5444336,462.0700073,237.3044128,921.3259888,100.8636932,308.7005615,256.3299866,323.0397339,248.781189,111.1934128,182.7978516,51.61733246,213.2705231,148.1543121,67.56756592,83.05962372,138.763504,566.6533203,413.9912415,304.3181458,301.1418457,172.0246887,177.0118866,161.6877289,71.32972717,239.8211212,781.6015625,566.7425537,1056.501465,163.3963013,363.8389282,164.581543,121.8823166,417,233.7949524,470.6804504,641.6519165,282.4262695,122.1895294,92.76748657,100.6864166,55.20763779,103.3939438,142.4158783,89.21881866,85.58291626,81.28186798,383.1829224,563.9011841,241.9568634,313.2356567,181.3541412,85.58669281,138.3293304,213.1799927,409.1099854,327.6300049,85.98999786,92.78675842,23.41725731,80.445755,45.81936646,42.66882324,77.52611542,100.3213272,120.624855,57.82230377,234.3690796,40.02192688,81.03982544,38.43503952,313.0453186,121.088028,262.7013855,77.23112488,45.4585228,136.0860748,94.37873077,144.2644043,153.2052612,283.5119324,608.1796265,453.2427979,140.1277771,34.96722412,213.8810577,276.9988403,204.4844208,88.57337189,464.0750732,197.6199951,303.0733643,339.9359131,193.8437958,162.0480042,,-0.01751466251,0.0003703658371,0.003529558793,0.02439286386,0.02405954663,0.02000348068,0.04008913062,0.08929970528,0.02089634466,-0.007822426982,0.007857713267,0.02511491079,-0.009340144146,0.008623155112,-0.004030186455,-0.004602404391,-0.02035862768,0.004076175583,-0.004759083506,-0.002184639562,0.006319962279,-0.0002798862998,0.004246065407,0.0006938492397,0.002991302592,0.01967762376,-0.009168117843,0.03980564972,0.02641821413,-0.003042165595,0.04648329287,0.002857798897,0.03939161823,0.01288781621,0.007133605179,0.01472984141,0.05950705785,-0.001451566145,-0.01107504276,0.0288603585,0.01150975694,0.02578016891,-0.008366881401,0.02816114132,-0.001704928068,0.006731980458,-0.002617376724,-0.0006650655147,0.01161550801,-0.01423481635,-0.002065877122,0.04120599862,0.02325574952,-0.01150506891,0.000571687282,0.004611141007,0.006559066961,-0.002388909017,0.0158742414,-0.006246557757,-0.01738926539,-0.01677569269,0.00903539817,0.06062345764,0.006366706107,0.005508648328,0.006676719517,0.007546390389,-0.00981618144,-0.005807294276,-0.0004845682247,0.006237265425,-0.01333229868,0.02004057603,0.03460060735,0.009410025739,0.07805862053,-0.003414621588,-0.06006307084,0.006019517667,0.01930243177,-0.01480117426,0.01401183592,0.006653412156,0.01655460273,-0.0244987337,-0.02343022997,0.03371637067,-0.004103023354,-0.01450888957,-0.01597939925,-0.01067648241,0.01675398279,-0.003646077793,-0.02441332078,-0.002171208927,-0.02918655203,-0.001630425381,0.003003147869,0.02322691366
2025-11-04,198.4369049,269.2781982,249.3200073,276.9980164,277.5160522,350.5325623,444.2600098,217.8504333,902.4677124,101.6589127,306.2937927,250.0500031,326.0854187,246.6542511,111.6433563,183.6430511,52.69002914,212.4047241,148.8627625,67.71549988,82.53798676,138.8023529,564.2574463,413.7041931,303.410553,295.3304443,173.6164246,170.2355499,157.5261688,71.54738617,229.1686096,779.3742676,545.2637329,1043.058716,162.2389526,358.5574341,155.3378448,122.059494,421.6700134,227.2368164,465.3246765,625.5257568,284.8092346,118.8427811,92.92591858,100.0131302,55.35251617,103.4627533,140.7806396,90.50717163,85.76008606,78.06511688,374.4742432,570.4644165,241.8186188,311.7979126,180.1723785,85.79164124,136.1677704,214.5200043,416.3500061,333.2200012,85.22000122,87.48322296,23.26910973,80.0050354,45.51547241,42.34923935,78.2946701,100.9073257,120.6833344,57.46388626,237.5359802,39.23562241,78.32957458,38.07673645,290.3787537,121.5029144,279.4883118,76.76901245,44.59767914,138.1305695,93.07458496,143.3108978,150.7103119,290.6320496,622.7713013,438.4595337,140.7050934,35.48202896,217.354248,279.9881287,201.1149445,88.89749908,475.6882019,198.0500031,312.184967,340.4910583,193.2633972,158.3695679,,-0.03958815779,0.003679750045,-0.01842516801,-0.02178206148,-0.02132905545,-0.02926491877,-0.05147636613,-0.07102688125,0.01152206456,0.006693618333,-0.000323310605,-0.03697281367,-0.008867919453,-0.03754127358,0.003340372722,0.003221333136,-0.0003733661882,0.01854119316,-0.004219568632,0.01015158637,0.01660818593,-0.004874680988,0.000637304893,0.01397449465,-0.01432175214,-0.01273275777,-0.00807722022,-0.04360345301,-0.01300632897,-0.02860972778,-0.03163518884,0.006759869434,-0.04032676754,-0.008345358507,0.002199892866,-0.003124798756,-0.03386266324,-0.00177107746,-0.01016428773,-0.01810709286,0.01376799545,-0.02218760775,0.02659473361,-0.02103944039,0.007407347366,-0.005904850059,0.01129347278,-0.003596980902,0.01168012346,-0.004508887411,-0.001947405231,-0.01679835564,-0.02289358826,0.003006608809,0.007362190307,0.01095176955,0.001149206692,-0.00745164928,-0.03426360727,-0.02148424735,-0.06589337485,-0.00652932953,-0.0262796562,-0.03076258825,-0.03836735871,-0.001100593314,-0.004075478401,-0.01108097866,0.01040151744,0.003918554784,0.001293727063,0.01419042645,0.005890801701,-0.04273932952,-0.03332504453,-0.003800425703,0.001349988524,0.007783642063,0.006966199578,-0.004589529257,-0.009343730622,0.009813767541,-0.0004212341678,-0.02585744716,-0.02788996254,0.0128573782,0.009623771487,-0.02697308543,0.02799800314,0.0002791756575,0.009551188067,0.005776501054,-0.004387630063,-0.00892758265,-0.006066321373,-0.03177707115,-0.005164748655,0.004680043778,-0.006623913759,-0.009864901026
2025-11-03,206.6164703,268.2909546,254,283.1659546,283.564209,361.1001282,468.3699951,234.5067139,892.1878662,100.9829712,306.3928528,259.6499939,329.0029907,256.2751465,111.2716675,183.0533752,52.70970917,208.5381775,149.4935608,67.0349884,81.1895752,139.4822845,563.8980713,408.0025635,307.8190613,299.1393127,175.0301819,177.9968262,159.602005,73.65462494,236.6552429,774.1411743,568.1764526,1051.83667,161.8828278,359.681366,160.7823639,122.2760544,426,231.4272919,459.0050964,639.7196045,277.4310303,121.396904,92.24264526,100.6072006,54.734375,103.8362503,139.1552887,90.91710663,85.92742157,79.39888763,383.2481689,568.7543945,240.0513153,308.420166,179.9655609,86.43572998,140.9989014,219.2299957,445.7200012,335.4100037,87.51999664,90.25984955,24.19750404,80.09318542,45.70172882,42.82376862,77.48867035,100.5134583,120.5274048,56.6598587,236.1448975,40.98739624,81.0298996,38.22199631,289.9872742,120.5644836,277.5548096,77.12297058,45.01831818,136.7881622,93.11380768,147.1149139,155.0342102,286.9427185,616.835022,450.6139832,136.8729248,35.47212601,215.2978973,278.3800659,202.0012512,89.69828796,478.5914917,204.5500031,313.8056946,338.9049683,194.5520935,159.9474335,,0.02168004013,-0.004882341269,0.04004585509,0.008997568519,0.008161241011,-0.01915431705,0.02586735067,0.04884482696,0.03902143123,0.004052152903,-0.005689031501,0.0137825974,-0.0227485708,-0.01812561867,-0.005246522155,-0.01381901224,0.002057921307,-0.02788470382,-0.02333264814,-0.01349792082,-0.04059093154,-0.01704435785,-0.0044238342,-0.01463067043,-0.001068096738,-0.008717889026,-0.008179242625,-0.00099496284,0,0.01832853584,0.01977689287,-0.004877333474,-0.01155447741,-0.01291104001,-0.002134154916,0.002467204308,0.02400609912,0.001047645019,0.001010392341,-0.002221033671,0.0006715640143,-0.0146517581,0.004730295776,0.008603955921,-0.01449432714,0.009738579383,0.005143586657,-0.001889659215,0.001926578845,-0.009464076648,0.003794528108,0.001112799571,0.0131302277,-0.01378013173,-0.003238650105,-0.01264191613,0.001040828521,-0.003263478896,0.0158605216,-0.004585950511,-0.01784849935,-0.009684368466,0.01261131938,-0.03595040366,0.003275989092,0.004668302646,-0.001285444121,-0.009186608496,-0.007642250781,0.006057651468,-0.005068318638,-0.003407647793,-0.01331464861,-0.01246999502,0.008027584214,-0.006794169985,-0.007137370108,0.01886633091,0.006218699201,0.003710845752,-0.001085312945,-0.007889693475,-0.02854226174,-0.01286245962,-0.005293413969,-0.003281498533,0.01011259516,0.003762788515,-0.02072352081,-0.005274966635,-0.007033571696,-0.004269913738,-0.003270042146,-0.02416502021,-0.008010061029,0.0175604353,-0.01391196676,-0.008785073239,-0.01768233524,-0.02588591815
2025-10-31,202.2320709,269.6072693,244.2200012,280.6408691,281.2687073,368.151825,456.5599976,223.5857086,858.6809082,100.5754242,308.1459045,256.1199951,336.6615601,261.0060425,111.8585358,185.6184387,52.6014595,214.5200043,153.0649719,67.95220184,84.62456512,141.9008942,566.4037476,414.0605469,308.1481934,301.7701111,176.4736023,178.1741028,159.602005,72.32894135,232.0657043,777.9354248,574.8181763,1065.594604,162.2290497,358.7961426,157.013092,122.1480865,425.5700073,231.9424438,458.697052,649.2319946,276.1248779,120.3613205,93.5993042,99.63687897,54.45428467,104.0328369,138.8877106,91.78577423,85.6026001,79.3106308,378.28125,576.701416,240.8312836,312.3691101,179.7784424,86.71873474,138.7975006,220.2400055,453.8200073,338.6900024,86.43000031,93.62573242,24.11849213,79.72102356,45.76055145,43.22082138,78.0854187,99.9082489,121.1413879,56.85359573,239.3315125,41.50496292,80.38460541,38.48345947,292.0718994,118.3319931,275.839447,76.83783722,45.06723022,137.8759613,95.84957123,149.0318298,155.8592377,287.8874207,610.659668,448.9247742,139.7694397,35.66023254,216.822937,279.573822,202.6639709,91.91952515,482.4559937,201.0200043,318.2329407,341.9086609,198.0541534,164.1978455,,-0.001971511022,-0.003795043519,0.09584492754,-0.001030468004,-0.0002837547478,-0.01816879464,0.03740057084,-0.001071402106,0.02174072504,-0.01027101318,0.005429162641,0.005022754661,-0.009253098204,0.02226619728,-0.002877345562,-0.0009520967934,0.007920149132,-0.04452244788,0.02735796776,-0.001159698606,-0.003476987609,-0.009894963629,0.0200820752,-0.02700566825,-0.005792405823,-0.008546724893,0.006087305546,0.0205348588,0.01489732871,0.002743071587,0.002365091734,-0.0009997296693,-0.01010036352,-0.01387901847,-0.001582916373,0.00515494237,-0.0220482756,-0.00112700956,0.01352733449,0.005281295081,-0.008121865733,-0.003424814111,-0.004027892318,-0.004668958401,0.001165091708,0.01007780309,-0.01312784074,0.003603193562,-0.01510995491,-0.01083412341,0.01139667629,-0.02742035003,-0.003993821244,0.008382271628,0.001149191101,-0.01475379508,0.001261481573,0.008168754764,0.001653302271,0.009025524269,0.02458631122,0.007736041334,0.0264846014,0.05837189053,0.0004096565009,-0.002939694095,-0.003415809793,0.006540334446,0.008337582846,0.008827256016,-0.007267815808,-0.0139449265,-0.008460762942,-0.0007188579389,-0.016279856,0.02002062648,0.02202051749,0.01139820845,-0.02597935945,0.01903768004,0.00986408156,-0.003735177595,0.003078572257,0.002070223865,-0.008724232087,-0.001724060024,0.0001304511721,-0.01035621914,0.02309658184,0.01066220257,0.007037358523,0.006249769337,0.01964416594,0.01430661703,0.004410695379,0.004698132911,0.009245543768,0.0006963283862,0.006096569846,0.0003004376983
2025-10-30,202.6315613,270.6343384,222.8600006,280.9303589,281.3485413,374.9644775,440.1000061,223.8255157,840.40979,101.6191559,306.4819641,254.8399963,339.8058167,255.3210144,112.1813202,185.7953339,52.1881218,224.5160065,148.9889374,68.03109741,84.91983032,143.3190308,555.2531128,425.552887,309.943512,304.3714905,175.4058533,174.5889435,157.2592621,72.13108063,231.5181427,778.7139282,580.6832886,1080.592163,162.4862518,356.9560547,160.553009,122.2859039,419.8900146,230.7239227,462.4530334,651.4631348,277.2415771,120.9259186,93.49037933,98.64277649,55.17866135,103.6593323,141.0184937,92.79108429,84.63800812,81.54666901,379.7980957,571.9075317,240.5548401,317.0467529,179.5519409,86.01609039,138.5684052,218.2700043,442.9299927,336.0899963,84.19999695,88.46203613,24.10861588,79.95606995,45.91739655,42.93997955,77.4397583,99.03404999,122.0282669,57.65762711,241.3737183,41.53482056,81.71491241,37.7281189,285.7789001,116.9984207,283.1967163,75.40235138,44.6270256,138.3928833,95.55539703,148.723938,157.230957,288.384613,610.5800171,453.6225891,136.6141205,35.2840271,215.3077393,277.8374023,198.7595062,90.62301636,480.3373718,200.0800018,315.3176575,341.6707458,196.8540192,164.1485291,,-0.02004443857,0.006303249053,-0.03230569841,0.02516665384,0.02445758102,-0.02463862248,-0.04639120108,-0.01156069948,0.03806859304,-0.002244671686,0.01286361269,-0.03590205696,-0.0295839975,-0.06687235638,-0.0151137974,0.01312960827,0.008558234885,0.0135916339,-0.0101869011,0.009217328396,-0.003465118497,0.009510136045,-0.003743436147,-0.004861042175,-0.01123203785,0.006002337874,0.006010386709,-0.007891700899,0.001560044664,0.02215064345,-0.01357365838,0.0090669678,-0.003996611841,0.0000455274222,0.007498597608,0.001842448432,0.002116234413,0.006155351953,0.006423679318,-0.009104855547,-0.01706475764,0.001730809479,0.0002157950528,-0.01689495273,-0.00211385587,0.01109772553,-0.07810233856,-0.005094312515,0.004234572497,0.0166827987,-0.0001162689772,-0.01211828533,-0.01201799532,-0.0109231798,0.00665207612,-0.04284095525,0.0071815005,0.0006811266584,-0.004579525283,0.005111441295,-0.02725436764,-0.01564009153,-0.0002375240106,-0.01752631837,0.005768433221,-0.001467784908,0.004288155077,0.009792779324,0.01072524346,0.01877649885,0.007402106926,0.008984572242,-0.01481839151,-0.01090303654,0.03313665494,-0.03108679004,0.0007883915253,-0.0005062900081,-0.0241228001,-0.04851110852,0.07089210503,-0.01178927637,-0.01694745371,-0.03036962912,-0.03236064068,-0.01684919177,-0.006321700588,0.011455602,0.008227287039,0.009631756865,0.01136951456,0.0074768074,-0.002844127745,-0.02402466679,0.009045363045,-0.06320816502,0.06919760682,0.003435345991,-0.002692824651,0.0110549677
2025-10-29,206.7762756,268.9391479,230.3000031,274.033844,274.6317139,384.4364624,461.5100098,226.4433594,809.5898438,101.8477707,302.5895691,264.3299866,350.1651001,273.6185303,113.9028244,183.3875275,51.74527359,221.5053864,150.5222931,67.40975952,85.21511078,141.9688873,557.3394775,427.6316223,313.4643555,302.5554504,174.3578949,175.9777069,157.0143127,70.56795502,234.7039337,771.7167969,583.0133667,1080.542969,161.2769012,356.2995911,160.2139587,121.537796,417.2099915,232.8439331,470.4816895,650.3375244,277.1817627,123.0040665,93.68842316,97.56008148,59.85334778,104.1901093,140.4238586,91.26847076,84.64785004,82.54699707,384.4180298,578.2235718,238.9652252,331.2372742,178.2716827,85.95754242,139.2059021,217.1600037,455.3399963,341.4299927,84.22000122,90.04010773,23.97034454,80.07360077,45.72133636,42.52355576,76.61801147,97.2088089,121.1316376,57.14421082,245.0042877,41.99266815,79.09400177,38.93859482,285.553772,117.0576859,290.1970825,79.24669647,41.6727562,140.0438995,97.2027359,153.3820953,162.489212,293.3269348,614.4644775,448.4849243,135.4993286,34.94742203,212.8873138,275.7754822,199.326416,92.85379791,476.0314941,213.5800018,294.910553,340.5010071,197.3855438,162.353714,,0.02989598433,0.00260224296,0.004580165984,0.02654509221,0.02510893403,0.03488225939,0.002084511992,0.0212698721,-0.008011104264,-0.006881915551,0.0004913027606,0.02449508379,-0.0341996002,-0.01969159959,0.01234466858,-0.00176532066,-0.005485014655,-0.01054764992,0.006293421307,-0.02579830663,-0.005170491458,-0.02637881583,0.001219473686,-0.02419132953,0.01449364109,-0.0139489387,-0.0129289021,-0.01303648056,-0.03984191961,-0.01776375314,0.0356264549,-0.01140026676,0.116346063,-0.02395669326,-0.007142469319,-0.007783332951,0.03245090053,-0.01789692167,-0.01226360239,-0.01800716395,0.01132012497,-0.002398894759,0.008781573113,0.02424470129,0.008097913472,-0.02238887385,-0.02070163448,0.0009442575792,-0.01624652411,-0.004259477802,-0.010356725,-0.01474889829,0.03122252403,-0.01690618575,-0.0156179758,-0.008957019219,-0.009954005181,0.01486350908,0.01791828914,-0.01906225101,-0.003261585881,0.0003809108921,-0.01921510974,0.01910462212,0.0008247984571,-0.02165849441,-0.01332771131,-0.009474476449,-0.005460399403,-0.002562765723,-0.01082376807,-0.01056691234,-0.02393583749,0.02477539309,0.00415931007,0.02263477515,-0.001095514518,0.005259616756,-0.007225227136,-0.01946471974,-0.005137842101,-0.0146029688,-0.05868384191,0.0160536092,0.01490028497,0.008134204249,0.0001296433041,0.02074750819,0.0002940025507,-0.01065014262,-0.005606876472,-0.003102792723,0.0003606888652,0.01079283466,-0.0009057346176,-0.04365736766,-0.002406744832,-0.009230311032,-0.007089226854,-0.01318701437
2025-10-28,200.773941,268.2411194,229.25,266.9476929,267.9049072,371.4784546,460.5499878,221.7272491,816.1279297,102.5535355,302.440979,258.0100098,362.5646667,279.1147461,112.5138779,183.7118378,52.03066254,223.8666534,149.5809174,69.19487,85.65800476,145.8153229,556.6606445,438.2330627,308.9860229,306.8354797,176.6416779,178.3021393,163.5296478,71.84417725,226.6299133,780.6160278,522.2514648,1107.064575,162.4371033,359.0945435,155.1782837,123.7525864,422.3900146,237.113678,465.2153931,651.9013672,274.7688599,120.0924606,92.93583679,99.79436493,61.11860275,104.0918198,142.7429352,91.65888977,85.53369904,83.78269958,372.7789307,588.1672363,242.7565918,334.2309875,180.0640411,84.69862366,136.7554779,221.3800049,456.8299866,341.2999878,85.87000275,88.35217285,23.95059013,81.8462677,46.33892822,42.93029785,77.0386734,97.45857239,122.4570847,57.75449753,251.0124817,40.97743607,78.76638794,38.07673645,285.8669434,116.4452286,292.309082,80.81983185,41.88796997,142.1192627,103.2625809,150.9586639,160.1036224,290.9602051,614.3848267,439.3691101,135.4595032,35.32362366,214.087677,276.6338196,199.2545471,91.86234283,476.4630432,223.3300018,295.6220398,343.6732178,198.7948456,164.5232849,,0.04981991068,0.0007067783896,0.01004537501,-0.006684602499,-0.005556900429,0.03016152978,0.01796997066,0.00822357169,-0.007635412008,-0.01244380302,0.00397837529,-0.006392743006,0.005082211372,-0.002025621206,-0.007848985276,-0.01770887376,-0.002829168465,-0.002148757138,-0.00740597709,0.001427470099,-0.01102276837,-0.01644515251,-0.01090867762,-0.004720984055,-0.009749390119,-0.001660789957,-0.003180055316,-0.03543270656,-0.01475711418,0.01722939059,-0.0159513168,0.002658418748,-0.004933022925,-0.005621717161,-0.004879005451,-0.001769561056,-0.00815816158,-0.01070190005,0.005283578432,-0.01506100519,-0.02072789825,0.1181766712,-0.02165583696,-0.007480674865,-0.01043852767,0.003960811575,-0.007216849958,-0.008241175916,0.005304531543,-0.01561846298,-0.001264379837,-0.02052282887,-0.009822401086,-0.001510292911,-0.007828585106,-0.009022067102,-0.01092720255,-0.02142304019,0.01015371402,0.004948075854,-0.01843539465,-0.02874219203,0.006800349687,-0.0028181666,0.002894952064,-0.02859463542,-0.01108780917,-0.006721841922,-0.001521506971,-0.007435710275,-0.01443250441,-0.01940789316,-0.005200181467,0.001703046124,0.009029700795,0.002294165497,0.003194014992,-0.02149921897,0.008414841317,-0.003032158213,-0.01313669188,-0.01513035401,-0.001327693477,0.05431466217,0.01930139943,0.001986172774,0,-0.005092619402,-0.004680788898,-0.008888972137,-0.002932761804,-0.004402830851,0.00893507399,0.08002694196,-0.002341306663,0.001479828839,-0.008452412038,-0.02004125727,-0.003068794672,-0.009322961583
2025-10-27,191.2460785,268.0516663,226.9700012,268.7441406,269.401947,360.6021423,452.4200134,219.9187317,822.4073486,103.8457718,301.2425232,259.6700134,360.7313538,279.6812744,113.4039841,187.023819,52.17828369,224.3487244,150.6969757,69.09623718,86.61271667,148.2533722,562.8000488,440.3117676,312.0281067,307.3459167,177.2052002,184.851944,165.9790192,70.62731171,230.3035583,778.5463257,524.8405151,1113.323364,163.2335205,359.7311096,156.4546661,125.091301,420.1700134,240.7394562,475.062439,583.0039063,280.8509216,120.9976044,93.91618347,99.40065765,61.56289291,104.9567871,141.9897461,93.11317444,85.64198303,85.53818512,376.4768372,589.0568848,244.6720276,337.2738953,182.0533752,86.55284882,135.3808594,220.2899933,465.4100037,351.3999939,85.29000092,88.60186768,23.88145447,84.25552368,46.85848618,43.22082138,77.15606689,98.18867493,124.2503281,58.89757538,252.3246155,40.90776825,78.06151581,37.98958206,284.9567871,119.0037155,289.869873,81.06563568,42.44556427,144.3026123,103.3998642,143.1817932,157.0719147,290.3834534,614.3848267,441.618103,136.0965424,35.64043045,214.717392,277.8571777,197.4899597,85.05560303,477.5812073,223,298.1420593,350.7017212,199.4067841,166.0715637,,0.02807914079,0.02279131185,0.01230986318,0.03597242821,0.03615975364,0.02236469354,0.043115402,0.004931015291,0.001162967812,-0.01601198546,0.0123485392,0.0266883414,0.009600063956,-0.006811847951,0.004766529357,-0.0005251469983,0.008560085432,0.0001753700935,-0.001800000526,0.005020786036,0.005829245708,0.007126537055,-0.01523132022,-0.002645784086,0.02951929089,0.01831140532,0.00330260874,0.1109270233,0.00165549025,0.01076024546,0.01127871312,0.00779455113,0.008302591139,-0.004680552739,0.01318209452,0.0114946188,0.03441466826,0.005141213245,-0.002895183033,0.02100749763,0.01129541162,0.01273465104,-0.0009222250038,0.02731611574,0.004448209537,0.02237291652,-0.01438070919,0.003760134172,0.009583592769,-0.005006140991,0.006943665147,0.01312585252,0.009168365739,-0.01590201345,0.008382462772,0.0004087885927,-0.008474593878,0.007497537129,0.01561788137,0.01464691938,0.002649857826,0.0182555424,-0.00315564108,0.0544396519,0.02893608468,0.01919204532,-0.009531698495,0.009957055285,0.002414895094,0.000293641975,0.0009421397494,-0.004258119497,0.003334488374,-0.0065263916,-0.05685502719,0.01056160233,-0.002056492958,-0.003886222214,0.005814659643,0.006346781143,-0.01003880625,0.006511180802,0.01884055923,0.03936559409,0.03314808888,-0.002493534224,-0.007066579073,0.002018516955,0.004481368232,-0.003598188012,0.007478991224,0.004064195184,0.02566869702,0.02293049502,0.003090152656,0.007454230183,0.005935103386,0.008552665876,-0.004950378952,-0.0005935649988
2025-10-24,186.0227203,262.0785522,224.2100067,259.4124451,260.0003967,352.7138062,433.7200012,218.8396301,821.4520264,105.5356064,297.5679932,252.9199982,357.301239,281.5994873,112.8660049,187.1220856,51.73542404,224.3093872,150.9687195,68.75105286,86.11075592,147.2043152,571.5048218,441.4798279,303.0813599,301.8191833,176.6218872,166.3943176,165.7046967,69.87543488,227.7350006,772.5248413,520.5188599,1118.558838,161.1097565,355.6431274,151.2494659,124.4514694,421.3900146,235.7861786,469.7563477,575.6729126,281.1101685,117.780304,93.50027466,97.22544098,62.46112823,104.5636139,140.6418915,93.58165741,85.05141449,84.42996979,373.0565186,598.5754395,242.6381226,337.1360779,183.6093903,85.90874481,133.2990112,217.1100006,464.1799927,345.1000061,85.55999756,84.02744293,23.20985222,82.66893768,47.30942535,42.79471207,76.97019196,98.15985107,124.1333771,59.14944077,251.4860382,41.17650223,82.76725006,37.59254456,285.5440063,119.4679947,288.1941223,80.55437469,42.87598801,143.3691101,101.4877777,137.7588348,152.0323334,291.1093445,618.7573242,440.7284851,135.4893646,35.76913452,213.1234436,276.7324829,192.5475159,83.1489563,476.1099548,221.3500061,296.3829956,347.7277222,200.3988342,166.1701965,,0.02250757391,0.01248172436,0.0141119473,0.0270270956,0.02672132508,0.0285804959,-0.03398817184,0.05955204683,0.005371199783,-0.006457098042,0.02003111967,0.07630108624,0.005687246781,0.01163981116,-0.005087154904,-0.01075500151,0.01564909775,-0.001139082798,-0.006387254133,-0.003288548811,0.00355588213,0.0002638772201,0.0010316569,-0.009064955433,-0.00822490556,0.07880703927,-0.004402698404,-0.006410648904,-0.01777100263,0.005123116899,0.00122549965,0.04408734632,0.004284368954,0.0103377527,0.02856077131,0.00740992649,0.02806008917,0.005247690123,-0.00293398533,-0.02170249594,0.007115178747,0.00392572898,-0.003534258487,0.02055211633,-0.001902736551,0.02161552803,0.001548705627,-0.01572917317,-0.003440937829,-0.00280826485,0.0230878647,0.007607586809,0.01044574185,-0.0002642295568,-0.0454086569,-0.01134919956,0.02467709923,-0.02275756536,-0.01101158579,0.009720008819,0.01773771932,0.02321587258,0.007417841177,0.01643110989,0.01336786662,0.01393389301,0.009201216391,0.01329963007,0.006524235719,0.004127330696,0.0008643386874,0.006262373717,-0.00007838530637,0.003395538708,-0.06231028011,0.01093737594,-0.003858108399,0.001656494497,-0.002231352323,0.01060818506,0,-0.003752638839,0,0.001805725547,0.01479560206,0.002328170665,0.003035408682,0.03175304896,0.001913800554,0.01688731103,-0.01558812466,-0.01173239264,0.01251205783,0.002183220997,-0.005409274921,0.01643937072,0.03385150397,0.02714478097,-0.02052847293,-0.01806530879
2025-10-23,181.9279633,258.8476868,221.0899963,252.5857849,253.2336578,342.9131775,448.980011,206.5397644,817.0634155,106.221489,291.7244263,234.9900055,355.2806702,278.359436,113.4431076,189.1564636,50.93828583,224.5651855,151.9391937,68.97789001,85.80564117,147.1654816,570.9158325,445.5184326,305.5948486,279.7712402,177.4029388,167.4678955,168.702713,69.51927948,227.4562531,739.9044189,518.2982788,1107.11377,156.6361084,353.0272217,147.1212311,123.801796,422.6300049,241.0168457,466.437561,573.421814,282.1072083,115.4084167,93.6785202,95.16832733,62.36454391,106.2345963,141.1275024,93.84519958,83.13207245,83.79251099,369.1999512,598.7336426,254.1800995,341.0062256,179.187561,87.90934753,134.7831879,215.0200043,456.0899963,337.269989,84.93000031,82.6690979,22.90367889,81.53286743,46.8780899,42.23302841,76.47127533,97.75637817,124.0261765,58.78133011,251.5057526,41.03715897,88.26720428,37.18582916,286.6499329,119.2704239,288.838623,79.7088089,42.87598801,143.9091492,101.4877777,137.5105286,149.8157196,290.4331665,616.8848267,427.1647034,135.2305603,35.17512131,216.4982452,280.0177612,190.1681213,82.96781921,478.6993713,217.7700043,286.6784973,338.5381775,204.598938,169.2273407,,0.01042824527,0.004372173919,0.01440697148,0.005522657645,0.004751949622,0.01172499677,0.02280340282,0.04151761689,0.0105979119,-0.002613340948,0.00146208541,0.02067502,-0.002876897168,0.02717671736,0.0110714428,-0.002436099759,0.01291582473,-0.001880320213,0.006363622214,-0.01228629426,-0.004908163816,-0.009932663648,0.008303895363,0.0003555678228,0.02853400606,-0.008730268231,0.008203226554,0.00448988337,0.008669681214,-0.005519500788,0.03586335746,0.008299892721,0.01282321553,-0.00414265454,0.007525843033,0.0083238171,0.04453103968,-0.001429092566,-0.008934428142,0.01219008997,0.01526946955,-0.0154769637,0.023217199,0.04009628935,0.003074914441,0.004049876408,0.002172923704,0.01760665668,-0.004613423084,-0.01364374389,0.006914779236,-0.000701692834,0.03272316907,0.01552451476,0.01771028021,0.003099672761,0.004139093942,0.03054568383,0.04948424309,0.01223993092,0.003940146584,0.02045317554,0.003189187708,0.02122137111,0.004330839288,0.004949387082,0.0103527196,0.0002294780864,-0.004964336237,-0.003232364879,-0.01371773305,-0.003612534878,0.007031393863,0.01103481578,0.02183654073,-0.03517584458,-0.01043980009,-0.005927927959,0.01244252059,-0.003380700986,-0.01261542359,-0.008399433169,0.01311661818,0.01317230008,0.01453963756,-0.00548228014,-0.005060223292,0.03675316218,-0.03659076009,-0.01085745989,-0.02308649203,-0.01663020139,-0.005179463662,-0.0005742116124,0.001868009336,0.005448118355,0.02274008758,0.009638200249,0.0680508866,0.02613172589
2025-10-22,180.050354,257.7208862,217.9499969,251.1985016,252.0359955,338.9391174,438.9700012,198.3065491,808.4950562,106.4998093,291.2985229,230.2299957,356.3057251,270.9946899,112.200882,189.6183929,50.28876495,224.9882355,150.9784241,69.83591461,86.22886658,148.6418915,566.2140503,445.3600769,297.1169128,282.2352295,175.9595032,166.7193451,167.2526855,69.90512085,219.5813293,733.8138428,511.7361755,1111.719238,155.466095,350.1129456,140.8490753,123.9789734,426.4400024,238.114212,459.4224243,582.4361572,275.7060852,110.9593582,93.39134979,94.78446198,62.22932434,104.3965225,141.781601,95.14331055,82.56118011,83.85134888,357.5013733,589.5806885,249.7568359,339.9524841,178.4489441,85.30368805,128.4280243,212.4199982,454.2999878,330.5100098,84.66000366,80.95120239,22.80491447,81.13131714,46.39774704,42.22333908,76.85279846,98.07338715,125.7511978,58.99444962,249.7496643,40.58926392,86.3809433,38.54156113,289.6740723,119.9816666,285.2889099,79.97919464,43.42379761,145.1281433,100.1738358,135.7227478,147.6686707,292.0341797,620.0222778,412.0216064,140.366684,35.56122589,221.6145477,284.7532654,191.1582184,83.01548767,477.8068237,216.5899963,280.3043518,335.306427,191.562912,164.9177551,,-0.004857650245,-0.01644030036,-0.0183759035,0.004910971999,0.0047346054,-0.006887362596,-0.008201547295,-0.01888368108,0.01608358737,0.008661217731,-0.01003050824,-0.03276899169,-0.01061933224,-0.009049500577,0.01774465633,0.005524350009,-0.008152204785,-0.01171186962,0.01157421536,-0.005756889618,-0.0001141241458,-0.0009791873463,0.01650563426,-0.0003554414392,-0.02850340106,0.01935839708,0.02854844729,0.002606141946,-0.05601641544,-0.0008483832302,-0.02407080275,-0.01894655861,-0.02047075152,-0.000283211984,-0.006970951397,-0.009064778352,-0.02613078082,-0.0003175573015,0.0003988397779,-0.02439424967,0.005523906113,0.009320842645,0.0269626173,-0.02885581302,-0.008202650574,-0.01984732812,0.01066664602,0.001603184527,-0.005906595993,0.004948499168,-0.01038226925,-0.004656591543,-0.03443463149,-0.004788501497,-0.01625569799,-0.01298078648,-0.003903104214,0.01157277415,0.0360815843,-0.009235054962,-0.01032594254,-0.008816921079,-0.001415370593,-0.03809634669,-0.007735227269,-0.01369213001,-0.005881071644,-0.005247781812,-0.005821322901,0.002257885642,0.005454692302,0.0004929670997,-0.006124677854,-0.01282987023,0.007993617712,-0.0124068875,-0.01713503733,-0.0211153552,-0.02533879115,-0.01240365478,-0.003367871225,-0.004866894882,-0.02126831844,-0.02754063518,-0.03419589859,-0.0131062264,-0.01507848971,-0.05765498749,-0.02313658556,0.00531767357,-0.005738468502,-0.003968628005,-0.01412455855,-0.01112868134,-0.004821191938,-0.003083854303,-0.01352897187,-0.007191260141,-0.01181359048,0.00354060263
2025-10-21,180.929245,262.028717,222.0299988,249.9709015,250.8483276,341.2897034,442.6000061,202.1233826,795.6973877,105.5853119,294.25,238.0299988,360.1300659,273.4694519,110.2446289,188.5766296,50.70209885,227.6544952,149.2509613,70.24028015,86.2387085,148.7875824,557.0200806,445.5184326,305.8342285,276.8753662,171.0755615,166.2859802,177.177536,69.96447754,224.9971924,747.9855957,522.4307251,1112.03418,156.5574493,353.3156738,144.6283264,124.0183563,426.269989,244.0680695,456.8985596,577.0574951,268.4674988,114.2563171,94.16374207,96.7037735,61.57255173,104.2294235,142.6240234,94.67481232,83.42734528,84.24363708,370.250824,592.4174805,253.8838959,344.4233704,179.1481781,84.32778168,123.955513,214.3999939,459.0400085,333.4500122,84.77999878,84.1572876,22.98269081,82.25759888,46.67222977,42.44608688,77.30280304,97.85244751,125.068985,58.96538162,251.2887268,41.11678696,85.69592285,39.02574921,294.7241821,122.5697708,292.705719,80.98368835,43.57053757,145.8379211,102.3506622,139.5664978,152.8971252,295.9124756,629.5144043,437.2301025,143.6912079,35.37312317,222.8936157,285.8878479,193.8969269,83.94973755,480.121582,217.2599945,284.1485901,337.7351685,193.8530121,164.335907,,-0.008103394868,0.002021160862,0.02563748689,-0.02373807152,-0.02209943042,-0.0188408082,-0.01079495486,-0.02166669781,-0.01160759884,-0.007753406401,-0.01742959686,-0.01051712174,0.002441726545,-0.007323787326,0.00008879690984,-0.009498225064,-0.009992252745,-0.002887166911,-0.004466577562,0.04061944349,0.01506029398,-0.002994000649,0.02601872603,-0.003277586283,0.01305011747,-0.005640763782,0.07672190293,0.01071611247,0.006960305937,0.0009907974921,-0.009336829345,-0.005685646299,-0.01229338891,-0.02586210307,-0.01691683343,0.01642431426,0.006872561657,-0.009356830139,0.01710804773,0.0006091768,-0.005665619465,0.00445585047,0.003952291757,-0.004731640544,0.001474433058,-0.01057411906,-0.01009319032,-0.003383513497,0.004046690333,-0.007063178851,-0.0146477468,0.01620725287,-0.01119969629,-0.004402054593,0.01886043653,-0.01220098925,-0.001427182034,-0.007466042585,-0.02529958496,0.01218008915,0.01255101437,0.01155805542,-0.0009427507716,-0.01840630994,0.0174900848,-0.009201240163,0.01082810136,0.008745828391,0.003556044622,0.003349160723,-0.004730810214,-0.00943862583,0.001966886366,-0.0208579553,-0.09031518356,-0.01225484304,-0.00721975494,0.0078791092,0.03943666093,0.006789551964,0.02179415049,-0.01031412702,0.0216305827,0.02862162388,0.05154501128,0.007107372952,0.007877675236,-0.00751006126,0.02593996545,-0.02563412287,-0.003343689786,-0.004705457625,0.01263503815,0.01323196342,-0.03241746492,0.002029273903,0.006158858879,0.01037978442,0.01480363006,0.07662477861
2025-10-20,182.4073639,261.5001831,216.4799957,256.0490112,256.5172119,347.8433533,447.4299927,206.5997162,805.0419922,106.4103546,299.469635,240.5599976,359.2528687,275.4870605,110.2348404,190.3849487,51.21384048,228.3136749,149.9205933,67.49852753,84.959198,149.2343903,542.8946533,446.9834595,301.8944702,278.4460144,158.8855591,164.522934,175.9528503,69.89522552,227.1177521,752.2626953,528.9331055,1141.557251,159.2514801,347.6064758,143.6411438,125.1897354,419.1000061,243.9194794,459.5019226,574.4976196,267.410614,114.7995071,94.02510834,97.73725891,62.20035172,104.5832825,142.0491943,95.34827423,84.66753387,82.90005493,374.4444885,595.0368652,249.1841736,348.6775818,179.4042206,84.96211243,127.1729355,211.8200073,453.3500061,329.6400146,84.86000061,85.73535919,22.58763123,83.02149963,46.17227173,42.07807922,77.02888489,97.52581787,125.663475,59.52723694,250.7954407,41.99266815,94.20397186,39.50993729,296.8674927,121.6115799,281.6003418,80.43755341,42.64120865,147.3577881,100.1836319,135.6830292,145.402359,293.8241577,624.5940552,440.5385742,140.0581055,36.30373764,223.6414032,287.2394409,191.4776001,82.85342407,496.2073669,216.8200073,282.4092712,334.265564,191.0251465,152.6399078,,-0.003165554709,0.03943876766,0.01614721437,0.01283063127,0.01272704655,-0.0002576951337,0.01848351998,0.02169185874,0.007635528569,-0.006312048421,0.01613111159,0.032091967,0.02209761173,-0.04850503998,0.004098340434,0.002587734185,0.01482070184,0.01084628139,0.009145500369,0,0.01804451366,-0.0004554057511,0.009129351713,0.001485878005,0.00846264383,0.008425726943,0.01747388923,0.0219639056,0.01704607294,0.007414990044,0.01395617935,0.01671611769,0.01067395524,-0.0009990397382,0.02079798984,0.008251193177,0.01794926445,0.02498384493,0.005494130559,0.01379343192,0.008593329668,-0.002214352362,-0.00003720256351,0.04176986629,0.008604193904,0.02297314358,-0.009992335773,0.001694660238,-0.003545639634,-0.001124799605,0.03290099183,-0.009723521422,0.01175994555,0.01261567624,0.01251710466,0.01519631228,0.01544039308,0.006706583622,0.01607636465,0.01890426642,0.01275576639,0.01079363297,0.01701819424,-0.02399092214,-0.003919749187,0.002839188992,0.03086009368,0.01995306586,0.003568735204,0.008443440122,0.003189920888,0.01436116574,0.00398892469,0.02452636673,0.04538949268,0.006165149415,0.01512658254,0.002442797731,0.03268969384,-0.0004847261492,-0.0009169321501,0.0100475109,0.005907237964,0.03665211698,0.02472864678,0.0004061669632,0.002702294878,0.01588104068,0.01934228179,0.001912484112,0.005574356369,0.004727703634,0.00845244641,0.005786360963,0.02171058882,0.01822111787,0.02053422737,0.01823954628,0.01512615345,0.01402003021
2025-10-17,182.986618,251.5782471,213.0399933,252.8053589,253.2935333,347.9330139,439.3099976,202.2133331,798.9416504,107.0862885,294.7155457,233.0800018,351.4858704,289.5307617,109.7849045,189.8935547,50.46590042,225.8638916,148.5619202,67.49852753,83.45332336,149.3023834,537.9832153,446.320282,299.361084,276.1195068,156.1568909,160.98703,173.0038147,69.38076782,223.991684,739.8945313,523.3469238,1142.698853,156.0068512,344.7617798,141.1083527,122.1382523,416.8099976,240.600769,455.5869141,575.772583,267.4205627,110.1966095,93.22299957,95.54235077,62.8281517,104.4063492,142.5546417,95.4556427,81.9706192,83.71405029,370.0922241,587.6235962,246.1036682,343.4582825,176.6762695,84.39610291,125.1608047,207.8899994,447.6400146,326.1199951,83.44000244,87.8427887,22.67651749,82.78645325,44.79004669,41.25491714,76.75496674,96.70925903,125.2638931,58.68445969,249.7990112,40.98739624,90.11375427,39.26784515,292.4438171,121.3152313,272.6863098,80.4765625,42.68034363,145.8919373,99.59529877,130.885788,141.8935242,293.7048645,622.9107666,433.6517334,137.4004669,36.23443985,222.4016571,285.8878479,189.8727112,82.37676239,485.6633301,212.9400024,276.7268982,328.2779236,188.1787262,150.52948,,0.007755344299,0.01955941989,-0.006667636156,0.007317281817,0.007582921359,-0.01361003995,0.02462973192,-0.0007406080873,-0.02019813168,0.01183432635,-0.003282573595,-0.006309668072,-0.0001962716205,-0.06929713046,0.0144612467,0.005725627454,0.01665343849,0.01190118432,0.009030451697,0.01257587022,0.01036701936,0.006812074895,0.003986642697,0.01496947497,0.001000647165,0.01924124132,0.005730579055,-0.003839634592,0.006268555831,0.01505276583,-0.01198837931,-0.009655878711,-0.02565794811,-0.008707730776,-0.008436479918,0.0727284191,-0.006040599415,0.02401587007,0.02006806613,0.005214963029,0.002931063081,0.01560169676,-0.00007462779388,0.007153284712,0.00781496473,0.008414751979,0.01229385221,-0.00009418357599,0.009049459021,-0.006400412574,-0.008571422508,0.01209395199,-0.00609708123,-0.007479451148,0.009394980715,0.001694554409,0.005774493256,-0.004947572036,-0.01342647795,0.01158096904,0.01690141353,0.005767139914,0.003608408154,-0.003173573593,0.02044446443,-0.006114178036,0.0008762132109,0.03674860206,0.007965091022,0.008212205771,0.008869660412,-0.0006598052636,0.00007904928754,-0.01246999502,-0.07632028035,0.004707680773,0.01014168528,0.04208744776,0.0289210509,0.01413295204,0.005531304907,0.02067270298,0.005543983284,-0.006633575032,0.0007009863741,-0.002970538585,0.002018711644,-0.008388146268,-0.0004345851161,0.01694907814,0.008926958936,0.00447167029,0.003756818727,0.008991155279,0.003851978944,0.004955415804,-0.009339824415,0.001693947752,-0.00103367759,0.008123564345
2025-10-16,181.5784149,246.7519226,214.4700012,250.9689484,251.3872833,352.7337341,428.75,202.363205,815.411438,105.8338165,295.6861572,234.5599976,351.5548706,311.0882874,108.2199097,188.8124847,49.63923645,223.2074585,147.2323456,66.66021729,82.59703827,148.2922058,535.8469849,439.7376404,299.0618286,270.9069214,155.2671204,161.6075439,171.9260864,68.35188293,226.7095642,747.1085205,537.12854,1152.736572,157.334198,321.3877563,141.9659119,119.2737885,408.6099854,239.3525543,454.2554626,566.9275513,267.4405212,109.4139404,92.50011444,94.7450943,62.06513214,104.4161835,141.2761688,96.07053375,82.6792984,82.7137146,372.3625488,592.0518188,243.8130493,342.8772583,175.661911,84.81573486,126.8641434,205.5099945,440.2000122,324.25,83.13999939,88.12245178,22.22219658,83.29573822,44.75083542,39.79259491,76.1484375,95.92153168,124.1626129,58.72320557,249.7792664,41.50496292,97.55952454,39.08385086,289.5077209,116.415596,265.0216064,79.3550415,42.44556427,142.9370422,99.04618835,131.7598267,141.7941284,294.5799255,621.6558228,437.3200378,137.4602051,35.63053513,220.4338531,284.6151428,189.1620636,81.6427002,483.7997437,211.8899994,279.3358459,327.7227783,188.3734436,149.3164978,,0.01101039929,-0.007579973963,-0.005102778987,0.001712915278,0.0006753605699,0.008026709826,-0.01470755828,0.05517351945,-0.008698715056,-0.02347981998,-0.02338975452,-0.01693213932,-0.0124047908,0.03089392728,-0.008690919353,0.004969370156,-0.0351952134,0.002873261012,-0.002629604405,0.007602843429,-0.002258938849,0.00998934045,0.01687919126,-0.01590538261,-0.0009329369142,-0.01702588775,0.0003186089343,0.006810993412,0.001198077283,-0.006185288887,0.0006151461454,-0.01281357293,0.01293879547,-0.02596898789,-0.01616971141,-0.02280295381,-0.01664600018,-0.01295209418,0.001740601779,0.01452872968,0.01939976874,-0.01257752856,-0.03621857686,0.0108462359,-0.009753024175,-0.03527757263,-0.009403421046,-0.01270366808,-0.01798021594,-0.01293631481,-0.02845241498,0.01786145156,-0.0160588295,-0.01634011783,-0.003028003511,-0.003748290649,-0.02177253047,-0.009459656326,0.0140127032,-0.005757147842,0.009864689999,0.0004628012763,-0.00526444642,-0.007424901098,-0.1014378129,-0.008625653346,-0.01722286506,-0.05016180154,-0.04631232852,-0.0318043942,-0.00987018322,-0.01734476054,-0.01643294718,-0.0002396423375,0.05011743412,-0.0004953820114,-0.00507865012,-0.00380392098,0.01949109196,0.008677386805,-0.005044769118,-0.008031353231,0.01456412882,-0.02997948974,-0.02327974904,-0.02266576636,-0.02349947979,0.001350310839,0.02266005826,-0.006898303504,-0.007442897069,-0.004176869573,0.00470732991,0.01843264071,-0.01233458022,-0.009859815936,-0.008071408028,-0.004366988747,0.003308700129,-0.0134227694
2025-10-15,179.6009369,248.6365814,215.5700073,250.5397949,251.2176208,349.9249878,435.1499939,191.7819214,822.5667114,108.3785248,302.7678223,238.6000061,355.9706116,301.765564,109.1686859,187.8788452,51.45003128,222.5679626,147.6205292,66.15723419,82.78404236,146.8255157,526.9524536,446.8448792,299.341095,275.5992432,155.2176666,160.5142822,171.7203522,68.77729034,226.5701904,756.8059082,530.2675171,1183.470093,159.9200592,328.8873596,144.3690796,120.8389053,407.8999939,235.9248657,445.6107178,574.1489258,277.4908447,108.2399445,93.4111557,98.20969391,62.65429688,105.7597198,143.862854,97.32962036,85.10061646,81.26225281,378.4398499,601.8867188,244.5535583,344.1672974,179.57164,85.62572479,125.1110001,206.6999969,435.8999939,324.1000061,83.58000183,88.78164673,24.73083878,84.02046967,45.53507996,41.8940773,79.84630585,99.07247162,125.4003372,59.75972366,253.9524536,41.51491165,92.90344238,39.10322189,290.9855347,116.8601227,259.9548035,78.67237091,42.66077805,144.0943146,97.62437439,135.8320007,145.1737366,301.4116516,636.6159668,436.7303162,134.4143677,35.87803268,222.0868225,285.8089294,188.2757874,80.16504669,489.8417358,214,281.6088257,329.1602173,187.7522278,151.3480072,,-0.001110883201,0.006336506208,-0.003789417569,0.02273376911,0.02242170233,0.02092222694,0.01376852995,0.02608794613,0.01750483953,0.01697612652,0.01195050885,0.09404378977,0.003389579443,0.01545145095,-0.006055790796,0.001676670557,0.04372127454,-0.005582658587,-0.001837444033,-0.006369466894,-0.006965728156,-0.002507529638,0.003879550114,-0.01704959799,0.000133265331,0.01665768308,-0.01505657471,0.007604738282,0.007646349315,0.01252541204,0.04303592388,-0.003671775891,0.01247474175,0.00697509055,0.04705812772,-0.006579521067,0.04677903785,0.06331750613,-0.0104798586,0.01168223688,0.001138416781,0.006671184824,-0.02220424238,0.05976344652,0.01006535535,-0.0006009185669,-0.00810398729,-0.004490448819,0.007356067965,0.0004012681548,0.02246922708,0.02107206179,0.01968746413,-0.0287113532,-0.001612289933,-0.002824763093,-0.03895008438,-0.004877045761,0.02413570599,-0.004143383217,-0.01771231228,-0.005065215338,0.006018295486,0.03096723357,0.001600109012,0.01358688749,-0.01359094934,-0.01525155366,-0.01532141351,-0.00549665366,0.006649970085,0.002763260951,-0.01751909911,-0.00263050621,0.033576396,-0.004192317145,0.01180869745,-0.001519256739,0.002140823026,0.01267883253,-0.004337789148,-0.008441310667,-0.009353287447,-0.01263438221,-0.006327411783,-0.01931608301,-0.02693153603,0.01234942476,-0.002879645749,0.00304447296,-0.005989055328,-0.002101095076,0.004815259511,0.0004758914514,-0.01142167659,-0.001399920894,-0.0239089347,-0.01031296945,-0.02928905744,0.006162716115
2025-10-14,179.8006744,247.0710144,216.3899994,244.9706879,245.7084198,342.7538147,429.2399902,186.9059296,808.4155273,106.5693893,299.1923218,218.0899963,354.7680969,297.1737976,109.8338165,187.5643616,49.2947998,223.8174591,147.8922729,66.58132172,83.36473846,147.1946106,524.9160156,454.5955505,299.3012085,271.0836182,157.5904388,159.3028259,170.4172821,67.92648315,217.2218475,759.5949707,523.7340698,1175.272461,152.7327423,331.0656128,137.9174347,113.6432953,412.2200012,233.2005615,445.1040039,570.3440552,283.7922363,102.1359482,92.48030853,98.26874542,63.16619492,106.2367706,142.8123169,97.29058075,83.23049164,79.58522797,371.1331787,619.6785278,244.9484863,345.1422424,186.8494415,86.04537201,122.1625214,207.5599976,443.7600098,325.75,83.08000183,86.11490631,24.69132996,82.89419556,46.16247177,42.54292297,81.08869934,99.62004852,124.5719376,59.595047,258.4808044,41.62440491,89.88541412,39.26784515,287.5894775,117.0379333,259.3994751,77.68738556,42.84663773,145.3210144,98.54610443,137.5701141,146.0981598,307.3484192,654.2355347,431.4027405,134.8025513,35.76913452,223.4249268,286.4107056,187.3735352,80.12691498,495.5011902,214.3000031,288.5067139,332.59021,193.4172363,150.4210052,,-0.04402086351,0.0004441806313,-0.0167219876,0.005324631507,0.006335897365,-0.0352396487,-0.01527874227,-0.029620842,-0.008603874183,0.04984324049,-0.01912528478,0.007716468825,0.003540998109,-0.02925225399,0.0004455261729,-0.0002618044401,0.02517402396,-0.005080309299,0.002961718283,0.01062874761,-0.01166863803,0.01779832907,0.002382928511,0.005715682696,0.008570508037,-0.003859806239,0.003462424157,-0.0002471594617,-0.006681495262,0.01778842851,-0.005877506989,-0.02036150547,0.04499164212,0.03388380266,0.001353546427,0.03011271044,0.003628184336,0.02421924486,0.01190565373,0.003110732875,0.02013179098,0.02666184713,0.007432810577,0.0006927098252,-0.001069589844,0.03891775201,0.006928492836,-0.005468447739,0.01916689933,0.01631320252,0.07146486252,0.01399475573,-0.002717306626,0.01300740228,0.01484897455,-0.002674966523,0.02434942784,-0.00687089287,-0.01024935315,-0.02681921068,-0.009464263916,-0.01950459252,-0.0133016052,-0.03546251471,0.008064520525,0.004033188488,0.02014731977,0.02281717854,0.02561247743,0.02419752533,0.01372039312,0.002934432833,0.004370188941,-0.01893397649,0.0127516092,0.02012576672,0.004959033745,0.002284090288,-0.03464959776,0.01555328362,0.005971438695,0.009107415242,0.01658904236,0.01124327089,0.009894332616,0.02087528825,0.02856196722,0.001438519785,-0.005507497457,0.01574367028,0.00544603763,0.002555553075,0.02185922993,0.01045923558,0.002679520957,-0.005845214887,0.01403266473,0.003319475258,0.02809112885,0.009463860331
2025-10-13,188.0801239,246.961319,220.0700073,243.6732178,244.161438,355.2735291,435.8999939,192.6112366,815.4313965,101.5098114,305.0260315,216.4199982,353.5162964,306.1287537,109.7849045,187.6134796,48.08432388,224.9603271,147.4555511,65.88108826,84.34897614,144.6206055,523.6681519,452.0119934,296.757843,272.1340027,157.0466766,159.3422089,171.5635834,66.73929596,218.5061188,775.3829346,501.1849365,1136.754883,152.5262909,321.3877563,137.4188538,110.9560242,407.3699951,232.4773865,436.3200989,555.5325317,281.6984253,102.0652466,92.57933044,94.58760834,62.73155975,106.8209152,140.1265259,95.72893524,77.67916107,78.48682404,372.1444092,611.7216187,241.3644714,346.0679626,182.4079132,86.64067078,123.4275742,213.2799988,448,332.230011,84.19999695,89.28103638,24.49379921,82.56121063,45.25078964,41.59386826,79.06368256,97.26644135,122.8858948,59.420681,257.3561096,42.42773056,88.75366211,38.49314117,286.1703491,116.7712173,268.7101746,76.49759674,42.59230042,144.0094604,96.93799591,136.0405731,144.6667786,301.0636292,636.0681763,430.7830505,135.5490875,35.21472549,222.2147369,285.6806335,183.3653107,79.2975235,494.1770325,215.5599976,284.5142212,331.4898376,188.1323853,149.010788,,0.02817208868,0.009744353055,0.01710039419,0.03204127036,0.03010654643,0.09878936503,0.05419720959,0.06150879079,-0.01690471479,0.00274949633,0.02353022376,0.007073077318,0.01173475586,0.05137216632,0.01363673698,0.0009436784655,0.00431644347,-0.0008676586425,0.02041646635,-0.003579889202,-0.003372426351,-0.007929150955,-0.000419065878,0.006213901302,0.02072122144,-0.002159661177,0.007292345636,0.05332378993,0.01986033464,-0.00706512313,0.04539170058,0.02933179062,0.02739674095,0.0200996625,0.02153311063,0.02169097499,0.04902197745,0.01339559339,-0.001029974788,0.04149644365,-0.01622058984,-0.01222058699,-0.001696015823,0.04299157695,0.01663760605,0.02310230778,-0.02389537916,0.01526785088,0.007194661217,-0.002136430118,0.01674800234,0.02001019274,0.01704241036,-0.007393803946,-0.001918796967,-0.005152174159,0.01614574076,0.01300771743,0.01815938693,0.02268039155,0.02068710994,0.01599391739,0.01396912355,0.04415369993,0.01639345171,0.01139780954,0.01943455017,0.01512646554,0.01316286027,0.02138605237,-0.007321718015,0.006068598891,0.0147036183,0.04647747131,0.05003524753,-0.002509358568,0.00782401333,0.008789897968,-0.03290280674,0.006931945003,-0.009554051137,0.0005361110608,0.003858729114,0.02484098998,0.03051754668,0.004379348169,0.00985166684,0.03201559586,0.01392295101,0.002254041227,0.001774266864,0.004161271949,0.02234799512,0.003740819969,-0.002415600302,0.02292033374,0.01735046289,0.004355184118,0.009954686786,0.01579840831
2025-10-10,182.9266968,244.578064,216.3699951,236.108017,237.0254211,323.3317871,413.4899902,181.4504395,829.453064,101.2314758,298.0137024,214.8999939,349.4159851,291.1706848,108.3079376,187.4365997,47.87766266,225.1556854,144.5052643,66.11778259,84.63439941,145.7764893,523.8876953,449.2205811,290.73349,272.7229919,155.909729,151.2756195,168.2226257,67.21417236,209.0184174,753.2876587,487.8202515,1114.356689,149.3111572,314.5645447,130.9971161,109.4893494,407.7900085,223.2147675,443.5141602,562.4054565,282.177002,97.85816956,91.0642395,92.45175934,64.26725006,105.2145157,139.1255646,95.9338913,76.39962006,76.94709778,365.9084473,616.2782593,241.8284912,347.860199,179.5095978,85.52814484,121.226181,208.5500031,438.9200134,327,83.04000092,85.50564575,24.09873772,81.63079834,44.38812637,40.97407532,78.03649902,95.22985077,123.7922668,59.06225586,253.6268768,40.54337692,84.52445984,38.58997726,283.9487305,115.7537537,277.8522949,75.97097015,43.00315475,143.9322968,96.56537628,132.743103,140.3826447,299.7509155,629.8629761,417.4191284,133.6877594,35.13552856,221.821167,284.4967651,179.3570404,79.00199127,495.3736572,210.7299957,279.6619568,330.0523987,186.2780457,146.6932678,,-0.04886532988,-0.03452210625,-0.04992539783,-0.02053576532,-0.01948729563,-0.05909797367,-0.05062684915,-0.05578951765,-0.02555682098,0.0006878091559,-0.01518671572,-0.07724679265,-0.03587257447,-0.01346988369,-0.01930742196,-0.001884044829,-0.02289609582,-0.0008236746466,-0.01806924043,0.01009478202,-0.01725717729,0.03710871666,-0.01847850822,-0.009472619667,-0.02625698564,-0.03611702773,-0.02762360906,-0.07286007546,-0.04056786323,-0.02887365762,-0.04698133053,-0.02000102749,-0.01810694063,-0.03004036748,-0.02822039683,-0.02274276321,-0.06829794143,-0.02813441811,-0.01704183835,-0.05279970712,-0.02163421082,-0.009247289514,-0.004642444773,-0.06713055828,-0.02191021318,-0.02074650537,0.01247705782,-0.03439959373,0.01313514061,0.02246957574,-0.02841393054,-0.0165455113,-0.02150119059,-0.01814158668,-0.01353258784,-0.01365433191,-0.03524414078,-0.04687318132,-0.03603956292,-0.03076634835,-0.09390803223,-0.06215049357,-0.03654717991,-0.0552857076,-0.07047624387,-0.004300501297,-0.03864105638,-0.04384182823,-0.02695786392,-0.03344384512,0.01852294745,0.01178231006,-0.02143055124,-0.05610709161,-0.0008213460136,-0.007224809245,-0.01793991853,0.003769077107,-0.03571921056,0.01511602966,-0.01611464126,-0.01332770302,-0.01124493524,-0.0327133599,-0.04432261098,-0.00485332479,-0.002256209531,-0.02863332273,-0.04933458333,-0.0155338326,-0.0263021433,-0.02211006644,-0.0521940857,-0.02825989911,-0.005337172012,-0.02439816793,-0.01100867054,-0.02440873172,-0.01625605879,-0.02701472338
2025-10-09,192.324707,253.3233185,227.7400055,241.0583344,241.7362061,343.6402283,435.5400085,192.1716003,851.2072144,101.1618958,302.6093445,232.8899994,362.4168091,295.1462708,110.4402542,187.7904053,48.99956131,225.3412933,147.1644135,65.45700836,86.12059784,140.5604706,533.7506104,453.516571,298.5731201,282.9420166,160.3388672,163.1637421,175.3356171,69.21259308,219.3224792,768.6616821,496.8160706,1148.869141,153.6471405,321.8851013,140.5997925,112.6589432,414.8599854,235.6574097,453.3214111,567.6547241,283.493103,104.900177,93.10417175,94.41044617,63.4752655,108.9627914,137.3218231,93.82566833,78.63391876,78.24164581,373.9487915,627.6651001,245.1459503,352.6757507,186.0673828,89.73427582,125.758461,215.1699982,484.4100037,348.6700134,86.19000244,90.50952911,25.9258976,81.98336792,46.17227173,42.85282135,80.1984787,98.52490234,121.5409698,58.37446976,259.1812744,42.95336533,84.59394073,38.87081146,289.1358032,115.3191071,288.1445923,74.83969116,43.7074852,145.8764954,97.66359711,137.2324371,146.8933411,301.2127991,631.2872925,429.7235413,140.6254578,35.68992996,227.8131409,290.9292297,189.2339325,81.29950714,498.0317383,216,282.7749329,338.3101196,189.3562317,150.7661743,,0.01829625248,-0.01557786144,0.0111890785,-0.01263185066,-0.01324042437,-0.001389313953,-0.007180455171,-0.02142055101,0.01138676635,-0.01098165696,0.004933811144,-0.01133468414,-0.006028357427,0.0306458624,-0.00973509796,0.007327764548,-0.00100320116,-0.002378476078,-0.0136594611,0.003781093433,0.01273145666,0.04227909063,-0.00281607076,-0.02066982833,-0.0106094358,-0.004249164,-0.03790719457,-0.01257671782,-0.01453735558,-0.005260963713,0.01282691699,0.004442956706,-0.003505186683,0.002085936406,0.003983361829,0.001914532168,-0.01080398717,-0.01327700236,-0.01493531672,-0.0002100045005,-0.009831800331,0.01071204549,-0.009648291157,-0.008582755778,0.002452212174,-0.008066167794,0.004585810588,0.01285072031,-0.01527972954,-0.0005198989135,0.002006695661,-0.003248414695,0.001300741418,-0.004608433653,-0.01764593483,-0.01161881336,0.00268182445,-0.01920004977,0.003656865482,-0.01202991505,-0.01011521546,-0.003799961635,-0.003122792574,-0.0196757904,0.006518441705,-0.003926739182,0.002340852156,0.002492128102,-0.0006095157473,-0.003207386197,-0.004152454406,-0.005118053234,-0.02185562508,0.01073518813,-0.03608608019,-0.01185866575,0.002749240985,-0.01276957113,-0.02496299176,-0.002469778592,0.003143124677,-0.02500911234,-0.01958852622,0.00239406566,0.008392972759,-0.005025607372,-0.00392880954,-0.03051073822,-0.02417468063,0.002781580049,-0.004771111438,-0.005832146395,-0.01221183287,-0.01124632955,-0.01217859797,-0.04136342544,-0.0161261979,-0.01059347901,-0.02678113486,-0.01999988891
2025-10-08,188.8691101,257.3320007,225.2200012,244.1423035,244.9798431,344.1183167,438.6900024,196.3781281,841.6238403,102.2851563,301.1236572,235.5599976,364.6148376,286.3702087,111.5259705,186.4243317,49.04876709,225.87854,149.2024384,65.21044159,85.03794098,134.8587646,535.2579346,463.0885315,301.7747803,284.1494141,166.6563416,165.2419434,177.9221344,69.5786438,216.5448761,765.2616577,498.5636292,1146.477661,153.0375366,321.2700195,142.1354218,114.1748428,421.1499939,235.7069092,457.8226318,561.6384277,286.2549744,105.8083038,92.87641907,95.17816925,63.18550873,107.580307,139.4526215,93.87447357,78.47644043,78.49663544,373.4630127,630.5710449,249.5494843,356.8215942,185.5697174,91.49090576,125.3002548,217.7899933,489.3599854,350,86.45999908,92.32611847,25.75799561,82.30656433,46.06444168,42.74629211,80.24739075,98.84192657,122.0477676,58.67477036,264.9724121,42.49715042,87.76088715,39.33729935,288.3430786,116.81073,295.521698,75.02498627,43.57053757,149.6183167,99.61490631,136.9046783,145.6707306,302.7342224,633.7772827,443.247345,144.1092529,35.59093094,228.9052734,292.6359253,191.5733948,82.22422791,504.1718445,225.3200073,287.4097595,341.932373,194.5669556,153.8430176,,0.02199526493,0.006160398261,0.01551087772,-0.00463866299,-0.006757513767,0.02702060468,0.01293035201,0.05843063425,0.00247726478,-0.003293208238,-0.01189524621,0.1137062251,0.01721389266,0.01544488658,-0.002100527405,0.004235335622,-0.008948096845,-0.006829000973,-0.007552769361,-0.01003141927,-0.01381121712,-0.01385045137,-0.005527075982,-0.005400123249,0.002717568758,-0.01500666888,-0.004135367688,0.01396098759,0.02569889083,0.01942320695,0.02812441047,-0.01664034685,0.03166160148,-0.001054791062,-0.002051723328,-0.01265347194,0.01560379556,0.0001724305591,0.02649408977,0.01788222373,-0.001646804437,-0.03322828497,-0.007398686973,-0.02041963471,-0.002340098206,-0.01124743136,-0.01845461776,0.0004527334822,-0.01366873236,-0.002489173304,-0.01737739027,-0.01537706691,0.01552821859,0.02625354848,-0.01173018153,0.01356677883,-0.01883278386,-0.01554131577,0.01011806065,0.03198445894,0.02412991881,0.01308321428,0.0181347262,0.06358508562,0.04696907029,0.009974778918,-0.01073683474,-0.02345133673,-0.008700903736,-0.007906555176,-0.002628123925,-0.004928506508,-0.008527520031,0.05308415713,0.01667630932,-0.001932345735,-0.003112916006,0.01258779183,0.00944959374,-0.002463693814,-0.002686830835,0.007271691417,-0.001081642429,0.01502206202,0.02676387644,0.01173139864,0.01064152111,0.05205093132,0.02419357725,-0.001111523778,0.003407154912,0.002568658395,-0.009903993063,0.003140207661,0.005772229436,0.01577855867,0.0190973015,0.008764490291,0.004163163894,0.004313297549
2025-10-07,184.8042908,255.7564392,221.7799988,245.2800751,246.6465607,335.0646667,433.0899963,185.5370789,839.5440674,102.6231155,304.7487183,211.5099945,358.4446106,282.0145264,111.7607269,185.638092,49.49162292,227.4316711,150.3379059,65.87122345,86.22886658,136.7528534,538.2327881,465.6028442,300.9569092,288.4785156,167.3483887,162.9667664,173.4642944,68.25295258,210.6212769,778.2113647,483.2627563,1147.688232,153.3521729,325.3872986,139.9516449,114.155159,410.2799988,231.5659943,458.5778198,580.9421387,288.3886719,108.0139084,93.0942688,96.26085663,64.37349701,107.5316238,141.3851776,94.1087265,79.86427307,79.72253418,367.7524719,614.4398193,252.5114899,352.0454712,189.1315918,92.9352417,124.0451584,211.0399933,477.8299866,345.480011,84.91999817,86.80651855,24.60244179,81.49368286,46.5643959,43.77282333,80.95174408,99.62965393,122.3693695,58.96538162,267.2514038,40.35494232,86.32136536,39.41345978,289.2434692,115.3586197,292.7552795,75.21028137,43.68791962,148.5381927,99.72277069,134.8785248,141.873642,299.2239075,627.1039429,421.3173828,140.7050934,35.63053513,228.128006,291.8861694,193.4897156,81.96683502,501.2783508,221.8200073,282.0238647,338.9615479,193.7602997,153.1822968,,-0.002694815408,-0.0008181232786,0.003983725247,-0.0186478984,-0.01741474565,0.002742257479,-0.04447877256,-0.02759737975,-0.00168033048,0.005258036206,-0.004819040812,0.0382896644,0.01362994414,-0.02520682197,0.0005254419282,0.003879623014,-0.001984502755,0.01146874798,0.005778516996,0.01043877961,-0.01340091886,0.007802448911,-0.008787640562,0.003884433833,0.01180336507,0.01537543061,0.002784337634,-0.01874034779,-0.02618113108,0.001160739995,-0.05515600498,-0.008948538558,-0.01750175475,-0.01105765686,-0.01341004518,-0.01210879552,-0.05900101478,-0.00990351576,0.01831721269,-0.03608246473,0.00918419608,-0.0038258614,0.009951472757,-0.04823158194,0.0001063048967,-0.002549774075,0.01958075877,0,-0.003144470383,0.009739323937,0.005576991318,-0.009986548298,-0.02389342374,0.005028044396,-0.01144131447,0.02157507716,-0.009252650834,0.003371504621,0.00915716801,-0.00724437168,-0.0008155548648,-0.02230013214,-0.0169020506,-0.02192974425,0.004840679721,0.01339663303,-0.004610248638,-0.002867884405,0.004857272575,0.004747032787,0.009487072475,-0.01024395538,-0.0002214805541,0.009176625938,-0.01762521089,-0.0009651919786,0.004827938112,0.02817388133,0.0001693186831,0.003644001275,-0.01063364484,0.002812626709,-0.01758113026,0.001548880551,0.007766598834,-0.01237412011,-0.01021844327,-0.01470309478,-0.0102227352,-0.007172235482,-0.02337719534,-0.01264802239,-0.01902590651,-0.007388534255,-0.006164351735,0.009511726379,-0.01078016246,-0.008860041435,-0.00009575186911,-0.003847889203
2025-10-06,185.3036499,255.9658508,220.8999939,249.9409485,251.0179749,334.1483459,453.25,190.8027344,840.9571533,102.0863419,306.2244263,203.7100067,353.6247253,289.3070374,111.702034,184.9206696,49.59003448,224.85289,149.4741669,65.19071198,87.40010834,135.6941071,543.0045166,463.801239,297.4460449,284.110199,166.883728,166.0791473,178.1278839,68.1738205,222.9164581,785.2380981,491.8713684,1160.520874,155.4365845,329.3756409,148.7266693,115.2970047,402.8999939,240.2342377,454.40448,583.1732788,285.5470581,113.4875946,93.08437347,96.50692749,63.13722229,107.5316238,141.8311615,93.20101166,79.42134094,80.52671814,376.754425,611.3658447,255.4339905,344.6104736,190.8979034,92.62296295,122.9195633,212.5800018,478.2200012,353.3599854,86.37999725,88.75284576,24.48392296,80.41637421,46.78006363,43.89871979,80.56044006,99.15894318,121.2193527,59.57567215,267.3106079,39.98798752,87.8700943,39.45153809,287.8537292,112.1975784,292.705719,74.93721008,44.15747452,148.121582,101.5073853,134.6699371,140.7802582,302.9729309,633.578125,427.6044922,142.1583405,35.88793182,233.5886536,295.6252441,197.2424316,82.5769577,504.3875732,219.7299957,285.0972595,341.9916077,193.7788544,153.7740021,,-0.01108621919,-0.005154581093,0.006332282923,0.02070506855,0.02053145731,-0.008511353467,0.05448669046,0.01666402564,0.006167689381,0.006172162742,0.002106705034,0.2370802756,-0.003970082936,0.01904668743,0.008299440439,-0.002544470413,-0.004936764332,-0.01590359248,0.003060911243,-0.008252072507,-0.004372667905,-0.01605866439,0.001159652728,0.003899448873,0.004107722401,0.003641353669,0.01332690451,-0.003309979599,0.008263000233,0.01457620052,0.02932926009,0.008607944688,-0.004961351722,0.01600778182,0.003172689873,0.005299136399,0.02290652579,0.0005979536227,-0.0009918024017,0.002107520394,-0.01203341321,-0.02419996019,0.008557557095,0.03464214638,-0.0008502893015,0.003171770308,-0.005476922752,-0.003428722459,0.01259456463,0.01004869234,0.0002479021044,-0.04987269131,0.01756539257,0.01473257024,-0.004961603329,-0.0015975753,-0.01431023419,0.007965150774,0.009654733742,0.0260147658,0.01928935681,0.01753677695,0.006877215661,0.03131513588,0.01473587603,0.02560585935,-0.007281032321,-0.004174014568,-0.0002427620642,-0.007690744293,0.006799436797,-0.0004875512823,-0.001915441627,0.01638532507,0.01899615513,-0.05106475984,-0.01265573815,0.007897824961,0.04046252368,-0.008388272168,-0.006820612277,-0.008367278037,-0.008714001389,-0.01774840454,-0.02384725753,-0.00009850137907,0.002110983864,0.01574182114,0.01054278355,0.006664797678,0.002575915569,-0.001665840136,0.009893163583,-0.001843681927,0.01932645694,0.01585757109,0.01495213017,0.008381265658,-0.0002390862669,-0.01720665333
2025-10-03,187.3809967,257.2920837,219.5099945,244.8708801,245.9678955,337.0168152,429.8299866,187.6753082,835.8021851,101.4601135,305.580658,164.6699982,355.0342407,283.8996887,110.7826004,185.392395,49.83606339,228.4866486,149.0180359,65.73314667,87.78395844,137.9087372,542.3755493,461.9996948,296.2292175,283.0794067,164.6889343,166.6306915,176.6680756,67.19438171,216.5647736,778.536499,494.3238831,1142.236206,154.9449921,327.6394348,145.3961487,115.2281036,403.2999878,239.7290039,459.9391174,597.6360474,283.1242065,109.6877747,93.16358948,96.20179749,63.48492432,107.9015884,140.0670776,92.27378082,79.4016571,84.7536087,370.250824,602.489624,256.7076721,345.1618958,193.6693573,91.89103699,121.7441559,207.1900024,469.1700134,347.269989,85.79000092,86.05792999,24.12837029,78.40865326,47.12316895,44.08272171,80.58000183,99.92745972,120.4006958,59.60473251,267.8236084,39.3433342,86.23201752,41.57453156,291.5434265,111.3184052,281.3226929,75.57112122,44.46072388,149.3714142,102.3996964,137.103302,144.2194977,303.0027771,632.2434692,420.9775391,140.6752319,35.65032959,232.9884949,296.1185303,195.3101959,82.72948456,494.8243713,216.3000031,280.8972473,339.1491089,193.8251953,156.4662628,,-0.006723594709,0.003461254916,-0.01303902301,-0.001383874659,0.00008121131799,0.0005618290057,-0.01415140694,0.02284422051,0.02441910013,0.003638161733,0.00806369045,-0.02981204081,0.01831953532,-0.00914188454,0.0177015129,0.01430256345,0.003169481812,-0.01120211826,0.001173703024,0.008320735822,-0.003575034547,-0.002318910908,0.03497405193,-0.005857563089,-0.008181640951,0.005754606591,-0.0003000103832,0.001954306121,-0.01096968394,0.0002946151082,-0.02710311791,0.01360050246,0.01483991466,0.0001292220278,0.01474570187,-0.0007262731234,-0.008027758244,0.008095035215,-0.01357470522,0.001324210555,0.002295306619,0,0.009204926249,-0.03310049591,0.01488677712,0.004109332255,-0.0003041342251,0.003894944671,-0.008140875989,0.00692303299,0.002111906897,-0.003459464813,-0.008758876119,0.007487372204,-0.002799862247,0.03015505611,0.001513911837,0.008353085687,-0.01100502305,-0.01008122589,-0.004202441886,0.00008639206353,-0.005794414123,0.0002322391991,-0.002042425493,0.02404699872,0.003339603941,0.003527362744,0.0127873515,0.02040412163,0.0162045669,0.007202470089,0.003215165026,0.02058129566,0.004975081469,0.006221048158,0.001647692601,0.01926560642,0.1056036177,0.000516558143,0.007537135232,0.01049054888,-0.0008610691342,-0.007049513686,0.004847985359,0.004384219037,0.01098957191,0.0007366277827,0.005191964432,0.01236994153,0.009722052126,0.00620185505,0.009450380906,0.01414042315,0.01027313828,-0.005197027375,0.00715743434,0.007535639461,-0.009288682931,-0.0008815945793
2025-10-02,188.6493988,256.4046021,222.4100037,245.2102203,245.9479218,336.8275757,436,183.4837646,815.8791504,101.0923233,303.136261,169.7299957,348.6471863,286.5190125,108.85569,182.7781982,49.67860794,231.0751801,148.843338,65.19071198,88.0989151,138.2292786,524.0474854,464.7218323,298.6728516,281.4597168,164.7383575,166.3056793,178.6275635,67.17459106,222.5978699,768.0900879,487.0954285,1142.088623,152.6934204,327.8775635,146.5727997,114.3028183,408.8500061,239.411972,458.8858337,597.6360474,280.5418396,113.4427872,91.79702759,95.80809021,63.50423813,107.4829483,141.2167053,91.63935852,79.23432159,85.04782867,373.5224609,598.012085,257.4284363,335.058197,193.3766022,91.12982178,123.0988617,209.3000031,471.1499939,347.2399902,86.29000092,86.03794861,24.17775154,76.56743622,46.96632004,43.92777252,79.56260681,97.9292984,118.4807663,59.17850113,266.965271,38.54992676,85.80513,41.31749344,291.0638428,109.214325,254.4516754,75.53210449,44.12812424,147.820694,102.4879456,138.0766754,143.5236969,301.6801453,625.3709106,420.6676636,139.9486237,35.21472549,230.7451782,294.2933655,193.48172,81.57596588,489.7926636,217.4299927,278.9010315,336.6125183,195.6424561,156.6043243,,0.00881216509,0.006576576906,0.008067800117,0.003225785307,0.003624667891,0.01436746221,-0.05105992228,0.008784081657,-0.006748088765,-0.002549937531,-0.01017027014,0.03487593081,0.01556134252,-0.0007957529758,-0.00625052411,-0.0003762811522,-0.003946294116,-0.03199940579,-0.007827753816,-0.0101827032,-0.006878906544,-0.005798615646,-0.01087166391,0.005719682082,-0.004752762682,0.0008028887937,-0.00340904979,0.01417489464,0.01069914109,-0.006400101474,0.02686680335,-0.007803920851,0.02027784855,0.01706300025,-0.01013446042,0.005843763856,0.02941382923,-0.003090692543,0.0114792181,0.009988261297,0.02233631848,0.00009989080444,-0.000142156352,0.009203812681,0.004878060188,-0.01387906758,-0.008146042613,-0.00781877684,-0.01268013686,-0.009599371624,-0.004575421563,0.0274881984,0.007810799159,-0.0006772421151,0.003116345426,0.02278606314,-0.001410995919,-0.0217892151,-0.008663648447,0.01208897468,-0.03606940735,-0.01343867651,0.01303123511,0.02753595457,-0.01805049314,-0.006228495476,0.0006265325014,-0.004608290947,-0.007323211963,-0.01019517273,-0.006699838265,0.003119810675,0.007070975454,-0.005627961036,0.005584669073,-0.009810625751,-0.003685106755,-0.005308195239,0.03991563559,0.007545079863,-0.03584226881,0.003456628127,0.00413110028,0.02681149989,0.02404265414,0.005735224741,0.01259548231,0.0004992175683,0.009767303754,0.01628575382,-0.0009372170296,-0.001272306795,0.01156339773,0.01410292414,0.0007214136265,0.01036243383,-0.01325126253,0.0008803659607,0.003949044686,0.01794885986
2025-10-01,187.0015106,254.7293549,220.6300049,244.4217682,245.0596619,332.0567627,459.4599915,181.8860626,821.4221802,101.3507614,306.2509155,164.0099945,343.3049011,286.7471924,109.5403748,182.8470001,49.87543106,238.7138824,150.0176392,65.86135864,88.70913696,139.0354919,529.807373,462.0788879,300.0991516,281.2339172,165.3018799,163.9812622,176.7366333,67.60728455,216.7738495,774.1313477,477.4144897,1122.928101,154.2567291,325.9726563,142.3847198,114.6571884,404.2099915,237.0443115,448.8599548,597.576355,280.5817261,112.4082031,91.35140991,97.15653229,64.02579498,108.3299561,143.0303497,92.527565,79.59851837,82.77256012,370.6275635,598.4173584,256.6286926,327.5936279,193.6498413,93.15969849,124.1746674,206.8000031,488.7799988,351.9700012,85.18000031,83.7322998,24.62219429,77.04732513,46.93691254,44.13114166,80.14955902,98.93798828,119.2799225,58.99444962,265.0908203,38.76811218,85.32859802,41.72686005,292.1404114,109.7971497,244.6849213,74.96647644,45.76857376,147.3114929,102.0662994,134.4712982,140.1540222,299.9598083,617.592041,420.4577637,138.5949249,34.65041733,230.9616394,294.6682739,191.269989,80.44150543,489.4395752,215.1999969,282.6464539,336.3164368,194.8728943,153.8430176,,0.003537466147,0.003220363989,0.004827606336,0.007404332302,0.008170774402,0.01054836704,0.03314442839,0.08863240251,0.08180856217,-0.01067341696,-0.01496366934,0.01372149894,0.008688170925,0.02762765929,-0.006740591149,0.003397785871,-0.01763908254,0.05545493068,-0.004571966865,0.00693610118,0.07387104756,0.01922526026,0.09424343677,-0.01724210558,0.0001994571024,0.0153458648,-0.0007770036437,0.0007815028919,-0.01817900392,0.004823170997,0.06349519097,-0.01361196218,0.007691514406,-0.02127171743,-0.01302218388,-0.01083816394,0.06639290279,0.01711499435,0.03209574185,-0.02612948914,-0.01209379258,0.06699643502,-0.002976073643,0.0466067643,-0.03372789512,-0.02748770337,0.003481758628,-0.007581202911,-0.001522061422,0.0003167289031,-0.03519427823,-0.002364073368,-0.001095488805,-0.00640052503,-0.003221403098,0.02952465881,-0.01239233601,0.009197523436,0.007353588319,0.01561736573,-0.009343553238,0.002021270385,0.01308275987,-0.002141108399,0.01506511091,0.04212470807,-0.009310966273,-0.003280837068,-0.005341806903,-0.007229585661,-0.01098988828,-0.004413850128,-0.008230893864,-0.003314821331,0.01945202468,-0.002730299689,0.05776046235,0.001351386141,-0.05150482946,0.0196313681,0.05166288325,0.02014214692,-0.009704251865,-0.0002952815975,0.0112601097,-0.01943945611,-0.01621501378,0.01527799742,-0.01093896017,-0.01436214084,-0.006895951725,-0.005758875607,0.01586021647,0.01017588735,-0.000420699513,-0.002918986598,-0.006599282699,-0.00073310047,-0.001520252904,0.005284238846
2025-09-30,186.3423309,253.9116669,219.5700073,242.6252899,243.0735626,328.5906677,444.7200012,167.0775757,759.3045654,102.444191,310.9031677,161.7899933,340.3479004,279.0380249,110.2837524,182.227829,50.77098465,226.1715546,150.706665,65.40768433,82.60688019,136.4129181,484.1768799,470.1858826,300.0393066,276.9833679,165.4304199,163.8532104,180.0090179,67.28276825,203.8315277,784.814209,473.7704773,1147.333862,156.2919922,329.5443115,133.5199432,112.7278519,391.6400146,243.4043427,454.3548279,560.0546875,281.4192505,107.4025192,94.54004669,99.90262604,63.80364609,109.1575012,143.2483826,92.49826813,82.50212097,82.96870422,371.0340271,602.2722168,257.4580688,318.1989136,196.0797272,92.31066895,123.2682037,203.6199951,493.3900146,351.2600098,84.08000183,83.91196442,24.25676346,73.93292236,47.37804794,44.27640533,80.58000183,99.65847778,120.6053619,59.2559967,267.290863,38.89704895,83.70045471,41.84109879,276.1876831,109.6489716,257.9717102,73.52311707,43.52019501,144.4029083,103.0664825,134.5110168,138.5934448,305.9064636,627.7713623,414.1306763,140.1277771,35.15532303,232.5653992,296.375061,188.2837677,79.63118744,489.6455688,215.8300018,284.5241089,336.5631714,195.1696014,153.0343475,,0.0260103262,0.0007861175644,-0.01170270903,-0.003892605997,-0.003314824142,0.006129890702,0.003406984939,0.02086653603,0.05022637308,-0.000194115161,-0.0008236504388,0.002664803385,0.0003475758713,-0.005375649303,-0.01286987814,0.02092277017,-0.01583355351,0.03755137137,-0.005189141953,0.004239819017,0.06808342562,0.001926307854,0.04973590708,-0.00312700173,0.02448665411,0.00843462929,0.02261204271,0.006412641513,0.002728949895,0.01033652004,-0.001024603343,-0.009662692629,0.01174699702,-0.008242941548,-0.01365109887,-0.02965139094,0.02143560028,0.002450991866,-0.009283810004,0.003717564046,-0.0142496593,0.002710703487,0.009622321131,0.01359798096,-0.01465577469,-0.01609163222,0.00593871414,-0.01085136242,0.007106983003,0.009157631726,-0.009805144276,-0.01214382263,0.01933809492,0.0258085616,0.003811118901,0.01072909619,-0.004557863321,-0.01314553263,0.02264281831,-0.001667050331,0.02445968658,0.007861875469,-0.006733605252,0.02039091651,0.01739849319,-0.009447548651,-0.002888442209,-0.004355368492,0.003655407065,-0.0008668502557,0.007736141193,0.004103717625,0.008281444318,0.05657345401,-0.00272064134,0.0161850013,0.03003989674,-0.01438471044,0.01935519269,-0.002381925729,0.02151752581,0.01722816933,0.01047891482,-0.0007379426296,0.00758780892,0.01518049838,0.0145352453,0.0129794998,-0.001843403323,-0.008931040064,0.0008045095611,0.002636670628,-0.00325477489,-0.01147924199,0.01469574507,-0.005758245759,0.02997883322,0.02658270196,0.005829511004,0.00713906485
2025-09-29,181.6183777,253.7122192,222.1699982,243.5734253,243.8819885,326.5887146,443.2099915,163.6625061,722.991333,102.4640808,311.1594543,161.3600006,340.2296448,280.5461426,111.7215958,178.4932556,51.58780289,217.9858856,151.4927826,65.13153839,77.34122467,136.15065,461.2368469,471.6607666,292.8679504,274.6666565,161.7724152,162.8091736,179.5191193,66.59441376,204.0405884,792.4716187,468.2697144,1156.869873,158.4550781,339.6143494,130.717926,112.4522324,395.3099976,242.5028229,460.922821,558.5406494,278.7371521,105.9616547,95.94621277,101.5365143,63.42697144,110.3550034,142.2375031,91.65888977,83.31907654,83.98864746,363.9950562,587.1195068,256.4805908,314.821167,196.9775238,93.54030609,120.5388641,203.9600067,481.6099854,348.519989,84.65000153,82.23511505,23.84194946,74.63806915,47.51529312,44.47008896,80.28652191,99.74494171,119.6795044,59.01382065,265.0954895,36.81433487,83.92879486,41.17468643,268.1329956,111.2492599,253.0734253,73.6986618,42.60347366,141.9572449,101.9976578,134.6103516,137.5497437,301.3320923,618.7772827,408.8243408,140.3865662,35.47212601,232.3784485,295.5956726,188.8985901,80.5559082,482.5540771,217.0800018,276.2426758,327.8480835,194.0384521,151.9495697,,0.02053993896,-0.004031963397,0.01087450816,-0.0100996596,-0.01140862913,-0.01981884664,0.006380557669,0.04215659012,0.002719122946,-0.0007754121581,-0.001170549985,0.01191517507,0.003197033127,-0.002469374794,-0.02559297065,0.01062816574,0.00402212208,0.01155892508,-0.02534964572,0.005634289938,0.000254669902,-0.001922604326,-0.004738909241,0.004384284681,-0.003360350871,-0.01586303422,0.001714038544,-0.02304955318,-0.007152657252,0.007438295629,0.005050958293,0.002006040966,0.01256004384,0.0165246919,0.006558006927,0.001843805934,0.02150699508,0.0004378639137,0.02480947676,-0.01118929501,0.003232845444,-0.005586176942,-0.004025809496,-0.0001503164637,0.0149800791,-0.002513915502,-0.0006086988457,-0.03375673741,0.003005246431,-0.006558710948,-0.004234883826,0.0269816178,0.00429457244,-0.0008915708952,0.001302448202,0.003389678841,-0.00723002735,-0.02670595561,-0.01296899961,0.007856953279,-0.0126087098,-0.004541419566,0.003913683969,-0.009378475743,0.005833328103,0.004746245872,-0.009101878704,-0.002172994946,0.005513292817,-0.005554964368,-0.001788321598,0.009779512064,0.01386922228,0.03832157115,-0.008328418117,-0.008255033909,0.003626505152,0.004638793623,0.001098252725,-0.002639541016,0.0006799779511,-0.003250390415,0.003569647346,-0.0148409984,-0.005371426377,0.01246284801,0.01223644208,0.00905177339,0.0176780076,0.05351370446,0.004166566662,0.007159969305,-0.005213931922,0.009316748812,0.009313936257,-0.01889176887,0.002726283104,0.005539914444,0.005235539186,0.008310983895
2025-09-26,177.963028,254.7393188,219.7799988,246.0585327,246.6964569,333.1921997,440.3999939,157.0421448,721.0307617,102.5435944,311.5241089,159.4600067,339.1453857,281.2406311,114.655983,176.6161499,51.38114166,215.4949951,155.4329529,64.76662445,77.3215332,136.4129181,463.4330139,469.6018982,293.8554077,279.0939331,161.4956055,166.6503906,180.8124084,66.10272217,203.0151672,790.8850708,462.4611816,1138.063721,157.422699,338.9893188,127.9657669,112.4030151,385.7399902,245.2469635,459.4375305,561.6782837,279.8638306,105.9775848,94.53014374,101.7924118,63.46560287,114.2103729,141.8113251,92.26402283,83.67342377,81.78203583,362.4385376,587.6434326,256.1469727,313.7576294,198.4120483,96.10693359,122.122673,202.3699951,487.7600098,350.1099854,84.31999969,83.01365662,23.70367813,74.28549194,47.95174408,44.56693268,79.84630585,100.3021164,119.8939133,58.44228363,261.4691162,35.45561981,84.63365936,41.51741409,267.1641235,110.7355804,252.7957916,73.89370728,42.57452393,142.420166,101.6348572,136.6381989,138.292572,297.6228638,611.2971802,405.1569519,137.9479218,33.67030334,231.4142456,293.4942627,189.8886566,79.81231689,478.1010742,221.2599945,275.4916077,326.0418396,193.0278473,150.6971283,,0.002813866828,-0.005489212856,0.007471945581,0.003051322239,0.002473895529,-0.00467122643,0.04017567411,0.00280557959,0.01392396176,0.001067385616,0.008326578574,-0.01122339871,-0.004282981024,-0.02701403507,0.01410162509,0.0111405526,0.006943207293,0.009471866919,-0.003484225798,-0.00469858366,0.01237118716,0.003716463331,0.01093155147,0.001329756082,-0.007402842715,0.01019769072,0.01769366734,-0.002828921467,0.01378827173,-0.009284977492,0.02164326451,0.009751398066,0.004399321746,0.007984066033,0.007297911719,0.004409436203,0.001560914882,0.00865651996,0.01013432625,0.0001212154625,-0.005806793733,0.01510321912,0.008587853738,0.004900326319,0.007174446096,0.01282929429,0.007976567768,0.00008524564843,0.01152257229,0.008965715925,0.008183136495,-0.00524875196,0.002303044696,0.0149375164,0.01221445851,0.006030974279,0.002860858498,0.01725031236,0.002207103453,0.0007911992385,0.001149420247,-0.002706124918,0.0133397503,-0.007636284903,-0.008674093901,0.01607489408,0.008362253287,0.006121493589,0.01669160888,0.01744298668,0.005722700264,0.0110609396,0.003762548467,0.01160169323,0.0188836618,0.005997789189,0.006637799802,0.01000089419,0.005541418767,0.01554746413,0.01635571743,0.02220516171,-0.002598196821,0.02500729432,0.02601228116,0.0153683096,0.009341110571,0.01256212592,-0.01310265951,0.006808773623,0.01379312742,0.009912605756,0.005921534754,0.01380472545,0.006400488322,0.0362009824,0.02772344791,0.01821645558,0.002359177716,-0.001437670381
2025-09-25,177.4636688,256.1453552,218.1499939,245.3100128,246.0876617,334.7559204,423.3900146,156.6027832,711.1290283,102.4342575,308.9515991,161.2700043,340.604187,289.0490112,113.0616302,174.6702271,51.02685165,213.4730072,155.9764099,65.07237244,76.37666321,135.9078217,458.4217529,468.9782715,296.0469971,276.2765503,158.6878357,167.1231689,178.3532257,66.72223663,198.7143402,783.2473145,460.4355774,1129.049316,156.2821655,337.5011292,127.7663345,111.4383469,381.8699951,245.2172394,462.1209717,553.3213501,277.4808655,105.4607925,93.85677338,100.5030289,62.96337128,114.2006378,140.1959076,91.44416046,82.99427032,82.21355438,361.6057434,578.9946899,253.0560303,311.876709,197.8460388,94.47717285,121.8537292,202.2100067,487.2000122,351.0599976,83.20999908,83.65245056,23.91108513,73.11025238,47.55408478,44.29577637,78.53542328,98.58254242,119.2117004,57.80292892,260.4890137,35.04899216,83.06508636,41.26988602,265.4024353,109.6390915,251.4026642,72.76243591,41.88939285,139.3264008,101.8996124,133.3046112,134.7864685,293.1181335,605.6398315,400.1304626,139.7794037,33.44260025,228.2657471,290.6135254,188.7708435,78.72553253,475.0604553,213.5299988,268.0600586,320.2087708,192.5735321,150.914093,,0.004068588703,0.01807306077,-0.009354764791,-0.005462563144,-0.005084140885,-0.009460407744,-0.04381307961,-0.03017744814,-0.03674583843,0.003115004815,0.00009562611296,0.002424163214,-0.01776528123,-0.05553403906,0.008990912677,0.00588592209,0.002901327862,-0.006591142932,0.009674516037,-0.007072824069,-0.0259822911,-0.01582604445,-0.01876062382,-0.0007381574882,-0.01038947075,0.0519941108,-0.005390997725,-0.02229899952,-0.01301236597,0.007872671819,-0.009134220102,0.002940343891,-0.01292073227,0.01711915292,0.006777342853,-0.0008812004635,-0.001480613956,0.003101098659,0.01393978033,-0.004344180154,-0.004776655111,-0.0372110396,0.0001436556085,-0.008954993813,0.02609075777,0.004525313012,0.0009213914916,0.005141438926,0.007262957088,-0.007626339029,0.002496790197,-0.005221346408,-0.0200693513,-0.000852718118,-0.006433926665,-0.02965864121,-0.006566023095,0.01233922377,-0.006497176143,0.007523715937,0.0408255165,-0.01652844587,-0.004665064555,0.04644772106,-0.01022071496,0.01110657989,-0.003050105657,-0.003268682995,-0.004464236063,-0.006775098789,-0.01067618678,-0.02212401602,-0.02387249704,-0.06185294164,0.002396081861,0.003936999471,-0.02879463513,-0.02357705696,-0.02878187023,-0.02317355585,-0.01698369334,-0.02934688784,-0.01478960489,-0.01202342894,-0.002053202042,0.003233360898,0.00207660085,-0.006106112427,-0.004466141451,-0.001182842877,0.007119354857,0.004261678963,0.01142249021,-0.01573297168,-0.003928035332,-0.007298964573,-0.02255759914,0.002502865119,-0.0043144929,-0.0101552527
2025-09-24,176.7445679,251.5982056,220.2100067,246.6573944,247.3451996,337.9530945,442.7900085,161.475708,738.256897,102.1161652,308.9220581,160.8800049,346.7645569,306.0449219,112.0541611,173.6481476,50.87923431,214.8893738,154.4818726,65.5358963,78.41403961,138.0932922,467.1864624,469.324707,299.1550598,262.6217651,159.5479584,170.934845,180.7046204,66.20105743,200.5461731,780.9510498,466.462616,1110.046265,155.2301178,337.7987976,127.9557877,111.0938339,376.6199951,246.2871552,464.3389587,574.7067871,277.4410095,106.4137268,91.47024536,100.0502701,62.90541077,113.6164856,139.1850128,92.14690399,82.78756714,82.64507294,369.0115662,579.4888306,254.6947174,321.4092712,199.1536865,93.3256073,122.6506119,200.6999969,468.0899963,356.9599915,83.59999847,79.9394455,24.15799713,72.30716705,47.69957352,44.44104004,78.88759613,99.25500488,120.4981613,59.11069489,266.8596191,37.35980606,82.86653137,41.10804367,273.2711792,112.2864761,258.8529358,74.48860168,42.61312103,143.5388184,103.4292908,134.9268951,135.0637817,292.1734314,604.3847656,402.5887146,140.4064789,33.48220444,226.6521301,289.3802795,186.6389618,79.98391724,476.9338684,215.1000061,274.2463989,319.4093323,193.4079895,152.4623871,,-0.008182508094,-0.00833232896,-0.002265416088,-0.01796072472,-0.01787270091,0.001091668022,0.03977927016,-0.02824341206,-0.006867667648,0.002048406969,0.002174482521,-0.0001242325322,0.01184963498,-0.01711113111,0.005353291135,0.0006230480838,0,-0.01176951555,0.01118037783,-0.003897475408,-0.003626750022,0.001902712253,-0.003725430107,-0.01210570758,-0.01743953062,-0.01730082864,0.005232409405,0.02371253987,0.01318391997,-0.003257265755,0.002837750575,-0.01722639766,-0.003119375647,-0.003331253446,-0.01791483054,-0.002899242387,-0.02544228504,-0.01380636721,-0.008163926297,0.007415617023,-0.005788014523,0.01600664332,0.008553950203,-0.002361939683,-0.01639870399,-0.01310676116,0.004007927694,0.008904710693,0.005153245272,0.007362376432,-0.003081763757,-0.01657141918,0.01001294949,0.01592506867,-0.006354822333,0.008185765334,0.0007845720862,0.02310907923,-0.01810207107,-0.01254614048,-0.04533776035,-0.02549821635,-0.01958482743,0.07330473529,-0.009716712829,0.02087959992,-0.003444703472,0.004157660815,0.003984105911,0.001842421625,0.004386721894,-0.001636051295,-0.01554688337,-0.1695326618,-0.01417264746,-0.00392156029,-0.02646347668,-0.006381120988,0.01412968941,-0.001568714074,-0.01670006457,-0.002519848953,-0.007153538712,0.008428307893,-0.002341103688,-0.01270192741,-0.01395868864,0.03424632511,0.01234383045,-0.007337898569,0.01043957419,0.004245458164,0.0002140003143,-0.00604188074,-0.0008630153766,-0.005731673548,0.005434477972,0.001299457697,-0.003392034188,-0.01081308995
2025-09-23,178.202713,253.7122192,220.7100067,251.1685638,251.8463745,337.5845642,425.8500061,166.1688843,743.3620605,101.9074173,308.25177,160.8999939,342.7036438,311.3728638,111.4574966,173.5400238,50.87923431,217.4486389,152.7738037,65.79232025,78.69946289,137.8310394,468.9334412,475.0758362,304.4647827,267.2453308,158.7174835,166.9754333,178.3532257,66.41739655,199.9786835,794.6398315,467.9222412,1113.75647,158.0617676,338.7810059,131.2962646,112.6491089,379.7200012,244.4742279,467.0422058,565.6525879,275.0879211,106.6656647,92.99524689,101.3790207,62.65429688,112.6136932,138.4714355,91.47344208,83.04348755,84.03769684,365.353302,570.4050903,256.3236084,318.7996521,198.9975586,91.21765137,124.9117737,203.25,490.3200073,366.2999878,85.26999664,74.4797287,24.3950367,70.82830048,47.86445236,44.2570343,78.57454681,99.07247162,119.9718781,59.20756149,271.0739746,44.98648453,84.0578537,41.26988602,280.6994629,113.0075912,255.2463837,74.6056366,43.33684921,143.9014282,104.1745071,133.7991943,135.380722,295.9323425,612.9406128,389.2580566,138.694458,33.72970963,224.3104248,288.1569214,186.5990295,80.47010803,477.3458252,216.3399963,272.7640686,318.994812,194.0662689,154.1289978,,-0.02821204789,-0.006443278871,-0.03040020217,-0.003445136452,-0.002135387433,0.0004427029352,-0.01925332331,0.01087348306,-0.01055706901,-0.002917746816,0.0009601525304,0.006946621547,0.01872256727,-0.04363859277,0.0172290235,0.01360423932,-0.004237354252,0.00008989831385,0.008779098465,0.007551674007,-0.005472683871,0.006168969067,-0.01103175715,0.004562943747,0.01531464245,0.00320582474,0.006962290618,-0.001119471855,0.0134729642,-0.003099674791,0.001745322488,0.0009434842044,-0.001779143037,-0.003925174733,0.0003109453937,0.00143713558,-0.002042392222,0.004476458574,-0.008900382686,-0.002264198365,0.005628720378,-0.04665251679,0.01062265411,-0.00004663293741,-0.005506681072,-0.004734717907,0.01693059044,0.002252751263,0.002223478533,0.01505471146,-0.009276668522,0.004689986929,-0.02587824073,0.00161406885,0.001264930827,0.01837116796,0.003938619005,0.0158676859,0.01382485397,-0.02368139518,-0.047533891,-0.01893566011,0.003058399015,-0.01204816229,-0.01828292877,-0.0004146452129,-0.00282890175,0.006829634389,-0.008150293849,0.00272239305,0.01250200569,0.02173186201,-0.03794925449,0.004428691399,0.01134733362,0.004402187456,0.002832211966,0.01697932623,0.001745167359,0.01823516567,-0.001556221273,-0.0001609373466,-0.02968306779,0.004306462534,-0.01711371912,-0.004349414424,-0.00716331146,-0.01638792072,0.002951206556,0.0262050135,0.009430913067,0.005265912505,0.01555704041,0.002136935057,0.0130727501,0.02003866318,-0.0005431190937,0.00167363704,0.001483209051,0.01579342372
2025-09-22,183.3761292,255.3575592,227.6300049,252.0368652,252.3853149,337.4351807,434.2099915,164.381485,751.2935181,102.2056274,307.9560852,159.7899933,336.4052734,325.5807495,109.5697174,171.2108307,51.09574509,217.4290924,151.4442596,65.29920197,79.13253021,136.9859772,474.1643066,472.9179382,299.872345,266.3913269,157.6200867,167.1625671,175.9822235,66.623909,199.6302643,793.8908081,468.7562256,1118.145386,158.0126343,338.2948303,131.5649719,112.1470871,383.1300049,245.0290222,464.4280701,593.3330688,272.1964722,106.670639,93.51017761,101.8613052,61.61118317,112.3605728,138.1642303,90.11676025,83.82106781,83.645401,375.0591736,569.4859009,255.9997864,313.048584,198.2168579,89.79284668,123.2084351,208.1799927,514.789978,373.3699951,85.01000214,75.38801575,24.8493557,70.85768127,48.00024033,43.95682526,79.22021484,98.80348969,118.490509,57.94823837,281.7668152,44.78813171,83.11472321,41.08900452,279.9067078,111.1208344,254.801712,73.26955414,43.40439606,143.9245911,107.3613205,133.2254639,137.7379303,297.2250977,617.3629761,395.7434692,138.2863464,32.86839294,222.2147369,286.6474609,183.7405701,80.29851532,471.1861267,212.0899963,272.9122925,318.4618225,193.7788544,151.7326202,,0.03928241079,0.04309573765,-0.0166320672,-0.00859770147,-0.009246235045,-0.01614631869,0.01910480435,0.01161437067,0.003936242688,0.004788390435,-0.007433792067,0.01524870643,0.01369211492,0.06314380403,-0.007091010998,-0.0112379264,-0.006315776823,0.0005393999656,-0.001024234273,-0.003311737191,-0.01361792938,-0.005149610765,-0.009570895665,-0.002609492789,-0.0003985703147,0.01865626139,0.007520174222,0.0172009746,0.001393664388,-0.006743769407,0.05481325093,0.0006956420052,0.01191740914,-0.00581003035,0.005002927999,-0.0004103772513,0.04160101978,0.003700063263,0.00002612697263,0.008193072143,-0.001277673855,0.006233237932,-0.003249515109,0.02530615011,0.001060065159,0.007888473699,-0.01695175225,-0.005086196262,-0.002646946797,0.005773425553,0.006143867118,0.008632963536,0.01017354194,0.005444652552,-0.003704249156,0.01332448755,-0.01167779774,0.0009792636624,-0.002017140597,-0.00004807995344,0.03893032902,0.00005353960987,0.009500095719,0.01710201943,0.006802681661,0.01786708673,-0.01825037404,-0.01304630324,0.02299150439,-0.007143531806,0.004129458758,-0.0005012369393,-0.009167704671,0.004895348614,0.02447383636,-0.007359716718,0.002067177082,-0.0140240386,0.02062047977,0.002802935946,-0.0008885418667,-0.00261964239,0.000639760917,0.01035247863,-0.00143609769,0.003693772711,0.00203698855,0.01914658162,-0.01356150559,0.006670633568,0.02375238336,0.02410905148,-0.007033445272,0.002022440974,0.01575249782,-0.01650822008,0.003743671317,-0.004381525502,-0.001767178723,-0.01749692423
2025-09-19,176.4449463,244.8074036,231.4799957,254.2225952,254.7407074,342.9729309,426.0700073,162.4942169,748.3478394,101.7185593,310.2625122,157.3899994,331.8613892,306.2433777,110.3522263,173.1567535,51.42050552,217.3118744,151.5995331,65.51617432,80.22502899,137.6950531,478.7463379,474.1552429,299.9919128,261.5124817,156.4436035,164.3358307,175.7373047,67.0762558,189.2565002,793.3389282,463.2356567,1124.67981,157.2260437,338.4337158,126.3103333,111.7336655,383.1199951,243.037796,465.0222168,589.6575928,273.0838623,104.0378418,93.4111557,101.064064,62.67361069,112.9349823,138.5309143,89.59946442,83.30922699,82.92947388,371.2819214,566.4020386,256.9515991,308.9322205,200.5589447,89.70500183,123.4574661,208.1900024,495.5,373.3500061,84.20999908,74.1204071,24.68145561,69.61388397,48.89254761,44.53787994,77.4397583,99.51437378,118.0032196,57.97729874,284.3738708,44.56994629,81.12918091,41.39365005,279.3292847,112.7013626,249.6537323,73.0647583,43.44299698,144.3026123,107.2926788,131.8603821,137.9360199,296.1312561,616.1079712,388.3086853,140.1875,32.6505928,217.0590668,279.899353,185.0420532,80.13644409,463.8788757,215.6499939,271.8944092,319.8633118,194.1219025,154.4347534,,0.002439717276,0.03203292636,0.001081174608,0.01067335793,0.01153259665,-0.001187266573,0.02211827057,-0.03647345928,-0.0143395471,-0.01225862857,0.004948391365,-0.003356121995,0.005585055794,0.04059078281,-0.009742855783,0.01165597317,0.002301871865,0.002162265166,-0.01655758476,-0.0004513913866,-0.0002452976302,0.007318926993,-0.003159503655,0.006323526164,0.0136322906,0.005282954147,0.0003161145849,-0.007613152134,-0.01238853364,-0.006843342692,0.001791787854,0.0008578628781,-0.000899363324,0.005030181306,0.004207373795,-0.001609787537,0.004749754271,-0.01432793289,-0.010307123,-0.01493675553,-0.0136310327,-0.01122426442,-0.001421803645,-0.001796136955,0.01125651373,0.002636575464,0.0148576995,-0.01960788989,-0.001072013494,0.003827268605,0.01365262357,0.01366580153,0.008699938995,-0.001254683133,-0.006563217664,-0.006523830357,-0.003635971933,-0.01668804959,0.01531911887,0.01220347071,0.03205518552,0.02321311419,0.03975801094,0.0004041731261,-0.009904860454,0.004096639626,0.003983303511,-0.001953208647,0.001138219273,-0.002695735581,0.00573147081,0.001841274771,-0.007864692411,0.000222580939,0.04341165701,-0.004350776629,0.03473161145,0.004136593366,-0.04606202014,0.006718609844,-0.01271924722,-0.00706059881,0.003669088079,-0.007445991066,-0.004076118242,-0.002645700595,-0.002949672151,-0.005298907542,-0.01088557624,-0.01346101358,0.001134487193,0.003643837358,0.02317882694,-0.01164025008,-0.001435728439,-0.0000464145667,0.001601764909,-0.001509841261,-0.003948668407,0.007722124973
2025-09-18,176.0155182,237.2089081,231.2299957,251.5378418,251.83638,343.3806152,416.8500061,168.6452942,759.2349243,102.9809647,308.7347717,157.9199982,330.018219,294.2976074,111.4379501,171.1616974,51.30241394,216.8430023,154.1519165,65.54576111,80.24471283,136.6945953,480.2637329,471.1757507,295.9573364,260.1381836,156.394165,165.5965424,177.9417419,67.53844452,188.9179993,792.6589355,463.6526489,1119.050781,156.5673065,338.9794006,125.7132263,113.3578491,387.1099854,246.7230377,471.4485474,596.3511963,273.4726868,104.2250443,92.37137604,100.7983017,61.75605774,115.1936874,138.6795807,89.25785065,82.18715668,81.81145477,368.0796509,567.1135864,258.6491699,310.9608765,201.2908325,91.22740936,121.5947418,205.6799927,480.1099854,364.8800049,80.98999786,74.09046173,24.92836761,69.3298645,48.69856644,44.62504196,77.35171509,99.78336334,117.3307419,57.8707428,286.6281128,44.56002808,77.75376129,41.57453156,269.9533691,112.2370834,261.7085571,72.57714081,44.00267792,145.3287201,106.9004517,132.8495789,138.5005646,296.9168091,617.9306641,390.3772583,141.7303162,33.09609985,216.8130951,278.8831482,180.8501587,81.08023834,464.5458374,215.6600037,271.4595947,320.3469849,194.8914642,153.2513275,,0.03494044004,-0.004644626317,-0.001683789819,0.01001889376,0.009925873229,-0.002368731188,-0.02115713981,0.05562844696,0.003683660287,-0.006425515743,0.004747527987,-0.007790936571,-0.01987639282,-0.01589209406,-0.01179621984,-0.0171557091,0.0142023257,0.005343998504,-0.007808091179,-0.008651552758,0.004806485737,-0.003540281716,0.01789949721,-0.00804404071,0.02621751778,0.02285007387,-0.000758002434,0.01736675304,0.007321172611,0.01417582509,0.06528932866,0.0127042215,0.03616921762,0.004726913839,0.01162579529,0.01687495755,0.03625926738,0.01115121618,-0.0001033411999,0.01108316728,0.01492159014,0.02256202671,0.007456353859,0.05740137657,0.01292211185,0.006387578774,-0.02396583147,-0.01268349442,-0.0007853206281,-0.001964472127,0.01236659423,0.002403182132,0.02179712506,-0.005770467273,0.004228810272,0.02363203934,0.01226880787,-0.003624076326,0.03090956487,0.01260337544,0.1286083504,0.05070986963,0.008718357707,0.04578751975,0.02601630586,0.00682703594,0.01209427751,0.01542531214,0.004956764725,0.008348625063,-0.005862966752,0.002349005439,0.006262308118,-0.003548402204,-0.004701993371,-0.01221450013,0.0040769978,0.01211471497,-0.0168157876,0.005675672133,-0.01191776579,0.004265056232,0.008510578573,-0.05952382238,0.02184888462,0.02165942726,0.01756628187,0.03893508496,0.004231672501,0.02014037721,0.01468889379,0.01683436907,0.003188872405,0.01033498725,0.001056808001,0.004798950547,0.008184768537,-0.002182680532,-0.006991653771,0.001546773983
2025-09-17,170.0730896,238.3157959,231.6199951,249.0427094,249.3612518,344.1959229,425.8599854,159.758194,756.4484253,103.6469498,307.2759705,159.1600037,336.7108154,299.0501404,112.7681885,174.149353,50.58400345,215.6903534,155.3650208,66.11778259,79.86086273,137.1802521,471.8184204,474.9966431,288.3963013,254.3267975,156.5128021,162.7697601,176.648468,66.59441376,177.3396149,782.7151489,447.4680786,1113.786011,154.7680054,333.3540649,121.3144531,112.1077118,387.1499939,244.0185394,464.5172119,583.1931763,271.4486694,98.56715393,91.19297028,100.1585312,63.27243423,116.6735153,138.7885742,89.43354034,81.18319702,81.6153183,360.2277222,570.4050903,257.5599976,303.7818909,198.8511658,91.55922699,117.9489899,203.1199951,425.3999939,347.269989,80.29000092,70.84657288,24.29626846,68.85975647,48.11663055,43.94714355,76.97019196,98.95720673,118.0227051,57.73512268,284.8443298,44.71870804,78.12108612,42.08862305,268.8572388,110.8936386,266.1846619,72.1675415,44.53341675,144.7115173,105.9983444,141.257782,135.5391846,290.6221008,607.2633057,375.7474976,141.1330872,32.4426918,213.6744537,274.2660522,180.2752838,80.25084686,464.0554199,214.6300049,269.2557983,321.0477295,196.2636719,153.0146484,,-0.02624656255,0.003527257082,-0.01038243069,-0.006489943102,-0.006244455704,-0.03841665708,0.01005642589,0.00736682803,-0.005989255816,0.008218802537,0.00827957715,-0.00810172627,0.005385796823,-0.01708778878,0.005319078026,0.004193520487,0.01460726729,0.02103948453,0.00344751464,0.01207727635,0.000616667202,0.008569578803,-0.01684899785,0.01779546017,-0.01184416781,0.006057813028,-0.001702723131,0.006823416928,0.01503121724,0.01180351638,0.02644936893,0.0110626324,0.02266997108,0.01152045328,0.01026885154,0.02739723837,0.01187019927,-0.0012277528,-0.01075733752,0.009094598144,0.000896060824,0.01815462294,0.0008455872218,-0.0007065769045,0.01164451537,0.01112874975,0.01080079438,-0.008275422432,0.003511100833,0.00295533113,0.01339238479,-0.01363040924,-0.02112121314,-0.003935330255,0.002444309382,-0.004903146169,0.01408373766,-0.007615678792,-0.005292347271,0.00884076096,-0.001338139593,-0.004985589821,0.006392606468,0.03078718445,0.01227983848,0.006873627771,0.02521194321,0.01840216706,-0.0006350638452,0.008419068201,0.007068599922,0.003366982831,0.01993331703,-0.004635767437,-0.004176056878,0.01074525112,0.005968959674,0.01262851663,-0.01075930402,0.007076684757,-0.004100073109,0.00730351859,-0.00239939725,-0.0009094640271,-0.02019052393,0.000993309091,-0.0001146671091,-0.00589567733,-0.03557356187,0.009239212987,0.0054167437,-0.0003236908319,-0.008432068213,-0.01197171807,-0.00252992246,-0.00181378189,-0.002672208825,-0.003431311346,0.003460608218,-0.008562300016
2025-09-16,174.6572418,237.4781494,234.0500031,250.6695404,250.9281616,357.947052,421.6199951,158.5898895,761.0062866,102.8020401,304.7527466,160.4600067,334.907074,304.2490845,112.1715393,173.4221039,49.85574722,211.2458496,154.8312378,65.32878876,79.81164551,136.0146637,479.9043274,466.6916504,291.8530579,252.7954102,156.7797546,161.6666412,174.032547,65.8175354,172.7699585,774.151001,437.5488586,1101.10083,153.19487,324.4646301,119.8913193,112.2455215,391.3599854,241.8192902,464.1013489,572.7943115,271.2193298,98.63684845,90.14329529,99.05615997,62.59634399,117.6470947,138.3029785,89.17001343,80.11032867,82.74314117,368.0003357,572.6586914,256.9319763,305.278717,196.0894928,92.26186371,118.5765381,201.3399963,425.9700012,349.0100098,79.77999878,68.73055267,24.00153351,68.38967133,46.93334961,43.15303421,77.019104,98.13103485,117.1943054,57.54138184,279.2774048,44.92697906,78.44869232,41.64117813,267.2619629,109.5106812,269.0797729,71.66042328,44.71675873,143.6622772,106.2532883,141.3863678,138.3321838,290.3337097,607.3329468,377.9759216,146.3388824,32.14569092,212.5232697,274.3548584,181.8083038,81.22322845,465.2324219,215.0200043,269.9772339,322.1531372,195.5868225,154.3361206,,-0.0161462105,0.006125890182,0.01132096296,-0.00178844516,-0.001350574371,-0.01123341565,0.02824111387,0.006655248021,0.02207997164,-0.002603917038,0.0009388809265,-0.004343490521,-0.02331202982,0.01492668896,0.02073871875,-0.005298648259,0.001383690822,-0.006203739529,0.01417574421,0.0004530957669,0.0008639460117,-0.004337356557,0.01323614397,-0.01103357488,0.02158453134,0.004995252005,0.00132607473,0.01811184621,-0.0031986552,-0.001342835671,0.01526932005,-0.00156334253,0.01085012619,0.003389862937,-0.005298684469,-0.0006722304262,0.01056955616,0.006798514107,-0.004704880709,-0.003307326324,-0.0008739256191,0.004313620824,-0.008420595067,0.001678564212,-0.01161781317,0.008517821267,-0.001232842536,0.0280754913,-0.01147546151,-0.009969685029,-0.0002458391346,0.02044030957,-0.01158332521,0.008389272024,-0.00769316084,0.010068094,-0.007507647243,0.02393580022,-0.0002939543055,0.0002980800823,0.01614978248,-0.007140359941,-0.01506174347,0.02120722275,-0.01650548007,-0.02335649837,-0.01825931502,-0.004912844727,-0.02150137517,-0.03129445642,-0.0173245348,-0.01947837394,-0.01578478514,-0.007449602987,-0.004284439777,-0.00296325646,-0.004810469851,-0.01492797076,-0.01125574427,0.0002724140711,-0.0002156973973,0.0025304306,-0.009958824678,0.009606513854,0.06148352054,-0.007040001436,-0.002160330346,-0.01929062623,0.0121859592,-0.0009229855411,-0.001156049052,0.003355582604,0.008905985032,0.01404419198,0.002260961059,-0.003383525968,0.0006227726208,-0.001773888464,-0.003731079369,-0.001021342109
2025-09-15,177.5235748,236.0322418,231.4299927,251.1186523,251.2675171,362.0137024,410.0400085,157.5414124,744.5662842,103.0704269,304.4668884,161.1600037,342.9007874,299.7744446,109.8925095,174.3459015,49.7868576,212.5645447,152.6670685,65.29920197,79.74275208,136.6071777,473.6352234,471.8983765,285.6866455,251.5389099,156.5721283,158.7906494,174.5910034,65.90603638,170.1715546,775.3631592,432.852356,1097.380859,154.0109253,324.6828918,118.6373749,111.4875717,393.2099915,242.6217194,464.5072937,570.3341064,273.5225525,98.47155762,91.20287323,98.21954346,62.67361069,114.4342957,139.908493,90.06796265,80.13002777,81.08572388,372.3129578,567.8944702,258.9239197,302.2357788,197.5727997,90.10512543,118.6114044,201.2799988,419.2000122,351.519989,81,67.30323792,24.40433884,70.02521515,47.80625916,43.36608505,78.7115097,101.3012009,119.260437,58.68445969,283.7564392,45.26417923,78.78624725,41.76493835,268.553833,111.1702271,272.1429443,71.64090729,44.7264061,143.2996674,107.3220901,140.0410614,130.3196716,292.3921509,608.6478271,385.4107361,144.5770721,32.17538834,212.7692413,273.4373169,180.2034149,80.09831238,464.1829224,215.75,269.8092041,322.7256165,196.3193054,154.4939117,,-0.0003936843138,0.01123592641,0.01437650172,0.04489198014,0.04300273592,0.01172642359,0.03561147148,0.003434540462,-0.009531463296,0.001932571513,0.00648393508,0.01633345663,-0.006879788255,0.03408868163,0.001694012131,-0.003706606355,0.000197566847,-0.003343477593,0.001272958665,-0.004361018689,-0.01195125797,-0.02013504942,-0.009540147531,-0.01101564399,0.0180693725,0.01104796648,0.01616930598,-0.003769429073,-0.0240963506,0.007365008182,0.01865311259,0.008589030507,0.01024295337,-0.007388376595,0.001598467504,0.005994242524,0.01923732001,-0.009362816512,-0.003345771749,-0.00122343472,-0.002975553963,0.02248215648,-0.01359169341,0.02581892718,-0.01539447007,0.00351969209,-0.01067241052,-0.005247160645,0.01211641944,0.000108521551,-0.0006136497631,0.009523733535,0.02634598666,-0.002465536946,0.001936580216,-0.01555699666,0.002376478361,-0.001081954227,0.004718611417,0.02542159898,-0.01469032747,0.0234074117,0.01656626117,0.00118781937,0.004448023518,-0.001954369129,0.003256548782,-0.00929202757,-0.004454293554,-0.01356408254,0.003444140734,0.008825976986,-0.0112696446,0.02057240211,0.001388140596,-0.002274321005,-0.007200078702,-0.01072436332,-0.003689694719,-0.02027228579,0.0032466499,-0.005887430857,-0.01147043667,0.001556506772,0.007118291704,-0.003085396273,-0.007761325075,0.008234717716,0.002484679976,0.0009238382304,0.006235116063,0.008881655062,-0.01681547179,-0.00391228326,0.004116188586,-0.0008798853351,-0.006151980112,0.002544977223,0.001324153037,-0.007664424802
2025-09-12,177.5934906,233.409668,228.1499939,240.3297729,240.9078217,357.8177795,395.9400024,157.002182,751.7313843,102.8716202,302.5054626,158.5700073,345.2762146,289.892395,109.706665,174.9945374,49.77702332,213.2776337,152.4729767,65.58522034,80.70730591,139.4142914,478.1972961,477.154541,280.6160889,248.7902832,154.0807495,159.3914642,178.901886,65.42418671,167.0554504,768.7602539,428.463623,1105.549072,153.7651367,322.7482605,116.3981857,112.541275,394.5299988,242.9189148,465.8935852,557.7937012,277.2914124,95.99311829,92.62884521,97.87505341,63.34970474,115.0379181,138.2335968,90.05818939,80.17922974,80.32077026,362.7557983,569.2980957,258.4234619,307.0119629,197.1043854,90.20272064,118.0543518,196.2899933,425.4500122,343.480011,79.68000031,67.22338867,24.29626846,70.16233826,47.65108109,43.77282333,79.06368256,102.6941528,118.8510971,58.1710434,286.9907227,44.35175705,78.67703247,41.86014175,270.5014648,112.3753815,273.1507874,73.12328339,44.58166504,144.1483307,108.5674057,139.8234253,129.3985748,293.2970886,613.4086914,382.2629089,144.2187347,32.14569092,211.4508209,271.0301208,183.2854462,80.41291046,462.2800903,215.9400024,271.4793396,321.9063721,196.0596924,155.6871643,,0.003668780775,0.01756295951,-0.007827802025,0.001788943811,0.002491921653,0.0006673122159,0.07356092585,0.04423188286,-0.001176801847,0.008183101322,0.004418224693,0.01862921044,-0.003110760155,-0.05093210372,0.0001784111144,-0.002464950841,-0.003349677421,-0.008536915985,-0.007203694714,-0.009020894126,-0.02748095154,-0.004853388141,-0.02431781937,-0.003205153747,0.0004617568696,-0.01389050253,-0.01141753945,0.001981348504,-0.009492873122,-0.01713701959,-0.01381123276,-0.005951097064,0.0003244666215,-0.009495834355,-0.0005750301251,-0.01217661201,0.01193981481,0.004615945276,-0.007146982341,-0.01220594623,-0.0124878901,-0.01443148611,-0.0168971321,0.004941316969,-0.004258110434,0.006274133848,0.004370138608,-0.0153332625,-0.009586026396,0.001519489152,0.002584581804,-0.005585186419,0.01616316356,-0.01199068405,-0.01130008478,-0.009939899632,-0.003797811591,-0.01806004284,-0.006612538111,-0.01028593015,-0.02887467181,-0.03163236773,-0.01495857453,0.01141307236,-0.005229280221,0.0044868294,-0.00385238848,-0.002207532584,0.00597457377,-0.0008411732481,-0.001310383165,0.0006665777721,-0.005772035673,-0.02613244679,-0.005022091471,-0.003851373267,-0.02242422204,-0.02808415878,-0.008180242358,0.004151689907,-0.02818668855,-0.01952134267,-0.009925825912,-0.016695788,-0.02492727714,-0.02224437118,-0.0241792667,-0.01824770492,-0.03018741464,-0.0115676426,-0.005230464023,0.002627728953,0.003234090363,-0.003544076371,0.001232108207,-0.01840994114,-0.004926243376,-0.01052731901,-0.01788119551,-0.0100333546
2025-09-11,176.9443207,229.3810577,229.9499969,239.9006042,240.3089905,357.5791626,368.8099976,150.3518372,752.6170654,102.036644,301.1748047,155.6699982,346.3536377,305.449585,109.6870956,175.4269562,49.94432068,215.1140442,153.5793152,66.18224335,82.98789215,140.094223,490.1158447,478.6888123,280.4865723,252.2947845,155.8602905,159.0762787,180.6164551,66.56491089,169.3950043,773.3626099,428.324646,1116.147827,153.8536072,326.7266846,115.0248108,112.0241776,397.3699951,245.9206085,471.7851868,565.9613647,282.057373,95.52111816,93.02495575,97.26480103,63.07406235,116.8292923,139.5715332,89.92155457,79.97253418,80.77189636,356.9857788,576.2072144,261.3770447,310.0942688,197.8558044,91.86174774,118.8401871,198.3300018,438.1000061,354.7000122,80.88999939,66.46482086,24.42398834,69.84893799,47.83536148,43.86966705,78.59411621,102.7806091,119.0070419,58.1322937,288.6568604,45.54187775,79.07415009,42.0219841,276.7063904,115.6225433,275.403656,72.82095337,45.87472153,147.0183258,109.6558304,142.197525,132.7065887,299.9697266,628.6079712,389.367981,148.70784,32.52189255,212.5626221,270.3197937,182.6945953,80.69891357,461.7112122,219.9900055,272.8233337,325.3312378,199.629303,157.2650604,,-0.000846024855,0.01428630226,-0.001649827985,0.005017311511,0.005092700968,-0.02689616345,0.06043873745,0.07549990193,0.002199806044,0.02230853902,0.01670320134,-0.02425720998,0.01969550506,-0.06234588245,-0.003200014199,0.01541603483,0.0123678394,0.04054057246,0.002915287468,-0.002948980127,0.01332856234,0.01100506262,0.03120410059,0.02303780694,-0.006527679024,0.0005060502136,0.01709679241,0.01610568599,0.00184781306,-0.006458229446,0.0411821122,0.01968614575,0.02002788856,0.02837099029,0.01531274013,0.01846301808,0.07656479126,0.03460076198,0.0226998008,0.004166536603,0.01084116185,0.02225494001,0.01960710769,0.02857499639,0.01843027171,0.01698053108,0.001962780851,-0.002162029653,0.006935412192,0.006225413586,0.01183067028,-0.006274112927,-0.005990377803,0.005311531622,0.01454967588,0.02653624287,0.004259865257,-0.002014454106,0.003190877664,0.005067653123,0.1297643186,0.04776537821,0.01774026136,-0.007600702588,0.01718486796,0.003941532329,0.002439076644,0.00398944587,0.01400991952,0.01249179753,0.00626291536,0.009929349497,0.02441738862,0.0231729208,0.01555519802,0.01494601834,0.01515207495,0.02264645353,0.0187879819,0.009463360743,0.008271395405,0.01130383452,0.02803836115,0.01318017689,0.009568958652,0.02452194522,0.02333280506,-0.001358388844,0.02111953617,0.02496105339,0.003950000342,0.006021473918,0.01382426865,0.009540912997,0.01478864496,-0.03309598557,0.0152244921,0.02033744549,0.01705244532,0.03841894683
2025-09-10,177.0941467,226.1502075,230.3300018,238.7029572,239.0913696,367.4624939,347.7900085,139.7971649,750.9650879,99.81002808,296.2268677,159.5399933,339.6637878,325.7593384,110.0392227,172.7636261,49.33416367,206.7329712,153.1328888,66.37799072,81.89633179,138.5692596,475.2850037,467.9092102,282.3295288,252.1671753,153.2403717,156.5548553,180.2833252,66.99759674,162.6948853,758.4320068,419.9146423,1085.355225,151.5332184,320.8036804,106.8442993,108.2776871,388.5499878,244.9002228,466.7253418,553.6401367,276.6333923,92.86743164,91.34150696,95.64076996,62.9505043,117.082428,138.6102142,89.36521912,79.03746796,81.28186798,359.137146,573.1628418,257.6286316,302.0782471,197.0165405,92.04717255,118.4621887,197.3300018,387.7799988,338.5299988,79.48000336,66.97386932,24.01135635,69.57470703,47.71897125,43.69534683,77.50823212,101.5125351,118.2663498,57.56075287,281.7766113,44.51044083,77.86297607,41.40317154,272.5762939,113.062088,270.3247986,72.13828278,45.49838638,145.3750305,106.6651154,140.3477173,131.448761,292.7899475,614.2752075,389.8976135,145.6321564,31.72988129,211.7263031,268.7018127,180.2034149,79.93624878,454.9826355,227.5200043,268.7320251,318.8467102,196.2822113,151.44664,,0.03847515963,-0.03225941255,-0.0332018279,-0.001919582098,-0.001583731613,0.0977217622,0.002363337814,0.03519664082,0.005342187627,-0.01837912012,0.00903129581,0.02387360921,-0.003276708691,0.3594881403,0.0167193693,-0.006611745724,-0.003181533555,0.005797918273,0.01898600317,-0.0005895172529,-0.006854941713,-0.003074665701,-0.01216803523,-0.001563056362,0.02595582147,-0.008606262099,0.02141680178,0.001827802438,-0.005512711457,0.011731651,-0.0004892388544,0.007409142942,0.01152861073,-0.002514348232,0.0124818868,-0.003052365832,0.01695558226,-0.008841678146,-0.02000106682,-0.00390839407,-0.008936041628,-0.001257726186,0.00166082982,0.01623571707,-0.01526634365,-0.001746410466,0.0006044095338,0.02514705959,-0.0007858232384,0.003837253159,-0.005695970177,-0.01109648342,0.04026069,0.01441485157,0.001411256219,-0.02115641097,0.007384787031,0.02677985113,0.01969344331,-0.001113648278,-0.3583731788,-0.06423968527,-0.004508930329,0.003890040041,0.02345067601,0.01384325285,-0.003443387414,-0.003753642816,-0.0007567730152,0.001231687694,0.008057812786,0.009685663429,0.001253565505,0.02255643117,0.03306119834,-0.001836105532,-0.005214843023,-0.00440568707,0.002051161154,0.03094061889,-0.001693846158,-0.01081415122,-0.005485517955,0.006098506083,0.01865081026,0.006804804888,0.004086468313,0.04471572504,-0.0128862666,-0.004658462299,-0.003980576189,-0.00398617249,-0.0002657253269,-0.00651660908,0.01489952653,-0.008713837412,0.01819728499,0.005352691434,-0.01167135174,0.003201079654
2025-09-09,170.5328674,233.6888733,238.2400055,239.1620483,239.4706268,334.7501221,346.9700012,135.0440674,746.9746094,101.6787949,293.5755005,155.8200073,340.780426,239.6191101,108.2296906,173.9134979,49.49162292,205.5412598,150.2796783,66.41714478,82.46160126,138.9966278,481.1395264,468.6417236,275.1868286,254.3562317,150.0272675,156.2692261,181.2826843,66.22071838,162.7745209,752.8540039,415.1287842,1088.091064,149.6651154,321.7858887,105.0628967,109.2435837,396.480011,245.861145,470.9336243,554.3373413,276.1747131,91.38375092,92.75757599,95.80809021,62.9124794,114.2103729,138.719223,89.02361298,79.490242,82.19393158,345.2376404,565.0181885,257.265564,308.6072693,195.5722809,89.64645386,116.1743164,197.5500031,604.3699951,361.769989,79.83999634,66.71434784,23.46117592,68.62471771,47.88385391,43.85998154,77.56693268,101.3876572,117.3209991,57.00858688,281.4238281,43.52859116,75.37111664,41.47933197,274.005188,113.5624084,269.7714539,69.9732666,45.57558441,146.964325,107.2534561,139.496994,129.0420227,290.8110352,611.7752075,373.2092896,147.5333099,31.87838554,212.572464,269.7771912,180.2513123,80.46057892,448.3031311,229.5200043,263.9292297,317.1491089,198.6001434,150.9633942,,0.01455641511,-0.01483938701,0.01017642975,0.023884817,0.02468397201,-0.02597998343,0.001645517709,0.02875397207,0.01620557351,0.00009785426753,0.01686526613,0.02912623707,0.08640129091,0.01270551011,0.007282658817,-0.006568144499,0.01678128962,0.003003048171,0.005519534253,0.006377030068,0.006183869268,0.009808775275,-0.01074540422,-0.002507169512,0.0006882607267,0.01179263091,-0.01601615416,-0.009860249881,-0.004251434487,0.006877994281,0.008947898819,0.02974995916,-0.01109320882,0.000678746544,0.02305266778,-0.003288191982,0.00475871767,-0.01400134581,0.003111982255,-0.003213113517,-0.0122739652,-0.003420225946,-0.001729988916,0.009626126867,0.0023541212,0.01533321771,0.006385850272,-0.002889929501,-0.006177133281,0.004183688846,0.0204700377,-0.004277145181,-0.003605175027,-0.01764893023,-0.01687426988,0.02248840044,-0.01648914089,0.005032888133,0.05654066195,0.0008612735066,-0.00773301018,0.003133247336,-0.006470934153,0.01272721377,0.01617011075,0.004299893661,0.01479958249,-0.01564875906,-0.003894537683,-0.002834501576,0.001747545645,0.01553060388,-0.006126394885,-0.0593655814,0.002244209704,0.00577088433,-0.0007852513416,-0.001035550871,-0.1203686585,0.02120704049,0.01091615542,-0.005689529189,-0.01927732394,-0.02083047718,-0.03158910392,-0.02164530965,-0.02052348649,-0.005485421991,-0.0191250838,-0.007092150128,-0.005569351677,-0.007764972968,0.003333275294,0.0009488301779,-0.004465134044,-0.006191784779,-0.01063185748,-0.004307149638,-0.002561139543,-0.00597417984
2025-09-08,168.0861359,237.2089081,235.8399963,233.582962,233.7019348,343.678894,346.3999939,131.2695465,735.0625,101.6688461,288.7063904,151.4100037,313.6782227,236.6128235,107.4471893,175.0633392,48.67479706,204.9258575,149.4547577,65.99628448,81.95480347,137.6464844,486.3657227,469.8196411,274.9975586,251.3916626,152.4692383,157.8254242,182.0566864,65.76836395,161.3309479,731.1036987,419.785553,1087.353027,146.2926788,322.8474731,104.5653,110.7948608,395.25,246.6536713,476.785675,556.2398071,276.6533203,90.51246643,92.53972626,94.36122894,62.51327896,114.5413895,139.5814362,88.65271759,77.89571381,82.54699707,346.4867859,575.1693115,261.6812439,301.8198242,198.8511658,89.19753265,109.9572601,197.3800049,609.0800171,360.6400146,80.36000061,65.87593079,23.08784294,68.3309021,47.1855278,44.55724716,77.87020111,101.6758575,117.116333,56.13674927,283.1585693,46.27577972,75.2023468,41.24133301,274.22052,113.68013,306.6869507,68.52015686,45.0834465,147.8052673,109.3616562,142.4645996,133.2513123,297.2449951,624.5940552,375.2677917,150.4099121,32.10608673,213.7629852,271.8883972,179.6524811,80.38430786,450.3138428,230.9499969,266.7654419,318.5210266,199.1100922,151.870697,,0.007723626472,-0.00755138787,0.01510779701,-0.003194407817,-0.003404819401,0.03212985531,-0.01265534856,0.0006853562334,0.01571759638,0.01761009594,-0.004993579488,0.001786451459,0.01540944324,0.02439855803,0.005676017821,-0.001681216734,-0.006228611394,-0.01303163651,0.002212719438,-0.007798692766,-0.007319071735,-0.03196943269,-0.01004875642,0.01088349289,-0.01138857298,0.03041883834,-0.02094975543,0.002502561928,-0.01122746762,-0.0002990848861,-0.004301108888,0.004930858167,-0.0007091021812,0.005249586422,0.004726831974,-0.002482980603,0.0205925291,-0.0007918884313,-0.002196291851,0.007730464014,0.01743230447,-0.02605606393,0.0003245264656,0.004297936176,0.01520909461,0.004926515432,-0.0117206002,-0.00237426007,0.01134562036,-0.01035087485,0.002279731933,-0.01474889829,0.001317960072,0.001893839318,0.001652566448,-0.01747244263,-0.003082189449,-0.01667563111,0.0008148280653,0.01501593165,0.01829003607,0.02743512896,0.01940883856,0.04216006738,-0.0008503521384,-0.01593800903,-0.003073775859,-0.01096301768,0.001132018618,0.001229782016,-0.003648110928,-0.00412442212,-0.003277455809,0.006905370674,-0.005513957723,-0.02388452709,-0.0121632985,0.007214221217,0.007989072674,-0.04770935748,-0.008909649708,0.001201971651,0.01409341608,-0.02200185762,-0.0006686424978,0.01390721555,0.007147025853,0.008134169151,0.002653905083,-0.003074018315,-0.01384416647,-0.007776865038,-0.005612677531,-0.008466606607,-0.01032546638,0.005835966789,-0.004388999653,-0.0004336406711,0.002333756347,-0.008370814593
2025-09-05,166.7978516,239.0137939,232.3300018,234.3315125,234.5003662,332.9802856,350.8399963,131.1796417,723.6878662,99.90943146,290.155304,151.1399994,308.9179688,230.9773102,106.8407593,175.3581543,48.97987366,207.6316376,149.1247864,66.51501465,82.55905914,142.1922913,491.3027039,464.7614136,278.1654663,243.9703674,155.731781,157.4314423,184.1239319,65.78804016,162.0278473,727.5164185,420.0834351,1081.674683,145.6044312,323.6510925,102.4554825,110.8826675,396.1199951,244.7615509,468.6166077,571.1209717,276.5635681,90.12511444,91.15336609,93.89863586,63.25466156,114.8139877,138.015564,89.57994843,77.71853638,83.78269958,346.0307312,574.0820923,261.2495117,307.1871338,199.4659576,90.71018219,109.8677368,194.4600067,598.1400146,351.0100098,78.83000183,63.21095276,23.10749245,69.43759918,47.33101273,45.05114365,77.78215027,101.550972,117.5451508,56.36923981,284.0896606,45.9584198,75.61930847,42.25046539,277.5970154,112.8658905,304.2562256,71.95298767,45.4887352,147.6278229,107.8417969,145.6696014,133.3404694,293.1678467,620.1617432,372.2399292,150.011795,32.20508575,216.7639008,274.0194092,180.6665039,81.0707016,455.0120544,229.6100006,267.9414368,318.6592102,198.6464996,153.15271,,-0.02703012547,-0.0003754333709,-0.01421415033,0.01162291135,0.01078827684,0.09405422814,0.0363630922,0.05764420493,-0.02113311569,-0.004161276953,-0.03107096223,-0.06582603584,0.01614152025,0.04394623652,-0.02820278995,-0.001846176081,-0.01132300954,-0.002065781894,-0.02555657102,-0.004249006734,0.007852380829,0.006345169168,0.006353545555,-0.006075551901,-0.01076962097,0.005461643136,-0.007310239003,0.0008139461342,0.003417111736,-0.01603156378,0.02850092432,-0.01427436344,0.006805906449,-0.003987163115,-0.01620940175,-0.01339774985,0.02519424156,0.009235367538,-0.002040655968,0.003900774579,-0.003453277469,0.0108601138,-0.008932412697,0.03641410208,-0.05715452073,-0.01730519499,-0.000600417363,-0.03018091575,-0.01248053754,-0.0009796700178,-0.03507279113,-0.01815887768,0.002326027088,0.001793923432,0.002145558993,0.01814655982,-0.01427469959,-0.02944552864,-0.02039908955,0.01096958952,-0.006345948543,0.004809272773,0.03126634371,-0.01201233663,0.01554400888,0.000423304315,-0.007524868389,-0.01168474299,-0.02740061492,-0.02875771219,-0.002151088358,0.001169883366,-0.0003792718282,0.005860725674,0.01722772594,0.004526930625,0.01263841636,0.0202182204,-0.01307685531,0.001221293913,0.009638070892,0.005908124172,0.003101053115,0.01600657372,0.02880951215,0.008483671193,0.005929209848,-0.009545588416,0.01276800768,-0.003980482082,-0.01232858169,-0.007184726041,0.01083094132,0.006628758185,0.01543173659,-0.004940409056,0.004259570737,0.001302616616,-0.004229453857,-0.00141465203
2025-09-04,171.4316711,239.1035614,235.6799927,231.6391907,231.9975128,304.3544617,338.5299988,124.0300293,739.3118286,100.3269196,299.4598083,161.7899933,304.0107727,221.2540283,109.9414139,175.6824951,49.54082489,208.0614471,153.0358582,66.79884338,81.91582489,141.2957458,488.2008972,467.602356,281.1938171,242.6451263,156.8786011,157.3034058,183.4969025,66.85990906,157.5378723,738.0516357,417.2437134,1086.004761,148.003479,328.0461731,99.9376297,109.8679962,396.9299927,243.8105011,470.2404785,564.9851685,279.0562134,86.95859528,96.67900848,95.55218506,63.29266357,118.3870163,139.7598419,89.66779327,80.54341888,85.33223724,345.2277222,573.0540771,260.6901855,301.7120972,202.3545074,93.46222687,112.1556091,192.3500061,601.960022,349.3299866,76.44000244,63.979496,22.75380707,69.40821838,47.68987274,45.58377838,79.9734726,104.5578156,117.7985458,56.30337143,284.1974487,45.6906395,74.33862305,42.06006241,274.1324158,110.6291656,308.2876587,71.86521912,45.05449677,146.7607422,107.5084076,143.3746643,129.6065674,290.7016296,616.5063477,375.8274231,148.1205902,32.33378983,219.4696503,276.0024109,178.7306824,80.53684235,448.0971375,230.75,266.8049622,318.2446594,199.4902344,153.3696747,,0.006095346238,0.005493355773,0.04287794569,0.007110011966,0.006750254681,0.01226892116,0.01328983953,0.04624328459,0.006885004212,0.01498388382,0.01439014396,-0.002097154052,0.008120052793,-0.002013852774,0.00437855726,0.004269673075,0.01118649927,0.005380925809,-0.002340819406,-0.0107261952,-0.001544244713,-0.01177339669,0.01019505088,0.004486705545,0.02297672207,0.01261773869,0.003604943487,0.02122908835,-0.04316960447,0.004728613754,0.01273610257,0.02510404279,0.01228566682,0.008431145625,0.01346518039,0.02143883592,0.02741963569,0.01496172631,0.0007815984126,0.006379068096,0.01145850168,0.006065925037,0.005966526067,0.03482633544,0.01465389266,0.02157214174,-0.0006004784673,0.008459054207,0.01111360474,0.002291134004,0.01639540131,-0.002750653403,0.01524825897,-0.002151519976,0.01691869313,-0.04210335903,0.01151215805,0.01183297061,0.0186105409,0.0042813519,0.01661829855,0.005787110462,-0.001828145551,0.02872722872,0.01489925148,-0.01061007496,0.01297887863,0.01422106097,0.01464556121,0.01312472634,-0.005185248041,-0.002206293887,-0.004497440525,-0.003029568025,-0.003858017355,0.01005937623,-0.01321120115,-0.00194711493,0.00006405101589,0.005046402017,-0.01705273765,0.00870213073,0.004121207906,-0.001859416472,0.009800198824,0.014858551,0.01271269835,0.004487075596,0.004726251474,0.01177202381,0.00586230018,0.005643650846,-0.0002662930825,-0.009497024491,0.01734734071,-0.007014393875,0.002413428887,-0.001146145857,0.005420544174,0.02315798967
2025-09-03,170.3930664,237.7972565,225.9900055,230.0038605,230.4419708,300.6656189,334.0899963,118.5479813,734.2564697,98.8458252,295.2116699,162.1300049,301.5620728,221.7005005,109.4621277,174.9355774,48.99276733,206.947876,153.394928,67.52310944,82.04251862,142.9790955,483.2738953,465.5137329,274.8780212,239.6216431,156.315094,154.0334167,191.7757874,66.54524231,155.5566864,719.9772949,412.1798096,1076.925049,146.0370636,321.1608582,97.27050781,108.2484131,396.6199951,242.2650757,464.913269,561.5786743,277.4010925,84.03206635,95.28274536,93.53444672,63.33069229,117.3939743,138.2236786,89.46282196,79.24417877,85.56760406,340.0426636,574.2896729,256.3530273,314.9735413,200.0514832,92.36922455,110.1064682,191.5299988,592.1199951,347.3200073,76.58000183,62.19286728,22.41976929,70.15254211,47.07884216,44.94461823,78.81912231,103.2033005,118.4125443,56.42786789,285.4813843,45.82948303,74.62653351,41.64117813,277.8025208,110.8449936,308.2679138,71.50437927,45.83612823,145.4946289,107.0671616,143.6417542,128.3487244,286.4454651,608.7672729,374.1485901,147.4238281,31.95758438,218.1905518,274.4534912,178.7782898,81.30903625,440.4563904,232.3800049,266.1625977,318.6098328,198.4147186,149.8983307,,-0.0009368051518,0.0380898984,0.002884570719,0.09136501093,0.09014584633,0.01391510012,0.01436121932,0.00202554848,0.00359096966,0.01624942347,-0.0006340116407,-0.001170542341,-0.002979181047,-0.008211318531,-0.02423926283,-0.0003369245796,-0.007139953179,-0.0002830527475,-0.0232960955,-0.001013728967,-0.0152082358,-0.01091298995,-0.006112414809,-0.00497747592,0.001960826629,0.0107660787,0.0006330470898,-0.009447247187,-0.02036923208,-0.001917387556,-0.008377261169,-0.0003966683923,-0.002235352582,-0.01370688475,-0.002149759824,-0.022555583,0.007317316364,-0.003144643041,-0.01092270544,-0.0151820694,-0.01522717753,-0.0243986619,0.005093759136,-0.002894744061,0.001040323997,0.002637744087,-0.007448191601,-0.04377470487,0.006494764045,-0.004669350801,-0.0155293532,-0.0281800076,-0.002210848245,-0.01410107716,-0.003851220233,-0.002295742345,-0.002044539291,-0.04384282181,0.01318073056,0.005301251754,0.0001857829255,0.01315600419,-0.004549570684,-0.03544890073,0.006172841091,-0.01403993365,0.0004122775375,-0.0002153676439,0.0001243018188,0.0001861800157,-0.003199599137,-0.003720030227,-0.003114383721,0.028259777,-0.005800164537,-0.001369870658,-0.01069989984,0.002484290163,0.006192352605,-0.01039274187,0.001898373362,0.007759798303,-0.003649862282,-0.008128354349,0.004417834453,-0.0151800586,-0.008403973724,-0.0007206000322,-0.0100921428,0.002795861976,-0.001036106397,-0.0002156698126,0.005174371773,0.0007039541717,-0.007602191972,-0.02106327364,-0.001408988997,-0.004870793994,-0.01654402686,-0.01471448572
2025-09-02,170.5528412,229.0719299,225.3399963,210.7487946,211.3863678,296.5392456,329.3599854,118.308342,731.6292114,97.26531982,295.3989563,162.3200073,302.4631653,223.536026,112.1813202,174.9945374,49.34508896,207.0064697,157.0536652,67.59162903,83.30950928,144.5566406,486.2460327,467.8424072,274.3400879,237.0693359,156.2162018,155.5024872,195.7633362,66.67308044,156.8708344,720.2630005,413.103241,1091.891479,146.3516846,328.571991,96.56391907,108.5898895,401,245.9998627,472.1020508,575.6231079,275.9952393,84.27602386,95.18372345,93.28837585,63.80593109,122.7681122,137.3317413,89.88251495,80.49420166,88.0488205,340.7961121,582.5036011,257.3441162,315.6983032,200.4613342,96.60464478,108.6740646,190.5200043,592.0100098,342.8099976,76.93000031,64.4785614,22.28222466,71.15150452,47.05944061,44.95429993,78.80932617,103.1840897,118.7926331,56.63856506,286.3732605,44.56994629,75.06190491,41.69829941,280.8071289,110.5703049,306.3707581,72.25531006,45.74927902,144.3743134,107.4593735,144.8188934,127.7841949,290.8607483,613.9266968,374.418396,148.9268188,31.8684845,218.4168549,274.5126953,177.8579865,81.25183868,443.8304749,237.3800049,266.538147,320.1693115,201.7525177,152.1369476,,-0.01952003517,-0.01042476346,-0.01598254874,-0.007327086726,-0.007212025982,0.00285809973,-0.01350828116,-0.004453374548,0.003562656124,0.008970820891,-0.005706209559,-0.001906152305,-0.003453034577,-0.003670455165,0.003499937588,0.005023433723,-0.006306684242,0.007224254203,0.007658766184,0.001014757656,0.0161674148,0.01096542619,-0.01053342532,-0.008676680177,0.0006903864851,-0.008172822798,-0.003720216808,-0.01213212115,-0.01318654034,-0.01867113145,-0.01984322544,-0.01932246029,-0.007135329136,-0.01097453358,-0.01083203087,-0.0003019526924,-0.03115324891,-0.02179648195,0.02552301997,-0.007989751715,-0.003886043642,-0.004821929141,0.006325606734,-0.02941516304,0.002921642754,-0.01853597361,-0.001190354202,0.01025469164,0.01434744339,-0.002275162844,-0.004867413101,0.01802926145,-0.01543812368,0.002705508769,-0.009030731421,0.01154869456,-0.009737747087,0.0002020600009,0.003582611431,0,-0.01907146307,-0.02174470016,-0.02335910139,0.02751712446,0.004873795357,0.008327540783,-0.006348604679,-0.008543378635,-0.009832850457,-0.02051796029,-0.004898245552,-0.01268783502,-0.006528159689,0.01216223954,0.01962367302,-0.009721812411,-0.00274569077,-0.002301511975,0.02107621316,0.01285023291,0.004874937137,-0.02502842465,-0.01474422998,-0.01566599782,-0.0145125968,0.004567969134,0.001315831782,-0.008678167207,-0.00708747417,-0.009842981878,-0.00706719345,-0.006179097486,-0.0298176987,-0.02527450602,0.0003757745061,0.0115050805,-0.003988415417,-0.0005546277887,-0.008656043039,-0.008101270608
2025-08-29,173.9483185,231.4851074,229,212.3043671,212.9219666,295.6941223,333.8699951,118.8375702,729.0319214,96.40052795,297.0942383,162.6300049,303.5112,224.3595276,111.790062,174.1198578,49.65826797,205.5217285,155.8599701,67.52310944,81.98403931,142.9887085,491.4223938,471.9372559,274.1508179,239.0228271,156.79953,157.4122314,198.3792725,67.9416275,160.0466766,734.4544678,416.072052,1104.007446,147.9543304,328.6712341,99.66893005,111.0095062,391.019989,247.9811707,473.9438171,578.4121704,274.260376,86.83014679,94.90644073,95.0502243,63.88197327,121.5219421,135.3892517,90.08747864,80.88791656,86.48947906,346.1398621,580.9318848,259.6893005,312.0940247,202.4325714,96.58512878,108.2861176,190.5200043,603.5200195,350.4299927,78.76999664,62.75181198,22.17415237,70.56388092,47.36011124,45.34167099,79.59194183,105.3455658,119.3773727,57.36642075,288.2550354,44.0343895,73.61726379,42.1076622,281.5802612,110.8253708,300.0469055,71.33859253,45.52733612,148.0805359,109.0674896,147.1237335,129.6659851,289.538147,613.1199341,377.696106,149.9898682,32.18528366,219.9714355,276.2194824,183.324295,83.35868835,443.6637573,234.6799927,267.6054688,320.3469849,203.5141449,153.3795166,,-0.03324642068,-0.001805954775,-0.01122627822,0.006000903939,0.005462071947,-0.03648129551,-0.03500206799,-0.02450816856,0.0008470507401,0.00905218615,0.00116249892,-0.03529479703,0.0250753182,-0.05904622335,0.008292850932,0.009803245726,0.004951411123,0.01192759418,0.008034122867,0.009215960328,0.01093610031,0.01136187889,0.006084894246,-0.00800577629,-0.002898499893,-0.009115672775,-0.01282205604,-0.0004352434825,-0.007888672167,-0.004897156911,-0.02728878105,-0.002636362205,-0.03649038052,-0.002954635904,0.001997725949,0.01311978913,-0.03785178514,0.01012075848,-0.002627212884,-0.01156344146,-0.02604589657,0.001880765394,0.006660541773,-0.02460855576,-0.01287464724,-0.002582006383,0.01189399978,0.003860433478,-0.003719292872,0.0006504087915,0.002439596537,0.001931416123,-0.01744792084,0.003640018609,-0.004139326185,0.02654552529,0.008851255397,0.005281944304,-0.02751477028,-0.002617526902,-0.01413000248,-0.01089507402,-0.006558257869,-0.1859380971,-0.0254750641,-0.0005547821432,0.003287570628,0.0006410778796,0.006930475754,0.00846062715,0.0009805073075,0.001504828257,-0.003084614112,0.0006761705618,0.01959698224,0.006828993409,0.007352604014,0.003642479188,0.01936949229,0.01400060533,0.006399367088,0.009045700345,0.00008989528703,-0.007142837284,-0.004940409118,0,0.006712615359,-0.0207275389,0.008483595953,-0.0006149931103,0.01176637707,0.007847509165,-0.0008648004032,0.001948142579,-0.001205590566,-0.006266984093,-0.01142650739,-0.001046333195,-0.008357896064,-0.01288411758
2025-08-28,179.9303589,231.9039154,231.6000061,211.0379486,211.7652893,306.8898621,345.980011,121.8232346,728.414917,95.53572083,296.7492676,168.5800018,296.086731,238.4384155,110.8706284,172.4294891,49.41360092,203.0992432,154.6177521,66.90650177,81.09715271,141.3823395,488.4502258,475.7459717,274.9477539,241.2217255,158.8361359,157.4807739,199.956665,68.27598572,164.5366821,736.395874,431.8296814,1107.279053,147.6593475,324.414978,103.5899963,109.8972626,392.0499878,250.8822327,486.6182251,577.326355,272.4457397,89.02082062,96.14426422,95.29627991,63.13109207,121.0546188,135.8946838,90.02892303,80.69106293,86.32275391,352.2865295,578.8249512,260.7687073,304.0235596,200.6565094,96.07765198,111.349884,191.0200043,612.1699829,354.2900085,79.29000092,77.08481598,22.75380707,70.60305023,47.20492172,45.31262207,79.04412842,104.4617538,119.260437,57.28022385,289.1469421,44.00463486,72.20231628,41.82205963,279.5250244,110.4231567,294.3455811,70.35359955,45.23784256,146.7530518,109.0576859,148.1821747,130.3097687,289.538147,609.0317383,385.6905212,148.7281189,32.20508957,217.413269,274.0687256,183.4829712,83.1966095,444.1992798,236.1600037,270.6986084,320.6825256,205.2294312,155.3814697,,-0.00787446359,0.008980812903,0.01082407053,0.02005010942,0.01997986829,0.02797663089,-0.01035467693,0.03609335888,-0.003010179374,0.0003122666139,0.005981026202,0.008675862537,-0.005232536918,0.0191255528,0.005321508405,-0.007579494011,0.002183476893,-0.0006727094394,0.0005023725948,-0.006828643473,-0.01022950484,-0.00447028383,0.003318833496,-0.001160158441,0.00969451475,0.003635030426,0.005130183351,0.006446698013,-0.006716305232,0.01446528439,0.005353237503,0.002067570881,0.005177123621,-0.001016183048,0.0053553832,0.01404814826,0.00405125711,-0.0003549724492,0.007633394991,-0.004892374124,-0.003326016497,-0.01252236043,0.0007325439047,0.005748767632,0.0022710088,-0.0005161987257,0.0001504809316,0.01188152567,-0.0008015134513,-0.01114912141,-0.006302952884,0.004106681969,0.01121224934,0.002199064766,-0.004047394317,0.001936641179,-0.002038387094,0.005617940741,0.01643514646,0.01817602287,0.01492116693,0.0213618645,0.01484709718,0.03262463377,0.01891782727,-0.0168159721,-0.001845794713,0.000213794449,-0.00382184223,-0.00666849053,-0.01059184273,-0.008783641768,0.001459683201,0.01139724936,0.00801226695,-0.007680127557,-0.00819530921,-0.01193821136,0.00211943894,0.002919557829,-0.01574645781,-0.02123850432,-0.008115539368,-0.003525683879,-0.008515523849,0.00003425646243,-0.007054345357,0.01153156389,-0.02678471136,0.003687873684,0.006336253167,0.02001102391,-0.004048165852,-0.006715325542,0.003762578218,0.002291862134,-0.004052392317,-0.001689924665,0.0004520286207,0.006580332546
2025-08-27,181.3584595,229.8397675,229.1199951,206.8897858,207.6171265,298.5377808,349.6000061,117.5793991,730.6141968,95.50589752,294.9849548,167.1300049,297.644165,233.9637299,110.2837524,173.7463989,49.30594254,203.2359619,154.5401154,67.36652374,81.93531036,142.0171967,486.8345032,476.2985535,272.3078613,240.348053,158.0254364,156.4720459,201.3087158,67.30243683,163.6605682,734.8764648,429.6055603,1108.405396,146.8727875,319.9206848,103.17202,109.9362869,389.0799866,252.1156769,488.2421265,584.647522,272.2463074,88.51198578,95.92641449,95.34549713,63.12159348,119.633194,136.0036926,91.04398346,81.20288086,85.96970367,348.3804016,577.5548706,261.8284302,303.4359131,201.0663605,95.54090881,109.5494232,187.6100006,603.1699829,346.8800049,78.12999725,74.64940643,22.33134651,71.81061554,47.29221344,45.30293655,79.34738159,105.1630325,120.5371475,57.78781128,288.7254944,43.50875473,71.62841034,42.14574432,281.8347473,111.7573395,293.723053,70.14879608,45.96157455,149.9375,109.9499893,148.7064667,131.4289551,289.5282288,613.3585815,381.2936096,152.8213959,32.08675766,216.0443573,268.691925,184.2287598,83.75907898,442.5342102,235.6199951,271.8000488,321.2253723,205.1367035,154.3656921,,-0.0009352225176,0.005145918125,0.001792612441,0.001641412742,0.001250312284,0.007516552854,-0.005886220733,0.01072963879,-0.00252710048,0.0003122842208,0.00237806481,0.00306091574,0.01148367229,0.006831368969,0.01130151292,0.001699696578,0.002586972012,-0.001439894417,0.01194720139,0.001455024115,-0.01082477223,0.004353886934,-0.0007369541575,0.001639154886,-0.002153710204,0.009108431308,0.001691965712,0.003769758145,-0.002475934381,0.0007311384432,-0.0007293994273,0.0009613712326,0.003269586481,-0.0071680269,0.002752151075,0.005801571628,0.0003860111283,0.01194431991,0.004907262597,-0.0005086182913,0.0109069807,-0.001174020273,0.003860279597,0.0008896457127,-0.003804999029,0.01201432079,-0.0006018634393,0.01302550349,0.004023918672,0.002041059668,0.01214574052,0.01188974066,-0.001761212746,-0.01080915236,0.002215959958,-0.0007095443158,0.01268044186,0.008758328895,0.002092767227,0.01834665886,0.01203017267,0.008284179036,0.006181528887,0.007137026755,0.01022228147,-0.01269372074,0.00391187606,0.009059526127,0.001234476741,0.0008227932611,0.003244676703,0.00869279882,0.00210908856,-0.01082300003,-0.0005522869823,0.007051935996,-0.005559616281,-0.007233082358,-0.005386982494,0.005310863692,0.008896523,0.00685317295,-0.003908786593,0.01608670911,0.007363661392,-0.000171674453,-0.0006482834857,-0.006147154343,-0.004272303153,0.004011102269,-0.008036353525,-0.01561444318,0.004803135046,0.004573551254,-0.002173603543,0.003364107141,0.0171119681,0.01018068238,-0.005886076759,-0.000255655223
2025-08-26,181.5282288,228.6630859,228.7100067,206.5507507,207.3578644,296.3105469,351.6700134,116.3312073,732.46521,95.47608185,294.2851257,166.6199951,294.2649231,232.3762817,109.0513077,173.4515839,49.17871857,203.5290222,152.7155914,67.26864624,82.83194733,141.4015503,487.1935425,475.519104,272.8955994,238.1786194,157.7585144,155.8843994,201.8083801,67.25326538,163.7800293,734.1706543,428.2055054,1116.407837,146.4696808,318.0753479,103.1322098,108.6386719,387.1799927,252.2439728,482.9743347,585.3347168,271.1994019,88.43331146,96.29280853,94.2135849,63.15960693,118.0949478,135.4586182,90.85853577,80.22844696,84.95955658,348.9950562,583.8659668,261.2495117,303.6513672,198.5486755,94.71139526,109.3206406,184.2299957,596,344.0299988,77.65000153,74.1204071,22.1053791,72.73387909,47.10793304,44.89619827,79.24954987,105.0765762,120.1473083,57.28980255,288.1178284,43.98480225,71.66799164,41.85061646,283.4104004,112.571579,295.3139038,69.7782135,45.55628204,148.9169464,110.3814468,146.3521423,130.4682312,289.5779419,613.7564697,383.6519775,153.4770966,31.95856857,217.794632,272.953949,183.348114,83.37774658,443.4981995,234.8300018,267.2272644,317.9880371,206.3513031,154.4051666,,0.01090041989,0.009464633591,0.003378100659,-0.006475136538,-0.005785135274,0.01284701953,0.01462783391,0.0006871955537,0.05853343577,-0.0002081993972,0.01244482316,0.01995589186,-0.01453132184,-0.005097393761,-0.002237319645,-0.003500666593,0.01556195402,0.003902646458,-0.005309689306,-0.002901491661,-0.003751114442,-0.008097261762,-0.004625606336,0.008517422477,0.02749337611,0.01336522758,0.02111733199,0.01758079083,0.00004854415915,0.01861784215,0.01555642875,0.01375216637,-0.00240571194,0.002374520328,0.008940106145,0.01519961148,0.02320303106,-0.00241901071,-0.004525144636,0.004479582027,-0.0002869118725,0.02667808309,-0.008782540792,0.009720859895,0.01091589383,0.007578894599,-0.008948659952,-0.001070566802,0.008708437609,-0.0004295740318,0.01646082818,0.009555943191,0.01810495361,0.0107033938,-0.001874380589,-0.01264336324,0.01375193875,-0.01150944607,0.001549203028,-0.001733987098,-0.001675041876,-0.003360478733,0.0001288271034,0.01795765952,-0.002659698058,-0.006373012264,0.008513233229,0.01377650206,0.002226774593,0.002474487759,0.001380877505,-0.00614721566,-0.0006799704767,0.01510648917,0.01870596549,-0.006104488647,0.003847718717,0.005256157363,0.005619065186,0.004774617636,0.001484913665,-0.002979796169,0.003834547857,-0.01069885075,-0.01162955889,0.003100354964,0.02074441218,0.01482926032,-0.006367746105,-0.01219151424,-0.002597173723,-0.002595615177,-0.00815456142,-0.003191232707,0.01728763645,0.03508620305,0.003767810525,0.007158577162,0.008839197461,0.004619976526
2025-08-25,179.5708313,226.519165,227.9400024,207.8969116,208.5644379,292.552124,346.6000061,116.2513199,691.9622803,95.49596405,290.6678162,163.3600006,298.6040344,233.566864,109.2958374,174.0609131,48.42512894,202.7378082,153.5307922,67.46439362,83.14382935,142.5558624,489.4575806,471.5031128,265.5935364,235.0372925,154.4959717,153.1911774,201.798584,66.02404022,161.271225,724.2111816,429.2381287,1113.763184,145.1718292,313.3131104,100.7934952,108.9021072,388.9400024,251.1190643,483.1129456,570.1248779,273.6023254,87.5819397,95.2530365,93.50492096,63.72990417,118.2215118,134.2891693,90.89758301,78.92920685,84.15537262,342.7888794,577.6828003,261.7401123,307.5397034,195.8552856,95.81416321,109.1515427,184.5500031,597,345.1900024,77.63999939,72.81285858,22.16432953,73.20038605,46.71027756,44.28609085,79.07347107,104.8172073,119.9816284,57.64415359,288.3138733,43.33023453,70.35198975,42.1076622,282.3240967,111.9829788,293.6637878,69.44663239,45.4887352,149.3620148,109.9598007,147.9348755,132.0033722,288.6829224,601.2832031,378.0458374,154.4606628,32.35300064,218.3617554,273.6642761,184.8555298,83.64467621,435.9614563,226.8699951,266.2241821,315.7278748,204.5433044,153.6950989,,0.01022530488,-0.002634239987,-0.003932852259,0.01164539992,0.01180344164,0.0007823482851,0.01938177156,-0.01070703838,-0.02297381066,-0.007848767576,-0.004523362642,-0.02622790916,-0.008327402683,-0.004061430916,0.004133555651,-0.004908177863,0,-0.01448240694,0.0001263353804,-0.01711095505,-0.02357794534,-0.009623019175,-0.01848031312,-0.007930793183,0.0003001025935,-0.01098768168,0.0001919371576,-0.0100626253,-0.0004367821843,-0.002673933299,-0.003077055712,-0.004178589398,-0.00773528066,-0.009641397833,-0.002499731857,-0.01052768739,0.01199034063,-0.005878016071,-0.01564079964,0.009080185671,-0.01631080379,-0.02900856009,-0.01181176567,0.01065179881,0.00375662873,-0.002729420917,-0.009162030099,0.002642174262,-0.007616772641,-0.01428868919,0.01378010279,-0.02907900721,-0.00532197841,-0.009621309776,-0.009910591003,-0.008055574695,-0.004908485896,0.01446579924,0.003383392705,-0.007155163525,-0.01569613405,-0.0126991459,-0.02974253128,-0.0006851115204,0.004899846772,-0.01310247727,-0.002485473098,-0.003920710965,-0.008099095172,-0.007097948993,-0.009892180826,-0.02762526467,-0.01713984728,0.009473197474,0.004663134306,-0.004725499248,-0.01787418376,-0.005402046979,-0.007712552261,-0.001262341708,-0.01627705803,-0.0250924976,-0.0186400267,0.01095115577,0.004522163653,-0.007181995955,-0.005576646845,-0.004028089292,-0.02300020075,-0.05118565085,-0.01988145615,-0.02533379925,-0.01604716401,-0.01215947198,0.003406455267,-0.01412306653,0.002740986332,0.0008761972132,-0.009962744032,-0.01354526955
2025-08-22,177.7532501,227.1174469,228.8399963,205.5037384,206.1313782,292.3234253,340.0100098,117.5094986,708.2330933,96.25141907,291.9885864,167.7599945,301.1115112,234.5193481,108.8459167,174.9194489,48.42512894,205.7170868,153.5113983,68.63887024,85.1515274,143.9410095,498.6732178,475.2723999,265.513855,237.6484985,154.4663239,154.7483521,201.8867645,66.20105743,161.7689972,727.250061,432.5842896,1124.605957,145.5356293,316.6466675,99.59926605,109.5460205,395.1199951,248.859375,491.1235657,587.1574707,276.8726807,86.65886688,94.89654541,93.76083374,64.31919861,117.9099731,135.31987,92.21521759,77.8563385,86.6758194,344.6229553,583.2948608,264.3600769,310.0372314,196.8213806,94.44789886,108.7834854,185.8800049,606.5200195,349.6300049,80.01999664,72.86277771,22.05625725,74.17222595,46.82666397,44.46040726,79.71912384,105.5665131,121.1803665,59.28182983,293.3417053,42.92361069,70.02545166,42.30758667,287.4622498,112.5912018,295.9462891,69.53440857,46.2414093,153.2063446,112.0483856,146.3323669,131.4091187,290.7712402,604.6551514,379.5747986,158.0969238,34.09834671,222.7911682,280.7774353,187.8703156,84.67427063,434.4814148,230.1199951,265.49646,315.4514771,206.6016235,155.8055267,,0.01720196824,0.01271675081,0.03104302539,0.03173957362,0.03040579864,0.01519337031,0.06216620951,0.01632270938,0.002620413563,-0.01153536999,0.01636529775,0.02473879193,0.01341684578,0.01376733862,0.01876772015,0.002011974474,0.02527977745,0.005250585376,0.01690779067,-0.007500915371,0.01498619067,0.004430183169,0.03354962755,0.001997145281,-0.008112847032,0.01123639132,-0.0005117350533,0.02517346878,0.02665531702,0.004476389013,0.01657909981,0.03623146435,0.04254703844,0.02082250213,0.02763138529,0.03566198654,0.01696975665,0.03588892574,-0.005887375807,0.021259393,0.01896210732,-0.01451118721,-0.004052809583,-0.002418652935,0.0001043661557,0.02883683627,-0.0001477757964,0.02193916092,-0.007053937356,-0.001479667806,0.01631759251,-0.002032517647,0.006456591844,-0.007987212322,0.03222230524,0.02244831248,0.03963922532,0.02110165539,0.005054642498,0.0139646381,0.01395930398,0.005926856504,0.0291960983,0.02513704514,0.02887255754,0.003154468669,0.04570070931,0.04175175104,0.0283948305,0.02538030064,0.0016110047,0.01061227771,0.01969195021,0.03739202483,0.009701893823,-0.01310233217,0.001158826018,-0.01179612788,0.01711552988,-0.001819918032,-0.01053072019,0.01540964455,0.02419997834,0.03267015139,0.05502529504,0.01429164529,0.01190196512,0.004309811626,0.0626378547,-0.03596314203,0.01131821467,0.000879201404,0.05113634132,0.03099249981,-0.002236107185,0.02521602171,0.01313403065,0.009730389545,0.02488268213,0.02811239764
2025-08-21,174.7472534,224.2655182,221.9499969,199.1817932,200.0487366,287.9485168,320.1099854,115.6222305,706.3820801,97.37467194,287.2870483,163.7100067,297.1250305,231.3344879,106.8407593,174.568222,47.23113632,204.6425934,150.9590149,69.15761566,83.89427185,143.3061371,482.4859924,474.3251038,267.6855469,235.0078583,154.5454102,150.9484558,196.6451263,65.90603638,159.1307526,701.8220215,414.9302368,1101.666504,141.622406,305.7432556,97.93729401,105.7507401,397.4599915,243.6789093,481.9841309,595.8032837,277.9993591,86.86897278,94.88664246,91.13285065,64.32870483,115.3786621,136.281189,92.35186768,76.60630798,86.85234833,342.4121399,587.991272,256.1076965,303.2302246,189.3170013,92.49607849,108.2363892,183.3200073,598.1699829,347.5700073,77.75,71.07613373,21.43730736,73.93898773,44.78017807,42.67850494,77.518013,102.9535217,120.9854584,58.65932083,287.6767883,41.37646103,69.3526001,42.86927414,287.1295166,113.9351959,290.9662476,69.66118622,46.73354721,150.8813171,109.4008865,141.7029114,124.5554199,286.6741943,597.5432129,377.9459229,148.7778015,35.37037659,220.2977905,280.5307922,178.7306824,82.12889099,435.4551392,224.4600067,262.0546265,312.4115906,201.5856323,151.5452271,,-0.002394569556,-0.00491130504,-0.008310623433,0.002157387403,0.002147864729,-0.00539210364,-0.01170116893,-0.01211497085,0.006208860237,-0.04494488213,-0.002634687653,-0.009019311513,0.01170629884,-0.00808301078,0.006449938109,0.0005032904966,-0.001861428912,0.001673456916,0.01520688743,-0.0005656160358,0.01677285607,-0.01161014945,-0.02233175417,-0.003420613434,0.008519767931,-0.01298701382,-0.001724164951,-0.008427688766,-0.0002988087908,-0.001341034881,-0.00411226052,-0.006563153963,-0.006419482793,-0.003287603455,-0.0005551056203,-0.0007456560002,-0.007463410138,-0.01624621324,0.007860853582,0.008494286664,-0.01209611262,0.01209782355,-0.00307488416,-0.006887277364,0.003245690442,-0.006225150356,0.001479707061,0.001267299405,-0.005496572812,-0.003265619562,-0.004222039636,-0.01061330635,-0.002426150143,0.00788130379,-0.003892731254,-0.001290269407,-0.005128203895,-0.001159361257,0.001472691671,-0.006018464434,-0.0049240962,0.006136908503,-0.0233639065,-0.0001404898362,0.03707221309,-0.001312748156,-0.005171325529,-0.007208883153,0.002657123417,0.0003732591095,-0.002731422375,-0.004388806352,0.003933369259,0.009924956217,0.01579694306,-0.0006658716164,-0.002327421273,-0.02181427386,0.01541377678,0.008613382789,0.003522632653,-0.01290175095,-0.004372613978,-0.001533506686,0.00247115775,0.006986173335,0.0002331458154,0.006225509142,-0.003261533926,-0.003334460908,-0.001683678744,-0.00399304995,-0.00849441544,-0.009086748374,0.002690590522,-0.005141336887,-0.002283696314,-0.002992259219,0.001935445315,-0.002390946646
2025-08-20,175.1667023,225.3723907,223.8099976,198.753006,199.6199799,289.5095825,323.8999939,117.0401688,702.0233154,101.9571228,288.0459595,165.1999969,293.6870422,233.2196045,106.1560593,174.4804077,47.31921768,204.300705,148.6977844,69.19675446,82.51033783,144.9894867,493.5068665,475.9531555,265.4241943,238.1000671,154.8123322,152.2314148,196.7039032,65.99453735,159.7878418,706.4586182,417.611084,1105.300293,141.7010651,305.971405,98.67373657,107.4971619,394.3599854,241.6264648,487.8856506,588.6815186,278.8568115,87.47141266,94.57966614,91.70372009,64.23365784,115.2326279,137.0344086,92.65444183,76.9311142,87.7840271,343.2449036,583.3933716,257.108551,303.6219788,190.2928619,92.60343933,108.0772247,184.4299927,601.1300049,345.4500122,79.61000061,71.08612061,20.67098808,74.03617859,45.01295471,42.98840332,77.31258392,102.9151077,121.3168259,58.91790009,286.5496826,40.96983719,68.27407837,42.89783859,287.7993469,116.4760361,286.5494385,69.06629181,46.56949997,152.8533936,109.8813553,141.9205475,124.2483826,284.6853333,597.4039307,375.6075745,149.2646332,35.48871231,220.6693268,281.6554565,180.2619019,82.88201904,434.2866516,225.6199951,262.6544495,313.3492126,201.196228,151.908432,,-0.001366455705,-0.01973465281,-0.01842023179,-0.01116240985,-0.01135861519,-0.0126817882,-0.0164283007,-0.03965592179,0.003171140502,0.01263700699,0.005435752314,-0.00810571047,-0.01446221345,0.001875433978,0.01033323216,0.005849183687,0.005615564588,0.01435554993,0.008026407756,0.008127817582,-0.003179011336,-0.009398073159,-0.006983926156,0.005083989683,0.001917801781,0.005263611568,0.01906801175,-0.005184059593,0.02465047057,0.005242462892,-0.007767227632,-0.0009704069469,0.01081499687,-0.000008945629456,0.0003469671345,0.007513894167,-0.01176118563,-0.005236571292,0.009212753342,0.06261926611,0.006701504533,0.03363170358,0.02147556009,0.002693836264,-0.002610627849,-0.006080627123,0.01532465698,0.008864704743,0.02711325825,0.007963510674,0.008125881428,-0.01561637912,-0.007965593912,0.01076378024,-0.007274584731,-0.006410192393,0.01041491881,0.01205202025,-0.01209319335,0.01580741989,-0.01902768251,-0.004122441927,0.01946477582,-0.01179400846,-0.01405803343,-0.004313209367,0.00432801834,0.004753367091,0.003937975182,0.008282403917,0.005655326921,0.003588949288,0.00740820532,-0.003617870091,0.02404289143,0.002670331369,0.003045210274,0.006357022787,0.006071044106,-0.002113575528,-0.001655033266,0.005908282742,-0.007088429326,-0.01672265164,-0.02160356483,-0.02240144468,-0.01178104774,-0.008964556774,-0.02945735988,-0.01451237226,0.008535508935,-0.0001400778868,-0.02539349665,-0.009795119376,0.01110856985,0.002755533854,0.006367716014,0.003413500595,0.00119963884,0.002656637419
2025-08-19,175.4063873,229.9095764,228.0099945,200.9966125,201.9134369,293.228241,329.3099976,121.8731613,699.8041382,100.6847687,286.488678,166.5500031,297.9967346,232.7830353,105.070343,173.4657745,47.05497742,201.4093628,147.5137787,68.63887024,82.77347565,146.365036,496.9777222,473.5456543,264.9161377,236.853363,151.9156036,153.024704,191.9717102,65.65036774,161.0386658,707.1448364,413.1429443,1105.310181,141.6519165,303.6895142,99.84806824,108.0630417,390.7600098,227.387619,484.6378479,569.5273438,272.9941101,87.23641205,94.82722473,92.26474762,63.26415634,114.2201004,133.417038,91.92241669,76.3110199,89.17664337,346.0010071,577.1807251,258.9926147,305.5808105,188.3314056,91.50067139,109.4002228,181.5599976,612.789978,346.8800049,78.08999634,71.93451691,20.96572495,74.35689545,44.81897736,42.78503036,77.00932312,102.069725,120.6345978,58.70720291,284.4424744,41.11859894,66.67111206,42.78359222,286.9255981,115.7402725,284.820282,69.21257782,46.64670181,151.9555969,110.665802,144.334198,126.9918594,291.2088318,604.5258789,379.005188,153.7950287,36.01132202,218.8017426,281.6949158,184.9586487,83.70188904,429.5153503,225,260.9925232,312.2832336,200.9551544,151.5059357,,-0.03499799074,-0.001429194497,-0.01503309389,-0.009483904253,-0.008810862078,-0.03548541263,-0.01745436818,-0.01214088658,0.007392110923,0.005859033056,-0.002984146047,-0.05444530698,-0.01377676542,-0.05801589614,0.006559184133,0.008794364933,0.003338828638,-0.001839549482,-0.01048121146,0.01446560284,0.008430289219,0.01745229058,0.02204945286,0.002946633354,-0.009387274931,0.007642542132,-0.01183276729,-0.01667700948,0.008284791335,-0.002837852026,-0.008010766368,-0.01310593327,0.008360731199,-0.006733483369,-0.00490392965,-0.003093912734,0.01466420171,0.05045523433,0.002257117246,-0.004793755196,-0.003441007962,-0.003711231014,0.003224279418,-0.00827492021,-0.004263279287,-0.005094506489,0.008637662283,-0.003482638858,0.01172420057,0.01432417816,0.00116208911,-0.01739797986,-0.0127298534,0.002411015559,0.01820848806,0.008664020351,0.00510398735,-0.002553170255,-0.009724369611,0.03059544443,-0.02005347372,-0.02630174068,-0.03306099217,-0.06085487637,-0.01340731529,0.01043318348,0.002168787744,-0.003383798712,0.01260620623,0.009309407725,0.01910088512,0.01490062742,0.007218756383,-0.00694612963,-0.02347840274,0.01239018862,0.0100129233,-0.00008463185112,0.003690957954,0.01140099374,0.003112744262,0.01553855586,0.01703164109,0.008710835764,0.01834642474,0.01021122761,0.008178062987,-0.01056568424,0.02884490439,0.01472608265,0.01676665533,0.0205152715,0.02375728031,0.01491167907,0.001043906967,-0.03188332492,-0.008221408155,0.008992776848,0.001571205776,0.009682037031
2025-08-18,181.7678986,230.2386322,231.4900055,202.9210968,203.7082825,304.0163879,335.1600037,123.3709946,694.6690674,100.0982895,287.3461609,176.1399994,302.1595154,247.1199188,104.3856583,171.9535522,46.89839172,201.7805481,149.0762787,67.66012573,82.08150482,143.8544464,486.2560425,472.1543884,267.4265442,235.0569305,153.7347107,155.6199799,190.3943329,65.83720398,162.3391266,716.5357056,409.7174072,1112.803223,142.3499908,304.632019,98.40503693,102.8725815,389.8800049,228.4829102,486.3112488,571.6488647,272.1167297,87.96430969,95.23323059,92.73719788,62.72238159,114.619278,131.8709564,90.6242981,76.22244263,90.7556076,350.4623413,575.7924805,254.361084,302.9559937,187.3750458,91.73488617,110.4745178,176.1699982,625.3300171,356.25,80.76000214,76.59574127,21.25063896,73.58912659,44.72198486,42.93029785,76.0506134,101.1282806,118.373558,57.84527206,282.4038696,41.40621185,68.27407837,42.25998306,284.0811157,115.7500687,283.7728882,68.43238068,46.50195313,149.6305542,108.8125458,143.0877838,124.7039871,288.2652893,599.6221313,383.0523987,149.4832001,35.48871231,215.1936646,276.0320435,180.6665039,82.47209167,429.0674438,232.4100037,263.1560364,309.4999695,200.6399078,150.0531158,,0.0086449541,-0.003022597461,0.00199111248,-0.001961833811,-0.003025746966,-0.001893215094,0.01391579785,0.02217264556,-0.004534908404,0.006999987182,0.003580195582,-0.007717847781,0.01473634046,0.003181948431,0.002159889703,-0.002207881578,0.02087778105,-0.0005805055197,-0.007856827975,-0.01129882343,0.000118802946,-0.005651587996,-0.003006066947,-0.003270194989,0.002240077626,-0.001126373373,0.009150522932,0.006651749229,-0.001233401627,0.01132929805,0.0109421381,0.0003283949963,0.01189336214,0.0009779099519,0.001036978298,0.005172384626,-0.006330967265,-0.01078889419,-0.007408548076,-0.0003454829621,0.004766754686,-0.009697377001,-0.004704278421,0.0118550275,0.000624307494,0.005656879412,0.002582692376,-0.01058899328,0.003317614995,-0.005143004263,0.004409977397,0.02141284212,0.007036394913,0.001472625222,0.002242415472,-0.000807626474,0.00386879658,-0.005816990205,0.01693984884,-0.005195088305,0.0120082929,0.01820622793,0.02085705364,0.007218786703,0.02221166707,0.004110874627,0.003918962719,-0.00202593545,0.005301882349,0.006608870251,-0.008084876015,-0.01210339858,-0.007987398373,-0.01440045939,-0.004759876948,0.003390434434,-0.01298619504,-0.003210350597,0.002793340672,0.02288626988,-0.005161077506,-0.004797401603,-0.007423992548,-0.005226765077,-0.004034084587,-0.005966697872,-0.01107314803,0.006591273065,-0.004499022184,-0.009085734456,-0.003170601428,-0.003383750593,0.002023993411,-0.003800196442,0.007039046996,-0.01211421793,0.005070519654,-0.000350607358,-0.00170692747,0.003084159004
2025-08-15,180.2099915,230.9366608,231.0299988,203.3199768,204.3265228,304.5930481,330.5599976,120.69487,697.8336792,99.40247345,286.3210754,177.5099945,297.7714539,246.3360901,104.1606827,172.3340454,45.93928146,201.8977509,150.2568207,68.43334198,82.07175446,144.6720734,487.722168,473.7034912,266.8288269,235.321991,152.3407135,154.5916748,190.6294556,65.09967041,160.582016,716.3004761,404.9017639,1111.716064,142.2025299,303.0644531,99.03200531,103.9945679,392.7900085,228.5618744,484.0041199,577.2466431,273.4028931,86.93370819,95.17381287,92.21554565,62.56080627,115.8459702,131.434906,91.0927887,75.88777924,88.85301208,348.0135803,574.9458008,253.7919769,303.2008667,186.6529236,92.27162933,108.6342697,177.0899963,617.9099731,349.8800049,79.11000061,76.04677582,20.78888321,73.28784943,44.54740524,43.01744843,75.6495285,100.464325,119.3383942,58.55397415,284.6777039,42.01119232,68.60060883,42.1171875,287.8187866,116.1228638,282.9824219,66.90126038,46.74319839,150.3518524,109.6264114,143.8395996,125.2090912,289.9956055,606.3361816,380.5441284,150.1587677,35.8141098,215.8781281,276.9692383,180.3015747,82.78669739,426.0683289,235.2599945,261.8284302,309.6085205,200.9829712,149.5917511,,-0.008625370142,-0.005112134265,0.0002164821746,0.004730493238,0.005347793121,-0.01571187706,-0.01495914302,-0.03527816469,0.02679620973,-0.006112437637,-0.01247633991,-0.01901079027,0.1197832866,0.01355317084,0.0009399747561,0.01098903066,-0.01613912587,0.009820348112,0.008958381213,0.005319971052,0.01752048627,0.01197692351,0.008184995999,0.005129474967,-0.006859509098,0.01100756115,-0.002007819561,-0.001518027052,0.004439504693,-0.04473319627,-0.1406714387,-0.0220556613,-0.02325743182,-0.02167799731,-0.02612599856,-0.007344249317,-0.07329107132,0.006990985986,0.006379761286,-0.01938952067,0.02080032676,0.02551355056,-0.005548763472,-0.08422561375,-0.01707915136,-0.01854168918,0.004118984616,-0.006678419712,-0.002482064297,-0.001274033465,-0.02908973847,-0.02001077251,-0.01146166802,0.0004113194518,-0.01466715766,0.04786258007,-0.01696037612,-0.003345495575,-0.01381621711,0.0203975409,0.002514744354,0.002751322418,0.0240776778,-0.03605769417,-0.007504614918,0.04388156327,-0.01921848296,-0.01179101413,-0.007571773761,-0.00842548353,-0.006047369622,-0.000653792429,-0.005852671722,0.001892253967,0.01241237285,0.01701155914,0.02128906036,-0.005461174485,0.01794998209,0.02802336314,0.01317710378,0.00482052761,-0.001339845044,0.007343271831,-0.008315058325,-0.005049523061,-0.004767377103,0.008741416573,0.0001984987679,-0.000825332855,-0.003340563707,-0.006230081713,-0.01648837835,-0.0007905445531,0.0005488847871,0.008876847394,-0.004523945001,-0.006807191066,-0.001382123375,-0.02719439412
2025-08-14,181.7778931,232.1233063,230.9799957,202.3627014,203.2396393,309.4551697,335.5799866,125.1084671,679.6223755,100.0138016,289.938446,180.9499969,265.9188232,243.042099,104.0628662,170.4608459,46.69286346,199.9343262,148.9227142,68.07120514,80.65857697,142.9598541,483.7625732,471.2860413,268.6717834,232.7598724,152.6472015,154.8267059,189.7868958,68.14815521,186.8691711,732.4552612,414.5429688,1136.349854,146.0173798,305.3067017,106.8641968,103.2725906,390.2999878,233.0812073,474.1418152,562.885437,274.9284058,94.92917633,96.82754517,93.95767975,62.30417633,116.6248398,131.7619476,91.208992,78.16147614,90.66733551,352.048645,574.7094116,257.5697937,289.3517456,189.8732452,92.58135986,110.1562119,173.5500031,616.3599854,348.9200134,77.25,78.89141846,20.94607544,70.20705414,45.42031479,43.53071976,76.22669983,101.3179779,120.0644684,58.59228134,286.3536377,41.93184662,67.759552,41.41269302,281.8191223,116.7605133,277.9924622,65.07756805,46.13526917,149.6305542,109.7734909,142.7910461,126.2589417,291.4673767,609.2406616,377.24646,150.1289673,35.84369278,216.6016998,278.7055969,183.324295,82.85219574,425.8345947,233.1900024,263.0183105,311.7305298,201.2611389,153.7735291,,0.002367972073,-0.002357169052,0.02858923334,0.004852478016,0.003891049117,0.00692348665,-0.01119694224,0.008208012977,0.03624583603,-0.001386281179,0.01249442903,-0.01881575347,-0.001177226052,0.003194374052,-0.002044605545,0.001720028622,0.009949029161,0.01593281873,-0.00455486724,-0.01291518977,0.0006045035944,-0.00488792556,0.0005155972101,0.004204913946,0.003124396109,-0.01232982703,-0.004045984445,0.009579174978,0.002173008334,-0.01562491563,-0.00941955315,0.003370502335,0.009185364635,0.0001120549295,0.005075796119,0.002802533316,0.005995796148,-0.003201855721,-0.01419485109,-0.005975582671,-0.06757018064,0.007871004786,0.002545074641,0.006245608689,0.02291037861,0.008557805418,0.0007633481142,0.002678510052,-0.005423714914,-0.00632976256,0.01951479612,-0.01189210088,-0.006685368351,0.002799968647,-0.01806825784,0.003396411872,0.00604962184,-0.002398881158,0.008285550835,-0.01871535422,-0.003572791998,-0.0005728164879,-0.02621961153,-0.003529892689,-0.0111317037,-0.0008298748879,0.004720047977,0.003124270379,0.007238757415,-0.003358798563,-0.01153446071,-0.01481477348,-0.006933930858,-0.01076281595,-0.001166811276,-0.004804328222,0.00331808326,-0.009322472328,-0.002304962092,0.01259486421,-0.0008358255122,-0.004899098541,-0.005949285574,-0.01021656564,-0.01361812762,-0.006945597567,-0.01222414552,-0.006447922959,-0.01531356064,0.007483259648,-0.007437917886,0.002341600366,0.002472902126,0.004196046948,-0.0118625375,-0.0007712759975,-0.007311854114,-0.005197041337,-0.007008312391,-0.0221599203
2025-08-13,181.348465,232.6717529,224.5599976,201.3854828,202.451889,307.3273926,339.3800049,124.0899353,655.8505249,100.1526413,286.3605347,184.4199982,266.2322388,242.2682037,104.2760696,170.1681519,46.23289108,196.7987671,149.6041412,68.96186066,80.60984802,143.6620636,483.5132751,469.3126221,267.8349609,235.6655884,153.2673187,153.357666,189.3753815,69.22986603,188.6461334,729.994812,410.7698975,1136.222534,145.2799683,304.4534607,106.2272797,103.6043167,395.9200134,234.4823761,508.5013428,558.489563,274.2304688,94.33996582,94.65887451,93.16043091,62.25665283,116.3132935,132.480484,91.79000092,76.66536713,91.75853729,354.4180603,573.1047363,262.3092651,288.3723145,188.7314911,92.8039856,109.2510071,176.8600006,618.5700073,349.1199951,79.33000183,79.17088318,21.18186569,70.2653656,45.20693588,43.3951416,75.67887878,101.6594315,121.4655075,59.47336578,288.3530579,42.38806152,67.83870697,41.61261368,280.8871155,117.8592529,278.6347046,64.26811981,46.17386246,150.367218,110.4304733,144.2649384,128.0020905,293.5059509,616.7802734,379.6947021,152.4637299,35.57745743,218.2248383,278.0545044,182.8720703,82.5059967,430.9467163,233.3699951,264.9556274,313.3590698,202.6815948,157.2583618,,-0.008571768446,0.01602451299,0.01395221168,-0.006786707166,-0.005534888574,-0.01195533084,-0.004283509772,-0.02724078385,0.03293564992,-0.02538126429,-0.007922170288,0.05412975928,0.03914813632,-0.03813122058,0.01385095367,0.009491746477,-0.005473652182,0.01424682363,0.009259140117,-0.00353553727,0.0300124851,0.01688574537,0.01545841288,0.005071552622,-0.0385152996,0.02257532983,0.001414808038,0.01860394643,0.001658305595,-0.01372916927,0.008384202044,0.001762178961,0.002398811966,0.0003621878078,0.00319099067,0.01207089861,0.01386786184,0.01316675656,0.02101767709,0.02409069768,0.01520204033,0.008983970239,0.01953526536,0.01491129016,-0.03141154522,-0.01138499584,-0.007726019135,0.01237178191,0.0053228992,0.008833488334,-0.02000504983,0.008675025819,-0.01599220017,0.002221276544,0.02625928797,0.006667020355,0.01134765656,0.01363785791,-0.01805992381,0.00832386981,-0.0115531809,-0.01269757761,0.01095961,0.01940618142,0.01125701344,0.006123048933,0.01835259563,0.01817782142,0.01044932856,0.01862757517,0.009962264534,0.01288531399,0.01707753231,0.0139975918,-0.005367717029,0.01063583682,0.01526419059,0.0009998303593,0.02564176877,0.005953200179,0.0279268061,0.00512924184,0.03558621777,0.03118145464,0.02898094119,0.01284719856,0.007555674493,-0.0296499581,0.02834555231,0.007258720968,0.02001817286,0.01293865374,0.0003470626464,0.008578332508,0.02551205297,0.003267247775,0.00533569585,0.01108245588,0.01258020044,0.01488778816
2025-08-12,182.9163818,229.0021057,221.4700012,202.7615662,203.5786743,311.046051,340.8399963,127.5649033,634.9384155,102.7608414,288.6472473,174.9499969,256.2023926,251.872406,102.8514786,168.5681458,46.48734665,194.0343933,148.2316437,69.20654297,78.26103973,141.2765045,476.15271,466.9444885,278.5639343,230.4628143,153.0507813,150.5567169,189.0618591,70.19356537,187.0776367,728.7106934,409.7868958,1135.811157,144.8178558,300.8222656,104.7742844,102.2579117,387.769989,228.9664154,500.8868408,553.5167847,268.9759521,92.9539032,97.72868347,94.23327637,62.74139404,114.8918762,131.7790375,90.98627472,78.23036957,90.96937561,360.1781006,571.8345337,255.5974579,286.4624634,186.6138611,91.55536652,111.2603607,175.3999939,625.7999878,353.6099854,78.47000122,77.66372681,20.94607544,69.83774567,44.39222336,42.62039566,74.89626312,99.80039215,120.2673721,58.71678162,283.5113831,41.8029213,68.2048111,41.17468643,276.6640625,117.7415314,271.6686401,63.88778305,44.91940689,149.599884,106.6357117,139.9025726,124.3969498,289.7830505,612.1550293,391.2966309,148.2611847,35.32107162,213.9421082,274.5028076,182.8086243,81.80425262,420.2258911,232.6100006,263.549408,309.9243469,200.1634979,154.9514771,,0.006041988269,0.01087235171,0.0007681796954,0.01164179114,0.01254781561,0.0293847127,0.0053387534,0.03257356449,0.006627710454,-0.002982672092,0.01136211386,0.01549801595,0.03645456499,0.004669937881,0.002834668232,-0.005983293351,0.02902953525,0,0.006451665707,-0.0005653265017,0.003373750653,0.01380546233,0.03248338886,0.00605890488,0.01609740394,-0.006474853839,0.004457518979,0.03892677729,0.05040545836,0.01004655009,0.02207397071,0.03356328924,0.01020702105,0.02808669701,0.02370021023,0.02356271919,0.03215678169,0.007013780901,0.03554451173,0.03556922155,-0.002228912641,0.01943450326,-0.00453885711,0.02785165648,0.01085732057,0.03715743311,0.005177366751,0.01001374599,0.007477333055,-0.006450209511,0.02435889226,0.01776775183,0.008858346045,0.0009650740008,0.01397478156,0.00581180111,0.01432125781,0.01133334991,0.01857766415,0.04299218533,0.01571121332,0.01294791905,0.05229987316,0.006858121444,0.03545413727,-0.008143630952,0.02715448897,0.02755060185,0.01673308828,0.0189812273,-0.008681130921,-0.002927298448,0.01873553814,0.01664264773,0.0008711413844,0.001621161098,-0.0003856999484,-0.003735455101,0.0310121144,0.009710349281,0.01349888402,0.01277944545,0.02093511582,0.02693875165,0.02605991388,0.02331389036,0.02583638839,0.01939504801,0.043420566,0.01674701596,-0.003869736216,-0.0002875244721,0.02586711362,0.01297651407,0.01243370544,0.02942995972,0.005062913123,-0.002921253113,0.002587116466,0.01635420598
2025-08-11,181.8178406,226.539093,221.3000031,200.4282227,201.0558624,302.1669617,339.0299988,123.540741,630.7579346,103.0682602,285.4044495,172.2799988,247.1911469,250.7016449,102.5607529,169.5828094,45.17591095,194.0343933,147.2814331,69.24568939,77.99789429,139.3526764,461.1722717,464.1323547,274.1508179,231.9647522,152.371582,144.9156189,179.9894104,69.49537659,183.0372772,705.0469971,405.6464539,1104.781494,141.4651031,293.8972473,101.5100479,101.5456924,374.4599915,221.1019897,502.0057678,542.9645386,270.2023621,90.43513489,96.67900848,90.85725403,62.41823196,113.7527847,130.8009949,91.57696533,76.37007904,89.38127136,357.0155334,571.2832031,252.0747681,284.8072205,183.9790497,90.52936554,109.231102,168.1699982,616.1199951,349.0899963,74.56999969,77.13472748,20.22887802,70.41114807,43.21864319,41.47766113,73.66364288,97.94134521,121.3205719,58.88916779,278.2973328,41.11859894,68.14544678,41.10804367,276.770813,118.1829987,263.4970398,63.27337646,44.32112122,147.712204,104.4490585,136.2326355,121.2375107,283.1809998,596.7374878,383.8518066,142.0914917,34.73929214,214.7732239,274.5817566,178.1991272,80.75631714,415.065094,225.9600067,262.2218018,310.8323669,199.6469879,152.4581451,,-0.003502989462,-0.008337425611,-0.006241858074,-0.002085132925,-0.002276234854,-0.003508660695,0.02845443669,0.04062582279,0.01529594408,0.001928079383,0.002770553877,-0.002778396288,0.005898943782,0.01051782234,-0.009082448134,0.002827082969,0.003260220381,0.002979066556,-0.010063933,0.005828843427,-0.008179458152,-0.002341477014,0.003624798218,-0.004318200982,0.0006909749185,-0.0246418719,-0.000387499318,0.002778518352,-0.01874794425,-0.01560099156,-0.002650529083,-0.002814548984,-0.01915869992,0.00263132881,0.004889035288,-0.004034464885,0.00245710816,-0.01514006609,0.02160741727,0.0005358926182,-0.006642202482,-0.03030209551,-0.0008848057603,-0.005050411363,0.005665399312,-0.004529288827,0.02305649113,0.004815900965,0.007840468159,-0.001267306058,-0.003339764676,-0.004125159067,-0.007523983503,-0.001497129595,-0.0003890139178,-0.01088469924,-0.006377118059,-0.004046641632,-0.001545890715,0.006644323157,-0.005327544936,-0.008436065561,0.002419684187,-0.0007757422081,-0.01057189708,0.0005523732807,-0.006687571263,-0.00557222774,-0.01271798142,-0.000387234695,0.001915024671,-0.005177158073,-0.01658920229,-0.009792213337,-0.001594750502,0.0006950672604,-0.01089428786,0.008876994627,-0.00003740766503,-0.01007020574,-0.0004353221418,-0.005168046553,0.002635568419,-0.009065991848,-0.004958475344,-0.004467479376,-0.01798926462,-0.005257056234,-0.009968350612,-0.005644875549,-0.01165402402,-0.006106414884,-0.0150843555,-0.004153713947,0.001480183239,-0.01379184912,0.007405041713,0.002546684959,0.0006473125021,0.01311159349
2025-08-08,182.4569855,228.4437256,222.6900024,200.8470154,201.5145569,303.230896,329.6499939,118.7177353,621.255249,102.8699188,284.6159058,172.7599945,245.7415314,248.0922546,103.5007935,169.1047363,45.02910614,193.4580688,148.7787323,68.84440613,78.64113617,139.6797333,459.5066528,466.1452637,273.9615173,237.8252106,152.4306488,144.5140839,183.4283142,70.59675598,183.5237122,707.0369873,413.5699158,1101.88208,140.7768402,295.0877686,101.2612381,103.1067352,366.5400085,220.9835663,505.3624878,559.9316406,270.4416504,90.89418793,96.1343689,91.27064514,61.01152039,113.2075882,129.783432,91.69316864,76.62599182,89.75151062,359.7220764,572.1397705,252.1728668,287.9413757,185.1598358,90.89719391,109.4002228,167.0599976,619.4199829,352.0599976,74.38999939,77.1946106,20.44502068,70.37227631,43.50961685,41.71007919,74.61256409,97.97928619,121.0886841,59.19563293,282.9919434,41.52522278,68.25429535,41.07949066,279.8192444,117.1431198,263.506897,63.91703415,44.34042358,148.4795532,104.1744995,137.4790192,121.8416595,284.4517822,607.6690063,385.8804016,143.522171,34.93650436,217.3057098,276.2687683,180.9283142,81.09315491,414.4516296,229.1199951,260.2943115,310.0427856,199.5178375,150.4850464,,0.01067652987,0.04235793525,-0.001971955505,0.02493369865,0.02438162454,0.003983491306,0.02290006868,0.06275131849,-0.02373362222,0.005915364849,0.006342694097,0.002088170668,0.02542200105,0.002646574318,0.008022686138,0.01049377521,0.02426524578,-0.004073188728,0.01207878849,-0.00127790223,0.003981484349,0.008963344987,0.01315040019,0.006369493895,0.01099186357,-0.02499195371,-0.005778009427,0.0113778574,0.007046383757,0.02703856421,0.009391290745,0.002125866818,-0.001438394622,0.01090925544,0.0160374198,0.009160729022,0.02622279865,-0.005739010432,-0.02419933504,0.003719876197,0.007362264589,0.005716540914,0.007166451334,0.0030043786,0.01420814324,0.01644188676,0.01007089782,0.002673192428,-0.00462189442,-0.006921813069,0.01631853773,0.01208532382,0.007441170998,-0.01067442287,0.0008177850319,0.03707491693,0.01400175064,0.01414697801,0.0131736615,-0.006186844183,-0.001467016192,-0.006406426494,-0.0120850415,0.01964401929,0.0200980387,-0.002342223073,0.01746439276,0.01748164419,0.03318884324,0.02602307971,-0.004843876784,0.001133791383,0.0006238063539,0.0262255521,-0.001302872616,0.004656665822,0.0123990526,0.08278923012,0.04114927545,0.03082724303,0.01300712338,0.0310101207,0.007821221628,0.008636265936,0.007782374948,0.01566819332,0.01769113839,-0.003097961868,-0.005986252702,0.005106418378,-0.001886354484,-0.001568876144,0.01508929969,0.002081179285,-0.01188617733,0.007873986151,-0.00660560631,0.004476674586,-0.001246646596,0.01028075784
2025-08-07,180.5295563,219.1605377,223.1300049,195.9609833,196.7182465,302.027771,322.269989,111.7079163,636.3583374,102.2649841,282.822052,172.3999939,239.6491699,247.4373932,102.6770477,167.3486176,43.96234894,194.2492828,147.0031128,68.93249512,78.32926941,138.438858,453.5423889,463.1949463,270.9829102,243.9212799,153.3165131,142.8883209,182.1448517,68.73817444,181.8162231,705.5371094,414.1656494,1089.991089,138.5547791,292.4090881,98.67373657,103.7018814,375.6300049,220.1645813,501.6690674,556.7489624,268.517334,90.62192535,94.78761292,89.79425812,60.40320587,112.9057693,130.3860626,92.33227539,75.39564514,88.67978668,357.065094,578.3129272,251.9668121,277.6476135,182.6030731,89.62921143,107.9777603,168.1000061,620.3300171,354.3299866,75.30000305,75.70741272,20.04221153,70.53749084,42.76279068,40.99344635,72.21580505,95.49423218,121.6780777,59.12859344,282.8155212,40.46403122,68.34333801,40.88908386,276.3922424,108.1864471,253.0923309,62.00557327,43.77108765,144.0136719,103.3660507,136.3018799,120.9007645,280.0636902,597.1055298,387.0795593,144.3865051,34.75901031,217.7164001,276.7028809,178.2388153,80.92473602,419.4371338,227.3300018,262.0251465,308.6610107,199.7668762,148.9536896,,0.007524337408,0.03179364968,0.003688576012,0.002192923928,0.001828170755,0.006928041322,0.007377028929,0.02840605273,-0.1413642088,-0.00232194778,-0.01513643118,0.05689062688,-0.004516286183,-0.02745388009,-0.005257731433,0.005510368511,-0.01100830937,0.01304116361,0.002487385136,0.0132354719,0.01170706932,0.02215896832,0.01291926104,-0.004347998925,-0.0009548770794,-0.008403336845,0.0000640980533,0.0004113037378,0,0.009969718788,0.02812383381,-0.006899073388,-0.02478266075,-0.006880825014,-0.002689347128,-0.002740634803,0.03345840281,0.005296431772,-0.02598208005,0.0110109173,-0.005886539165,0.008412302889,-0.001186823231,0.02677082138,-0.007444881204,-0.01084243909,0.006334100493,-0.005317819319,-0.0009084796225,0.00707639373,-0.007215632018,0.02281163454,0.008512482512,-0.003241253581,-0.002834870043,0.02598628726,-0.00763692692,-0.005477379967,-0.008675731026,-0.02770543874,-0.008867494967,-0.0161872974,-0.2203354564,0.007036585434,0.0134129117,0.02891985167,-0.007875743307,-0.003720085234,-0.02804462866,-0.03266719534,0.005750374131,0.01262914688,-0.001695135266,0.02358241586,0.01693168532,0.01416773141,0.0001053460701,0,-0.001870410665,0.0009446365979,0.01204826928,0.08856806763,0.004163510527,-0.005270041609,-0.001308966928,0.001811247924,0.003779032245,-0.0003871150276,-0.03068083955,-0.02110530997,-0.01241901126,-0.008764892851,-0.007904534416,0.002782595641,-0.009428583351,0.01017600699,-0.003887789515,-0.007174721062,-0.01208781001,0.006099987395
2025-08-06,179.1813354,212.4073334,222.3099976,195.532196,196.3592682,299.949707,319.9100037,108.6223831,741.1271973,102.5029907,287.1687622,163.1199951,240.7364044,254.4222717,103.2197495,166.4315186,44.45168686,191.7486572,146.6383667,68.03205872,77.42287445,135.4376984,447.7576904,465.2177124,271.2419128,245.9884033,153.3066864,142.8295746,182.1448517,68.05963898,176.8427277,710.4384766,424.6906128,1097.543091,138.9284058,293.212677,95.47915649,103.1555252,385.6499939,217.7667694,504.6396484,552.1044922,268.8363953,88.25915527,95.49858856,90.77851868,60.02301407,113.5093918,130.5046234,91.68348694,75.9436264,86.70197296,354.051239,580.1934814,252.683136,270.6153259,184.0083313,90.12284851,108.9227448,172.8899994,625.8800049,360.1600037,96.58000183,75.17841339,19.77694511,68.55489349,43.10225296,41.14651489,74.29950714,98.71910858,120.9823837,58.39116287,283.2957458,39.53177643,67.20543671,40.31787109,276.3631287,108.1864471,253.5666046,61.94705582,43.25,132.2964325,102.9374695,137.0240021,121.059227,279.5573425,594.8575439,387.2294617,148.9566193,35.50842667,220.4542236,279.1495972,179.6589355,80.70018005,423.4294739,225.0399933,263.047821,310.891571,202.2111664,148.0505829,,0.006507207693,0.05090686149,0.0400467722,0.007294443522,0.008191526134,0.02983657153,0.03624644467,-0.002567395264,-0.02556308097,0.04078146193,-0.0000686460533,-0.0641959876,-0.02079676375,0.002972558229,-0.006807177183,-0.0008786418937,-0.003072977899,-0.01133214749,-0.001698861657,0.006661708486,-0.01671006604,0.009681104601,-0.03747700398,0.003490567056,0.0005878755122,0.00642281343,-0.003710141145,-0.005930130447,0.002750855195,0.02502975451,-0.0056377053,0.005312691522,-0.0149919982,0.009823092022,0.005980431315,-0.003708203258,-0.007654087,-0.01223838653,0.02845480452,0.0000454771152,0.00208421721,-0.02591684809,0.007284871879,0.005512616296,0.002799576294,0.007757904789,0.01007677642,-0.01010362243,0.0258600299,0.003072453186,-0.004489461068,-0.01341476945,0.004797265515,-0.001118789324,0.005741282733,-0.0003980361296,-0.002275233791,-0.0009656630582,0.01454645046,0.02247325764,-0.00416864776,-0.000943124377,0.003845782664,-0.01709507853,0.01308484612,-0.008991355942,-0.002693056044,-0.009442533212,0.01415387595,0.008722641229,0.009757922151,-0.001800970491,-0.01172753379,-0.004246765345,0.01011299733,-0.007499332328,-0.05135287908,-0.01938463373,0.008448940939,0.001576773999,-0.02246454172,-0.02532659597,-0.003206870284,-0.006669140037,-0.01052379059,-0.005579826,-0.01557213079,-0.004163232427,0.01889225921,0.01009813718,0.01116745471,0.01100534705,0.01816471191,-0.006107287825,0.015435346,0.0008004655132,-0.01266059563,0.003920072656,-0.008278322128,0.004863769305
2025-08-05,178.0229034,202.1181335,213.75,194.1162262,194.763855,291.2595215,308.7200012,108.9019775,760.5697021,98.48656464,287.1884766,174.3099976,245.8492737,253.6682281,103.9272003,166.5778809,44.58870697,193.9464874,146.8879089,67.58184814,78.73860168,134.1390839,465.1916809,463.5994873,271.08255,244.4185486,153.877594,143.6816254,181.6451721,66.39772034,177.8453674,706.684082,431.15448,1086.866699,138.1024933,294.3040161,96.21559906,104.4336243,374.980011,217.7568665,503.5900574,566.7940063,266.8921204,87.77528381,95.23197937,90.07968903,59.42420959,114.6679535,127.2148438,91.40265656,76.28610992,87.88087463,352.3608704,580.8433228,251.2406921,270.7230835,184.427948,90.20996094,107.3610229,169.0899963,628.5,360.5,96.20999908,76.48594666,19.52150917,69.17688751,43.21864319,41.53874588,73.26255798,97.86546326,119.8132553,58.49651337,286.6575317,39.7003746,66.53259277,40.62251282,291.3234253,110.325058,251.4421844,61.84953308,44.24391937,135.7341156,103.2686386,137.9439697,122.3467789,281.1259766,604.2672729,388.8483276,146.1946716,35.15344238,218.0195007,276.1109009,176.4537048,81.19606781,416.993042,224.8600006,266.4208679,309.6776123,203.8991089,147.3339844,,-0.00966658515,-0.002114722032,0.00992207023,-0.001897098342,-0.002196582699,-0.01608887785,-0.001746131177,0.01196987231,-0.003966254742,-0.002811615215,-0.009821302402,-0.0139721758,0.04158026146,0.01243411329,-0.001210694054,-0.001753927317,-0.006324883776,0.006896945628,0.01324152481,0.001305255919,0.01164540077,-0.0007881450437,-0.0003214128367,0.005220370961,-0.01487901127,-0.005198819396,-0.006671719731,-0.00542330131,0.01461169616,-0.01416280864,-0.02007442383,-0.007052072961,0.001222040439,-0.005752459541,-0.006366785608,-0.006530651433,-0.01757956419,0.01739384176,-0.2060049978,-0.007733895586,-0.003878090893,-0.002869299345,-0.000224064505,-0.03517824017,-0.006797044066,-0.006081653853,0.009363912893,0.006580652083,-0.003482428944,-0.01677090004,0.004898175772,0.004678115395,-0.0735782521,0.0003392089609,0.009701104052,0.005383204389,-0.0004231797996,0.003769483795,-0.006443841791,-0.01116961206,-0.01182355791,-0.01200395972,-0.02374433176,0.001306721089,-0.007492419626,0.009216022567,0.003151697733,0.0002302825504,0.008456603003,0.01425332079,-0.001369033553,-0.0008178764118,0.01739258054,-0.009648660446,0.02782019818,-0.006519369468,-0.006160168974,-0.01790239052,0.02878504022,0.03205861699,0.009911752825,-0.01123519696,0.009714292066,0.01803197664,0.01788069277,0.004683392747,0.00860002824,-0.01143234205,0.01932653478,0.005358192916,0.004098016193,0.006292160775,0.0226216078,0.02070101263,0.01071500691,0.01133401239,0.01976134763,0.003133210839,0.001222950591,0.01501314746
2025-08-04,179.7605743,202.546463,211.6499939,194.4851837,195.1926117,296.0221863,309.2600098,107.6138535,763.5983276,98.76425171,290.0370178,176.7799988,236.0348816,250.5528259,104.0531769,166.8705597,44.87252045,192.6180115,144.9683075,67.49375153,77.83221436,134.2448883,465.3412476,461.1918945,275.1769104,245.6958771,154.9111176,144.4651031,179.0292511,67.35160828,181.4886475,711.703064,430.6282349,1093.155029,138.9873962,296.2386475,97.93729401,102.6481781,472.269989,219.4541016,505.5506287,568.4249878,266.9519348,90.97564697,95.88370514,90.63087463,58.87292862,113.9182968,127.6594086,92.96170807,75.91426849,87.47167206,380.3460693,580.6463623,248.8267975,269.2735291,184.5060272,89.87119293,108.0573273,171,636.0200195,364.8800049,98.55000305,76.38613129,19.66887665,68.54517365,43.08285904,41.52918243,72.64820099,96.49015808,119.9775085,58.54439545,281.7570496,40.08716202,64.73174286,40.88908386,293.1291504,112.3361435,244.4069214,59.92831421,43.80968857,137.2764435,102.2751083,135.5006256,120.1975632,279.8154907,599.1148682,393.3451843,143.4228058,34.96608734,217.1296997,274.3844299,172.5503387,79.54931641,412.5723267,222.3399963,261.2580566,308.7103577,203.6500549,145.1547546,,0.03615006846,0.004792908693,-0.01443541841,0.03124843239,0.03053439604,0.0314577957,0.02190795617,0.027555283,0.008749519544,0.01116866699,0.01689889446,0.02958649925,0.0135004035,0.03318055018,-0.02070411006,0.02217170158,0.004161147423,0.01009113807,-0.002377855211,0.001452163999,0.007188801054,0.002010199513,0.007623504124,0.01739181599,0.02542887039,0.007718387773,0.003634921743,-0.004588747502,0.01033946103,0.02056338263,0.01572307386,0.02319724069,0.01168677172,0.02222016246,0.01632039068,0.01468039414,0.02116845365,0.002859509126,0.02194184326,0.003112043397,0.01912249279,0.0226706456,0.001271465859,0.03268508983,0.01643459838,0.009317123769,0.002589824845,0.003516323044,0.02555557347,0.0106327857,-0.002571300434,0.03361732577,0.009100558094,0.005644129859,0.005033452708,0.0009829958173,0.0171615813,0.0009702435695,0.04141501307,-0.01087462303,0.02807725601,0.02215873501,0.01222270372,0.02793818787,0.01060075935,0.001846496474,0.01092404307,0.01047497668,0.01107955149,0.01012815137,0.01025136775,0.01191852833,0.02033730997,0.009742664104,0.0452149141,0.001632409491,0.01704395292,0.01175123716,0.0003640480419,-0.01632786316,0.02645265015,0.01434484267,0.005361818503,-0.01218724168,-0.008253675487,0.0251328207,0.04232880081,-0.003922444169,0.01769480904,0.01285350396,0.01212395418,0.01189726693,0.001796512751,0.006153769252,0.006389401771,0.001982886226,-0.01541710107,0.006564977526,0.01414724622,0.02395958094
2025-08-01,173.4889374,201.580307,214.75,188.59198,189.4091187,286.993988,302.6300049,104.7280426,756.9751587,97.67337036,285.2171631,171.6999969,232.8907623,242.5063324,106.2530518,163.2510071,44.68657303,190.6936951,145.3138428,67.39588165,77.27668762,133.9755707,461.8205566,453.3080444,268.3529968,243.8140259,154.3500671,145.131073,177.1971283,65.99453735,178.6792603,695.5678101,425.653717,1069.392944,136.7554932,291.9526672,95.90708923,102.3554916,462.1300049,218.7732697,496.0646362,555.8240967,266.6129456,88.09621429,94.33337402,89.79425049,58.7208519,113.5191269,124.4782944,91.98366547,76.10997009,84.62674713,376.9159241,577.3875122,247.5806122,269.0090942,181.3930359,89.78408051,103.7601013,172.8800049,618.6500244,356.9700012,97.36000061,74.31004333,19.46255875,68.4188385,42.61730576,41.09867477,71.85211182,95.52268982,118.7600555,57.85485077,276.1410828,39.7003746,61.93151474,40.82244492,288.2167969,111.0313873,244.3179779,60.92305756,42.68067169,135.335083,101.7296524,137.1723785,121.1978912,272.9553528,574.7849121,394.8941345,140.9290924,34.52235413,214.5287628,271.1583862,172.2409058,79.06278229,409.9529724,221.8999939,265.3489685,306.6968994,200.8091583,141.7582855,,-0.02333167603,-0.02500355362,-0.08269617086,-0.01443457728,-0.01508868761,-0.017228511,-0.01829559909,-0.03903231972,0.03007823417,0.00520502863,-0.02319071243,-0.02614713104,-0.04724317042,-0.03684438489,-0.01791472808,0.01572178756,-0.03405964904,0.03280081921,-0.0015827627,0.01428786962,0.01497692735,0.00986072902,-0.009921306959,-0.00184685907,-0.006271073988,-0.01224564481,-0.004823251721,0.009743907523,-0.001104628023,-0.01424810121,-0.0003886643851,-0.01937570963,-0.0213003232,-0.01284784413,-0.02365592944,-0.01683881168,0.01613252634,-0.01751253783,0.01151314339,-0.01299913158,-0.04460582035,0.02458463896,0.005111977303,0.008657354458,-0.02251104832,-0.01995722939,-0.002583134978,-0.02849525787,0.01180439149,0.005397876357,-0.03534668978,-0.02579626698,-0.008915505158,0.01704795907,-0.01429850831,-0.02974413434,-0.02307238236,-0.02706098428,-0.02065539113,-0.004147472324,-0.02339486791,-0.02084649299,-0.0254254342,-0.07365936453,-0.04253266409,-0.009287808724,-0.02268683916,-0.0171586725,-0.02554294697,-0.0277080699,0.01044077435,0.03353293038,-0.02129369212,-0.005218694429,0.00789055043,0.002806470748,0.006031852656,0.007925870165,-0.0104453867,0.005958167606,0.02124225647,-0.01054701645,-0.01004733823,-0.03075426411,-0.04068674477,0.0009830542883,0.005183422186,-0.02698639131,-0.04958114773,-0.01491297706,-0.0115781411,-0.006506395477,-0.02859195928,-0.0192664626,0.00007124574033,0.0002704541993,-0.03238182422,-0.002791928264,-0.02086801962,-0.03223420291
2025-07-31,177.6334229,206.7497864,234.1100006,191.3540955,192.3108368,292.0251465,308.269989,108.9818573,734.871521,97.16761017,291.9885864,176.3099976,244.4388275,251.7831268,108.1912689,160.7241364,46.26224899,184.6374359,145.5442047,66.44650269,76.13639832,132.6673737,466.4483337,454.1467896,270.0464783,246.8367004,155.0981445,143.7305756,177.3930817,66.94842529,178.7487335,709.3112183,434.9176025,1083.311157,140.0689545,296.9530029,94.38442993,104.1799469,456.8699951,221.6545868,519.2250977,542.4872437,265.256958,87.34008026,96.50582123,91.62278748,58.87292862,116.8487625,123.0260468,91.48981476,78.89878082,86.86760712,380.3065491,567.7092285,251.1719971,277.2558289,185.6770477,92.28130341,105.9485092,173.6000061,633.4699707,364.5700073,99.90000153,80.21891785,20.32712555,69.06025696,43.60660172,41.816185,73.73553467,98.24486542,117.5329208,55.97775269,282.1490784,39.90864563,61.44666672,40.70819855,286.488739,110.158287,246.8969116,60.56221771,41.79289627,136.7776794,102.7621384,141.5248718,126.3381805,272.6872864,571.8209229,405.8464661,148.2810364,35.0449791,217.0417023,272.9342041,177.3105621,80.6159668,409.9237671,221.8399963,274.2290039,307.5555725,205.0889587,146.47995,,-0.007809418417,-0.007079572478,0.01702940235,-0.02355878242,-0.02319698132,-0.02947593559,-0.03375758288,-0.04880601915,-0.02632610027,0.003996450368,-0.01131402203,-0.01782628849,-0.06194551024,0.01264966797,-0.002323575003,-0.01506637809,-0.01438697428,-0.001531814232,-0.01250326633,-0.01250906929,-0.0444036518,-0.03457919725,-0.0201138943,-0.01280479602,-0.009029496797,-0.02731893006,-0.005239843638,-0.07732945361,-0.03773384381,-0.002929037926,-0.04926342017,-0.009798022349,0.008983687199,-0.007751281864,-0.01028191824,-0.0135130847,-0.04289036502,-0.01576185242,-0.02619577212,-0.02803858819,0.03248855698,-0.01644490661,-0.001763578498,-0.04968700992,-0.008521757956,-0.02202284209,0.007154542237,-0.01006270714,-0.01017407386,-0.004425714407,-0.01406208096,-0.03880989451,-0.013766013,0.006633946786,0.0090668729,-0.03566680511,-0.01184106732,-0.0137582232,0.009669188958,-0.05152156881,-0.01840862374,-0.01741096805,-0.0177956698,-0.01676045255,-0.009573909095,0.0009859614396,-0.02005242465,-0.01242653692,0.01550994504,0.01768524488,0.009628029002,0.003433529221,-0.007755115226,0.02810414758,-0.003370364256,0.003755827034,-0.02080509233,-0.02152312495,-0.04436466036,-0.003210366397,-0.05806873671,-0.01812283534,-0.00705875883,0.0008395205712,0.0008631549719,0.006965486868,-0.0007647278913,-0.0121134204,0.01904942372,0.007084250555,-0.01469290228,-0.00358424137,-0.00165273962,-0.01170003932,0.005493602699,-0.01771165456,0.07867861768,-0.001825895446,0.0008552988616,0.01773283409
2025-07-30,179.0315552,208.2239227,230.1900024,195.970932,196.8778076,300.8942871,319.0400085,114.5737457,754.7409058,96.78083038,295.3299561,179.5099945,260.5806274,248.6379395,108.4432449,163.1827087,46.93753815,184.9207001,147.3870239,67.28821564,79.67422485,137.41922,476.0230103,460.0374756,272.5070801,253.7694092,155.9151154,155.7767029,184.3492889,67.14509583,188.010788,716.329834,431.0452271,1091.773804,141.5240936,301.0207214,98.6140213,105.8483124,469.1600037,228.0487518,502.8870239,551.5575562,265.7255859,91.90664673,97.335289,93.6860199,58.45471191,118.0365295,124.2905884,91.89652252,80.024086,90.37505341,385.6149292,563.9678955,248.9151154,287.5104065,187.9020081,93.56864166,104.9338837,183.0299988,645.3499756,371.0299988,101.7099991,81.58634186,20.52361679,68.99223328,44.49891281,42.34235382,72.60936737,96.53757477,116.4121017,55.78620911,284.3542786,38.81770706,61.65446472,40.55587769,292.5758057,112.5813904,258.3589172,60.75727081,44.36936951,139.3022308,103.4926682,141.4061584,126.2292252,270.8010254,572.2585449,410.822937,145.5091705,34.7984581,220.2782288,273.9159851,177.6040955,81.57034302,407.6841125,225.8399963,254.2267914,308.1181641,204.9136963,143.9277039,,0.02142331576,-0.01050795228,-0.003549595623,0.003984622166,0.005141868005,0.01748370171,-0.006724793213,0.02483028354,-0.00376173215,-0.007525674325,0.008719453976,0.01166587036,0.01903697988,0.002480248297,-0.008681679919,-0.005056151499,0.0002085868864,-0.009988615529,-0.02209756533,-0.009080358006,-0.01064982965,-0.007158324292,-0.01012114057,-0.0111979988,0.01198617504,-0.008193199371,0.00814672652,-0.01863274508,-0.009718865916,0.004708664646,0.005201293976,-0.001680488706,0.00946393207,-0.006134670042,0.009612790959,-0.01662658607,0.001516042458,-0.01121035692,0.001601161363,0.001560166845,-0.00903407023,-0.006396118436,-0.007596240916,0.009715114611,0.006740733031,0.01407695368,0.03605108847,-0.01550956006,-0.004431439915,-0.003151168442,-0.01052629494,-0.002151429104,0.0002050938797,-0.0007152849936,-0.02246627389,0.01669355398,-0.004240631905,-0.01347073162,0.001709269742,-0.05576763188,0.01500444797,0.01302350485,-0.02920681165,0.0707362585,0.001918399267,-0.01334237329,-0.004556208701,-0.01050744705,-0.03720395609,-0.01604798415,0.008285278266,-0.006989362089,-0.01714146899,-0.09461011705,-0.02625400535,-0.00257558613,-0.007214198507,0.004639736375,0.1240220046,0.03833340983,-0.01877934193,-0.004605654528,-0.0532834615,0.01642500526,-0.0005489240075,-0.004198397041,-0.007931986632,0.0002919471119,-0.09659503062,-0.003670237404,0.00674805506,0.004681405207,-0.04553602231,-0.04029050194,-0.003451406388,-0.001061595414,-0.008894367731,-0.008007728103,0.001984536463,-0.0340601605
2025-07-29,175.2765503,210.4351654,231.0099945,195.193161,195.8706665,295.723938,321.2000122,111.7977753,757.5907593,97.51469421,292.7770996,177.4400024,255.7126312,248.0227814,109.3929596,164.0119781,46.92774963,186.786438,150.717514,67.90481567,80.53187561,138.4100037,480.8901672,465.2473145,269.2794495,255.8657684,154.6551819,158.7343597,186.1585388,66.83041382,187.0379486,717.5356445,427.0040894,1098.512817,140.1766052,306.1102905,98.46474457,107.0483627,468.4100037,227.693512,507.4715576,555.1080933,267.759552,91.02235413,96.68357086,92.38551331,56.42068481,119.8960648,124.8438263,92.18701935,80.87540436,90.56990814,385.5358582,564.371582,254.6358337,282.7896423,188.7022247,94.84629059,104.7548294,193.8399963,635.8099976,366.2600098,104.7699966,76.19648743,20.48431969,69.92520142,44.70258713,42.79198837,75.41510773,98.11207581,115.4555206,56.17886353,289.3135376,42.87402344,63.31678391,40.66060257,294.7018433,112.0614548,229.8521881,58.51422119,45.21854401,139.9467773,109.317482,139.1210938,126.2985535,271.942749,576.8339844,410.7030334,161.0674896,34.92664719,218.8017426,272.6396484,186.0773163,84.99482727,409.0960693,226.0800018,256.5082703,310.6054077,204.507843,149.0027618,,-0.007015597488,-0.01298760877,-0.007646371539,0.01646067972,0.01556193695,0.01060162211,-0.0134831665,0.006381934082,-0.05588347397,0.007376265354,-0.004157147633,0.02176666302,-0.07461360562,0.009163882132,0.01292167352,0.01137041316,-0.005805475711,0.01432212463,0.004799065578,0.01894542294,-0.01701159427,0.01638753887,-0.005773686918,0.008663861901,-0.001108615321,-0.003039381576,0.006727620372,0.006395460372,0.01125493947,0.0005889582886,-0.00977540015,0.01151104182,-0.006675304497,0.00331923107,0.007014649955,-0.007079883241,0.003244733653,0.02427175713,0.01644861947,-0.00008670937003,0.003819370286,-0.0008590847276,0.009624402179,-0.007647790251,0,-0.01119832844,0.01089920845,0.01233044852,0.007815661255,0.009543895696,-0.005056047425,-0.007579765901,-0.007001790083,0.008089759117,-0.001961531073,0.009616054053,-0.003093228697,0.009997942907,-0.01302713538,-0.05212715727,0.07286163765,0.09737535669,-0.001048823543,0.005664399651,-0.00143670907,0.008550394419,0,-0.007984119487,0.0002576332972,-0.002987993909,0.0160713046,0.01137923816,-0.001251881958,-0.01278841075,0.005183764221,0.00826262176,0.00753418669,0.01061668723,0.004751286655,0.006036157128,-0.01368125693,-0.003061073753,-0.01526712941,-0.02684765409,-0.02080940693,0.01410549177,0.007015229606,-0.002427308428,-0.0133886795,-0.008120987471,-0.02386147393,-0.03044478493,-0.0324656721,-0.1057295577,-0.002871792553,-0.04369528223,-0.006285916822,0.005110323054,-0.01492811781,-0.001709915311
2025-07-28,176.5149078,213.2041779,232.7899933,192.0321808,192.8692474,292.6216736,325.5899963,111.0888138,802.4335327,96.80066681,293.9992981,173.6600037,276.330658,245.7705688,107.9974518,162.1680603,47.20177841,184.1490326,149.9976654,66.64225006,81.92556,136.1783752,483.6828003,461.2510986,269.5783081,256.645813,153.6216736,157.7256317,184.0866547,66.79107666,188.8843689,709.3700562,429.8736267,1094.878662,139.2001648,308.2929688,98.14628601,104.5116806,460.8299866,227.7132568,505.5407104,555.5853882,265.2070923,91.72383881,96.68357086,93.43179321,55.81237411,118.4356995,123.8756561,91.31551361,81.28639221,91.26165009,388.2543335,559.8425903,255.1362915,280.0962219,189.287735,93.90740967,106.1374969,204.5,592.6300049,333.7600098,104.8799973,75.7673111,20.51379204,69.3323822,44.70258713,43.1363945,75.39568329,98.40611267,113.6293488,55.54678345,289.676178,43.42941666,62.99025726,40.32739258,292.4981079,110.8842316,228.7652588,58.16313934,45.84577179,140.3764801,111.0123215,142.9592133,128.982605,268.1602173,572.8155518,411.7023621,163.2532349,35.21260834,224.1502991,281.2007446,192.3211517,95.04376221,410.274292,236.4100037,258.1308594,309.0261841,207.6070251,149.2579803,,0.01873201512,0.0007948313685,0.005833005662,-0.003105773826,-0.003400691161,0.01419805587,0.03015249906,-0.00008989185646,-0.005635633797,0.001436265851,-0.001138546878,0.04319097969,0.003771402524,0.01056629865,0.009420296366,-0.01235888878,-0.004540830143,-0.00924952344,0.009299905366,-0.01561360368,-0.007673284459,-0.01310557075,0.01388188772,-0.01148259011,-0.003608356498,0.01343751258,-0.005163141782,0.01672994565,0.02302824187,-0.01120990358,0.02466459268,-0.007311375547,-0.00186735799,-0.004860947306,-0.003146725114,-0.002791886265,0.01712051089,-0.02874233326,-0.01877995835,0.01294886288,-0.0132011546,-0.007938271596,-0.01174065349,0.02334587658,0.008757577716,-0.005412599772,-0.0187165718,0.02753614257,-0.00830442578,-0.0110119866,-0.01482446287,-0.007943190793,0.001504423253,-0.001965828296,-0.006457788004,-0.01079203412,-0.01060951007,0.02180089719,0.01599687131,0.00605104394,-0.01482833196,0.004726232917,0.0005723865557,0.0229081158,0.007235805037,-0.007098061415,-0.004965444065,-0.01226723031,-0.01145617972,-0.01387690157,-0.01942798046,-0.01276595052,-0.01229775072,-0.02450426468,-0.03178702047,-0.01671309374,-0.01725493324,-0.0272805901,-0.02714519003,-0.01746288804,-0.01899653406,-0.01284267365,-0.01707628669,-0.00898306519,-0.004586225779,-0.01717430653,-0.01681655702,-0.02297949379,-0.01657769356,-0.001398141739,0.02002312251,0.01430680692,-0.00324831076,-0.01911932058,0.0004036926004,0.01437400729,-0.008798601749,-0.002929718655,0.00374593562,0.00515609262
2025-07-25,173.2692261,213.0348511,231.4400024,192.6304474,193.5273743,288.525177,316.0599976,111.0988007,806.9813843,96.66183472,294.3344116,166.4700012,275.2924194,243.2008362,106.9895782,164.1973572,47.41709137,185.8682251,148.6155548,67.69927979,82.55905914,137.9867706,477.0603027,466.6089783,270.5545654,253.2428589,154.4189606,155.1303101,179.9428864,67.54828644,184.3377533,714.5947266,430.6778564,1100.226807,139.6395721,309.1560974,96.49425507,107.6044846,469.6499939,224.8023224,512.3037109,560.0310669,268.3577881,89.63131714,95.84420776,93.94025421,56.87691498,115.2618332,124.9129868,92.33227539,82.509552,91.99236298,387.6711121,560.9453125,256.7946167,283.1520081,191.3175201,91.90382385,104.466362,203.2700043,601.5499878,332.1900024,104.8199997,74.07049561,20.36642456,69.82802582,44.92566299,43.67213058,76.2694397,99.79090118,115.8806763,56.26506042,293.2828979,44.52035522,65.05826569,41.01284409,297.6337585,113.9940567,235.148407,59.19688797,46.73354721,142.2027435,112.9409332,144.2550659,129.5768738,272.8461609,582.6130981,421.3855896,166.0052185,35.26190948,219.7502136,277.2344055,192.9479065,96.89635468,410.1087341,233.0599976,260.4222107,309.9342041,206.8322449,148.4923401,,-0.001381486949,0.000561431451,-0.003401771092,0.00525567821,0.004554907995,0.005091586147,0.03524405567,-0.004206529565,0.009013871898,0.009006279739,0.006980240124,0.02683201477,0.00890228756,0.009430439505,-0.003520175725,-0.007430959101,0.001239980436,-0.002882140202,-0.006353128798,0.0010130295,0.007133486931,-0.007335078463,0.006925891231,0.002969318204,0.01335757168,-0.003032497255,0.01069438393,-0.002770218959,-0.003769759155,0.005857445203,-0.01291714499,0.01362647782,0.00984820919,0.004390404807,0.003578986363,0.01090019812,-0.008386113402,0.005195052143,-0.00554766379,0.006405409377,0.005285134744,-0.002727418073,-0.003812307413,-0.002311349288,0.005803117387,0.007128540212,0.003858440193,-0.005543904184,0.001425627919,0.003684185602,0.005365448431,0.007683976814,0.01888806258,0.002216526964,-0.00049638756,0.03091675267,-0.0005098615888,-0.007006913434,0.005360876184,0.0104891657,-0.01333487236,0.02325649166,0.0004772649934,0.002295916234,0.01072653253,-0.001667360218,0.005644747008,0.003737938214,0.00989836552,0.008628148389,0.001503239435,0,0.006796242932,0.00695375012,0.06893181867,0,-0.006384575628,0.02650182468,0.03826185051,0.03319145859,-0.01042089983,0.009203293074,0.008085580463,0.03111088813,0.03153845355,0.01256363474,0.007378304256,0.03550902552,-0.004171847876,0.02171434989,0.01913654599,0.01575545077,0.02828637857,0.01004590316,0.001474215646,0.007739841973,0.005658476224,-0.00070008587,-0.001069165139,0.01319509494
2025-07-24,173.5089264,212.9153137,232.2299957,191.6233368,192.6498718,287.0635681,305.2999878,111.5681152,799.7723389,95.79904175,292.2941284,162.1199951,272.8633118,240.928772,107.3675308,165.4266357,47.35836792,186.4054718,149.5657654,67.63076782,81.97429657,139.0063934,473.7789612,465.2275696,266.9882507,254.0131531,152.7850189,155.5612488,180.6237946,67.15493011,186.7500305,704.9882202,426.4778137,1095.41748,139.1415863,305.8225708,97.31031036,107.0483627,472.269989,223.3715363,509.6103516,561.5626831,269.3847656,89.83896637,95.29122162,93.27533722,56.65830231,115.9043961,124.7351608,91.9933548,82.06921387,91.29088593,380.4844971,559.7047119,256.9221497,274.6604004,191.4151154,92.55233002,103.909317,201.1600037,609.6799927,324.6400146,104.7699966,73.9008255,20.15028191,69.94464874,44.67349243,43.50949478,75.52189636,98.93725586,115.7067413,56.26506042,291.3031311,44.2129097,60.86287689,41.01284409,299.5462341,111.0510025,226.4827576,57.29517746,47.2256813,140.9059448,112.0350647,139.9025726,125.6151657,269.4607544,578.3458862,406.9356995,166.7006683,34.51249313,215.6239166,272.9342041,187.6402435,95.93262482,409.5050354,231.2700043,258.9569092,310.1513367,207.0536194,146.5584869,,0.01733237151,-0.001821150411,0.01725876104,0.01019808631,0.008824727968,0.01769522976,-0.08197020076,0.01729939399,0.008186227776,0.009615352144,-0.0007076920798,0.02187205392,-0.0476223699,0.003844545601,0.007823176727,0.002720313785,0.005193200348,0.001469461756,0.01769863358,-0.000867654216,0.00154792225,-0.007895195384,0.01782693193,0.003191547187,0.01835256973,-0.0762385125,-0.008115430819,-0.006504825947,-0.003006722782,-0.004809113199,0.005935494901,0.002313459536,0.004513575012,-0.001785152532,0.002039070014,-0.001328314261,0.007003023933,-0.002545417243,-0.00981239768,-0.007497359734,-0.0009900414951,-0.01353972214,0.0001110328091,0.007903165614,0.01418806441,-0.006250668045,-0.002676917912,0.001430047356,-0.0007913344357,-0.001366461459,0.002031173979,-0.02314424879,0.0122554878,-0.00003511249739,-0.005356230818,-0.05451775118,-0.008141105002,0.006102707076,0.03723563903,0.00973799031,-0.007714576944,-0.005574884685,-0.00276033621,0.01050931549,-0.01204246574,-0.01167262699,-0.004968661863,-0.007420316038,-0.008286614492,-0.00987188252,0.002008190139,0.007891519942,-0.002249204265,-0.005798376959,0.001465336613,0.00560227286,-0.002166853075,-0.003170120847,-0.03335859113,-0.05012120774,-0.0008167038578,0.005750843262,-0.01363532128,-0.02462071648,-0.02975830098,0.008583887084,0.01163977002,0.005208446017,0.01084384482,0.0008579025715,-0.04536788434,-0.008099231024,-0.005842775875,-0.009659030809,0.002765877359,-0.01115957139,-0.008397449681,-0.008519112933,-0.06181292118,-0.01007828485
2025-07-23,170.5528412,213.303772,228.2899933,189.6888733,190.9646606,282.0722351,332.5599976,109.6708755,793.2783813,94.88667297,292.5011292,158.6499939,286.5074768,240.0060577,106.5340958,164.9778442,47.11369705,186.131958,146.9646912,67.6894989,81.84760284,140.1126099,465.4808655,463.7474976,262.1766357,274.9769897,154.03508,156.5797729,181.1685181,67.47944641,185.6481171,703.3610229,424.5615234,1097.376465,138.8584442,306.2293396,96.63358307,107.3215408,476.9500122,225.0588837,510.115387,569.2704468,269.3548584,89.13452148,93.95813751,93.86203766,56.81037903,115.738884,124.8339462,92.11923218,81.90285492,93.45380402,375.8779297,559.7243652,258.3056946,290.4976807,192.9862366,91.99093628,100.1790848,199.2200012,614.4199829,326.4599915,105.0599976,73.13225555,20.39589882,70.77072906,44.8965683,43.83476257,76.15294647,99.9236908,115.4748459,55.82452011,291.9598083,44.47076797,60.77382278,40.78435898,300.1967163,111.4041672,234.2986298,60.31840897,47.26428223,140.1002502,113.5838165,143.434021,129.4679108,267.1674194,571.6915283,404.827179,164.912384,34.48291016,225.8712158,275.1628113,188.7430267,96.8682785,408.3755188,233.8800049,261.1499023,312.8162537,220.6954498,148.0505829,,0.02245104656,-0.001166097765,0.003604836071,-0.005801109678,-0.003123319546,0.01830660615,0.001355009566,0.005585122346,0.02891417034,-0.001773485398,0.0182892398,0.02540067635,0.02588300318,0.01591702944,0.01280626871,0.006967192503,0.007745408484,0.01838484277,0.02052768337,-0.007177769962,0.02904066359,-0.002601784655,0.09141288054,-0.004300696501,0.01613899062,0.0001774921918,0.04907153906,0.01196285516,-0.1333983227,0.006748715138,-0.00069477903,0.02442869262,0.02492880143,0.01815719793,0.01549585705,0.01486137154,-0.006039511515,0.007418177995,0.01450664126,-0.03150730635,0.0187466769,0.02043043092,-0.03078248582,0.005458355939,-0.00251596748,0.02117029959,0.005551753016,0.008055605928,0.006050975838,-0.007511813191,0.01602319241,-0.0105220481,0.02036772535,0.008354126929,0.01195540881,0.05281850708,0.004980106274,0.02215530739,-0.01051281897,0.01265696918,-0.001154263273,0.02146428417,0.002385268637,0.01778016561,0.01714850944,-0.0608718304,0.002816301849,0.01349254249,0.01199846784,0.01084240791,-0.01010521367,-0.003760017074,-0.0008049383758,-0.0209607006,-0.004538143361,-0.002793311982,0.01154768087,0.03077056874,0.02596051785,0.01260632389,0.0199916771,0.007171271912,0.01048531559,0.008555470866,-0.01149430242,0.004966666192,0.006602576034,0.02577677087,-0.005392637933,-0.007380173075,0.007677512612,0.00003560252674,0.02675864123,0.02363053029,0.02105954302,0.02363449429,0.04567649533,0.06498649957,0.01137041121,-0.002513187656
2025-07-22,166.8078308,213.5527954,227.4700012,190.7957001,191.562973,277.0012817,332.1099854,109.0617523,770.9859619,95.05525208,287.2475891,154.7200012,279.2789001,236.2457275,105.1870422,163.8363647,46.75158691,182.7717285,144.0085297,68.17887115,79.53777313,140.4781036,426.4938354,465.7505493,258.0125732,274.9281921,146.8299103,154.728775,209.0562744,67.02709961,185.7771912,686.588562,414.2351379,1077.806519,136.7395477,301.7449951,97.2207489,106.5312729,470.1300049,232.3805695,500.7283936,557.8728638,277.9096069,88.65063477,94.19512939,91.91614532,56.49672318,114.8139877,124.0831223,92.81645203,80.61120605,94.44758606,368.3749695,555.0870972,255.2540283,275.9237976,192.0299072,89.99702454,101.2434387,196.7299957,615.1300049,319.6000061,104.8099976,71.85466766,20.05203629,75.35790253,44.77048111,43.251194,75.25006104,98.85189819,116.653656,56.03521347,292.1950073,45.42286301,61.05088043,40.89860153,296.7697144,108.0785294,228.3700256,59.56748199,46.3379097,139.1027069,112.4052124,142.2172852,130.9733582,265.8470459,567.9416504,394.6542664,165.8065186,34.73929214,224.1502991,275.1530151,183.8241425,94.63207245,399.9526978,228.4799957,249.7425385,293.7279053,218.2142639,148.4235992,,-0.0253823299,0.009036224277,-0.007980819044,0.006522763706,0.005022281089,-0.03337838736,0.01102010784,-0.03541463068,0.01870935281,0.001881440387,0.001580923446,-0.01452228522,0.01059749017,-0.02229611446,0.004534991097,0.02172049823,0.00610783116,0.01222610378,0.002405285893,-0.005851192416,0.02900014253,0.03062786382,0.05600837471,0.003379879628,-0.01468447794,-0.009658984477,-0.01576934175,-0.006164729612,0.001631038479,-0.002633683655,-0.02839925165,-0.007918000135,0.0173627603,0.006742676611,-0.003061448576,0.003861905457,-0.0398073725,0.0123307987,0.02538771815,-0.02070869644,0.01904318106,0.02822937501,0.01718852466,-0.04856249992,-0.008935069155,0.01457083643,0.008825663064,0.01236160408,0.005282488133,0.01118260269,0.02615852137,0.04619040403,-0.002703156219,0.09412171125,0.02155987693,0.01906295725,0.003825983859,0.02175827875,-0.01860963054,-0.01575950109,0.0400195821,0.01036924223,-0.01991775607,-0.01464545635,-0.01210075423,0.01798626251,0.008300559714,0.01073111218,0.015459145,0.0206639148,0.007510651984,0.01421389921,0.0150143936,0.01349855389,0.03073836216,0.01106136272,0.03319026306,0.01745472937,0.03441798525,0.001722048183,0.02848579,0.03393595184,0.0076843133,0.01139633509,-0.01702211917,0.01045241687,0.01370610075,-0.009356396511,0.02229705943,0.02532006712,0.01501000609,0.01038296259,0.02644757143,0.0226492004,-0.108114564,-0.003663054116,0.004072267613,0.001851653888,0.005781689189,-0.01060072576
2025-07-21,171.1520691,211.6403656,229.3000031,189.5592499,190.6056976,286.5664063,328.4899902,113.0659409,756.8262329,94.87674713,286.7941895,157,276.3502808,241.6332092,104.7121735,160.3534088,46.46776962,180.5641327,143.6629791,68.58014679,77.2961731,136.303421,403.8735352,464.1816711,261.8578186,277.6096191,149.1824188,155.6885529,208.7158508,67.20409393,191.2073364,692.0683594,407.1656189,1070.587891,137.1594543,300.5841675,101.251297,105.2336578,458.4899902,237.294632,491.3711243,542.5568237,273.2134705,93.17546844,95.0443573,90.59608459,56.00246429,113.4120331,123.4310989,91.79000092,78.55628967,90.27762604,369.3734436,507.3357849,249.8669281,270.7622681,191.2980042,88.08054352,103.163269,199.8800049,591.460022,316.3200073,106.9400024,72.9226532,20.2976532,74.02644348,44.40192032,42.79198837,74.1044693,96.85058594,115.7840424,55.249897,287.8727722,44.81788635,59.23023987,40.45115662,287.2362671,106.224411,220.7715149,59.46508026,45.05449677,134.5370636,111.5480423,140.6147919,133.2414093,263.0970459,560.2626343,398.3816833,162.190155,33.88141251,220.835556,272.32547,179.0877075,92.53620148,448.4350586,229.3200073,248.7296448,293.1850281,216.9598694,150.013855,,-0.00597401656,0.00615580299,0.01401847654,0.02723450568,0.02801976617,0.01718770836,-0.003518894839,-0.01014073177,-0.01234921804,0.006522733615,-0.001029938152,0.00006366333197,-0.001804269797,-0.007781643307,0.002598093631,0.00403192213,0.003381163686,-0.02330121512,-0.002399514375,0.003149525456,-0.008129113434,-0.01075121516,-0.02365283986,0.01165562204,-0.001557376296,-0.004057796475,0.0003959910156,0.02693798569,-0.009463552437,0.004261333515,0.01139454525,-0.003190816749,-0.00516720897,-0.009577680214,-0.002556059937,-0.01617149657,0.01072928017,0.01011433552,-0.002870766906,-0.005664665124,-0.007162550709,0.005548175133,-0.0004012838851,0.007131158174,0.004697320276,-0.008560557148,0.01551181534,-0.01011220819,0.02267341143,0.007332678529,-0.004464306864,-0.01215341086,-0.01310014364,-0.007224866205,-0.001998771946,-0.002309713458,-0.002493427085,-0.006983777087,0.00358041574,0.02094190484,0.01145771273,0.002376651718,0.01441855719,-0.0212995278,-0.02131693546,0.002896502667,0.001969817198,0.01084733593,-0.01062851386,-0.01123252439,0.01190687258,-0.006885767476,-0.005384286088,0.008705330811,0.02869917176,0.04040149737,0.003765764761,0.0005544244689,0.01370168219,-0.005164608082,-0.01414703248,-0.01968126653,-0.00008740192844,0.01080840598,0.02203133566,-0.005964101931,-0.003132538128,-0.01152953087,0.00715640207,-0.0008722588501,0.00435798186,0.00260246789,-0.003927194562,-0.003225223226,-0.007392850547,-0.00008715886453,-0.006129825331,-0.006455447371,-0.005580455649,-0.002675780368
2025-07-18,172.1806793,210.34552,226.1300049,184.5335693,185.4105377,281.7242126,329.6499939,114.2242584,766.2893066,94.26190186,287.0898743,156.9900055,276.8497925,243.5282593,104.4408264,159.7094727,46.31118393,184.8718719,144.0085297,68.36483002,77.92967224,137.7847748,413.6577148,458.8336792,262.2662659,278.7406921,149.1233673,151.6046295,210.7099152,66.91893005,189.0531616,694.2836914,409.2804565,1080.940796,137.5109406,305.5249634,100.1764755,104.1799469,459.8099976,238.6464844,494.9159851,539.5632324,273.3231506,92.51572418,94.59999084,91.37833405,55.14703369,114.5705948,120.6945419,91.1218338,78.90856171,91.38830566,374.2765198,511.0278931,250.3673553,271.3890991,191.7761841,88.70000458,102.7952194,195.7799988,584.7600098,315.5700073,105.4199982,74.50967407,20.73976135,73.81264496,44.3146286,42.33279037,74.90055084,97.95082092,114.4216385,55.63297272,289.4311523,44.43109894,57.57780457,38.88033295,286.1586609,106.1655502,217.7874603,59.77378845,45.70103073,137.2380829,111.5577927,139.1112213,130.3692017,264.6755981,562.0231934,403.0284119,161.0377045,33.91099167,219.8773346,271.6185913,179.7937927,92.83561707,451.7749634,229.3399963,250.2637177,295.0899658,218.1773987,150.4163361,,-0.003410421308,0.00552325715,0.01005002658,0.008061933467,0.006713569608,-0.0108571139,0.03205907804,0.009976992258,0.0134077792,-0.0004205401587,0.004725671395,-0.02132035466,-0.01881497631,-0.01326629919,-0.03483793858,0.004417655845,0.006380296756,-0.01118074804,-0.008851893047,-0.01048296394,-0.01913637045,-0.01512638312,-0.0240717341,0.008064415017,0.01148765503,0.0137233375,0,0.01435028076,0.000138551182,-0.003660168435,-0.01080405681,0.003428462146,-0.01042903587,-0.001619382531,-0.0004968725312,-0.02346592353,-0.001289923627,0.003288461246,-0.007468628526,0.003651986228,0.001362305117,-0.01360006579,-0.004828268835,-0.006360211212,0.029001121,0.003867152147,0.0006898557699,-0.00633288391,0,0.008250272882,0.01166722617,0.006545663306,-0.005515914001,-0.00914407994,-0.009895329253,-0.0838485318,0.002704169159,-0.01260645655,0.01353473377,-0.002547381308,-0.007215497071,-0.01648687362,0.004765535729,0.03666161682,0.01344224797,0.01024216626,0.01061708657,-0.01688509556,-0.00232778142,0.001357516708,0.008172819182,0.008331821465,0.005892759415,0.007647494595,0.003448856084,-0.002686185052,-0.01170178097,-0.005330913494,-0.01404603802,-0.02116900207,-0.01456512963,-0.011332369,-0.01284254315,-0.0008524236372,0.003660170582,0.01364979212,0.02158769993,0.0135963726,-0.0008629273715,-0.003188384118,-0.01151691767,0.02538828508,-0.007663156632,-0.002814016289,-0.01116795673,-0.007186163039,-0.003367988095,-0.003698660695,-0.007677096145,-0.0365316494
2025-07-17,172.7698975,209.1901093,223.8800049,183.0577698,184.1740723,284.8164978,319.4100037,113.0959015,756.151001,94.30155945,285.739563,160.4100037,282.1585999,246.8024139,108.2106628,159.0070343,46.01757813,186.9622498,145.2946625,69.08908844,79.45005798,139.9009705,423.8607788,455.1630554,259.2876587,274.9672241,149.1233673,149.4598389,210.6807251,67.1647644,191.1180115,691.911499,413.5938416,1082.694092,137.5792999,312.8666687,100.3058624,103.8384781,463.269989,237.7781219,494.2426758,547.0025024,274.649231,93.10791016,91.93380737,91.02632141,55.10901642,115.3007813,120.6945419,90.37620544,77.99853516,90.79399872,376.3524475,515.7438965,252.8695831,296.2273254,191.2589874,89.83247375,101.422493,196.2799988,589.0100098,320.8599854,104.9199982,71.87463379,20.46467018,73.06430817,43.84907913,43.05986023,75.07530975,97.81803131,113.494072,55.17327881,287.7355957,44.09389114,57.37990952,38.98505402,289.546875,106.7345428,220.8900909,61.06650543,46.37651062,138.811142,113.0091171,139.2299042,129.8937683,261.1114807,550.1467896,397.6221924,161.1767883,34.01945877,222.4391479,264.8934021,181.1822205,93.09759521,456.8773499,231,251.1094513,296.1854553,219.8653259,156.1196442,,0.009511619418,-0.0006661019355,0.003091547264,0.00333377603,0.005060679441,0.02008490882,-0.007025863995,-0.02722658071,-0.03583176118,-0.0006305741718,0.01427463402,0.00206148068,-0.01511158029,0.03087439706,-0.005078778517,-0.0109235459,0.02150773098,0.00430261146,0.009738611952,0.01905583072,-0.01103977369,0.07454728562,0.02082587477,0.00352426162,-0.02216555243,0.0002837613252,0.008856574387,-0.009476163062,-0.0002307688019,0.01380426208,-0.01175500197,-0.004204095207,0.01257015724,0.02138152629,0.007940535915,0.01106130216,0.004184531851,-0.03394747338,-0.01337450526,0.001496168286,-0.01691847668,0.003777962308,-0.007708920205,0.003845822922,0.02016213113,0.03410357034,-0.01495074037,0.005134714167,0.006757313173,0.0003213988467,-0.00250285977,0.007350610261,0.04913325802,0.007946724737,0.00342654493,-0.1221882838,0.01062244756,0.01420600682,0.0140227782,0.01915988635,0.03117996705,0.01996312241,0.01430776965,0.01637265058,0.02358727267,0.005483461631,-0.01028889372,0.01465284143,0.009661911092,0.009099776342,-0.002801573541,0.007696435516,0.01588290796,0.01091396594,-0.007870000607,-0.007272671109,-0.002574963999,-0.009558494584,-0.01328571614,-0.007836977092,0.01886804154,0.01475292054,0.003893626794,0.02148190689,0.02886936528,0.009170415332,0.01231793567,0.02256371989,0.008704867879,0.03728191106,-0.01596154508,0.0364551053,-0.001661129428,-0.001304913757,-0.004814806345,0.004784715671,0.006027899077,0.0002999228549,0.006290092636,0.009393222046
2025-07-16,171.1420593,209.3295441,223.1900024,182.4495239,183.2467194,279.2086182,321.6700134,116.2612991,784.2521362,94.3610611,281.7181396,160.0800018,286.4878845,239.4107513,108.7630463,160.7631378,45.04868317,186.1612701,143.8933411,67.79715729,80.33695984,130.1952667,415.2135925,453.5645752,265.1651917,274.8892212,147.8142395,150.8896942,210.7293549,66.25022888,193.3913269,694.8326416,408.4594421,1060.029053,136.4954529,309.4438171,99.88787842,107.4874039,469.5499878,237.4228973,502.7484131,544.9437256,276.7829285,92.75120544,90.11685944,88.02437592,55.9454422,114.7117691,119.8844452,90.34716797,78.19424438,90.13147736,358.7270203,511.6777344,252.006073,337.4611206,189.248703,88.57418823,100.0199356,192.5899963,571.2000122,314.5799866,103.4400024,70.71681213,19.99308777,72.66584778,44.30492783,42.43802261,74.35688019,96.93593597,113.8129272,54.75188446,283.236969,43.61784744,57.83507156,39.27065659,290.2943726,107.7646103,223.8642883,61.54886246,45.51768112,136.793045,112.5708084,136.3018799,126.2490387,258.738739,543.4525757,388.8483276,159.7858734,32.79673386,226.0472107,255.5763397,181.4836884,93.21923828,459.0877686,229.8999939,249.6048584,296.0966492,218.4909973,154.6668243,,0.003925040156,0.005021215625,-0.01396069616,0.005329747322,0.003659111206,-0.0004627816894,0.03504091219,-0.03063863878,0.02338833219,-0.002515950713,-0.002547402915,0.02872566804,0.002674043821,0.02698324148,-0.006022521284,0.06193194337,-0.00260024701,0.02247982008,-0.005109916213,-0.001297616111,0.0111630108,0.01150912589,-0.004019289015,-0.00193248608,0.005705213248,-0.002759039561,0.01002175469,-0.001490588803,-0.007877007533,0.002828251565,-0.02247979011,0.00898199347,0.02036390166,0.03448810711,-0.01271280301,0.00402377689,-0.00692584156,0.01426988112,0.01152515176,0.0007902898609,0.008461335651,-0.00005487830009,0.00696466584,-0.003246048083,-0.003820580719,-0.007716099287,0.00649800883,-0.007601643518,-0.003203566101,0.008975996188,0.01331477235,0.0003243046523,0.002154141268,0.005572474373,0.001755311654,0.02480588056,0.009316148721,-0.01123719908,0.01116251411,0.00176851151,0.003690101408,-0.0108792035,-0.01419992242,-0.0215439917,0.003451629702,0.0009369933946,-0.0002189068362,-0.0002253001156,0.00498610451,-0.007574423207,0.005892463005,0.01096362141,0.008163300332,-0.003173168168,0.01918049136,-0.0002423021246,0.02225555578,0.007243780209,0.02100059265,-0.002189600775,0.01593784996,-0.0002243812536,0.01119963168,-0.004263660988,-0.0107869013,-0.003593753856,-0.003756308113,0.006674646779,-0.003222857175,-0.006571042142,0.000173039267,0.003198601441,-0.008280646459,0.001004737932,0.002871740459,-0.0004348091457,0.0005518964644,-0.002825286987,0.006714865247,0.006194458262
2025-07-15,170.4729462,208.2837067,226.3500061,181.4822693,182.5786438,279.3378906,310.7799988,119.9359741,766.3289795,94.59906769,282.4376221,155.6100006,285.7238464,233.1204071,109.4220428,151.3874207,45.16612625,182.0684052,144.6324005,67.88524628,79.45005798,128.7138824,416.8891907,454.4427795,263.6609497,275.6497498,146.34758,151.1149445,212.4024506,66.06338501,197.8386993,688.6472168,400.3076172,1024.689453,138.2530365,308.2036743,100.5845108,105.9751511,464.2000122,237.2354126,498.5301819,544.9736328,274.8685608,93.0532608,90.46247864,88.7088623,55.58425522,115.5904465,120.2697372,89.54342651,77.16678619,90.10225677,357.9559326,508.8422241,251.5644989,329.2927246,187.5019073,89.58082581,98.91578674,192.25,569.0999756,318.0400085,104.9300003,72.27388,19.92431641,72.5978241,44.3146286,42.44758606,73.98796844,97.67577362,113.1462173,54.15811539,280.9435425,43.75669479,56.74664307,39.28017426,283.9743652,106.9896011,219.2597046,61.68392563,44.80360794,136.8237457,111.3240204,136.8855133,127.6257248,259.671936,545.5016479,386.2701111,160.3025055,33.01366806,226.0081024,254.7614594,182.9990387,93.12567139,457.7731628,230,249.4671783,296.9355774,217.0336456,153.7146454,,0.04040960724,0.002348860274,0.002924381474,0.002423457218,0.001586403139,0.01937587764,-0.0193120708,0.01264654478,-0.03451602589,-0.004071892783,-0.007447269554,0.06407272132,-0.02950964349,0.02477326949,-0.008865855603,-0.01052167561,-0.01954536496,-0.01838006366,-0.006330318836,-0.001583488808,-0.02569625483,-0.01298239189,-0.01728025691,-0.0175348533,0.008881679549,-0.003840937309,-0.004019422745,0.00006482997229,-0.00767999692,-0.009436768208,0.01111098114,-0.01512680155,-0.002784799137,-0.0587515551,-0.01653136293,-0.03200181423,0.01455527312,-0.006675759617,-0.01725414161,-0.01248662193,-0.008155838147,-0.03966067791,-0.01613139843,0.01593562677,-0.01175828726,0.03679995092,0.006020903387,-0.02357255691,-0.01472962182,-0.002265862697,-0.05477647256,-0.01006209344,0.005051520297,-0.008232263535,-0.004852140254,-0.01135068091,-0.01814095575,-0.01720280829,-0.007683757859,0.008022225092,0.03561215083,0.001732395753,0.01903466118,-0.001379166397,-0.01886791035,-0.004530982954,-0.0291118174,-0.02846499481,-0.02169446708,-0.02397879225,-0.007038102315,-0.01136353349,-0.01427097157,-0.0299034086,-0.05705355796,-0.007696019331,-0.01521727926,-0.02703187064,-0.02444402035,-0.006525812675,-0.0192226563,0.006889316389,-0.01778955594,-0.02253302042,-0.03272775697,-0.03100799912,-0.0290357191,-0.001188649756,-0.02642851496,-0.0147144997,-0.009300954877,-0.01293333913,-0.01418921774,-0.005892890709,-0.007285118745,-0.002212461581,-0.01864605279,-0.01312124773,-0.01159373761,-0.008359187862
2025-07-14,163.8517609,207.7956238,225.6900024,181.0435181,182.2894592,274.0283508,316.8999939,118.4381409,793.7252197,94.98583984,284.5567932,146.2400055,294.4118347,227.4848633,110.4008408,152.9972076,46.06651306,185.4774933,145.5538025,67.99291229,81.54547119,130.4068756,424.2198181,462.5535889,261.3398132,276.7125854,146.9381866,151.1051483,214.0463257,66.69274902,195.6646729,699.2242432,401.4255066,1088.649292,140.5769653,318.3928223,99.14147949,106.6873703,472.3500061,240.2351379,502.6295471,567.4802856,279.3752747,91.59365845,91.53881836,85.56024933,55.25159073,118.3809891,122.067749,89.7467804,81.63866425,91.01808929,356.1567993,513.065918,252.7910767,333.0733337,190.966217,91.14884186,99.68171692,190.7200012,549.5300293,317.4899902,102.9700012,72.37369537,20.30747604,72.9282608,45.64339066,43.69125748,75.62869263,100.0754623,113.9481964,54.78061676,285.0109253,45.10550308,60.18013382,39.58481979,288.3624573,109.9620819,224.7535858,62.08910751,45.68173218,135.8875732,113.3402939,140.0410614,131.9439545,267.9815063,561.8143311,386.7297974,164.654068,33.50670242,228.1299286,258.0995483,185.6330261,93.67770386,461.1325684,230.5099945,254.2071381,300.8835449,219.5793915,155.0104065,,-0.005153967733,-0.01202881797,0.002977504916,0.007602922072,0.008273201234,0.004446389843,0.01081300126,-0.04753880774,0.007982305191,0.0146185946,0.006414404947,-0.001229290247,-0.01157530047,-0.005551680442,-0.01308154048,-0.0005098714705,0.007275855336,-0.00483246154,-0.02356571903,-0.005724912563,0.003718848272,0.002291949549,-0.02189211696,-0.00006399292357,0.02709256463,0.0007052257782,0.01640906214,-0.02013211973,-0.005423759866,-0.001913040956,-0.004193265288,0.01184483319,-0.0003695633043,0.008913932259,0.01187814432,0.004538724741,-0.02074114321,0.001648770131,0.00746507402,-0.004986113521,-0.00936748838,0.005019912644,0.00773244022,-0.002963612223,0.007937284673,0.008878212256,0.005709416033,-0.003576070567,-0.001212553424,0.0002158025269,0.01066012875,-0.01601010555,-0.0009150573548,0.01265055459,-0.00800931603,-0.001761299592,0.001877886316,-0.01506131494,0.01468194098,0.01777043515,-0.01743312739,-0.009700610761,0.0394710656,-0.002750640485,-0.002413161555,0.008602108105,-0.00169697,0.005282706004,0.002574096424,-0.004058828835,0.004001305468,-0.00331077382,-0.004007331275,-0.0157462133,0.01147511186,-0.0009611139256,0.005960776832,0.02234592212,-0.01391588597,-0.006483381262,0.01024332343,0.006364638816,-0.008013755036,-0.005828498548,-0.01369668171,0.003457219113,0.005017682428,0.008390200211,-0.01192382851,-0.003519047943,-0.007613855536,-0.0138049025,-0.008811293395,-0.01135579865,0.01296229619,0.01617879663,0.001239490489,0.00876898869,0.009028089415,0.01328300613
2025-07-11,164.7006226,210.325592,225.0200043,179.6774445,180.7937164,272.8153076,313.5100098,124.3495712,787.4396362,93.61728668,282.7431641,146.4199982,297.8596497,228.754837,111.8641968,153.0752563,45.73376083,186.3781586,149.0666656,68.38440704,81.24333954,130.1086731,433.7147522,462.5831909,254.4462128,276.5175781,144.5659943,154.2097168,215.2135925,66.82057953,196.4886017,691.0390015,401.5739136,1079.030884,138.9267731,316.9542542,101.2413406,106.5117569,468.8500061,241.4389801,507.3824463,564.645813,277.2315979,91.86591339,90.81797028,84.80731201,54.93792725,118.8058472,122.2159424,89.72741699,80.777565,92.49900818,356.4830017,506.6564331,254.8321075,333.6610107,190.6082764,92.54265594,98.23937225,187.3899994,559.2800293,320.6000061,99.05999756,72.57331848,20.35659981,72.30627441,45.72097778,43.46166229,75.43451691,100.4833069,113.494072,54.96258545,286.1576538,45.82710648,59.49739456,39.62290192,286.6537781,107.5585861,227.9253693,62.49428177,45.21854401,135.0281677,114.2559128,140.8620758,133.7762451,267.0582275,559.0093994,383.5120544,166.6410675,33.62503052,229.8802032,261.7124634,187.2832336,94.75370789,455.23172,226.8399963,253.8924408,298.2680359,217.6147461,152.9783936,,0.00499685619,-0.005884824587,0.0124179332,0.01446922913,0.01460549318,-0.003703619499,0.01174690905,0.01153442702,0.002984836295,-0.004849235199,-0.004615012392,0.01567698702,0.01532506268,-0.01889364132,0.004350440068,-0.005009892435,-0.005109621221,-0.01307690499,0.007394256288,0.00143344732,-0.007855278254,-0.00602599803,0.009588414113,-0.003252956867,0.0112839691,-0.01335965847,0.003210412414,-0.01024571179,0.007238440038,-0.01178014267,-0.0005049837456,-0.005880608734,-0.005902062107,-0.002182924267,-0.005660763926,-0.01774070158,0.006629693938,0.007010340302,-0.02227179259,-0.001835851231,-0.01307782992,0.01425624737,-0.008875830026,-0.004350625253,-0.01150032444,-0.004019363262,-0.01280959187,0.01076148919,-0.00362447566,-0.006433690828,0.002307137557,-0.002207006639,0.008332364383,0.0014205691,-0.009232334498,-0.0150059865,-0.004698076628,0.002516508596,0.00457747759,-0.0243661569,-0.0122043362,-0.006384421791,-0.01137723976,-0.008049205393,-0.02677314659,-0.003215326541,-0.009039332494,-0.001538458977,-0.008549314864,-0.01129256595,-0.006008226883,-0.01323932424,-0.007242393507,-0.0180047301,0.00585479263,-0.009754960041,-0.01697914207,-0.04277986526,-0.006503582052,-0.0128011348,-0.03421270513,-0.008619510438,-0.01486508835,-0.00635001311,-0.01674310031,-0.006390194254,-0.004216971478,0.009708267486,-0.01981068622,0.01669637692,-0.008016826295,0.01303474866,-0.01118418281,-0.01603188297,0.006891898915,0.003317263091,0.0002712421466,-0.003889496433,-0.003547698859,-0.00940774875
2025-07-10,163.8817291,211.5706482,222.2599945,177.1147308,178.1911469,273.8294678,309.8699951,122.9316254,785.0962524,94.07347107,284.0540771,144.1600037,293.3638306,233.16008,111.3796463,153.8460083,45.96864319,188.847702,147.9725189,68.28652191,81.88658142,130.8974609,429.5956116,464.092865,251.6070862,280.2617798,144.103363,155.8060608,213.6669769,67.61711884,196.5878754,695.12677,403.9580994,1081.391479,139.7176819,322.6788025,100.5745621,105.7702713,479.5299988,241.8830414,514.105835,556.7092285,279.7142944,92.26733398,91.8745575,85.14955902,55.65079117,117.5409317,122.6605225,90.30843353,80.59162903,92.70360565,353.5372009,505.9377136,257.2067261,338.7442017,191.5079956,92.31035614,97.79173279,192.0700073,566.1900024,322.6600037,100.1999969,73.16221619,20.91660309,72.53951263,46.13803482,43.5286293,76.08499146,101.6309814,114.1800919,55.70001602,288.2452393,46.66733932,59.15107727,40.01322937,291.6049805,112.3655701,229.4174042,63.30465317,46.82039642,136.2021637,115.9799652,141.7622681,136.0542145,268.7757568,561.376709,379.8246155,170.0090637,33.07283401,231.7380066,258.3450012,189.401535,96.29753876,452.1157837,226.0899963,253.8235931,299.4326782,218.3895264,154.4312439,,0.007490122704,0.006014978895,-0.001258195326,0.005661910229,0.005853760383,-0.008996169554,0.04728264838,0.00711712031,0.004740073548,-0.0201424554,0.01776363009,0.04154324,-0.0112244603,-0.001317404828,0.009929702197,0.009022349013,0.002775389505,0.02297771486,0.007515384112,0.004173674025,0.00370329951,0.01189790071,0.02584068245,-0.001973359871,0.008948128633,-0.009340461258,0.00150502144,-0.001631761915,0.0151116879,-0.007362423427,0.01351151176,0.01803162587,0.01529177455,0.01405289588,0.01087945319,0.02486218182,0.01252379516,0.01898685657,0.001169170422,0.009929221067,0.01937840513,0.01299359583,0.001928610898,0.005892795831,0.007798899874,0.01503675905,0.0138528298,-0.001312669857,-0.01028286734,0.01413659431,0.006968980572,-0.001049852194,-0.005948073224,0.01167462366,0.009124101138,-0.001443592611,0.009228115872,0.008886214677,0.001018218282,-0.06789280016,0.02766129394,-0.0007742095233,-0.06920580095,0.01522296963,0.02355774651,0.01344189115,0.00570813864,0.007528850159,0.001661599573,0.005159440412,0.008534712027,0.01767281221,-0.0004757814944,0.03553412369,0.01753193728,0.002337175112,0.01298400608,0.01148005322,-0.01909595886,-0.01560148735,0.01804449998,0.01139586452,0.007445502392,0.02584121616,0.009479755776,0.002889476033,-0.004655964643,-0.005312499451,0.01851073308,0.006300458832,0.002156521023,0.0119212706,0.009386533884,0.007537908662,0.002699484164,-0.002250704995,0.03691943367,0.01140157801,-0.008168603581,0.008590976082
2025-07-09,162.6633606,210.3056641,222.5399933,176.117569,177.154129,276.3152466,295.8800049,122.0628891,781.392395,96.0072937,279.0963135,138.4100037,296.6940613,233.4676514,110.2845535,152.4703674,45.84141541,184.6058807,146.8687439,68.00270081,81.58444977,129.3583679,418.7742004,465.010498,249.3756409,282.9042358,143.8868103,156.0607147,210.4861755,68.11863708,193.9670868,682.8145142,397.8739014,1066.405396,138.2139893,314.8509216,99.33056641,103.7994461,478.9700012,239.5049438,504.3326721,549.5683594,279.1758728,91.72680664,91.16358185,83.88815308,54.89040375,117.6954269,123.9349289,89.04957581,80.03387451,92.80103302,355.6526489,500.0992432,254.8811646,339.2339172,189.756897,91.49729156,97.69226074,206.0599976,550.9500122,322.9100037,107.6500015,72.06517029,20.43519592,71.57737732,45.8761673,43.2033577,75.95877838,101.109314,113.2138443,54.73273468,288.3824463,45.06595993,58.13191223,39.9199295,287.8673096,111.0902481,233.8836365,64.30795288,45.99052048,134.667511,115.122818,138.1912384,134.7765656,268.0013733,564.0026855,381.8532104,166.9192657,32.86576462,231.2393341,255.3014832,187.6402435,95.5770874,450.8985901,226.6000061,244.7862244,296.0571594,220.1881561,153.1158295,,0.01800003495,0.005380619644,0.01449668429,0.01296168601,0.01427262244,0.02244309559,-0.00648061748,-0.01752124079,0.01190750669,-0.002883933331,0.001343785362,0.004280919362,-0.01556703006,0.005586395379,-0.00341536252,0.003145377351,-0.00657483083,0.004479100341,-0.001435518336,-0.01081996984,0.02875746896,-0.004146984359,-0.01475937504,0.002808726625,0.0132767543,-0.0009640967192,0.008764055786,-0.00062702682,-0.001107915134,0.009913922938,0.002051348105,-0.00103278932,0.02001046335,0.01277187979,0.002976044486,0.001167199595,-0.0002004290256,-0.004305100122,0.02703923206,-0.009912296709,0.0008252612924,0.008817843408,0.0001785401516,0.004307990047,0.004023912403,0.00257103209,-0.03006384885,-0.01661956803,0.001516788404,0.007670426266,0.002451420018,0.00326516843,0.007843502507,0.006120621367,0.007173383149,-0.008870842052,-0.009393861016,-0.01315382586,0.008212644373,0.01014751708,-0.001015389655,-0.001144503584,0.001022880876,0.004308465824,-0.0009606284088,0.01642282229,-0.007553418588,-0.005286372631,-0.01782570848,-0.009109469604,0.007393968195,0.01473731707,0.006464786839,-0.01469627261,0.01978822252,-0.01045049652,-0.001616196939,0.01962899222,-0.003326428876,-0.004182941735,0.01318026779,0.004981997465,0.006643386384,-0.0002148271111,0.0002939937063,0.01313554091,0.01418379158,0.01207757055,0.003763923972,-0.001796764272,-0.0002113776459,-0.00444101341,-0.009216232681,-0.002246472236,0.0001079639488,0.03697602816,0.00391206496,0.01115794521,-0.004503731666,0.0145700508
2025-07-08,159.7871857,209.1801453,219.3600006,173.8639984,174.6612549,270.25,297.8099976,124.2397232,772.1974487,96.28497314,278.7217712,137.8200073,301.3857422,232.1706543,110.6625061,151.9922943,46.14480972,183.7826996,147.0798798,68.74653625,79.30387115,129.897049,425.0476379,463.7080688,246.1081238,283.1772461,142.636734,156.1586304,210.719635,67.44994354,193.5700073,683.5204468,390.0684509,1052.957153,137.8038788,314.4838562,99.35047913,104.2482452,466.3599854,241.9027557,503.9168091,544.7647095,279.1260376,91.33334351,90.79821777,83.67302704,56.59177017,119.6845322,123.7472305,88.37172699,79.83815765,92.49900818,352.8847961,497.0569458,253.0658264,342.2701416,191.5563507,92.71687317,96.89648438,203.9900055,551.5100098,323.2799988,107.5400009,71.75601196,20.45484543,70.42086792,46.22532654,43.43296051,77.33737183,102.0388336,112.3828888,53.93783569,286.5300903,45.73814011,57.00390625,40.3415184,288.333313,108.9516373,234.6642303,64.57807922,45.39223862,133.9999237,114.36306,138.220932,134.7369537,264.5266724,556.1148682,377.2963867,166.2933502,32.92492294,231.2882233,256.4403381,189.3856659,95.7922821,450.8499146,218.5200043,243.8323364,292.7902222,221.1843109,150.9169617,,0.01112235137,0.0002858099136,-0.01839173306,-0.01374508251,-0.01351651123,-0.008680529125,0.01316593551,0.03752499143,0.00619767126,-0.02274789336,-0.0314758126,0.02240359202,0.01313749731,0.009644402033,0.0277203624,0.003348905892,-0.03103152504,0.01140532333,0.03962010345,-0.01084348525,0.005809582255,0.004388171416,0.0178409128,0.0007667054487,-0.006434757968,-0.00700914427,-0.006921707703,0.008602678914,0.01508829388,-0.004932679199,0.02206727782,-0.01920007889,0.0071007355,-0.0008829612456,-0.01815781529,-0.01781672577,0.01722032324,0.004890373832,0.01512805911,0.01381244353,-0.002704334727,0.01791455718,-0.00007138909737,0.007231795399,-0.007019387942,-0.02317355028,-0.01178422817,0.03628461435,0.0007189595551,-0.004363911861,-0.009108641146,0.01388298746,-0.004212021109,-0.006044265295,0.01272281381,0.007437724485,0.008917146365,0.03500802024,-0.01156770345,0.01275944468,0.02793929339,0.009303812363,0.008345048072,0.005590555929,-0.004304128985,-0.03063544381,-0.002511564879,0.005314466883,0.006062119455,0.01061534836,-0.00835545646,-0.002126170472,0.01152178091,0.0252602682,-0.04238699871,0.006074814545,0.01382490556,-0.006441204114,0.001180405503,0.003899305711,0.01183052224,0.009713664046,0.01688900027,0.02029944277,0.0191025442,-0.002059889693,0.005033336992,-0.02135823222,0.01868425773,0.01028761883,0.00505627808,0.004654051656,0.01539830292,0.01517102534,-0.0128981478,-0.0005031359278,-0.0220092947,0.006787577229,0.001880106022,0.01251317788
2025-07-07,158.0295258,209.1203766,223.4700012,176.2870789,177.0544128,272.6164551,293.9400024,119.7462463,767.4411011,98.52623749,287.7798767,134.8000031,297.4776306,229.9528961,107.6776428,151.4849854,47.622612,181.7102356,141.4746399,69.50016022,78.84580994,129.3295288,417.5973206,463.3528137,247.7020264,285.1760864,143.6309052,154.8267059,207.5874939,67.78430176,189.3906708,696.901001,387.3182068,1053.887695,140.3523712,320.1885681,97.66859436,103.7409134,459.4100037,238.6070099,505.2832642,535.1772461,279.1459656,90.67758179,91.44007111,85.65802765,57.26661301,115.4938812,123.6583252,88.75906372,80.57205963,91.2324295,354.3774414,500.0795593,249.8865662,339.7432251,189.8633118,89.58082581,98.0304718,201.4199982,536.5200195,320.2999878,106.6500015,71.35708618,20.5432663,72.64642334,46.34171677,43.2033577,76.87136841,100.9670334,113.3298111,54.05276108,283.2663574,44.61124802,59.52708054,40.09793091,284.4014893,109.6579666,234.387558,64.32724762,44.8615036,132.7108154,112.4636612,135.4709473,132.21138,265.0726929,553.3297729,385.5306396,163.2432709,32.58965302,230.124649,255.2523804,186.5136719,94.36073303,456.7410278,218.6300049,249.3196869,290.8162842,220.7692413,149.0518494,,-0.006903504079,-0.01685792685,0.0002685535903,-0.01526208877,-0.01656045276,-0.003633969861,-0.0678928278,-0.0184571245,-0.009991376821,0.01006503852,-0.01361477302,-0.02255094285,-0.0156861173,-0.02132153929,-0.009714791188,-0.004743241978,-0.005518092045,-0.008717183411,-0.006537660715,-0.004765248917,-0.0003705635032,-0.006869519438,-0.02475947413,-0.01259512859,0.008640241933,0.001712354465,0.001166556956,-0.02539928552,-0.01208212864,-0.006342676307,-0.001413253804,-0.01761821744,-0.01596031352,-0.005710905725,-0.002775124597,-0.0164568204,-0.006780581259,-0.01564511032,-0.0004568805912,-0.01575214603,-0.02050018783,-0.01689929555,-0.01349530736,-0.01293550089,0.01224304644,-0.01262404893,0.01005860212,-0.02874546341,-0.005482254907,0.001639203261,-0.01507179492,-0.008471018548,-0.01029773638,0.007378005178,-0.01485486876,-0.002759883177,-0.001627916363,-0.01206220063,-0.009149427227,-0.001982009418,-0.02226914553,-0.01991986112,0.009369655778,-0.04828416396,-0.02014996618,0.01177589669,-0.003129569409,-0.008344336649,-0.01822699838,-0.02411076244,-0.0001704258972,-0.00738666311,-0.009662807846,-0.01462877063,0.004340542878,-0.01722161616,-0.01773734679,0.0002684903597,-0.01030541588,-0.01112259709,-0.009164586449,-0.01822196334,-0.02384167743,-0.006672957505,0.001876305592,0.002854692844,-0.002867959476,-0.001837027167,-0.03929137361,-0.01636916584,-0.003935990147,-0.009561794882,-0.02545284652,-0.03149902015,0.01413996584,0.012550976,0.005752197546,-0.0003731239559,-0.004367730256,-0.007192377133
2025-07-03,159.128067,212.7061615,223.4100037,179.0192871,180.0358887,273.6107483,315.3500061,121.9979782,775.1862793,97.54444885,291.7520142,137.9100037,302.2182617,234.9626617,108.7339706,152.2069397,47.88685608,183.3081665,142.4056396,69.83293152,78.87503815,130.2241058,428.1993103,469.2632446,245.5801544,284.6885986,143.4635468,158.8616791,210.1262665,68.21697998,189.6587067,709.399353,393.6001892,1059.940918,140.7429504,325.5460205,98.3353653,105.3897476,459.6199951,242.4257355,515.8584595,544.3768311,282.9646606,91.86591339,90.33410645,86.75320435,56.69632721,118.9120636,124.3399887,88.61380768,81.80500793,92.01186371,358.0646973,496.4169922,253.6545715,340.6834717,190.1728973,90.67456055,98.93567657,201.8200073,548.7399902,326.8099976,105.6600037,74.97730255,20.96572495,71.80090332,46.48720169,43.56689453,78.29851532,103.4615707,113.3491287,54.45500183,286.0302124,45.27354431,59.26981735,40.80058289,289.5371094,109.6285324,236.8281708,65.05078125,45.27644348,135.1739502,115.2104721,136.381012,131.9637756,264.3181458,554.9212646,386.2401733,169.9196472,33.13199615,231.0339966,257.7166138,191.384964,97.42967224,450.3727722,215.9199982,247.8937531,290.9248352,221.7377319,150.1316528,,0.01329093206,0.005225112732,0.01586943217,0.00498207691,0.004394832643,0.01956287084,-0.0009503811144,0.004517859327,0.001783556449,0.007683645867,0.01858226783,-0.004403700488,0.003218821729,0.03191595372,0.01035559295,0.002892644202,0.004516512614,-0.007706386493,0.002635428143,0.006204888851,-0.01772059651,-0.008059777926,0.003670191101,-0.003332203802,0.008702839018,0.01501830992,0.008510746476,-0.0006776590125,0.00199455405,0.01745378019,0.005473388529,0.01088149295,-0.001430709424,0.01081673025,0.008959922641,0.0102835435,-0.0002023794989,-0.00267754821,0.005667016049,0.002161942036,0.001268433873,-0.0006938731105,0.01328190091,0.003778095002,0.001532715871,0.02259105678,0.008112323392,0.00219729203,0.004389240411,0.003949487155,0.01505589254,0.002760793965,0.01125117453,0.01062339886,0.007993729685,-0.006880700687,0.004394194531,-0.008047530004,0.009541275462,0.02462306988,0.04899544188,0.05100493561,0.0337540809,0.0125252206,0.004235262733,0.01177762215,0.009265002169,0.01132578977,0.006238383186,0.003865286815,0.002135682841,-0.009752669375,0.005304950168,0.0006554577269,-0.002663953052,-0.0009176632617,0.004682456429,0.002152266809,-0.01685870542,0.01246243937,-0.001914526206,-0.006261763733,-0.002613992034,-0.007129600634,-0.006116689074,0.00199457747,-0.001396006827,0.03508215513,0.006947267679,-0.0002975389215,-0.003710625924,0.001908344192,0.00873962929,-0.01335996452,-0.00006491054507,0.01834645763,0.007715497347,0.008002245873,0.004764606586,-0.006689657073
2025-07-02,157.0408478,211.6005249,219.9199982,178.1318207,179.2481232,268.3608398,315.6499939,121.4492874,773.8061523,96.80066681,286.4295044,138.5200043,301.2485962,227.6955414,107.6195068,151.7679291,47.67154694,184.731781,142.0313263,69.40229797,80.297966,131.2822113,426.6334839,470.8321533,243.4613495,280.4763184,142.2528687,158.9694061,209.7079926,67.04676056,188.6262817,701.7631226,394.1641235,1048.598511,139.493103,322.2323303,98.35527039,105.6726913,457.0299988,241.9027557,515.2049561,544.7548218,279.2556152,91.5201416,90.19586182,84.83665466,56.24008942,118.6513519,123.7966156,88.26520538,80.59162903,91.75853729,354.0808716,491.1987915,251.6430054,343.0438538,189.3408966,91.41018677,98.00062561,196.9700012,523.1099854,310.9500122,102.2099991,74.04981232,20.87730408,70.96510315,46.06045151,43.07899094,77.81308746,103.0632019,113.1075668,54.99131393,284.5208435,45.24388885,59.4281311,40.83805847,288.1876831,109.3930893,240.8892517,64.25006866,45.36329269,136.0257111,115.5124207,137.3603363,132.7759247,263.7919922,555.6970215,373.149292,168.7473145,33.14185715,231.8944702,257.2257385,189.7268219,98.74895477,450.4020081,212.0299988,245.9957733,288.6152649,220.6862488,151.142746,,0.02576648215,0.0222307862,-0.002449462617,0.01592349676,0.01610973344,0.01949086253,0.04968242781,0.007031111962,0.004356316421,-0.006412813034,0.005474998165,0.01770629382,-0.05696951494,0.05032869194,0.01656912288,-0.002308792611,0.01163032327,0.004000216945,0.01655542783,-0.0106040834,0.007089556666,0.009019677014,0.01492403602,0.0008809802209,-0.01714719763,-0.01219089747,0.002288688709,0.01831879668,0.02442381381,-0.007380528944,0.03401182783,0.01334812708,0.01921110068,0.01546091712,0.01268854384,0.009549450614,0.02086564216,0.01623185122,0.01077051282,0.01874166985,0.02350698718,0.0239855671,-0.03283958799,0.02475379851,0.001864722375,0.005679888084,0.01771590288,0.01394492353,0.001198320537,-0.01245934826,0.01067603877,-0.007796080922,0.008872145252,-0.009195088992,0.004937525928,-0.114994018,0.01656976658,0.02663341242,0.01160279002,-0.00308736008,0.002548882633,0.004814905943,-0.00214782017,-0.02610158454,0.03759771689,-0.0005475663919,0.0215100958,0.01877823644,-0.01159192928,-0.003119333893,-0.01522677722,-0.003989667381,0.01691939004,0.03904645847,0.02090764134,-0.002060487962,0.02178854821,-0.001969072839,-0.0348009648,-0.04282842919,0.002525933561,-0.002251335692,0.01872686695,0.03541879838,0.02996321223,0.003929453573,0.001775118566,0.003008363273,0.00831109489,0.00418285318,0.006749673049,-0.001448170163,0.02052652508,0.01024227367,-0.007275673407,0.01067737054,0.01559004822,-0.001562686897,0.002052202432,0.001040222545
2025-07-01,153.0960999,206.9987793,220.4600067,175.339798,176.4062653,263.2302551,300.7099915,120.601326,770.4498291,97.42543793,284.8698425,136.1100006,319.4473572,216.7850342,105.8654099,152.1191406,47.12348557,183.9957581,139.7182312,70.14613342,79.73269653,130.1086731,420.3600159,470.4177246,247.7088623,283.9377747,141.9280396,156.1096649,204.7082367,67.54528046,182.4217834,692.5192871,386.7345276,1032.633057,137.7453156,319.1842957,96.3449707,103.9848251,452.1600037,237.4524994,503.3721924,531.9946289,288.7376404,89.30939484,90.02798462,84.35751343,55.26108932,117.0195236,123.6484451,89.37880707,79.7403183,92.47951508,350.967041,495.7573242,250.4066162,387.6175537,186.2546997,89.03878021,96.87658691,197.5800018,521.7800293,309.4599915,102.4300003,76.03443146,20.12080765,71.00398254,45.09054947,42.28495407,78.72566986,103.3856964,114.8564606,55.21158981,279.7870178,43.54366302,58.21107483,40.92237854,282.0423889,109.6089172,249.5746918,67.12492371,45.24899673,136.3326416,113.3889999,132.6616211,128.913269,262.759491,554.7123413,372.0300903,167.3563995,33.00380707,230.3397522,257.5987854,185.9107208,97.7477951,453.7030029,209.7899933,242.2195587,289.0669861,220.2342834,150.9856873,,-0.0296854209,0.01291610891,0.004877192795,-0.002212901533,-0.002705841312,-0.03957915993,-0.05335897504,-0.01914799578,-0.00465671832,0.004704343957,0.001724733148,-0.0408033371,0.04542110663,0.001509466043,0.0133580631,0.02075298717,0.01754007492,0.02354276029,0.01662142896,0.01300361132,0.03347648381,0.02438641709,0.03948601186,0.01613459506,-0.03251885128,-0.01214476935,-0.01253258419,0.0008790021501,0.0136306915,-0.004035697825,0.00376908967,-0.001822564059,0.006980877123,0.004784387787,0.001490818729,0.01112935051,-0.005444795894,0.01388892918,0.01563340356,0.01100741685,-0.0002556562273,0.0188760101,-0.000448677221,0.003472131439,-0.0007672825504,0.01351022107,-0.008357557891,0.01320972487,0.01352344418,0.005118140468,0.01709934109,0.03590530482,-0.005462288211,0.00710023765,0.03211324043,0.01748259843,0.03272184201,0.02507237348,-0.01377213706,-0.03449959724,0.01774993515,0.004251168537,-0.03111994776,-0.01498722031,0.001466918482,0.05243460983,0.02740335176,0.02814596426,0.008331089879,0.01451977083,0.007372919798,0.01999289061,0.01855359464,0.01614776829,0.009783789961,0.009475421813,0.04050708757,0.007756761168,0.0331316481,0.008698134558,0.02635543908,0.03146591821,0.02338450741,0.03527856184,0.01679559056,0.0147610013,0.0158845574,-0.01505364668,0.03789281395,0.02574307761,0.02386124228,0.02504188787,0.03088314405,0.03497115458,0.006045704718,0.001240846219,0.02008600439,0.009325997648,0.02529204605,0.01031274776
2025-06-30,157.7798615,204.3592529,219.3899994,175.7286682,176.8848877,274.0780334,317.6600037,122.9556808,774.0543823,96.96926117,284.379364,141.8999939,305.5681152,216.4582977,104.4698944,149.0263977,46.31118393,179.7636261,137.4338837,69.24568939,77.14998627,127.011322,404.3921814,462.9482422,256.0348206,287.4285278,143.7293396,155.9725647,201.9554443,67.81897736,181.7368011,693.7837524,384.0534973,1027.716064,137.5402679,315.6710815,96.87242126,102.5603714,445.2000122,234.867218,503.5009155,522.1387329,288.8672485,89.00037384,90.09711456,83.23301697,55.72682953,115.4938812,121.9986038,88.92368317,78.3997345,89.27410126,352.8946533,492.262146,242.615448,380.957428,180.3532104,86.86096954,98.22941589,204.6399994,512.6799927,308.1499939,105.7200012,77.1913147,20.0913353,67.46640778,43.8878746,41.12738419,78.0752182,101.906044,114.015831,54.1293869,274.6905212,42.85170364,57.64706802,40.53826141,271.062439,108.7652512,241.5710449,66.5460968,44.08706284,132.1736755,110.7980423,128.1409912,126.7838593,258.9373169,546.0387573,377.716095,161.2463226,32.17551041,224.9716492,251.3056183,180.341217,94.44494629,450.976532,209.5299988,237.4501343,286.3960571,214.8015137,149.4445038,,0.001521518803,0.02034008167,-0.01751009229,-0.01288315794,-0.004936378504,0.02338939325,-0.01844699543,-0.01210329314,0.005261527098,0.005243100832,0.009752352023,-0.01328143867,0.009252436886,0.03990675168,-0.01444510221,0.002230715364,0.004244476415,0.01815578896,-0.004172872481,0.005971764159,0.0007585700603,0.007631368154,-0.006906994792,0.01162152992,0.01131604904,0.0175354821,0.009401380132,0.004541449423,0.002607619509,0.0106335639,-0.0007642155502,0.02452202294,0.009097757594,0.001364721532,0.001208491564,0.00564327897,0.001440255427,-0.00473393529,0.00883758106,0.004473263689,-0.006312094886,0.00767756376,0.01613354269,0.006596334528,0.01400311022,0.008770029385,-0.002042579377,-0.00985105068,0.0008915674581,0.01023093051,0.007798762123,-0.005211163624,0.01064459985,0.01210533611,0.00279849346,0.01958104535,0.003606985324,-0.004768701124,0.01105760302,0.02029212702,0.01999480273,0.009665732541,0.02531277854,0.003110373649,0.1108093268,-0.02073639254,-0.0002209865821,0.008918213247,0.0006220719376,0.002893646352,0.009237072687,0.01163425874,-0.001027156212,-0.01185320457,0.02642705298,0.02268962685,0.007505553819,0.001807262655,0.01074905663,0.007154545032,-0.001294402123,0.008135370631,-0.003504147125,-0.01023817415,-0.02065660942,-0.005187066066,-0.001981579333,-0.008340848694,-0.008431128658,-0.008507940643,-0.005747331456,0.0006254225962,-0.006989729655,-0.002371999048,0.009921804454,-0.02339782895,0.01177470178,0.003164396282,0.01760969973,0.001447262793
2025-06-27,157.5401611,200.2854309,223.3000031,178.0221558,177.7623901,267.8140259,323.6300049,124.4620819,770.0029907,96.46349335,281.632782,143.8099976,302.7667847,208.1516418,106.001091,148.6947021,46.115448,176.558075,138.0097809,68.83462524,77.09150696,126.0493927,407.2047424,457.6298828,253.1699371,282.4751892,142.3906708,155.2674255,201.430191,67.10540771,181.8757935,677.1779785,380.5909729,1026.31543,137.3742523,313.8996582,96.73310089,103.0481949,441.2999878,233.8212738,506.6992493,518.1605225,284.2807922,88.41714478,88.85289764,82.50940704,55.84088898,116.6429367,121.8899307,88.02312469,77.79304504,89.74176025,349.1777954,486.3744202,241.938385,373.6411438,179.7050171,87.27716827,97.15511322,200.5700073,502.6300049,305.2000122,103.1100006,76.95196533,18.08711433,68.89504242,43.89757538,40.76384354,78.02667999,101.6120148,112.9722977,53.50687408,274.9729614,43.36572647,56.16284943,39.63887024,269.0431213,108.5690384,239.0019989,66.07337189,44.14420319,131.1070709,111.1876602,129.4664917,129.4580231,260.2874451,547.1229248,380.8930664,162.6173706,32.45160675,226.27211,251.1485443,181.6106262,94.66950226,446.54599,214.5500031,234.6867676,285.4926453,211.0843811,149.2285309,,0.01761050153,0.0003979975434,0.02846355966,0.02875423307,0.02201459194,-0.003034952221,-0.006599526995,-0.009841259533,-0.02473836437,0.01301824026,-0.005679832876,0.0009048224488,0.02144590576,-0.0121229677,-0.005545956882,0.002631367485,-0.007163860791,-0.02398406377,-0.004500030488,0.01237942196,0.003425108145,0.02199344303,-0.009317620554,-0.001442471798,0.01398392843,-0.007638787113,0.01394829966,0.002212418361,0.003732252582,-0.004350879481,-0.001689255259,0.00531167117,0.00741057813,0.01652123764,0.006726187122,0.0185278266,0.003717530682,0.01178274145,-0.004736143736,-0.001432779402,0.009458689216,0,0.005466032688,-0.01447493228,0.006037541567,0.0001184642155,-0.0006803510573,-0.002724327656,0.01015232246,0.006087608721,-0.005752822294,0.002939849096,0.01462057845,0.0006887870924,0.005309048855,0.02226810177,0.00129375015,-0.007921731953,0.00711487627,-0.008747598328,0.01398021486,0.00497220769,-0.007221259345,-0.03513814949,0.002177494092,-0.001408721711,0.003068788419,0.001645507376,0.005127696589,0.003653804475,0.005763500065,0.01250455037,-0.002296851852,-0.01327025868,-0.04105415852,0.004988241229,-0.007093935888,0.02834043,0.01198678848,0.005136422886,-0.006430904885,0.005236282617,0.003251952486,0.006278152419,-0.002205127162,0.02031435581,0.01736765318,0.004717164533,0.01670908006,0.0104388731,0.008805930205,0.001174150704,0.03546397432,0.005765482002,0.001506940055,0.05908777329,-0.004920265815,-0.002230816561,0.01091095741,0.008357647383
2025-06-26,154.8138123,200.2057495,217.1199951,173.0463409,173.9333191,268.629303,325.7799988,125.6991196,789.53479,95.22384644,283.2415466,143.6799927,296.4100037,210.7060242,106.592247,148.3044586,46.44819641,180.8967133,138.6336365,67.99291229,76.82836151,123.336792,411.0346069,458.2909546,249.6784515,284.6495667,140.4318848,154.9246674,200.6811981,67.39865112,182.183548,673.6000366,377.7913208,1009.63501,136.4564209,308.1895752,96.37482452,101.8481445,443.3999939,234.1567688,501.9514465,518.1605225,282.7353516,89.71577454,88.319664,82.49963379,55.87890625,116.9615784,120.6649017,87.49051666,78.24316406,89.47870636,344.1461792,486.0396423,240.6607056,365.5021057,179.4728241,87.97407532,96.46875,202.3399963,495.7000122,303.6900024,103.8600006,79.7543869,18.04781532,68.99223328,43.76327515,40.69687653,77.62862396,101.2420959,112.324913,52.84605789,275.6059875,43.94894028,58.56727982,39.44212341,270.965332,105.5769424,236.1710663,65.7357254,44.42992783,130.4241333,110.8272552,128.6587524,129.7441254,255.1051483,537.7828979,379.1047668,159.9448395,32.11634827,224.2969666,250.8540039,175.3905792,94.1268158,445.8740845,202.5800018,235.8471985,286.1309509,208.8061066,147.9916687,,0.004601160325,-0.002778242668,0.02419920511,0.01675661457,0.01714392894,0.02085763479,-0.005403721812,-0.009823196998,0.00355923183,-0.01274943616,0.01651069141,0.001952571766,0.001986691089,0.009965939103,0.01494884196,-0.001773113563,0.0130202984,0.007551592706,0.008447970299,-0.002297791031,-0.01054350876,0.001562191678,0.003579608607,0.00925680436,0.004401819975,0.002989161146,0.009124433341,0.0144938788,0.00452814492,0.01114516413,0.002458207822,0.0258110439,0.02771957288,0.01248435233,0.01474008854,0.00917099681,0.008539826376,-0.003722056496,-0.005428229752,0.01116427453,0.003532448471,0.001364713165,0.002651791325,0.01061047555,-0.004008834682,0.02105778621,-0.002544925694,0.01093309995,-0.002776009332,-0.0005531683026,0.01125581149,0.008122899306,0.01691249831,0.01384203972,0.004314327128,-0.001818879324,0.01643748583,0.02123599535,-0.000412267076,-0.009593767423,0.01730051795,0.02070380697,0.001639484665,0.05320688282,-0.006489981588,0.009240916726,0.01784918952,0.02753631215,0.01074455218,0.01156175865,0.00258732635,-0.0003623821365,0.003546114659,0.06849300204,0.01946254026,-0.0004748450083,-0.004423083457,0.01595396889,0.005827776904,0.02666848421,-0.0006426686141,-0.005441781732,0.00459116006,0.01871915076,0.02350560659,0.009110840624,0.01167619647,0.0144356441,0.003991293882,0.002462604302,0.01137517264,0.001175469984,-0.004189381494,0.01237791249,-0.00106905233,0.01850180014,0.02003242673,0.01916689738,0.02069522772,0.02037213121
2025-06-25,154.1047516,200.7635193,211.9900055,170.194458,171.0016785,263.1408081,327.5499878,126.9461365,786.7346191,96.45357513,278.6409912,143.3999939,295.8222961,208.6268616,105.0222855,148.5678864,45.8512001,179.5408936,137.4722748,68.14950562,77.64703369,123.1444168,409.568512,454.0875549,248.5842285,283.801239,139.1621094,152.7112885,199.7765808,66.65576172,181.7368011,656.6511841,367.6015625,997.185791,134.4742584,305.388855,95.55876923,102.2286453,445.8200073,231.5714417,500.1845703,517.4543457,281.9875793,88.77384186,88.67514801,80.79820251,56.02147675,115.6966553,121.0008011,87.53894043,77.37227631,88.75773621,338.4226074,479.403717,239.6268768,366.1681213,176.5704498,86.14470673,96.50853729,204.3000031,487.269989,297.5299988,103.6900024,75.72528076,18.16571045,68.36051941,42.99583435,39.60626602,76.80340576,100.084938,112.0350418,52.8652153,274.6321106,41.13170624,57.44917297,39.46086121,272.1691589,103.9190216,234.8026886,64.02819061,44.45849991,131.1377563,110.320755,126.2946243,126.7644501,252.8019104,531.5761108,373.710022,159.3089905,32.0374527,221.7742462,250.5594788,176.1284485,92.97596741,446.3512573,198.8999939,231.2153931,280.7498474,204.5724335,145.0369568,,0.04334020222,0.006290559786,-0.003665924537,0.02344529433,0.02235591592,0.003336193105,-0.0379475824,-0.005159940703,0.01827567953,-0.007550937308,0.009955081069,0.03590263298,-0.01177922669,-0.02113626079,0.0002769285995,0.0005914216626,0.004071967355,-0.0008623070922,-0.00222913511,-0.008260781517,-0.008092581321,-0.02312094893,0.01553032424,-0.00639087999,0.004623017606,-0.009292491413,-0.003313390045,0.001412752172,-0.002089334046,0.00441904168,0.01603945101,0.01172001768,-0.0038603244,0.01304516644,0.01339237819,0.0006808882206,0.004078255562,-0.03098119197,-0.009882918689,-0.001276679811,-0.0143162478,-0.00379119921,-0.01380845693,0.004982953984,0.00537389465,0.01836324447,-0.01619098271,-0.007126359779,-0.01701446121,-0.005391078576,0.01229031687,-0.00437151586,-0.002651069453,0.006033021289,-0.0004474510154,-0.006800898321,0.002691874941,-0.004362894254,0.01273479539,0.01294065436,0.01730756574,0.00245960585,-0.0069909571,0.009573256805,0.01873283494,-0.01484600025,0.006286489391,-0.001206435425,-0.006904373033,-0.007337630271,-0.008550765783,-0.01393349225,0.003558622425,-0.009521606624,-0.000516401368,-0.01196349612,0.01030670554,-0.01184699121,-0.001172523105,-0.01790468777,-0.007441973675,-0.003905105009,-0.005444209951,0.00007811557916,0.002027723784,-0.03720512143,-0.03249635548,0.004862275198,-0.01000175233,0.0003077713945,-0.004826532743,-0.008739221155,-0.03272173586,-0.01242292953,-0.003933112369,-0.01015232667,0.01506711209,0.01729249203,-0.0125111229,-0.01414558088
2025-06-24,147.7032623,199.5084991,212.7700043,166.2956085,167.2623749,262.2658386,340.4700012,127.6045685,772.614563,97.18743134,275.8944397,138.4299927,299.3483887,213.1316681,104.9932098,148.480072,45.66525269,179.6958466,137.7794037,68.71716309,78.28052521,126.059021,403.3050537,457.0082397,247.4403076,286.4631958,139.6247406,152.4958496,200.1948547,66.36250305,178.8678589,649.0443726,369.026123,984.3448486,132.6971283,305.1810608,95.17063904,105.4970703,450.269989,231.8674622,507.4493408,519.423584,285.9359131,88.3336792,88.20116425,79.34123993,56.94344711,116.5270691,123.0951996,88.01342773,76.43289185,89.14744568,339.3221741,476.5288086,239.7341461,368.6754456,176.0964203,86.52219391,95.29497528,201.6900024,478.980011,296.7999878,104.4199982,75.00721741,17.83167267,69.39069366,42.72723007,39.65410614,77.33737183,100.8247528,113.0012894,53.61222076,273.6582642,41.52711105,57.47885513,39.9386673,269.3926086,105.1649094,235.0783234,65.19549561,44.7918396,131.6518707,110.9246521,126.2847595,126.5079269,262.5708923,549.430603,371.9017334,160.918457,32.02759552,222.8498383,252.7684784,182.0866394,94.1455307,448.113739,200.9400024,227.7833557,275.9775085,207.1642914,147.1180267,,0.02587222202,-0.00595537766,0.02062648355,0.009564806093,0.01042111038,0.03940583797,-0.02354592069,0.04775563081,0.00965433553,0.001328207794,0.01074515898,0.06829750517,0.01642930929,0.0397507986,-0.03042776901,0.005749463859,0.007775384661,0.009740940941,-0.02253857988,0.006739205931,0.001995908768,0.01518332035,0.01039462923,0.007417091608,0.003793260377,0.01594171653,-0.02715859772,0.01678214788,0.02194754204,0.007568930295,0.04780173447,0.02354374999,0.01854004729,0.01892936609,0.01417901362,0.02920260408,0.04388163579,0.00933449471,0.0151733335,0.0173175406,0.00003885140804,0.02021797773,-0.004892617211,0.03824684618,0.01063594683,0.02242943095,-0.009588374337,-0.0107384889,-0.001282508946,0.002426449657,0.01428390925,-0.009096842233,0.0309655671,-0.03136067468,0.006552011484,0.01074045234,0.007026358859,-0.02529710438,0.00577439416,-0.008016942869,0.01698585888,0.01103689284,0.01231213402,0.06258837028,0.01909034216,0.009472653757,0.01020642753,0.00974426726,0.0003767907181,0.006628744455,-0.0001709212812,0.00178950528,0.02862572215,0.02613591418,-0.02304064132,0.006373894926,0.0185361208,0.009511212067,0.01759989358,0.01152529629,0.002344284196,0.01090029835,0.01379846874,0.01754103616,0.006199527388,0.01317814596,0.0007426190283,0.01777129987,0.003780231093,0.001850702225,0.00898705132,0.003429743651,0.001221444805,0.002191285828,-0.02594916582,-0.00183793712,-0.02307051976,-0.004498630959,-0.0006229581613,0.01537929626
2025-06-23,143.9782257,200.7037659,208.4700012,164.7200928,165.5372925,252.3228455,348.6799927,121.7884827,765.2268066,97.05851746,272.9614258,129.5800018,294.5097961,204.9834137,108.2881775,147.6312714,45.31292725,177.962326,140.9563599,68.257164,78.12459564,124.1736526,399.1559753,453.6435242,246.505249,281.9681396,143.5226135,149.9788818,195.8954315,65.86398315,170.7077332,634.1149292,362.3088989,966.0579834,130.8419189,296.5218506,91.16995239,104.5214157,443.5400085,227.9204407,507.4296265,509.1300049,287.3417664,85.07965088,87.27293396,77.60070038,57.49472809,117.7919769,123.253273,87.80038452,75.35650635,89.96585083,329.1304626,491.9569092,238.1736298,364.757782,174.8677368,88.76776123,94.74786377,203.3200073,470.980011,293.5599976,103.1500015,70.5891571,17.4976368,68.73954773,42.29554367,39.27143478,77.3082428,100.1608124,113.020607,53.51645279,266.0426025,40.46940613,58.83443832,39.68571472,264.4899902,104.1740875,231.0125275,64.45265961,44.68708038,130.2322998,109.4148941,124.1077805,125.7284698,259.1557007,549.0228882,365.407959,160.312439,31.96843147,220.8649139,251.9045105,181.864502,93.93968201,460.0516968,201.3099976,233.1625366,277.2246399,207.2934265,144.8897247,,0.002224473049,0.002487522754,-0.005818118205,-0.00870140304,-0.01025449017,0.01512058042,0.08231930939,-0.01229775321,0.01037079611,0.01820647839,0.01189088313,0.01044912882,-0.004403816125,0.009114394952,-0.02580644984,0.01021442706,0.01758239424,-0.008310913288,-0.0179872883,0.01307372644,0.01391345986,0.0001548561316,0.005855854436,0.008533357541,0.03525925045,0.02922008012,-0.005660165929,0.0120274463,0.01609485259,0.01598307378,0.01475284843,0.009488238519,0.0158384069,0.01217107417,0.009720325735,0.003483118658,0.01237710243,0.01362461466,0.00605623757,0.01151729755,-0.01400130909,0.004316173267,0.01539711674,0.007388135712,-0.009303886514,0.01159981052,0.01238493968,-0.0265720007,0.01020248006,0.01534141359,0.02135279045,-0.008376324421,0.005192822748,0.003958176703,0.01487823435,-0.005607008715,0.01894133215,-0.03147115566,0.01524188161,0.02047782433,0.0009563942962,-0.006228829979,0.03304960543,-0.03713782859,-0.008351796074,-0.01118403782,0.01848003503,0.0191162546,0.00530234582,0.01217287898,0.01360485616,0.03061599452,0.009907601342,0.01790143174,0.02112300726,0.01582741765,-0.05837621002,-0.02129029382,-0.02069937971,0.003605307029,0.001280399881,0.007718847176,0.03368001653,0.01359604866,0.01215241406,0.01992648663,0.02552891428,0.01380337646,0.03131794683,0.01122890146,0.01514554536,0.01342923972,0.02065987533,0.01138301216,0.004037737231,0.01288049086,0.01091511577,0.01269828034,0.01325530514,0.02478645725
2025-06-20,143.6586609,200.2057495,209.6900024,166.1659698,167.2523804,248.5644073,322.1600037,123.3048553,757.3722534,95.32302094,269.7538147,128.2400055,295.8125,203.1319885,111.1567383,146.1385498,44.52998352,179.4537506,143.5382233,67.37630463,77.05252838,124.1544266,396.8321838,449.8051758,238.1096802,273.9629211,144.3395996,148.1964569,192.7924652,64.82783508,168.2259216,628.1548462,356.6599731,954.4414063,129.5823364,295.4926147,90.05532837,103.1164932,440.8699951,225.3253021,514.6351929,506.9419556,282.9846191,84.45568085,88.09253693,76.71086884,56.79137039,121.0073853,122.0084839,86.47375488,73.78107452,90.72579956,327.4301758,490.017334,234.6819763,366.8145142,171.6170807,91.65216064,93.32540894,199.2400055,470.5299988,295.3999939,99.84999847,73.3117981,17.64500427,69.51702881,41.52810287,38.53479385,76.90048981,98.95623016,111.5036163,51.92666626,263.4326172,39.75768661,57.61738586,39.067379,280.8871155,106.4402313,235.8954163,64.22112274,44.62993622,129.2347565,105.8498688,122.4430389,124.2189102,254.0925293,535.355835,360.4327698,155.4442444,31.61344719,217.5697021,248.566452,178.1832581,92.88240051,458.2015991,198.75,230.6450195,273.7485046,204.5816345,141.3852844,,-0.01120433176,0.02248452501,-0.0133164021,-0.03854149809,-0.03592369963,-0.002712647664,0.0003416111576,0.01461171947,-0.02840673038,0.01083186209,0.003796220337,0.01143626916,-0.01689462858,-0.02703083151,0.01334028111,-0.006236407826,0.009764727538,-0.00102423064,0.009177401403,-0.00534599327,-0.002900735624,0,0.01355225227,-0.006191473263,0.01475267317,-0.00790923777,0.005278663058,-0.01503630456,-0.0007563025875,0.007290518509,-0.01955569856,0.008752555283,0.002001081304,-0.005186241367,0.001433819146,0.007320594561,-0.01897231277,0.005805095196,-0.01679303943,-0.00566076854,-0.006857359986,-0.007515921055,0.005918892878,-0.02428934296,-0.00778563877,0.001276360982,0.004370448504,0.01244138816,0.007834146427,0.007559616429,0.008830601932,0.009102756862,-0.01084023382,0.006165997681,-0.002859463326,-0.003697824755,0.01209545777,0.009488138021,0.003744487337,-0.002702939681,-0.006524210062,-0.004851106519,-0.00962111906,-0.01921283072,0.01012365986,-0.0005588564711,0.0004621684477,0.01180613184,0.008402166691,0.002113104641,0.007156495421,0.000738261734,-0.01772086561,-0.02331233094,-0.0005148945201,0.0007199593586,-0.001035854074,0.004629639631,-0.01553002327,-0.004039644887,0.0004269536808,-0.001008483172,0.003972702909,-0.01489928513,-0.0323573517,-0.008522479977,-0.001058019079,0.0009711673722,0.002755926749,-0.005583104666,0.002252118003,0.0009883884481,0.01227051248,0.0006048365721,0.004182569699,0.005412825596,0.001408877505,0.0008975527851,-0.0003155455232,0.01066607592
2025-06-18,145.286499,195.8032074,212.5200043,172.8269806,173.4845886,249.240509,322.0499878,121.5291061,779.5157471,94.30155945,268.7336426,126.7900009,300.8960266,208.7753601,109.6933975,147.0556488,44.09936523,179.6377411,142.2328949,67.73843384,77.27668762,124.1544266,391.526123,452.6074829,234.647995,276.1470337,143.5816803,150.4588013,192.938385,64.35862732,171.5813141,622.7045898,355.9476929,959.4171753,129.3968048,293.3451538,91.79692841,102.521347,448.3999939,226.608078,518.1885986,510.7809448,281.319519,86.55812073,88.78377533,76.61308289,56.54424667,119.5203857,121.0600815,85.82495117,73.13524628,89.90739441,331.0184937,487.0144043,235.3549652,368.1759644,169.5661011,90.79072571,92.97725677,199.7799988,473.6199951,296.8399963,100.8199997,74.74791718,17.46816254,69.55590057,41.50891876,38.08515549,76.25974274,98.74756622,110.7113113,51.88835907,268.1850891,40.70665359,57.64706802,39.03927231,281.1783752,105.9497223,239.6166687,64.48160553,44.61088943,129.3652191,105.4310226,124.2949448,128.3727112,256.2766418,535.9228516,360.0830688,155.0170288,31.79093933,217.0808105,248.3210144,176.0233612,92.8262558,456.2931213,197.6799927,230.3205261,273.5030212,204.6462097,139.8931732,,0.009436750701,0.004804711123,-0.01070665196,-0.01494730897,-0.01833779548,0.007579068479,0.01801795979,0.01229859443,-0.007848366474,0.008912501451,0.01647368451,-0.002439005211,-0.005406844359,0.01292145953,-0.007105151575,-0.01082825324,0.01876563899,0.00005394107969,-0.004433994205,-0.005889235613,0.01290237224,-0.001701500622,0.005893356328,-0.004773263284,0.0005938668848,0.0005652569962,-0.01757816109,-0.005373451934,0.003338587386,0.007806376674,-0.007180244316,0.0169696426,0.005927052851,0.01066889575,0.01867940506,0.01232887792,-0.002055605011,-0.00009509667269,0.01450259916,0.009716841862,0.003555469713,0.009275634355,-0.005813947218,-0.02445696499,0.01067898616,0.01279714354,0.008475962356,-0.006899881385,-0.003820837022,0.002375030229,0.03089651592,0.007533626015,0.01316132865,-0.01849313228,0.0005391182825,0.001919147971,0.01195162236,-0.01780097798,0.007219803361,-0.01123486384,-0.003744212878,-0.007224092515,-0.02002330495,0.07086723733,0.000562754194,-0.004035712924,0.01358647331,0.01998461001,0.008991725686,0.006963923529,-0.001829375499,0.007625142896,-0.006027813928,-0.004592528636,-0.004442900526,-0.004301079244,-0.00144803075,0,0.008076154968,-0.003726242859,-0.008257484323,-0.007943980132,0.006509180181,0.03256961259,-0.02290456674,-0.003474328971,-0.004802597957,0.005047040234,-0.004085044928,0.003735975338,0.006437287155,0.01002316963,0.003460220555,-0.004615269955,-0.02240576971,-0.01288326127,0.0005554190411,-0.009847229292,0.0003606362982,0.002109580348
2025-06-17,143.9282837,194.8669281,214.8200073,175.4494781,176.7253418,247.3657074,316.3500061,120.0526276,785.6820679,93.46852112,264.3783569,127.0999985,302.5317688,206.1120911,110.478363,148.6654358,43.28705597,179.6280518,142.8663635,68.13972473,76.29233551,124.3660355,389.2322388,454.7782593,234.508728,275.9910278,146.1507416,151.2716522,192.2963867,63.86011124,172.8222198,612.3138428,353.8504028,949.2893066,127.0240707,289.772583,91.98601532,102.5310974,441.9899902,224.4273529,516.3527222,506.0866699,282.9646606,88.72814178,87.84567261,75.64504242,56.06900787,120.3507919,121.5244064,85.62159729,70.94334412,89.23513031,326.7184448,496.1905212,235.2281494,367.4707336,167.563446,92.43618011,92.31079102,202.0500031,475.3999939,299,102.8799973,69.80129242,17.45833778,69.83774567,40.95251846,37.33895111,75.58014679,98.06465149,110.9142151,51.49569702,269.8114624,40.89446259,57.90433121,39.20790863,281.5861206,105.9497223,237.696991,64.72277832,44.98233032,130.401123,104.7491913,120.3743973,131.381958,257.1701355,538.5090942,358.2748413,155.6528778,31.67261124,215.692337,245.8567505,175.4163818,93.25666046,466.7510376,200.2599945,230.1926727,276.223053,204.5724335,139.5986786,,-0.003939580082,-0.01401059645,-0.005923177895,-0.004638826494,-0.003990103429,-0.01082901932,-0.0388296375,0.004172133533,-0.02023336086,-0.0004242713914,-0.003106965933,0.005617525816,0.003933050342,-0.01383236183,0.01351337637,-0.01829659723,-0.004053144821,-0.02818823593,0.01931118228,-0.01276216153,-0.03310271702,-0.01613277631,-0.03658523044,-0.01221597895,-0.003339825872,0.004328964908,0.01379216326,-0.01536298645,-0.007679921133,-0.002747597081,-0.01393368571,-0.005112506784,-0.01313323476,-0.0131555521,-0.006187978893,-0.004792373791,-0.008029122012,-0.006804729071,-0.0197822478,-0.01880937616,-0.002516840345,-0.02644067096,-0.009182086175,0.0006948208954,-0.0001124580703,-0.009094294351,0.003231356733,0.01185259194,-0.01013913966,-0.005846785552,-0.008885900678,-0.02021824517,-0.02218863168,0.01296436208,-0.01337695935,-0.003558918821,-0.01107683053,0.005263201127,-0.004452062572,0.01988795331,-0.008364468273,-0.006017079131,0.009122121952,-0.006106219916,-0.01864039214,-0.02602329409,-0.010660634,-0.009139475704,-0.007015435381,-0.01477032402,-0.00528593838,-0.017540734,-0.01205290755,-0.01288479028,0.006882283787,-0.01529418922,-0.01864257213,-0.02553467544,0.02574450664,-0.009156781412,-0.02938741967,-0.01255079674,-0.01375643695,0.004356023123,0.007871589855,-0.008193543558,-0.002579205286,-0.008789390658,-0.01743481162,-0.01351342199,-0.01807258543,-0.006782311031,-0.01869752727,-0.01404680402,0.02629212541,-0.007139328028,0.02102425486,0.007196824784,-0.0102637036,-0.01971480591
2025-06-16,144.4975433,197.6359253,216.1000061,176.2671509,177.4333191,250.073761,329.1300049,119.553833,801.9073486,93.50819397,265.2023315,126.3899994,301.3465576,209.0030975,109.0053329,151.436203,43.46321869,184.8383179,140.1597137,69.02057648,78.90428162,126.405304,404.0131531,460.4025269,235.2945709,274.8014221,144.1624298,153.631897,193.7846375,64.03605652,175.2642975,615.4603882,358.5594482,961.9442139,127.8149872,291.1679688,92.7305603,103.2335739,450.9100037,228.7296143,517.6555786,519.8313599,285.5869446,88.66653442,87.85555267,76.33929443,55.88841248,118.9410324,122.7691803,86.12515259,71.57939148,91.07653809,334.1323853,489.8400574,238.41745,368.7832031,169.4403076,91.9522171,92.72360229,198.1100006,479.4100037,300.8099976,101.9499969,70.23013306,17.78994942,71.70371246,41.39380264,37.68335724,76.11412048,99.53481293,111.5036163,52.41509628,273.1031494,41.42825699,57.50854111,39.81687546,286.9353333,108.7260056,231.7311859,65.32090759,46.3442688,132.0585632,106.2102661,119.8523178,130.3558502,259.2946777,539.9016113,361.4517822,158.4148102,32.10647964,219.6622009,247.535614,178.758728,94.58528137,454.7935486,201.6999969,225.4526978,274.2493286,206.6938782,142.406189,,0.01915899769,0.01002793817,0.01885902822,0.01202266218,0.0117124663,0.013670997,0.01174266808,0.03667825481,-0.01437694072,-0.001588327738,0.02041882714,0.08806814226,-0.01175641218,-0.0191432537,0.003210896249,-0.01196697412,0.007257818906,-0.001151265312,0.0008224050685,-0.007040210598,0.0007415952697,0.004279776622,0.005760136286,0.001330441694,-0.0002536277949,0.01662925727,0.005285184607,0.01389608059,0.02164099104,0.02215639503,0.03493765301,0.02332351249,0.01509596877,0.01057809988,0.01088887561,0.02234283328,0.04345402876,-0.004287785558,-0.009968181849,0.03008496091,0.02914102213,-0.01239498695,-0.001255299564,0.02847867422,0.01842961438,0.02239398683,0.0001701901768,-0.01676244975,0.002905268792,-0.01560585223,0.01091767566,0.002358959116,0.04433660205,-0.03715740704,0.01229912003,-0.02085558685,0.01020940637,-0.02021458219,0.009622738955,0.009374821918,0.001148599439,0.002699991862,0.01110775659,0.04807250019,0.03342792607,-0.01337241205,0.003721706107,0.01077739931,0.01357497968,0.01913178451,-0.01249359286,-0.0140513952,0.0002140351391,0.02369322786,0.00379965874,-0.01185760835,0.001151575438,0.00772866568,0.0005526293476,0.003706040085,-0.0219095692,-0.0006387900771,0.02577609122,-0.0020504955,-0.01018869442,0.001572278484,0.0005898965594,0.009880999297,-0.004557498726,0.01369853609,0.00573043082,0.01419961256,0.01065162183,0.0108998771,-0.03986023132,0.006888925587,-0.01491009042,-0.01310952136,-0.0008917257586,0.01932279985
2025-06-13,141.7811584,195.6737213,212.1000061,174.1731262,175.3791962,246.7011108,325.3099976,115.3239517,813.6044922,93.6569519,259.8955688,116.1600037,304.9314575,213.0821838,108.6564484,153.2703857,43.15004349,185.0513611,140.0445404,69.5099411,78.84580994,125.8666229,401.6993103,459.790802,235.3542633,270.306427,143.4045105,151.5262756,189.6797791,62.64800262,169.3476868,601.4328613,353.2271423,951.8751831,126.4382172,284.8046265,88.86885071,103.6781235,455.4500122,222.0492706,502.9977112,526.3555298,285.9458923,86.21134949,86.26570892,74.66719818,55.87890244,120.9687653,122.4135361,87.49051666,70.80635071,90.86219788,319.9470215,508.7436523,235.520752,376.6382141,167.7279053,93.84934235,91.83985138,196.2700043,478.8599854,300,100.8300018,67.0088501,17.21450424,72.67556,41.2403183,37.28155899,75.0947113,97.66628265,112.9143219,53.16209793,273.0447083,40.46940613,57.29085541,40.29467392,286.6052856,107.8921432,231.6031952,65.07971954,47.3823967,132.1429749,103.5413742,120.0985794,131.6976776,258.8876343,539.583313,357.9152222,159.1400909,31.67261124,218.410614,244.0699158,176.8747253,93.56542969,473.6743164,200.3200073,228.865097,277.8923645,206.8783569,139.706665,,-0.02089655725,-0.0138052331,-0.005346085914,-0.005862173388,-0.006159164111,-0.02878111814,0.01942907615,-0.004992304291,0.009026597613,-0.004112684388,-0.01226500976,-0.01974680454,-0.01560443274,0.07685380539,0.02178066461,0.002808739178,-0.0118779667,-0.006963970085,0.006484054098,-0.009898292633,-0.001344363713,-0.01095998437,-0.02925999942,-0.009669874292,-0.01412563298,-0.01355710107,0.03340896291,-0.02507874876,-0.02333971301,-0.01551463237,-0.02520008291,-0.01850872407,-0.01083221708,-0.0166253783,-0.01842022404,-0.03422939189,-0.02334716675,-0.01069717924,-0.01002040033,-0.03054451233,-0.0140657284,0.01418049543,-0.005306553323,-0.008377272285,-0.01288149508,-0.02390387425,-0.001835810745,0.03889216936,-0.004419153961,-0.0001107349514,-0.0222942568,-0.01123832634,-0.02022148327,0.0394060591,-0.01841384085,-0.004323904984,-0.02458655555,0.0239730486,-0.02230437166,-0.007082480444,-0.03258652741,-0.02549945086,-0.008164487519,-0.03518086519,-0.02647557796,0.01273007674,-0.02649443149,-0.02428627537,-0.02076226189,-0.01839846076,-0.003581205752,-0.007154465104,-0.01027246484,-0.005828223302,0.03540776549,-0.003475521864,-0.006962746678,-0.01150457151,0.001276733883,0.01672941568,-0.01854405671,-0.01289690161,-0.05114694714,0.02929498912,0.01236237973,-0.01792643736,-0.01840261986,-0.001087307209,-0.01373063627,-0.008335725568,-0.009401776242,-0.01141295924,-0.00275549307,-0.009116128899,0.03661010112,-0.01683431988,0.0157560019,0.01096701026,-0.007785869951,-0.01692340878
2025-06-12,144.8071289,198.4128571,213.2400055,175.2001801,176.4660797,254.0118561,319.1099854,115.9025726,806.3261108,94.04372406,263.1227722,118.5,309.7651672,197.8747559,106.3402863,152.841095,43.66873932,186.3490906,139.142334,70.20484924,78.95195007,127.2614059,413.807312,464.2803345,238.7264252,274.0213623,138.7684021,155.424118,194.2126465,63.63528061,173.7255859,612.7745361,357.0952759,967.9680176,128.8109436,294.8988342,90.99328613,104.7991791,460.0599976,229.0453491,510.1736755,518.9959106,287.4713745,86.93966675,87.39144135,76.4957428,55.98167419,116.440155,122.9569016,87.50020599,72.42092133,91.89494324,326.550354,489.4561157,239.9389496,378.2738342,171.9557037,91.65216064,93.93501282,197.6699982,494.9899902,307.8500061,101.6600037,69.45223999,17.68266296,71.76202393,42.36269379,38.20952606,76.68690491,99.49687195,113.3201447,53.54518509,275.8786621,40.70665359,55.33168411,40.43520737,288.6148376,109.1478424,231.3078766,64.00888824,48.27766037,133.8694763,109.1226654,116.6804276,130.0894623,263.6132813,549.6992188,358.3048096,161.3556061,31.93884468,220.483551,246.8876343,177.3634491,94.42623138,456.9454956,203.75,225.315033,274.8777771,208.5017242,142.1116791,,0.01519278284,0.002112938517,0.0001876573428,-0.009303740625,-0.01017955006,0.01249454733,-0.02242443246,0.001292778893,0.004229656626,-0.01012528724,0.0003356493486,-0.02179296189,0.02556676328,0.1331216436,0.003842380235,0.00901715308,-0.002459279243,0.004804106964,0.00131241435,0.002358653704,0.01867537227,0.018475849,0.0004335327712,0.004247222097,-0.02252356663,-0.001740674517,-0.005852839793,-0.004890904966,-0.0001501983687,0.01417667821,0.01279019818,0.001506095006,-0.006003244317,-0.00508405494,0.0008345273077,-0.003711218228,0.007806468796,-0.0005530478056,0.01684200132,-0.001806172507,-0.007641707543,0.006247608111,0.01288479299,0.003440473711,0.001131220138,-0.001913758906,0.0001669073499,0.005586980882,-0.0005620371008,0.009045207473,-0.01227811427,-0.01121701492,0.01421496834,0.01774965519,-0.002473415227,0.01388720411,0,0.01435460351,0.01643919981,0.01687328972,-0.01146330483,0.002115865464,-0.003528651174,0.02051593472,-0.004939556152,0.01150684107,-0.0009049781897,-0.007948280662,0.001013810327,0.0027721986,0.007993109344,0.006118402803,0.003791537186,0.004145403122,0.04895887089,-0.01326020555,0.01877926787,0.02516002197,0.01389496233,0.009586153542,0.01056608058,0.01007418112,-0.00867186155,0.01126964337,0.01399690456,0.01688869551,0.01243938587,0.008066813555,0.001850580214,0.002165663503,-0.001019057199,0.0005570458759,0.00446421203,-0.002372548468,0.02774858512,-0.04789719626,0.01313283984,0.01486433652,0.001018500028,-0.01637444775
2025-06-11,142.6400299,197.9945068,213.1999969,176.8455048,178.280899,250.8772583,326.4299927,115.7529297,802.9299927,95.0056839,263.0344849,121.1399994,302.0429077,174.6279907,105.9332504,151.4752197,43.77639771,185.4581299,138.9599609,70.03964996,77.50452423,124.9527969,413.6279907,462.3167725,244.2272949,274.499176,139.5853729,156.1880188,194.2418213,62.74575424,171.531662,611.8530273,359.2519531,972.9143677,128.703537,295.997345,90.28845215,104.8571701,452.4400024,229.4597931,514.1022949,515.7735596,283.8144836,86.64157867,87.29269409,76.64241791,55.972332,115.7932205,123.0260468,86.7158432,73.32116699,92.93742371,321.9735107,480.9199524,240.5338898,373.0926208,171.9557037,90.35514832,92.41577148,194.3899994,500.730011,307.2000122,102.0199966,68.05600739,17.77044106,70.94566345,42.40106583,38.51565933,76.60923767,99.22180939,112.4215469,53.21956635,274.8366089,40.53860474,52.74914551,40.97859192,283.2947693,106.4690781,228.1379089,63.40111542,47.77288818,132.5343018,110.07724,115.3801346,128.2937469,259.2351379,542.9453125,355.437561,161.0575562,31.86982536,220.7084656,246.7501831,176.5751801,94.65079498,444.6082458,214,222.3943634,270.8517456,208.2895813,144.477417,,-0.007780511519,-0.01919371535,-0.02026562957,-0.006998967993,-0.00677737991,0.03384705545,0.001042645717,0.01655864424,0.001759124052,-0.01561845735,-0.00167543495,-0.01703991002,0.0222851917,-0.006197750011,0.01949262835,-0.007606390296,-0.007983953083,0.01055411933,0.009975455066,-0.003869941325,-0.0126614524,-0.01464014311,0.00147156987,-0.01476147735,0.01454544717,0.01911390414,0.02375107939,0.002199349389,-0.0128527799,-0.01473516477,-0.005639853098,0.01512510688,0.01274503343,0.001411442136,-0.00007575260031,-0.00140216167,-0.0005494563963,-0.009041877772,0.002037591801,-0.003428451535,0.009732233803,-0.009416855483,-0.002235949118,0.01798989332,0.001472848411,0.00448543354,0.02305319318,0.01730577852,-0.01198029655,0.002799558296,-0.006891876601,0.04331182959,0.004533738634,-0.0006956354109,-0.009558326381,-0.007788199792,-0.009308254855,0.02379905338,0.006270917214,-0.00796120226,-0.007275937658,0.004939676645,0.00383744367,-0.00871595566,-0.006543052919,0.002609547799,-0.02298861183,-0.01153945673,-0.006546626385,-0.01395035861,0.0001719294873,-0.0007193490718,0.001170609237,-0.02796859886,0.01426936465,-0.008837456622,-0.005520894553,-0.007175808044,-0.001034561324,0.02272014449,0.00380235939,-0.009576327717,-0.01764602751,-0.06055510539,-0.02824898001,-0.01501306051,-0.01529774858,0.02012828048,-0.03442731572,-0.008892933177,-0.0038834795,-0.006286546393,-0.01737138719,-0.01268775919,-0.04256655032,-0.008019263718,0.01276304165,-0.005552266975,-0.00194471562,0.01461473887
2025-06-10,143.7585449,201.8691254,217.6100006,178.0919647,179.4974213,242.6638031,326.0899963,113.8674393,801.5200195,96.51306915,263.4759216,123.2399979,295.4585571,175.717041,103.907814,152.6362305,44.12871933,183.521225,137.5874634,70.31175232,78.49842834,126.8093033,413.0202026,469.2434998,240.7258301,269.3508301,136.3469849,155.8452606,196.770874,63.6841507,172.5045624,602.7365723,354.730896,971.5430908,128.7132874,296.4129639,90.33808899,105.8139267,451.519989,230.2491913,509.1471558,520.6766968,284.4505005,85.11045074,87.16431427,76.30017853,54.7110672,113.8234177,124.517807,86.47375488,73.8299942,89.07923889,320.5203552,481.2547302,242.8551788,376.0211487,173.5713501,88.25476837,91.83985138,195.9499969,504.3999939,305.6900024,101.6299973,68.65439606,17.88747978,70.76100922,43.39874268,38.9652977,77.11407471,100.6255722,112.4022217,53.25787735,274.5152588,41.70503616,52.00703812,41.34396744,284.8674927,107.2386017,228.374176,61.99263382,47.59192657,133.8157654,112.0545578,122.8173523,132.0232697,263.1863708,551.380188,348.4243774,166.8000336,32.15578461,221.568924,248.311203,179.6967621,95.86713409,464.3750916,215.7299957,219.5917053,272.3639832,208.6954346,142.3963318,,0.009324728529,0.006056018916,0.00290351597,0.01425429973,0.01339850326,0.00143276688,0.05674382827,0.02875167359,0.04327192653,-0.001334090152,0.006973109801,0.0124044563,0.001978790921,0.001862736236,0.02143463988,0.007859418315,0.004903038551,0.001797401028,0.01840023781,0.008081363182,0.02546329726,0.01438892388,0.014711231,0.007179546098,-0.03742897349,0.01528946735,-0.01744934149,0.02393672881,0.01546093253,-0.01138097394,0.02344082973,0.002200424334,0.001396324861,0.00309452798,-0.0009852347432,-0.006764793134,0.03057755298,0.005140847704,0.01203629988,0.02494943385,-0.01123279735,0.01145665118,-0.01224971038,0.03291981406,0.0006802116311,-0.001790940196,-0.008633737706,0.03105045899,-0.002453465538,0.009039550336,-0.013209592,0.008381912301,-0.004818799001,-0.005209891988,0.00695560331,-0.01026026346,0.003748447412,0.03566558427,-0.005055954291,-0.001935541584,0.0174072757,0.01335940705,-0.004408351975,-0.004339068267,0.001638389845,0.01265647676,0.008246251752,0.006922213839,-0.002386377611,0.00255145535,0.007447824338,-0.001077681889,0.007001972177,-0.0035427848,-0.01351344311,0.01099654222,0.01189740208,-0.02575224472,-0.004676780127,0.006263715694,0.01979587633,0.01089795196,0.0139255846,0.01754673625,0.001346891127,-0.003383537281,-0.0002705766037,-0.01940041484,0.03501625704,0.01969988853,0.01097534578,0.009378605295,0.02601496932,0.03171886596,-0.008173359486,-0.008183526386,-0.02091460963,0.0002162975618,-0.003830395143,0.005754691664
2025-06-09,142.4304199,200.6539612,216.9799957,175.5890656,177.1242218,242.3166199,308.5799866,110.6850586,768.2752686,96.64199829,261.6513977,121.7300034,294.875061,175.3903351,101.7273254,151.4459534,43.91341019,183.1919556,135.1015625,69.74809265,76.54923248,125.0105362,407.0322571,465.8985596,250.0863037,265.2946167,138.7684021,152.2020416,193.7749329,64.4172821,168.5535278,601.413208,354.2362671,968.5458984,128.8402252,298.4317932,87.6577301,105.2727356,446.1499939,224.6444397,514.9312744,514.7790527,287.9781494,82.39792633,87.10506439,76.43707275,55.18754196,110.3955841,124.8240585,85.69907379,74.8183136,88.33879089,322.0723572,483.7751465,241.1776428,379.91922,172.9231567,85.21550751,92.30654907,196.3300018,495.769989,301.6600037,102.0800018,68.95359039,17.85822105,69.87661743,43.04379272,38.69742584,77.29853821,100.3694839,111.5712585,53.31533432,272.6064758,41.85331345,52.71945953,40.89427185,281.518158,110.0732346,229.4472504,61.60674667,46.66809082,132.3731689,110.515564,120.6994705,131.8456879,264.079895,551.5294189,355.317688,161.1569214,31.53455734,219.1635284,246.0040283,175.1404877,92.91982269,468.2018738,217.5099945,224.282486,272.3050842,209.4978943,141.5815735,,0.006421295464,-0.01211257329,0.01596660714,0.01510339894,0.01671356816,-0.01073169152,0.04553761353,0.02201554512,0.004974886051,-0.0002052146624,0.003800813667,0.04768053016,-0.00009892975801,0.01798642866,0.006713408931,0.001290003657,-0.002223745206,-0.003529409519,0.003922479274,0.005886435013,0.00455870281,-0.0005382999335,0.01649661334,-0.001142369313,-0.01650818755,0.01193884673,0.01351546982,0.04134286671,0.03528758233,-0.002422079344,0.0182919359,-0.000781847033,0.0133579476,-0.0002123232409,0.000986206388,-0.003008709567,0.02258257621,0.001286956645,-0.009655951395,0.0242958161,0.003249971698,0.04943034758,-0.01368192381,0.0263487905,-0.0004533272143,-0.00115011561,-0.002869791408,0.002454979911,-0.01634889425,0.002719266164,0.001703079486,0.0114903991,-0.01701610546,0.0039843736,-0.001130960785,-0.009533283311,0.0006158550492,0.009401522014,-0.004284468989,-0.01638278644,0.02010285805,0.01586122668,-0.02725367395,0.01155830312,0.01104347437,-0.003603246262,0.002233507299,-0.00516477308,-0.003878431504,0.002273158069,0.002082849099,-0.001793106276,0.0005004311571,0.0207328429,0.01757065057,-0.003424645118,-0.001205402385,0.004801660666,0.01027314429,0.004403872896,0.01218752627,0.0005800341608,0.007637680783,0.007896665548,0.0005241942207,0.004493852744,0.005731817626,-0.01574655046,0.01172583419,-0.007756848067,0.003177766558,-0.0007975834381,0.01170253002,0.01078885801,-0.001785421498,0.03183107855,0.006976004933,0.003002073023,-0.007212174301,-0.008728586503
2025-06-06,141.5216675,203.1141968,213.5700073,172.976532,174.2125092,244.9452972,295.1400146,108.3007584,764.4721069,96.66183472,260.660675,116.1900024,294.9042358,172.2914276,101.0489426,151.2508392,44.01128006,183.8408051,134.5737,69.33992767,76.20185089,125.0778656,400.4265747,466.4313965,254.2840729,262.1646729,136.9178925,146.1593933,187.1701508,64.57368469,165.5257416,601.8837891,349.5667725,968.7515869,128.7132874,299.3323975,85.72190857,105.1374283,450.5,219.315979,513.2631836,490.5318909,291.9729004,80.28257751,87.1445694,76.52508545,55.34637451,110.1252289,126.8987122,85.46666718,74.6911087,87.33527374,327.647644,481.8552551,241.4507141,383.5759583,172.8167267,84.42181396,92.70373535,199.6000061,486,296.9500122,104.9400024,68.16571045,17.66315842,70.12931061,42.94786835,38.89832687,77.59950256,100.1418457,111.3393555,53.41110611,272.4701233,41.00320053,51.80913925,41.03480148,281.8579102,109.547226,227.1140747,61.33662796,46.10617065,132.2964325,109.6778793,119.7538147,131.7766113,262.898468,548.3861694,361.0022278,159.2891235,31.78107834,218.4692841,246.2003937,173.1146088,91.92802429,469.0393066,210.8000031,222.7287292,271.4900513,211.0198059,142.8282623,,0.01235806843,0.01639831189,0.02722333492,0.03251878718,0.03009241444,-0.05001350467,0.03667018614,0.02135659744,0.005485285044,-0.005002060337,0.01443034228,0.004321894627,0.02494605294,0.01682843257,0.02396141805,0.00891592665,0.0192655467,0.01258857593,0.02417846678,0.006204942454,0.0173923584,0.002644921316,0.008886476937,0.005209864853,0.01472693437,0.007532026153,0.0002156922283,0.01138511489,0.010131635,0.02228405511,0.01553080675,0.01340201386,0.0125802081,0.003642942214,0.009186864013,0.02199623086,0.01695905967,0.008996388339,0.01505113011,0.01935434638,0.018091075,0.02101134932,0.007889723175,0.02034385366,0.01157739455,0.02073828646,-0.002525531171,0.02719995855,0.008479284478,-0.00135778699,0.01909216922,0.03046333186,0.01522291891,0.002642715663,0.005891666866,0.0226438542,0.02249573919,0.02190976344,0.009079240389,0.01263256804,0.007880521976,0.002227559631,0.01391306707,0.04895637563,0.01970741522,0.009230983077,0.02495425793,0.02599034034,0.01743900141,0.01783464384,-0.004406380899,-0.004107078219,0.0128881359,-0.005037229381,-0.03944229969,0.01154733347,0.01125031191,0.01810615009,0.01558363614,0.007926365279,0.01191479272,0.0141494912,0.01204389839,0.02374736267,0.01105212213,-0.003237207171,0.002327224161,0.00492253412,0.004070752591,0.01543794409,0.01259913923,0.01559216711,0.01328840126,0.01424576583,0.007656349368,0.008515925476,0.007607543083,0.007506765081,0.009308745018,-0.005196355473
2025-06-05,139.7940826,199.837204,207.9100037,167.5287018,169.1231842,257.8408203,284.7000122,106.0361862,760.3016357,97.14777374,256.9527588,115.6900024,287.726593,169.4400177,98.68432617,149.9142151,43.17940521,181.5552826,131.3967285,68.91233063,74.89917755,124.7479172,396.8995361,464.0139465,250.5935974,260.2048035,136.8883667,144.5140839,185.2928314,63.1660881,162.9943085,593.9240112,345.2237854,965.2352905,127.5415802,292.8899231,84.29238892,104.2000046,443.8200073,215.1518555,504.1427002,480.4372559,289.6873474,78.68188477,86.14720917,74.97032928,55.48650742,107.2091446,125.831749,85.58287048,73.29180908,84.75340271,322.7346802,480.5852051,240.036499,375.0826416,169.0146179,82.61180878,91.86962891,197.1100006,482.2000122,296.2900085,103.5,64.98431396,17.3217907,69.48786926,41.90222931,37.91295624,76.2694397,98.387146,111.8321304,53.63137436,269.0031738,41.21078873,53.93651962,40.5663681,278.7221985,107.5990219,223.6291199,60.85427475,45.56329346,130.4506226,108.3726501,116.9759445,130.3361206,263.7522888,547.112915,359.2338867,158.6433258,31.29790306,215.7510071,242.4205322,170.8443604,90.63683319,465.4754639,209.0200043,221.0471039,269.4672241,209.0735931,143.5743256,,-0.01359916157,-0.01079777405,0.003281416535,0.0009520711536,0.002479504114,-0.004404859639,-0.1425989379,0.02944306988,-0.000208918819,-0.01399082904,-0.008591402145,-0.02437172664,-0.01511420976,0.01808433937,-0.004594344987,0.002871595034,0.0004508525231,0.000693851225,-0.003421565713,-0.006445115921,-0.008304547904,-0.004782242997,-0.01312988489,-0.007408591661,0.004145372601,0.005046691979,0.00375314459,-0.004049578816,-0.001205871486,0.003572070792,0.01395667113,0.01113134351,-0.001059051317,0.001728179634,0.01919481858,0.0001014959397,0.001651563373,-0.005625712233,-0.004553098018,-0.002105316795,0.005848991511,-0.003835585649,-0.0008910696319,0.0125305291,-0.002743551343,0.003534041279,0.001348697744,0.002347207699,-0.005465801221,0.001019355984,-0.006367663774,-0.01271144903,-0.001834295377,-0.006452330921,-0.001622685097,0.01205044678,-0.0009150614607,-0.00698069572,0.006636684869,0.01566441579,0.01904099774,0.006419886847,0.01850026769,-0.01719466036,-0.004484507949,0.02318258398,-0.005011439125,0.0030371719,-0.003172227113,-0.0004816302323,-0.002069447998,-0.001426640621,-0.01423906137,0.02031321439,-0.01392906913,0.00138754244,0.0003134615298,0.01320857763,-0.01589903935,-0.007707897099,-0.002294094494,0.0005266415065,-0.005985867617,-0.02552108309,-0.02126400135,-0.001540901294,0.0008549345646,0.001308694435,-0.01120821326,-0.005950503721,-0.0009960747674,-0.001940174477,-0.009868019615,-0.01704710465,-0.00866835928,-0.01396354144,-0.00004452209773,-0.002217858148,-0.003429341064,-0.003746240339
2025-06-04,141.7213745,202.0185547,207.2299957,167.3693542,168.7048798,258.9815979,332.0499878,103.0034485,760.4605103,98.52623749,259.1794739,118.5800018,292.1420898,166.4302368,99.13980865,149.4849548,43.15994644,181.4293976,131.8478546,69.35935974,75.52639008,125.3473587,402.1801147,467.4772949,249.559082,258.8982239,136.3765259,145.1016846,185.5165405,62.94125748,160.7507629,587.3856201,345.5897827,963.5700684,125.1395493,292.860199,84.15340424,104.7895203,445.8500061,215.6057739,501.2111206,482.2871094,289.9457092,77.7081604,86.38420868,74.70631409,55.41177368,106.9580917,126.5233002,85.49571991,73.7614975,85.84461212,323.3277588,483.7062378,240.4266357,370.6165466,169.1694183,83.19255066,91.2639389,194.0700073,473.1900024,294.3999939,101.6200027,66.12124634,17.39982033,67.91345978,42.11327744,37.79815674,76.51215363,98.43455505,112.0640411,53.70799637,272.888855,40.39033127,54.69841766,40.51015854,278.6348572,106.1963196,227.2420502,61.32697678,45.6680603,130.381958,109.0252609,120.0394821,133.1678009,264.1593323,546.6455688,358.7643738,160.4415894,31.4852562,215.9661255,242.8917847,172.5470581,92.20872498,469.5456543,211.9799957,221.0569458,270.0661926,209.793045,144.114212,,0.004956588062,-0.002213754277,0.007388989179,0.01125295609,0.01001718435,0.01646868448,-0.03549540073,0.009779950186,0.02005915161,-0.006301284357,-0.007698962201,0.01082605318,-0.00278863404,-0.006148714328,-0.01445082957,-0.007771103148,-0.006494858442,0.0004807124338,-0.01562160725,0.002951020821,0.01464873328,-0.0008343242162,0.009326667413,0.007335361424,0.008076580542,0.001206606169,0.007636555215,0.0007386582182,0.01403652696,0.0004661658375,0.001174709561,-0.007651120456,-0.0002004139652,0.006964433602,-0.004040964388,-0.004909377933,0.01326792779,-0.005411701017,-0.00141104835,0.004874980007,-0.01046490722,-0.006005760085,-0.01562035056,0.008120798348,-0.005909118246,-0.001698718916,-0.01755825026,-0.01817054007,-0.0003901716291,-0.01451056257,-0.003569213429,0.01743657696,0.003805530801,0.006288091924,0.005096671806,0.002929086428,-0.008224180047,-0.02229568609,0.002508923326,-0.0154727469,0.01486293598,0.003647793861,-0.01224722532,0.06318161365,0.008479503169,-0.01508101537,-0.01081578058,-0.002776428328,-0.006429584669,-0.006129146067,-0.006425093261,-0.01076025762,-0.01087241237,0.0154076449,-0.001084195292,-0.01346113614,-0.008840562656,-0.00283545804,-0.01109595212,-0.0003145839476,-0.00291124137,0.001640659471,0.005028179509,-0.003760667244,-0.01366549129,0.004302875766,0.007387383679,0.007349388898,-0.007741910035,0.002197053103,-0.004103189798,-0.002338883821,-0.004049490128,0.004792015392,0.004248487744,-0.006793782495,-0.01390601143,-0.003658849495,0.002998710743,-0.008911088286
2025-06-03,141.0223846,202.4667664,205.7100067,165.5069122,167.0316925,254.785614,344.269989,102.0058365,745.5062866,99.15101624,261.1903687,117.3099976,292.9590454,167.4598999,100.5934677,150.6557159,43.44209671,181.3422241,133.9402161,69.15528107,74.43599701,125.4520264,398.4637756,464.0731506,247.5596466,258.5862122,135.3429718,144.9945831,182.9485779,62.91193008,160.562149,591.9144287,345.6590576,956.9057617,125.6472855,294.3050537,83.05148315,105.3596954,446.480011,214.5597992,506.5117188,485.2011108,294.5466309,77.08219147,86.89769745,74.83343506,56.40209579,108.9375458,126.5726852,86.75457764,74.02571106,84.37342834,322.1019897,480.6836548,239.2074738,369.5341492,170.5722351,85.08968353,91.03553772,197.1199951,466.2600098,293.3299866,102.8799973,62.19186401,17.25351906,68.95334625,42.57374573,37.90339279,77.00727844,99.04159546,112.7887192,54.29219437,275.8884277,39.77745438,54.7577858,41.06291199,281.1201172,106.498291,229.7918091,61.34627533,45.80139923,130.168396,108.479805,120.4926147,135.0128174,263.0275574,542.6369019,356.1469116,161.6934052,31.41623306,216.8559265,243.4612122,173.2486267,91.76896667,467.5592346,213.4299927,224.1743164,271.0579529,209.1658173,145.4099731,,0.02795177169,0.007783765588,-0.004548692042,-0.01686099383,-0.01561292738,0.03272898155,0.004610541775,0.04145453792,0.004898875591,0.002104849203,0.006083271345,0.02337957227,-0.01148598658,0.01542899604,0.007278001363,-0.006306239754,0.01293087154,0.001390468541,0.01240573615,-0.01166658798,0.01167213298,0.007180624643,0.008727045846,0.01560580514,0.005616590223,0.004926222299,0.0002907324575,0.01575362454,0.02100866277,0.007987507593,0.02842250054,0.008534861587,0.01372316531,0.004150928049,0.00218067224,0.006975053117,0.01430640638,0.002482667424,0.002357313894,0.01383144593,0.01045609946,-0.006010487265,-0.01173604557,0.01750951739,-0.001248499113,0.009630564342,-0.004288393612,0.01329262184,-0.002413790221,-0.003891456884,0.01244649873,0.01655116057,0.02189060603,0.01001276443,0.01075624539,0.005065711233,0.01362532968,0.01372235331,0.01460807541,0.01159804218,0.0002360095904,0.002734720529,0.00400113231,0.01447853732,0.02018441517,0.01140393834,0.01742330662,0.009941412881,0.008134191792,0.007915052264,-0.004265103929,-0.00140916054,0.01646926968,0.002241616501,-0.004318192838,-0.006122407902,0.00381322322,0.003856365765,0.008773054471,-0.0001571739917,-0.01434720182,0.00743800023,0.009243322238,0.0159468686,0.008326482536,0.005923107905,0.007256089803,0.0317195113,0.01893749231,0.0198464183,0.01320298551,0.01109023086,0.008674190339,0.007395283869,0.002819430883,0.009268413693,0.02315979079,0.001196878647,0.005542705793,0.01181700461
2025-06-02,137.1877441,200.9029846,206.6499939,168.3453827,169.6809082,246.7110138,342.6900024,97.94554901,741.8719482,98.94275665,259.611084,114.6299973,296.3630676,164.9154205,99.86663818,151.6118164,42.88752365,181.0904236,132.2989502,69.97161102,73.57719421,124.5576248,395.016449,456.9421997,246.1769714,257.3186035,135.3036346,142.7458191,179.1841583,62.41340256,156.1246948,586.9052734,340.9797363,952.9501343,125.3738861,292.2664795,81.88007355,105.0987701,445.4299927,211.6326141,501.2703857,488.1350403,298.0444946,75.75574493,87.00632477,74.11962128,56.6450119,107.5084763,126.8789444,87.09349823,73.11567688,82.99968719,315.2020264,475.918396,236.6618805,367.6716309,168.2793732,83.93785858,89.72483063,194.8600006,466.1499939,292.5299988,102.4700012,61.30426788,16.91215706,68.1758728,41.84467316,37.5302887,76.38594055,98.26383209,113.2718353,54.36880875,271.4183655,39.68848801,54.99526596,41.31586456,280.0522156,106.0891724,227.7933655,61.35591888,46.46808624,129.2073517,107.4862747,118.6012955,133.8979187,261.4787903,538.7278442,345.1974182,158.6882477,30.80486679,214.0300903,240.7907867,171.7587585,91.09529114,466.2446899,211.4700012,219.1000061,270.7339172,208.0128632,143.711731,,#DIV/0!,#DIV/0!,#DIV/0!,#DIV/0!,#DIV/0!,#DIV/0!,#DIV/0!,#DIV/0!,#DIV/0!,#DIV/0!,#DIV/0!,#DIV/0!,#DIV/0!,#DIV/0!,#DIV/0!,#DIV/0!,#DIV/0!,#DIV/0!,#DIV/0!,#DIV/0!,#DIV/0!,#DIV/0!,#DIV/0!,#DIV/0!,#DIV/0!,#DIV/0!,#DIV/0!,#DIV/0!,#DIV/0!,#DIV/0!,#DIV/0!,#DIV/0!,#DIV/0!,#DIV/0!,#DIV/0!,#DIV/0!,#DIV/0!,#DIV/0!,#DIV/0!,#DIV/0!,#DIV/0!,#DIV/0!,#DIV/0!,#DIV/0!,#DIV/0!,#DIV/0!,#DIV/0!,#DIV/0!,#DIV/0!,#DIV/0!,#DIV/0!,#DIV/0!,#DIV/0!,#DIV/0!,#DIV/0!,#DIV/0!,#DIV/0!,#DIV/0!,#DIV/0!,#DIV/0!,#DIV/0!,#DIV/0!,#DIV/0!,#DIV/0!,#DIV/0!,#DIV/0!,#DIV/0!,#DIV/0!,#DIV/0!,#DIV/0!,#DIV/0!,#DIV/0!,#DIV/0!,#DIV/0!,#DIV/0!,#DIV/0!,#DIV/0!,#DIV/0!,#DIV/0!,#DIV/0!,#DIV/0!,#DIV/0!,#DIV/0!,#DIV/0!,#DIV/0!,#DIV/0!,#DIV/0!,#DIV/0!,#DIV/0!,#DIV/0!,#DIV/0!,#DIV/0!,#DIV/0!,#DIV/0!,#DIV/0!,#DIV/0!,#DIV/0!,#DIV/0!,#DIV/0!,#DIV/0!